"#","Company","Industry","Type","Location","Profile URL"
"1","CINTAS CORPORATION","Other General Purpose Machinery Manufacturing","Branch","Normal, IL, United States","https://dnb.com/business-directory/company-profiles/cintas-corporation.32e8e286c84358ca4edd973a7d75e1d5"
"2","SRI Fire Sprinkler, LLC","Building Equipment Contractors","Branch","East Syracuse, NY, United States","https://dnb.com/business-directory/company-profiles/sri-fire-sprinkler-llc.ee218347400eaf66a2e5f5d12291e3b3"
"3","Continental Fire Sprinkler Company","Building Equipment Contractors","Branch","Grimes, IA, United States","https://dnb.com/business-directory/company-profiles/continental-fire-sprinkler-company.a08aa8eb5178d647a6fda4db30576640"
"4","Jayhawk Fire Sprinkler Co., Inc.","Building Equipment Contractors","Branch","Olathe, KS, United States","https://dnb.com/business-directory/company-profiles/jayhawk-fire-sprinkler-co-inc.e5a120a3ebcf1c85bcdd9856bac3fc4b"
"5","AMERICAN FIRE SPRINKLER ASSOCIATION, INC...","Business Support Services","Branch","Hialeah, FL, United States","https://dnb.com/business-directory/company-profiles/american-fire-sprinkler-association-inc.e6f328437bf78d02bedb2718ea60cb30"
"6","SOUTHERN FIRE SPRINKLER INC","Building Equipment Contractors","Branch","Gulfport, MS, United States","https://dnb.com/business-directory/company-profiles/southern-fire-sprinkler-inc.0be69884e445637b39c4424e9bccc6e9"
"7","MIDWEST AUTOMATIC FIRE SPRINKLER CO.","Building Equipment Contractors","Branch","Omaha, NE, United States","https://dnb.com/business-directory/company-profiles/midwest-automatic-fire-sprinkler-co.698c68edd8d27943ada231ebd64eaec7"
"8","MIDWEST AUTOMATIC FIRE SPRINKLER CO.","Building Equipment Contractors","Branch","Davenport, IA, United States","https://dnb.com/business-directory/company-profiles/midwest-automatic-fire-sprinkler-co.6a5e416d3b39c36bd803f6125c7ffec1"
"9","FIRE SPRINKLER LTD","Building Equipment Contractors","Branch","Chatham, VA, United States","https://dnb.com/business-directory/company-profiles/fire-sprinkler-ltd.2e70fa2e84d459a1b255d316bda98abb"
"10","Southern Fire Sprinkler Inc","Building Equipment Contractors","Branch","Diberville, MS, United States","https://dnb.com/business-directory/company-profiles/southern-fire-sprinkler-inc.543f527f0226eeb4852e27466a8e04c2"
"11","SAFETY FIRE SPRINKLER CORP.","Building Equipment Contractors","Branch","Elmsford, NY, United States","https://dnb.com/business-directory/company-profiles/safety-fire-sprinkler-corp.4af0e660805eece3f7f183d30f655ce5"
"12","CONTINENTAL FIRE SPRINKLER COMPANY","Building Equipment Contractors","Branch","Lincoln, NE, United States","https://dnb.com/business-directory/company-profiles/continental-fire-sprinkler-company.e8f8da683749a01cb40c4571df4961db"
"13","VIRGINIA SPRINKLER COMPANY, INC.","Building Equipment Contractors","Branch","Salem, VA, United States","https://dnb.com/business-directory/company-profiles/virginia-sprinkler-company-inc.91a06ca30cb1430d81f46e42f945dc0d"
"14","Capital City Fire Sprinkler Depot, LLC","","Branch","Baton Rouge, LA, United States","https://dnb.com/business-directory/company-profiles/capital-city-fire-sprinkler-depot-llc.4efb0b69afc5dcdeb3f4679b85675c57"
"15","Pye-Barker Fire & Safety, LLC","Other Miscellaneous Retailers","Branch","Orange Park, FL, United States","https://dnb.com/business-directory/company-profiles/pye-barker-fire--safety-llc.8b30aa22a0ba3fbbbdb77f97d2a16dc1"
"16","CONTINENTAL FIRE SPRINKLER COMPANY","Building Equipment Contractors","Branch","Davenport, IA, United States","https://dnb.com/business-directory/company-profiles/continental-fire-sprinkler-company.2a7c171de4c95193df61001c65b5c21f"
"17","VIRGINIA SPRINKLER COMPANY, INC.","Building Equipment Contractors","Branch","Virginia Beach, VA, United States","https://dnb.com/business-directory/company-profiles/virginia-sprinkler-company-inc.3f124022c5df463f645df18b08cfaef1"
"18","GRINNELL LLC","Building Equipment Contractors","Branch","Darien, CT, United States","https://dnb.com/business-directory/company-profiles/grinnell-llc.4208035833728ab0299881cd09dba411"
"19","AMERICAN FIRE SPRINKLER CORPORATION","Building Equipment Contractors","Branch","Great Bend, KS, United States","https://dnb.com/business-directory/company-profiles/american-fire-sprinkler-corporation.f70759f34587dec8051c18368062ddca"
"20","JAYHAWK FIRE SPRINKLER CO., INC.","Building Equipment Contractors","Branch","Springfield, MO, United States","https://dnb.com/business-directory/company-profiles/jayhawk-fire-sprinkler-co-inc.30a01548f5dde2aa446f19fb784ac9c7"
"21","MIDWEST AUTOMATIC FIRE SPRINKLER CO.","Building Equipment Contractors","Branch","Davenport, IA, United States","https://dnb.com/business-directory/company-profiles/midwest-automatic-fire-sprinkler-co.b1a6790858935acb7a52ce34680e5c7e"
"22","SRI Fire Sprinkler, LLC","Building Equipment Contractors","Branch","Waterbury, CT, United States","https://dnb.com/business-directory/company-profiles/sri-fire-sprinkler-llc.fe6e96389420ca34a8a57bd676cb735a"
"23","FIRE GUARD SPRINKLER CORP","Building Equipment Contractors","Branch","Mount Holly, NJ, United States","https://dnb.com/business-directory/company-profiles/fire-guard-sprinkler-corp.bc3444077064939a6673bd2aaffd56d7"
"24","AG FIRE SPRINKLER SL","Machinery, Equipment, and Supplies Merchant Wholesalers","Branch","LES MUREAUX, ILE DE FRANCE, France","https://dnb.com/business-directory/company-profiles/ag-fire-sprinkler-sl.54b49996e14f8c20e7f3e18f105fedf8"
"25","Fire Sprinkler Ltd","Building Equipment Contractors","Parent","Rustburg, VA, United States","https://dnb.com/business-directory/company-profiles/fire-sprinkler-ltd.1747c9347c84227063adba72f7e12dee"
"26","FIRE PROTECTION PROFESSIONALS, LLC","Other Support Services","Independent","Indianola, IA, United States","https://dnb.com/business-directory/company-profiles/fire-protection-professionals-llc.3f0862d1fd450c3b31748cc656ad62e7"
"27","Southern Fire Sprinkler Inc","Building Equipment Contractors","Parent","Purvis, MS, United States","https://dnb.com/business-directory/company-profiles/southern-fire-sprinkler-inc.d7b4091a4cd0d50e94d69766856abac7"
"28","ELITE FIRE SPRINKLER SYSTEMS, INC.","Machinery, Equipment, and Supplies Merchant Wholesalers","Independent","Hiawatha, IA, United States","https://dnb.com/business-directory/company-profiles/elite-fire-sprinkler-systems-inc.5bcaa85a319ed28eb4667209df60b6c6"
"29","A. W. Crisp Fire Sprinkler, Inc.","Building Equipment Contractors","Independent","Fort Worth, TX, United States","https://dnb.com/business-directory/company-profiles/a-w-crisp-fire-sprinkler-inc.0907a3f729a629c9b42a4cb9245c79da"
"30","THORPE FIRE SPRINKLER SYSTEMS INC.","Building Equipment Contractors","Independent","Nampa, ID, United States","https://dnb.com/business-directory/company-profiles/thorpe-fire-sprinkler-systems-inc.ad606684e1ded31d24d6e404aa52a985"
"31","Industrial Fire Sprinkler Co., Inc.","Other General Purpose Machinery Manufacturing","Independent","San Diego, CA, United States","https://dnb.com/business-directory/company-profiles/industrial-fire-sprinkler-co-inc.5032a51ff802c7bbf10bc22d8de923cc"
"32","Unlimited Sprinkler Fire Protection, Inc...","Building Equipment Contractors","Independent","Wylie, TX, United States","https://dnb.com/business-directory/company-profiles/unlimited-sprinkler-fire-protection-inc.34ad096d6c5ecb2ac21160f36c638de8"
"33","Lone Star Fire Sprinkler, Inc.","Building Equipment Contractors","Independent","Fort Worth, TX, United States","https://dnb.com/business-directory/company-profiles/lone-star-fire-sprinkler-inc.0db9f7532c2d50ea125b6676a840838d"
"34","Bamford Fire Sprinkler Co Inc","Building Equipment Contractors","Subsidiary","Salina, KS, United States","https://dnb.com/business-directory/company-profiles/bamford-fire-sprinkler-co-inc.db39f03c86e08e36452a71479f061882"
"35","Mahoney Fire Sprinkler Inc.","Building Equipment Contractors","Independent","Omaha, NE, United States","https://dnb.com/business-directory/company-profiles/mahoney-fire-sprinkler-inc.b85f81063b8aea1081ee2481d4cd3616"
"36","Alabama Fire Sprinkler Contractors, LLC","Building Equipment Contractors","Independent","Columbiana, AL, United States","https://dnb.com/business-directory/company-profiles/alabama-fire-sprinkler-contractors-llc.969498c4b9cebf490ae77da90da6f0d9"
"37","Music City Fire Sprinkler, LLC","Building Equipment Contractors","Independent","Hendersonville, TN, United States","https://dnb.com/business-directory/company-profiles/music-city-fire-sprinkler-llc.f2fb0fb0159cfbd7a5e28e889144c209"
"38","EAGLE SPRINKLER FIRE PROTECTION, INC.","Building Equipment Contractors","Independent","Whitinsville, MA, United States","https://dnb.com/business-directory/company-profiles/eagle-sprinkler-fire-protection-inc.97bc492013180e0a5065f88cee0ee045"
"39","Ornnell Fire Sprinkler, Inc.","Building Equipment Contractors","Independent","Grand Terrace, CA, United States","https://dnb.com/business-directory/company-profiles/ornnell-fire-sprinkler-inc.79c264686b51a08bf71b42092476622e"
"40","American Sprinkler Co., Inc.","Building Equipment Contractors","Parent","Harahan, LA, United States","https://dnb.com/business-directory/company-profiles/american-sprinkler-co-inc.284c24c471db485be09638f1bf10b32f"
"41","Tristate Fire Sprinkler Inc.","Building Equipment Contractors","Independent","Brooklyn, NY, United States","https://dnb.com/business-directory/company-profiles/tristate-fire-sprinkler-inc.7fa231b657a72cbdfbd459b7200843f2"
"42","Life Safety Fire Protection, Inc.","Building Equipment Contractors","Independent","Keene, NH, United States","https://dnb.com/business-directory/company-profiles/life-safety-fire-protection-inc.938a9b4b890636627c84c8a710d3f77e"
"43","FIRE SECURITY (SPRINKLER INSTALLATIONS) ...","Architectural, Engineering, and Related Services","Subsidiary","HAVERHILL, England, United Kingdom","https://dnb.com/business-directory/company-profiles/fire-security-(sprinkler-installations)-limited.10473a13634fceac8c07894b6608cf9b"
"44","SALE ENGINEERING PRODUCTS LIMITED","Machinery, Equipment, and Supplies Merchant Wholesalers","Independent","STOCKPORT, England, United Kingdom","https://dnb.com/business-directory/company-profiles/sale-engineering-products-limited.380eafc2f3556fcab69cce64f5037c8e"
"45","FIRE & SPRINKLER SOLUTIONS PERU SOCIEDAD...","Highway, Street, and Bridge Construction","Independent","Jaen, Cajamarca, Peru","https://dnb.com/business-directory/company-profiles/fire--sprinkler-solutions-peru-sociedad-anonima-cerrada.3df26b1870b0a0878caee75379787c5c"
"46","K PIPESWORX FIRE SPRINKLER INSTALLATION ...","Nonresidential Building Construction","Independent","KWAXUMA, GAUTENG, South Africa","https://dnb.com/business-directory/company-profiles/k-pipesworx-fire-sprinkler-installation-(pty)-ltd.301394d8bb17eff164a6871868f073da"
"47","Nationwide Fire Sprinklers, Inc.","Building Equipment Contractors","Independent","Miami, FL, United States","https://dnb.com/business-directory/company-profiles/nationwide-fire-sprinklers-inc.d8ad68bcc8e01d152175edad17295372"
"48","Charter Fire Systems, Inc.","Household Appliances and Electrical and Electronic Goods Merchant Wholesalers","Parent","Pelham, AL, United States","https://dnb.com/business-directory/company-profiles/charter-fire-systems-inc.5ea1e30b9e70563f268c5c139f8fa7a0"
"49","FIRE SPRINKLER SERVICE OF NE FL INC","Machinery, Equipment, and Supplies Merchant Wholesalers","Independent","Jacksonville, FL, United States","https://dnb.com/business-directory/company-profiles/fire-sprinkler-service-of-ne-fl-inc.bddeb57a5d14bcffc3fb2ef43775c251"
"50","ARROW AUTOMATIC FIRE SPRINKLER, INC.","Building Equipment Contractors","Independent","San Diego, CA, United States","https://dnb.com/business-directory/company-profiles/arrow-automatic-fire-sprinkler-inc.a29b04e920cec5b3b95554969165152f"
"51","Wilson Fire Sprinkler Company, Inc.","Building Equipment Contractors","Independent","Selma, CA, United States","https://dnb.com/business-directory/company-profiles/wilson-fire-sprinkler-company-inc.fb754469df23e2e9e5aedee33a5f56f0"
"52","RESIDENTIAL & DOMESTIC FIRE SPRINKLER CO...","Justice, Public Order, and Safety Activities","Parent","TUNBRIDGE WELLS, England, United Kingdom","https://dnb.com/business-directory/company-profiles/residential--domestic-fire-sprinkler-company-limited.81e213e4cfe60fe35133ec8a16f2e762"
"53","AUTOMATIC SPRINKLER AND FIRE SERVICES CC","Automobile Dealers","Independent","PINETOWN, KWA-ZULU NATAL, South Africa","https://dnb.com/business-directory/company-profiles/automatic-sprinkler-and-fire-services-cc.e21d743d78d4f00467275eaf6ce7843f"
"54","EFSC, INC.","Building Equipment Contractors","Independent","Roebuck, SC, United States","https://dnb.com/business-directory/company-profiles/efsc-inc.969fab983588e12a3b8505cfd2ad0516"
"55","Stevenson Sprinkler and Fire Protection ...","Other Support Services","Independent","Jordan Station, ON, Canada","https://dnb.com/business-directory/company-profiles/stevenson-sprinkler-and-fire-protection-ltd.535d0b361533cb76b3db3d077c886ef1"
"56","Citadel Fire Sprinkler, LLC","Building Equipment Contractors","Subsidiary","Birmingham, AL, United States","https://dnb.com/business-directory/company-profiles/citadel-fire-sprinkler-llc.61c3d1b2f05b02634c74a567a61a2bd6"
"57","Valley Fire Sprinkler, Inc.","Building Equipment Contractors","Independent","Scottsdale, AZ, United States","https://dnb.com/business-directory/company-profiles/valley-fire-sprinkler-inc.8b83116a243cc2a79f0bf998476e962c"
"58","Fire Sprinkler Of Atlanta LLC","Building Equipment Contractors","Independent","Duluth, GA, United States","https://dnb.com/business-directory/company-profiles/fire-sprinkler-of-atlanta-llc.6a378cc66f5408b4b514a0cf575e436c"
"59","NEBRASKA FIRE SPRINKLER CORPORATION","Building Equipment Contractors","Independent","Alda, NE, United States","https://dnb.com/business-directory/company-profiles/nebraska-fire-sprinkler-corporation.5de6d0d3f1eb3d527b4f1888e565cb28"
"60","Automatic Fire Sprinkler, LLC","Building Equipment Contractors","Independent","Normal, IL, United States","https://dnb.com/business-directory/company-profiles/automatic-fire-sprinkler-llc.f2f3b01f4594e3bdd418ce09f9d7bed1"
"61","Service First Fire Sprinkler LLC","Building Equipment Contractors","Independent","Sioux Falls, SD, United States","https://dnb.com/business-directory/company-profiles/service-first-fire-sprinkler-llc.634502c98428cef018a0198e7bb45fc1"
"62","RELIABLE FIRE SPRINKLER (AUSTRALIA) PTY ...","Other Fabricated Metal Product Manufacturing","Independent","KILBURN, SOUTH AUSTRALIA, Australia","https://dnb.com/business-directory/company-profiles/reliable-fire-sprinkler-(australia)-pty-ltd.53c24e0a621de91ae122e575ec48dbfd"
"63","Apex Fire Sprinkler Company LLC","Building Equipment Contractors","Independent","Springfield, IL, United States","https://dnb.com/business-directory/company-profiles/apex-fire-sprinkler-company-llc.7ec0c9a7fad5910e62da73da0cf8c76c"
"64","INDIAN NATION FIRE SPRINKLER, L.L.C.","Building Equipment Contractors","Independent","Tulsa, OK, United States","https://dnb.com/business-directory/company-profiles/indian-nation-fire-sprinkler-llc.8dc6a2a67fde44994f11df00b35cdd7b"
"65","Ozark Fire Sprinkler Co., Inc.","Building Equipment Contractors","Independent","Warsaw, MO, United States","https://dnb.com/business-directory/company-profiles/ozark-fire-sprinkler-co-inc.2021527e1654a2035c9c7bd95e8aea94"
"66","FIRE SAFE GROUP, INC.","Building Equipment Contractors","Independent","Redondo Beach, CA, United States","https://dnb.com/business-directory/company-profiles/fire-safe-group-inc.d5b43feeabeca015d4c6e3b60038d200"
"67","Williams Fire Sprinkler Company, Inc.","Building Equipment Contractors","Independent","Williamston, NC, United States","https://dnb.com/business-directory/company-profiles/williams-fire-sprinkler-company-inc.f3de025e0d7bc2d571990fb29617e2d3"
"68","LONESTAR FIRE PROTECTION LLC","Other Support Services","Independent","Georgetown, TX, United States","https://dnb.com/business-directory/company-profiles/lonestar-fire-protection-llc.0974c1588b960888d000e2cc64aae052"
"69","Premier Fire Sprinkler Company, Inc.","Building Equipment Contractors","Independent","Central Islip, NY, United States","https://dnb.com/business-directory/company-profiles/premier-fire-sprinkler-company-inc.e52b3ca44b43aab6a1bc7ee937f9e1ac"
"70","Fire Tech Automatic Sprinkler Inc","Building Equipment Contractors","Independent","Sewell, NJ, United States","https://dnb.com/business-directory/company-profiles/fire-tech-automatic-sprinkler-inc.ac4ef11c075ce2143f08c806456b5f60"
"71","Colorado Fire Sprinkler, Inc.","Building Equipment Contractors","Independent","Pueblo, CO, United States","https://dnb.com/business-directory/company-profiles/colorado-fire-sprinkler-inc.65498cc9fa2337cf029347516584c2aa"
"72","Newark Fire Sprinkler Corp","Building Equipment Contractors","Independent","Newark, NJ, United States","https://dnb.com/business-directory/company-profiles/newark-fire-sprinkler-corp.f3a07507e65b5dc3ce4175af8cddbc2a"
"73","GCKC MANAGEMENT, INC.","Building Equipment Contractors","Independent","Spokane, WA, United States","https://dnb.com/business-directory/company-profiles/gckc-management-inc.608541e8a38d8100b2f0c32066f635b9"
"74","Island Fire Sprinkler, Inc.","Building Equipment Contractors","Subsidiary","Holbrook, NY, United States","https://dnb.com/business-directory/company-profiles/island-fire-sprinkler-inc.c04732e7965e64857dbca765b2b5b0ff"
"75","EMPIRE STATE FIRE SPRINKLER CORP.","Building Equipment Contractors","Independent","Brooklyn, NY, United States","https://dnb.com/business-directory/company-profiles/empire-state-fire-sprinkler-corp.6aa8b09e1a661f9d6a036a956fff7eae"
"76","Fire Sprinkler Services Inc","Building Equipment Contractors","Independent","Jacksonville, FL, United States","https://dnb.com/business-directory/company-profiles/fire-sprinkler-services-inc.5606fea0b501388fc2a0714985dd9c15"
"77","Reliable Fire Sprinkler (norway) AS","Hardware, and Plumbing and Heating Equipment and Supplies Merchant Wholesalers","Subsidiary","DRØBAK, AKERSHUS, Norway","https://dnb.com/business-directory/company-profiles/reliable-fire-sprinkler-(norway)-as.0294837e459d2b51f5e484341f09e20b"
"78","Alpha Fire Sprinkler Corporation","Building Equipment Contractors","Independent","San Luis Obispo, CA, United States","https://dnb.com/business-directory/company-profiles/alpha-fire-sprinkler-corporation.8a76436ef911c9c1df9ee18d62c9f286"
"79","SOUTHERN KENTUCKY FIRE AND SPRINKLER LLC","Building Equipment Contractors","Independent","Glasgow, KY, United States","https://dnb.com/business-directory/company-profiles/southern-kentucky-fire-and-sprinkler-llc.4c7424d4db8e8a75c7b5320162b88cda"
"80","FIRE SPRINKLER DESIGN PTY. LIMITED","Building Equipment Contractors","Subsidiary","SHERWOOD, QUEENSLAND, Australia","https://dnb.com/business-directory/company-profiles/fire-sprinkler-design-pty-limited.4dfe628c3d94640fe141d0a0ff32b2e0"
"81","Fire Guard Sprinkler Corp","Building Equipment Contractors","Parent","Ridgefield Park, NJ, United States","https://dnb.com/business-directory/company-profiles/fire-guard-sprinkler-corp.fa7a540922fb2716f8f9d067c1a6ccc0"
"82","Pacific Valley Fire Protection, Inc.","Building Equipment Contractors","Independent","Rancho Cordova, CA, United States","https://dnb.com/business-directory/company-profiles/pacific-valley-fire-protection-inc.90958be27398fe65814679199bcf4d6d"
"83","BAYOU FIRE & SPRINKLER LLC","Building Equipment Contractors","Independent","Chauvin, LA, United States","https://dnb.com/business-directory/company-profiles/bayou-fire--sprinkler-llc.f446e8e52611d030fda88d0fee70544d"
"84","Irish Sprinkler & Fire Protection Limite...","Architectural, Engineering, and Related Services","Subsidiary","Norway","https://dnb.com/business-directory/company-profiles/irish-sprinkler--fire-protection-limited.103c35aca65698f30d4d9deac77a0d74"
"85","Fire Stop Sprinkler Company","Building Equipment Contractors","Independent","Newark, CA, United States","https://dnb.com/business-directory/company-profiles/fire-stop-sprinkler-company.9a6f381839cf2cc356e3c1ff2bc9e0bc"
"86","FAST AND RELIABLE SPRINKLER FIRE SERVICE...","Industrial Machinery Manufacturing","Independent","ALBERT PARK, VICTORIA, Australia","https://dnb.com/business-directory/company-profiles/fast-and-reliable-sprinkler-fire-services-pty-ltd.8e73b20cca5d2156f0c1e1ff647d2dc7"
"87","FSC, Inc.","Architectural, Engineering, and Related Services","Independent","Overland Park, KS, United States","https://dnb.com/business-directory/company-profiles/fsc-inc.c2b86240ee194ccbb15b529155695cd1"
"88","Home Fire Sprinkler Coalition","Coal Mining","Independent","VICTORIA, Australia","https://dnb.com/business-directory/company-profiles/home-fire-sprinkler-coalition.5b867ea4036715e9e8c93922fdf67e09"
"89","Rocky Mountain Fire Sprinkler Supply LLC","Machinery, Equipment, and Supplies Merchant Wholesalers","Independent","Loveland, CO, United States","https://dnb.com/business-directory/company-profiles/rocky-mountain-fire-sprinkler-supply-llc.1f2327c88278e2162d17127bc15dfadc"
"90","Contender Fire Sprinkler of Texas Inc.","Building Equipment Contractors","Independent","Richmond, TX, United States","https://dnb.com/business-directory/company-profiles/contender-fire-sprinkler-of-texas-inc.99e4c67bb84659f052b0702ea61d36e9"
"91","Bender & Modlin Fire Sprinkler, Inc.","Building Equipment Contractors","Independent","Orange Park, FL, United States","https://dnb.com/business-directory/company-profiles/bender--modlin-fire-sprinkler-inc.31af27286eac73fe834145bef417566d"
"92","SPRINKLER FIRE SYSTEMS PTE LTD","Business Support Services","Independent","Singapore, Singapore","https://dnb.com/business-directory/company-profiles/sprinkler-fire-systems-pte-ltd.1b4d7cdd059dde2d8505c52ad651bf8a"
"93","GENERAL SPRINKLER FIRE SYSTEM","Other Specialty Trade Contractors","Independent","Ghaziabad, Uttar Pradesh, India","https://dnb.com/business-directory/company-profiles/general-sprinkler-fire-system.4f65ed3de70244b7bbcccec85bc4c143"
"94","LUCTO FIRE SPRINKLER CORP.","Building Equipment Contractors","Independent","Miami, FL, United States","https://dnb.com/business-directory/company-profiles/lucto-fire-sprinkler-corp.91628733039df201dd924e2b8e388306"
"95","REDLINE AUTOMATIC FIRE SPRINKLER PROTECT...","Building Equipment Contractors","Independent","Blue Springs, MO, United States","https://dnb.com/business-directory/company-profiles/redline-automatic-fire-sprinkler-protection-co.f579db10b2418aa153be78800bb5509f"
"96","United Fire Sprinkler Service, Limited L...","Other Support Services","Independent","Summerville, SC, United States","https://dnb.com/business-directory/company-profiles/united-fire-sprinkler-service-limited-liability-company.92492b6fb4891556cd4b3ea9e422d0de"
"97","RELIABLE FIRE SPRINKLER UK LIMITED - DUB...","Elementary and Secondary Schools","Independent","Dubai, Dubai, United Arab Emirates","https://dnb.com/business-directory/company-profiles/reliable-fire-sprinkler-uk-limited---dubai-branch---rep-office.fafbe0d91322606369b45d17e5b87dc4"
"98","FIRE SPRINKLER PTY LTD","Building Equipment Contractors","Independent","ENFIELD, NEW SOUTH WALES, Australia","https://dnb.com/business-directory/company-profiles/fire-sprinkler-pty-ltd.318eb62e0006e8acee7651332bb387d5"
"99","Slater Fire Sprinkler","Building Equipment Contractors","Independent","Three Forks, MT, United States","https://dnb.com/business-directory/company-profiles/slater-fire-sprinkler.1a8987d14effcbf4bd3f6de243f7a662"
"100","Lightning fire sprinkler systems Ltd.","Miscellaneous Durable Goods Merchant Wholesalers","Independent","HOLON, Central District, Israel","https://dnb.com/business-directory/company-profiles/lightning-fire-sprinkler-systems-ltd.66eda6da174acbb1e181e52699ac97cf"
"101","HYDROPRO FIRE SPRINKLER Company","Building Equipment Contractors","Independent","Colorado Springs, CO, United States","https://dnb.com/business-directory/company-profiles/hydropro-fire-sprinkler-company.f2eaf6bfe4f9d81be62682019aaf392f"
"102","J-Four Enterprises, Inc.","Building Equipment Contractors","Independent","Roseville, CA, United States","https://dnb.com/business-directory/company-profiles/j-four-enterprises-inc.bcafcdb4699a9adb772d4d5856a61b0d"
"103","ALPHA AND OMEGA FIRE SPRINKLER COMPANY, ...","Building Equipment Contractors","Independent","Bensalem, PA, United States","https://dnb.com/business-directory/company-profiles/alpha-and-omega-fire-sprinkler-company-inc.ebf5b1b284b5572bd8c7d6817d47a81e"
"104","SHWABADE AND NZWAKELE SPRINKLER FIRE PRO...","Architectural, Engineering, and Related Services","Independent","DURBAN, KWA-ZULU NATAL, South Africa","https://dnb.com/business-directory/company-profiles/shwabade-and-nzwakele-sprinkler-fire-protection-engineers-cc.f1a80e3347d2ae283503c0c63bda3938"
"105","FIRE SPRINKLER INSTALLATION (NSW) PTY. L...","Building Equipment Contractors","Independent","BALGOWLAH, NEW SOUTH WALES, Australia","https://dnb.com/business-directory/company-profiles/fire-sprinkler-installation-(nsw)-pty-limited.c83002e1acd0471ce4bbb19a04002062"
"106","Capital City Fire Sprinkler Depot, LLC","Machinery, Equipment, and Supplies Merchant Wholesalers","Parent","Baton Rouge, LA, United States","https://dnb.com/business-directory/company-profiles/capital-city-fire-sprinkler-depot-llc.7eee85e4f9953f09a980e8487683dbe9"
"107","J & S Fire Sprinkler Design & Consulting","Other Support Services","Independent","St Catharines, ON, Canada","https://dnb.com/business-directory/company-profiles/j--s-fire-sprinkler-design--consulting.dc54fb9650dd6bf6e07fd7f8c957a9cb"
"108","CURTIS ENGINEERING, INC.","Architectural, Engineering, and Related Services","Independent","Fruita, CO, United States","https://dnb.com/business-directory/company-profiles/curtis-engineering-inc.601943b2530e21e264cda237a9d4313d"
"109","Palace Fire & Sprinkler Co Ltd","Building Equipment Contractors","Independent","Winnipeg, MB, Canada","https://dnb.com/business-directory/company-profiles/palace-fire--sprinkler-co-ltd.5e1dff5de159c493f1e10e4c29ef628c"
"110","LIFE SAFETY SYSTEMS, INC. OF THE TREASUR...","Electronic and Precision Equipment Repair and Maintenance","Independent","Port Saint Lucie, FL, United States","https://dnb.com/business-directory/company-profiles/life-safety-systems-inc-of-the-treasure-coast.261d49183a0bded3e902ad5b040dd0f4"
"111","GEELONG FIRE SERVICES PTY LTD","Building Equipment Contractors","Independent","GEELONG WEST, VICTORIA, Australia","https://dnb.com/business-directory/company-profiles/geelong-fire-services-pty-ltd.17d549930c4d24e6abf3af1bf177da41"
"112","DILO FIRE SPRINKLER","Building Equipment Contractors","Independent","Jupiter, FL, United States","https://dnb.com/business-directory/company-profiles/dilo-fire-sprinkler.2ad2e48bae99a8af51291e8106eadfc7"
"113","FALCON SPRINKLER SOLUTIONS LIMITED","Management, Scientific, and Technical Consulting Services","Parent","INSCH, Scotland, United Kingdom","https://dnb.com/business-directory/company-profiles/falcon-sprinkler-solutions-limited.32e232c26fa7940c23794c0362d844a8"
"114","FREO FIRE SPRINKLER SERVICES PTY LTD","Building Equipment Contractors","Independent","MYAREE, WESTERN AUSTRALIA, Australia","https://dnb.com/business-directory/company-profiles/freo-fire-sprinkler-services-pty-ltd.5648881fdd1558a830f19eef3e8acd23"
"115","P.V.CCTV & FIRE SPRINKLER SYSTEM SOLUTIO...","Household Appliances and Electrical and Electronic Goods Merchant Wholesalers","Independent","Mumbai, Maharashtra, India","https://dnb.com/business-directory/company-profiles/pvcctv--fire-sprinkler-system-solution.ca7c7097f53bbd9bb99d88b2681b4101"
"116","A AND D FIRE SPRINKLER INSTALLATIONS (PT...","Building Equipment Contractors","Independent","OLIFANTSFONTEIN, GAUTENG, South Africa","https://dnb.com/business-directory/company-profiles/a-and-d-fire-sprinkler-installations-(pty)-ltd.0350e270f0a8d0d475fe4cba5bfec4aa"
"117","SPRINKLER FIRE ENGINEERING LIMITED","Building Equipment Contractors","Independent","Lusaka, Lusaka, Zambia","https://dnb.com/business-directory/company-profiles/sprinkler-fire-engineering-limited.0c49b2efa41733c1c3941bb7cd7f8af9"
"118","HERITAGE FIRE PROTECTION, INC.","Building Equipment Contractors","Independent","Newton, KS, United States","https://dnb.com/business-directory/company-profiles/heritage-fire-protection-inc.e6e74197a6b64e9427886b9ff5a85d62"
"119","J.W. FIRE SPRINKLER, INC.","Building Equipment Contractors","Independent","West Palm Beach, FL, United States","https://dnb.com/business-directory/company-profiles/jw-fire-sprinkler-inc.50a0443bf667e0b51c350e22e419e54c"
"120","Central Fire Sprinkler System Inc.","Machinery, Equipment, and Supplies Merchant Wholesalers","Independent","Hialeah, FL, United States","https://dnb.com/business-directory/company-profiles/central-fire-sprinkler-system-inc.4628f986c80f1e029d42858ebdc3e9bc"
"121","Pryor Automatic Fire Sprinkler, Inc.","Building Equipment Contractors","Independent","Great Bend, KS, United States","https://dnb.com/business-directory/company-profiles/pryor-automatic-fire-sprinkler-inc.635c545792a0914f62a2a34759384b71"
"122","PITTSBURGH FIRE SPRINKLER","Furniture and Home Furnishings Retailers","Independent","Pittsburgh, PA, United States","https://dnb.com/business-directory/company-profiles/pittsburgh-fire-sprinkler.4210fceb7f73ab26d79aebad69148385"
"123","Fire Sprinklers, Inc.","Building Equipment Contractors","Independent","Covina, CA, United States","https://dnb.com/business-directory/company-profiles/fire-sprinklers-inc.04ec17292948df35ed939b1be4d24bf7"
"124","Fire Sprinkler Services FL, LLC","Building Equipment Contractors","Independent","Jacksonville, FL, United States","https://dnb.com/business-directory/company-profiles/fire-sprinkler-services-fl-llc.c5d144b77a016ced1dfee95ee768e6dc"
"125","Fire Sprinkler Service, LLC","Building Equipment Contractors","Independent","Bossier City, LA, United States","https://dnb.com/business-directory/company-profiles/fire-sprinkler-service-llc.a2c44df834b9326b2499cc84081a18cb"
"126","K & E Fire Sprinkler, Inc.","Building Equipment Contractors","Independent","Troy, VA, United States","https://dnb.com/business-directory/company-profiles/k--e-fire-sprinkler-inc.4ad99c54684c98cd9c2c400cd8caa2b5"
"127","GRAND STRAND FIRE SPRINKLERS OF S. C., I...","Building Equipment Contractors","Independent","Conway, SC, United States","https://dnb.com/business-directory/company-profiles/grand-strand-fire-sprinklers-of-s-c-inc.a845336b560beec130e0cc7924058c8c"
"128","ELLIOTT FIRE SPRINKLER SYSTEMS; LLC","Machinery, Equipment, and Supplies Merchant Wholesalers","Independent","Westfield, MA, United States","https://dnb.com/business-directory/company-profiles/elliott-fire-sprinkler-systems-llc.8008ab9f7cd99c08cc1ec363935e783d"
"129","All Fire Services, Inc.","Other Professional, Scientific, and Technical Services","Independent","Hollywood, FL, United States","https://dnb.com/business-directory/company-profiles/all-fire-services-inc.c648db4c2b1f89637c4b6b38d2921b26"
"130","Marion Fire Sprinkler & Alarm Inc.","Other General Purpose Machinery Manufacturing","Independent","Marion, IL, United States","https://dnb.com/business-directory/company-profiles/marion-fire-sprinkler--alarm-inc.ab1f29c237e5af9ff397a57730af9be8"
"131","VIP FIRE SPRINKLER, INC.","Building Equipment Contractors","Independent","Brooklyn, NY, United States","https://dnb.com/business-directory/company-profiles/vip-fire-sprinkler-inc.3e19edf9e65b41d9ff5636bd2cc11f29"
"132","Glacier Sprinkler & Fire Protection Corp","Building Equipment Contractors","Independent","Calgary, AB, Canada","https://dnb.com/business-directory/company-profiles/glacier-sprinkler--fire-protection-corp.1284afd561b3bc48876740d7c895146e"
"133","JC JETTING PTY LTD","Building Equipment Contractors","Independent","FLAGSTONE, QUEENSLAND, Australia","https://dnb.com/business-directory/company-profiles/jc-jetting-pty-ltd.ebfe51892a1b6520cd1de560e1e21120"
"134","FIRE CONTROL SPRINKLER","Building Equipment Contractors","Independent","Billings, MT, United States","https://dnb.com/business-directory/company-profiles/fire-control-sprinkler.efded3df4fe959073c5c44626a4585bb"
"135","RELIABLE FIRE SPRINKLER LIMITED","Machinery, Equipment, and Supplies Merchant Wholesalers","Parent","EAST GRINSTEAD, England, United Kingdom","https://dnb.com/business-directory/company-profiles/reliable-fire-sprinkler-limited.b036332455cd60b72168820b9a0e8674"
"136","Fire Water Sprinkler Protection LLC","Other Support Services","Independent","Roanoke, TX, United States","https://dnb.com/business-directory/company-profiles/fire-water-sprinkler-protection-llc.a77d1995b83cb20312d966ab9f3b7bbb"
"137","EL BALCON FIRE SPRINKLER CORP.","Building Equipment Contractors","Independent","Hempstead, NY, United States","https://dnb.com/business-directory/company-profiles/el-balcon-fire-sprinkler-corp.c56881da4ab3cc9598acdd003950eaf9"
"138","C & H FIRE SPRINKLER, LLC","Machinery, Equipment, and Supplies Merchant Wholesalers","Independent","Weatogue, CT, United States","https://dnb.com/business-directory/company-profiles/c--h-fire-sprinkler-llc.0e78a4ebec0e8241e030054ca1134974"
"139","FIREINSP FIRE & SPRINKLER, LLC","Building Equipment Contractors","Independent","Lake Charles, LA, United States","https://dnb.com/business-directory/company-profiles/fireinsp-fire--sprinkler-llc.10593cf1cb3113471f188689a03644fd"
"140","FPS FIRE SPRINKLER, L.L.C.","Building Equipment Contractors","Independent","Fort Worth, TX, United States","https://dnb.com/business-directory/company-profiles/fps-fire-sprinkler-llc.ba51b05cff2572e153326ac32c352865"
"141","Heads Up Fire Sprinkler, Inc.","Building Equipment Contractors","Subsidiary","New Hyde Park, NY, United States","https://dnb.com/business-directory/company-profiles/heads-up-fire-sprinkler-inc.821e7787aba5ca8c0196ff71f4e11da2"
"142","Indiana Fire Sprinkler & Backflow, Inc.","Building Equipment Contractors","Independent","Fort Wayne, IN, United States","https://dnb.com/business-directory/company-profiles/indiana-fire-sprinkler--backflow-inc.fd321f17b068383aaff0bfeca5dde6fa"
"143","A A A Fire Sprinkler Inc","Building Equipment Contractors","Independent","Sparks, NV, United States","https://dnb.com/business-directory/company-profiles/a-a-a-fire-sprinkler-inc.34a59d0bc730fab6d47466d450fdc029"
"144","SPRINKLER FIRE SAFTEY AWARENESS AND WELF...","Individual and Family Services","Independent","Kolkata, West Bengal, India","https://dnb.com/business-directory/company-profiles/sprinkler-fire-saftey-awareness-and-welfare-foundation.a97b77aa55e8d48fe5fce9404bb94728"
"145","JIAXING ZYX FIRE SPRINKLER FACTORY","Other Support Activities for Transportation","Independent","Mumbai, Maharashtra, India","https://dnb.com/business-directory/company-profiles/jiaxing-zyx-fire-sprinkler-factory.33b3883b7072bd6b8e58374c9976be39"
"146","JME Fire Sprinkler, Corp.","Building Equipment Contractors","Independent","Medford, NY, United States","https://dnb.com/business-directory/company-profiles/jme-fire-sprinkler-corp.02cbd16721ddfd6083706a8f60aeab42"
"147","Spectrum Fire Sprinkler Ltd","Machinery, Equipment, and Supplies Merchant Wholesalers","Independent","Vancouver, BC, Canada","https://dnb.com/business-directory/company-profiles/spectrum-fire-sprinkler-ltd.5a163c0ee073299660b2e2db42e82e26"
"148","American Fire & Sprinkler, LLC","Building Equipment Contractors","Independent","Cleveland, OH, United States","https://dnb.com/business-directory/company-profiles/american-fire--sprinkler-llc.8d2194490c3d64b85811b7c552ec3792"
"149","DORSET FIRE SPRINKLER SYSTEMS LTD","Building Equipment Contractors","Subsidiary","BATH, England, United Kingdom","https://dnb.com/business-directory/company-profiles/dorset-fire-sprinkler-systems-ltd.25529b06975d262b6bfa583b20275c45"
"150","Shutgun Fire Sprinkler Shut Off","Household Appliances and Electrical and Electronic Goods Merchant Wholesalers","Independent","Collingwood, ON, Canada","https://dnb.com/business-directory/company-profiles/shutgun-fire-sprinkler-shut-off.c72fc76255f8d040a7d7d73e2d77f7c9"
"151","N BEZUIDENHOUT OPTOMETRISTS (PTY) LTD","Offices of Other Health Practitioners","Independent","BEDFORDVIEW, GAUTENG, South Africa","https://dnb.com/business-directory/company-profiles/n-bezuidenhout-optometrists-(pty)-ltd.2b57052e6d077265b07eab0007c2776d"
"152","Joseph's Sons for Sprinkler and Fire Ext...","Building Equipment Contractors","Independent","NAZARETH, Northern District, Israel","https://dnb.com/business-directory/company-profiles/josephs-sons-for-sprinkler-and-fire-extinguishing-works-ltd.7e7273a6ec0a44d551cb3a95f3af25e7"
"153","MA Sprinkler and fire Ltd","Building Equipment Contractors","Independent","YAFIA, Northern District, Israel","https://dnb.com/business-directory/company-profiles/ma-sprinkler-and-fire-ltd.fd3f7545e42891e7f63f2749811f6c4c"
"154","Fire Control sprinkler systems, fire Ltd","Building Equipment Contractors","Independent","ELAD, Central District, Israel","https://dnb.com/business-directory/company-profiles/fire-control-sprinkler-systems-fire-ltd.6a77ad5b2322be80c293688aba365e89"
"155","MISTER SPRINKLER ISRAEL LTD","Building Equipment Contractors","Independent","Emek Hefer Industrial Park, Central District, Israel","https://dnb.com/business-directory/company-profiles/mister-sprinkler-israel-ltd.d65758bc65485a390e326538948d5893"
"156","International Fire Sprinkler, Inc.","Building Equipment Contractors","Independent","Maryland Heights, MO, United States","https://dnb.com/business-directory/company-profiles/international-fire-sprinkler-inc.0047f7beaeecd6b69def4f24816c9058"
"157","Custom Fire and Sprinkler Services Ltd","Building Equipment Contractors","Independent","Whitby, ON, Canada","https://dnb.com/business-directory/company-profiles/custom-fire-and-sprinkler-services-ltd.14cdcb6b920dcc8b8b046ff478c247b8"
"158","Universal Fire Sprinkler Inc.","Building Equipment Contractors","Independent","Gloucester, ON, Canada","https://dnb.com/business-directory/company-profiles/universal-fire-sprinkler-inc.ea1fba1c7f868191468e2efb49606f0b"
"159","Tidal Wave Fire Sprinkler Systems Inc","Building Equipment Contractors","Independent","New Hamburg, ON, Canada","https://dnb.com/business-directory/company-profiles/tidal-wave-fire-sprinkler-systems-inc.b4549da56b63b244c5f56363d1c02e65"
"160","DAVID ALEXANDER","Building Equipment Contractors","Independent","WHEELERS HILL, VICTORIA, Australia","https://dnb.com/business-directory/company-profiles/david-alexander.9b9c5083b2d10b772b6bbc9c052af518"
"161","SUPERIOR FIRE PROTECTION, INC.","Building Equipment Contractors","Independent","Brea, CA, United States","https://dnb.com/business-directory/company-profiles/superior-fire-protection-inc.450b5e4344bd84d3b9bc268c4faf41f2"
"162","AFFILIATED CONSTRUCTION GROUP, INCORPORA...","Building Equipment Contractors","Independent","Helena, MT, United States","https://dnb.com/business-directory/company-profiles/affiliated-construction-group-incorporated.f236d7ddb658346aa3377c63744b50b4"
"163","AMERICAN FIRE SPRINKLER, INC.","Building Equipment Contractors","Independent","Jackson, MS, United States","https://dnb.com/business-directory/company-profiles/american-fire-sprinkler-inc.25eb51e26fe1457f5d068c0432d00c22"
"164","PJH Fire Sprinkler Design, L.L.C.","Other General Purpose Machinery Manufacturing","Independent","Long Branch, NJ, United States","https://dnb.com/business-directory/company-profiles/pjh-fire-sprinkler-design-llc.c52120bea55cf2a8ff89e02abdfeb04c"
"165","COMPASS FIRE SPRINKLER, LLC","Building Equipment Contractors","Independent","Pelham, AL, United States","https://dnb.com/business-directory/company-profiles/compass-fire-sprinkler-llc.00d88a04b99f673dcc40f7a49cf2f1c3"
"166","JEN FIRE SPRINKLER LLC","Building Equipment Contractors","Independent","Cleveland, AL, United States","https://dnb.com/business-directory/company-profiles/jen-fire-sprinkler-llc.c9687545e669ed6952be513b552efa54"
"167","CAROLINA FIRE SPRINKLER INSPEC","Building Equipment Contractors","Independent","China Grove, NC, United States","https://dnb.com/business-directory/company-profiles/carolina-fire-sprinkler-inspec.3028becf9f4a629eb5d465c09792847f"
"168","Cnc Automated Fire Sprinkler Systems Inc","Building Equipment Contractors","Independent","Ventura, CA, United States","https://dnb.com/business-directory/company-profiles/cnc-automated-fire-sprinkler-systems-inc.077cfdbe70e089c86be7d5cac6c04637"
"169","UNITED AUTOMATIC FIRE SPRINKLER COMPANY","Building Equipment Contractors","Independent","Avon, MA, United States","https://dnb.com/business-directory/company-profiles/united-automatic-fire-sprinkler-company.c8b959e44c3f6f158e2c014c10686a1a"
"170","JC PLUMBING AND FIRE SPRINKLER SYSTEM, L...","Machinery, Equipment, and Supplies Merchant Wholesalers","Independent","Frederick, MD, United States","https://dnb.com/business-directory/company-profiles/jc-plumbing-and-fire-sprinkler-system-llc.1961bc3d6c32b67b92e647d84011fddf"
"171","Reign Fire Sprinkler Solutions Limited","General Freight Trucking","Independent","Calgary, AB, Canada","https://dnb.com/business-directory/company-profiles/reign-fire-sprinkler-solutions-limited.6dda5194ecb456e7d21255370a580efb"
"172","The Fire Sprinkler Company","Building Equipment Contractors","Independent","Carmichael, CA, United States","https://dnb.com/business-directory/company-profiles/the-fire-sprinkler-company.9a7de8b20f58d54178c7889322366b01"
"173","A Professional Fire Systems Co.","Building Equipment Contractors","Independent","Beavercreek, OR, United States","https://dnb.com/business-directory/company-profiles/a-professional-fire-systems-co.fa30a744840d5f3f63a8814209a11dfc"
"174","FIRE SPRINKLER","Management, Scientific, and Technical Consulting Services","Independent","HAMMAM LIF, Tunisia","https://dnb.com/business-directory/company-profiles/fire-sprinkler.44107903e4b499dee6192159e7941309"
"175","FIRE SPRINKLER","Management, Scientific, and Technical Consulting Services","Independent","HAMMAM LIF, Tunisia","https://dnb.com/business-directory/company-profiles/fire-sprinkler.d37990312ec1074ce5528402393c3a43"
"176","United Automatic Fire Sprinkler, Inc.","Building Equipment Contractors","Independent","Little Falls, NJ, United States","https://dnb.com/business-directory/company-profiles/united-automatic-fire-sprinkler-inc.4bfdaf1ac3a1437c845c27c75566a806"
"177","Scar Designs, LLC","Other General Purpose Machinery Manufacturing","Independent","Carlsbad, CA, United States","https://dnb.com/business-directory/company-profiles/scar-designs-llc.ec7059185bd9867aae6c18e8cd115bed"
"178","L G Fire Sprinkler Service, Inc","Building Equipment Contractors","Independent","Fort Mitchell, AL, United States","https://dnb.com/business-directory/company-profiles/l-g-fire-sprinkler-service-inc.3c0dbf655a13b2b240a4a94a891fe034"
"179","Fire Team Sprinkler, INC","Other Fabricated Metal Product Manufacturing","Independent","Tracy City, TN, United States","https://dnb.com/business-directory/company-profiles/fire-team-sprinkler-inc.3707cbe5c46bf40e75ab9055a466b602"
"180","Tristar Fire Protection Inc.","Architectural, Engineering, and Related Services","Independent","Plymouth, MI, United States","https://dnb.com/business-directory/company-profiles/tristar-fire-protection-inc.a3bebe7c55bfcfb19f106dd3a09df28d"
"181","Sun Automatic Fire Sprinkler, Inc.","Building Equipment Contractors","Independent","Helotes, TX, United States","https://dnb.com/business-directory/company-profiles/sun-automatic-fire-sprinkler-inc.17f322d535875ddf0740672d77b18bef"
"182","Reliable Fire Sprinkler Limited","Machinery, Equipment, and Supplies Merchant Wholesalers","Subsidiary","Mannheim, Baden-Württemberg, Germany","https://dnb.com/business-directory/company-profiles/reliable-fire-sprinkler-limited.43874849bddd791749715674eb3dec3c"
"183","Canopy Fire Sprinkler Inspections and Se...","Other Professional, Scientific, and Technical Services","Independent","Winnipeg, MB, Canada","https://dnb.com/business-directory/company-profiles/canopy-fire-sprinkler-inspections-and-service.63db1119d7987206161978aed2788659"
"184","Rapid Fire Sprinkler Design and Consulti...","Other Support Services","Independent","Ajax, ON, Canada","https://dnb.com/business-directory/company-profiles/rapid-fire-sprinkler-design-and-consulting-inc.88e8e07dfb5d2998cda97143df67d43a"
"185","MCCONKEY FIRE SPRINKLER INC.","Building Equipment Contractors","Independent","Melbourne, FL, United States","https://dnb.com/business-directory/company-profiles/mcconkey-fire-sprinkler-inc.e6e1b90e0d1ec436a65b83c3ce0f039b"
"186","KJ Mechanical Fire Sprinkler, LLC","Building Equipment Contractors","Independent","Columbia, TN, United States","https://dnb.com/business-directory/company-profiles/kj-mechanical-fire-sprinkler-llc.3fceac04e9b711f56e22fc4b9d6d0c9a"
"187","FIRE SPRINKLER TEXAS LLC","","Independent","Sugar Land, TX, United States","https://dnb.com/business-directory/company-profiles/fire-sprinkler-texas-llc.3f5eed827fe094052b725e9cf821465a"
"188","Rising Force Fire Sprinkler Installation...","Building Equipment Contractors","Independent","Richmond, BC, Canada","https://dnb.com/business-directory/company-profiles/rising-force-fire-sprinkler-installations-and-service-inc.5f5dadeacc8a453daaa23a78058496bc"
"189","LIBERTY FIRE SPRINKLER & MECHANICAL CORP...","Building Equipment Contractors","Independent","Bethpage, NY, United States","https://dnb.com/business-directory/company-profiles/liberty-fire-sprinkler--mechanical-corp.241d9d56972bfabdcc35239690363bf5"
"190","Commercial Residential Fire Sprinkler, I...","Building Equipment Contractors","Independent","Covington, GA, United States","https://dnb.com/business-directory/company-profiles/commercial-residential-fire-sprinkler-inc.a13530e0c773afb7a87c79ce662d573c"
"191","SUN STATE FIRE SPRINKLER COMPANY, INC.","Building Equipment Contractors","Independent","Debary, FL, United States","https://dnb.com/business-directory/company-profiles/sun-state-fire-sprinkler-company-inc.4ed8d5681c00d5a564c9a0dfa3c1be49"
"192","Martinez Plumbing & Fire Sprinkler LLC","Building Equipment Contractors","Independent","Jacksonville, NC, United States","https://dnb.com/business-directory/company-profiles/martinez-plumbing--fire-sprinkler-llc.226221577dad50f4ef422ac82b091657"
"193","Wisconsin Fire Sprinkler Installation & ...","Building Equipment Contractors","Independent","New Berlin, WI, United States","https://dnb.com/business-directory/company-profiles/wisconsin-fire-sprinkler-installation--inspection-inc.82f75a3024653820c91e8c396436bf47"
"194","Eastwind, LLC","Building Equipment Contractors","Independent","Nashville, TN, United States","https://dnb.com/business-directory/company-profiles/eastwind-llc.de14e72fcb784b94e23d8ffb12bd49e6"
"195","Fire Sprinkler Inspection Company, Inc.","Building Equipment Contractors","Independent","Roswell, GA, United States","https://dnb.com/business-directory/company-profiles/fire-sprinkler-inspection-company-inc.58f2c5f4ecf2f831ad639e6a79c6eb64"
"196","NU FIRE SPRINKLER CO LLC","Building Equipment Contractors","Independent","Troutdale, OR, United States","https://dnb.com/business-directory/company-profiles/nu-fire-sprinkler-co-llc.47387ad4c3c1bdbc4f022cf068dd58a2"
"197","Francis Fire Sprinkler, LLC","Building Equipment Contractors","Independent","Opelousas, LA, United States","https://dnb.com/business-directory/company-profiles/francis-fire-sprinkler-llc.ebd6a37e1041055628a5a88ec7c51ee2"
"198","CONNECTICUT FIRE PROTECTION AND SPRINKLE...","Building Equipment Contractors","Independent","Milford, CT, United States","https://dnb.com/business-directory/company-profiles/connecticut-fire-protection-and-sprinkler-services-company-inc.d440c56a0b057cb3074d255ca4c399f1"
"199","IRISH SPRINKLER & FIRE PROTECTION LIMITE...","Business Support Services","Subsidiary","DUBLIN, Ireland","https://dnb.com/business-directory/company-profiles/irish-sprinkler--fire-protection-limited.627fbe4e4206df61fda7d97a9b1691c7"
"200","The Fire Sprinkler Company","Building Equipment Contractors","Independent","Sacramento, CA, United States","https://dnb.com/business-directory/company-profiles/the-fire-sprinkler-company.52b7bf8b6309db043d02e2ec54493b00"
"201","ALPHA FIRE SPRINKLER COMPANY LLC","Building Equipment Contractors","Independent","Downers Grove, IL, United States","https://dnb.com/business-directory/company-profiles/alpha-fire-sprinkler-company-llc.9f47aa08b382ccc50bcb48288bee8392"
"202","OBED FIRE SPRINKLER LLC","Building Equipment Contractors","Independent","Lawrenceville, GA, United States","https://dnb.com/business-directory/company-profiles/obed-fire-sprinkler-llc.af832a352e776e02d85625bc2a2ed562"
"203","NATIONAL FIRE SPRINKLER ASSOCIATION","Lessors of Real Estate","Independent","Patterson, NY, United States","https://dnb.com/business-directory/company-profiles/national-fire-sprinkler-association.b9b1226b7bfcf7b76efd433035b05fb2"
"204","GENERAL FIRE SPRINKLER CO.","Building Equipment Contractors","Independent","Belvidere, IL, United States","https://dnb.com/business-directory/company-profiles/general-fire-sprinkler-co.388e92922e43cc3b75279e07b447e22d"
"205","CERTIFIED PROTECTION SERVICES LLC","Accounting, Tax Preparation, Bookkeeping, and Payroll Services","Independent","Corydon, IN, United States","https://dnb.com/business-directory/company-profiles/certified-protection-services-llc.d27259b691c17c6a89796168b0b57111"
"206","REAL FIRE SPRINKLER SYSTEM LTD","Building Equipment Contractors","Independent","WOODFORD GREEN, England, United Kingdom","https://dnb.com/business-directory/company-profiles/real-fire-sprinkler-system-ltd.79a7a7dc20da60784aaf8921e71e9785"
"207","FIRE SPRINKLER CORPORATION","Building Equipment Contractors","Independent","Quincy, MA, United States","https://dnb.com/business-directory/company-profiles/fire-sprinkler-corporation.a365d81d2429f82c137e6325660bebb8"
"208","ELITE FIRE SPRINKLER PROTECTION SERVICE ...","Building Equipment Contractors","Independent","Miami, FL, United States","https://dnb.com/business-directory/company-profiles/elite-fire-sprinkler-protection-service-inc.9de01d46d5953d54aedb9d4d69cc6fdf"
"209","Industrial Fire & Safety Inc.","Building Equipment Contractors","Independent","Saint Petersburg, FL, United States","https://dnb.com/business-directory/company-profiles/industrial-fire--safety-inc.ece374b2c9de846274168416db5aa2c8"
"210","Home Fire Sprinkler Coalition","Building Equipment Contractors","Independent","Quincy, MA, United States","https://dnb.com/business-directory/company-profiles/home-fire-sprinkler-coalition.6a379cf9c5fbb71f63377df1143f958b"
"211","BRICK WALL FIRE SPRINKLER, LLC","Building Equipment Contractors","Subsidiary","Colorado Springs, CO, United States","https://dnb.com/business-directory/company-profiles/brick-wall-fire-sprinkler-llc.9c14096ef41a4d71a85a167c4fda6925"
"212","MISSION FIRE SPRINKLER, LLC","Building Equipment Contractors","Independent","Ringgold, GA, United States","https://dnb.com/business-directory/company-profiles/mission-fire-sprinkler-llc.c19d9d81733c6e0f40e4dbdaf2d52444"
"213","GENERAL FIRE SPRINKLER SYSTEM LLC","Machinery, Equipment, and Supplies Merchant Wholesalers","Independent","Medley, FL, United States","https://dnb.com/business-directory/company-profiles/general-fire-sprinkler-system-llc.a359aa88a611e4dba9419cf15a84e9b1"
"214","GREEN MOUNTAIN SPRINKLER INC","Building Equipment Contractors","Independent","Milton, VT, United States","https://dnb.com/business-directory/company-profiles/green-mountain-sprinkler-inc.ab7470d8d3bd450247dba97a88c4e089"
"215","APOLLO FIRE SPRINKLER COMPANY, INC.","Building Equipment Contractors","Independent","Nesconset, NY, United States","https://dnb.com/business-directory/company-profiles/apollo-fire-sprinkler-company-inc.0da62a1c9356ce50d7022d82e9d83b40"
"216","ALL-STAR PLUMBING & FIRE SPRINKLER, INC.","Building Equipment Contractors","Independent","Lake Forest, CA, United States","https://dnb.com/business-directory/company-profiles/all-star-plumbing--fire-sprinkler-inc.23324e259dc946625cb3558d2a133780"
"217","Hancharik Fire Sprinkler Ltd","Building Equipment Contractors","Independent","Thunder Bay, ON, Canada","https://dnb.com/business-directory/company-profiles/hancharik-fire-sprinkler-ltd.c8d7d2bc593854d0cdee3223a809c20a"
"218","TRI-STATE FIRE SPRINKLER LLC","Building Equipment Contractors","Independent","Chesapeake, OH, United States","https://dnb.com/business-directory/company-profiles/tri-state-fire-sprinkler-llc.f734a5b34db849c6070b787b70823be5"
"219","Fire Sprinkler Supply Inc","Building Equipment Contractors","Independent","Mobile, AL, United States","https://dnb.com/business-directory/company-profiles/fire-sprinkler-supply-inc.6a9c037341bde8b457e08f3650a93b0a"
"220","Rising Force Fire Sprinkler","Lawn and Garden Equipment and Supplies Retailers","Independent","Vancouver, BC, Canada","https://dnb.com/business-directory/company-profiles/rising-force-fire-sprinkler.ebf5bf202aa9732f2b5eca883f83d5e0"
"221","RJ FIRE SPRINKLER SYSTEMS INC.","Building Equipment Contractors","Independent","Tehachapi, CA, United States","https://dnb.com/business-directory/company-profiles/rj-fire-sprinkler-systems-inc.f2d1ffe254588035ea789c4b48d7da99"
"222","Washington Fire Protection Engineering, ...","Architectural, Engineering, and Related Services","Independent","Manassas Park, VA, United States","https://dnb.com/business-directory/company-profiles/washington-fire-protection-engineering-llc.0b8dc8f0048ffac1a096844df95c9fef"
"223","FIRE SPRINKLER DESIGN SERVICES, INC.","Architectural, Engineering, and Related Services","Independent","West Palm Beach, FL, United States","https://dnb.com/business-directory/company-profiles/fire-sprinkler-design-services-inc.2efa1768116ddea2aefce8bbd257b186"
"224","KNOXVILLE FIRE SPRINKLER, LLC","Building Equipment Contractors","Independent","Kingston, TN, United States","https://dnb.com/business-directory/company-profiles/knoxville-fire-sprinkler-llc.3aac65ee0f56bbba33703e9683008601"
"225","CARTER'S FIRE SPRINKLER MAINTENANCE AND ...","Building Equipment Contractors","Independent","Lebanon, OR, United States","https://dnb.com/business-directory/company-profiles/carters-fire-sprinkler-maintenance-and-piping-inc.48b7c92d981b2f0072f0d1ff7e4edb34"
"226","HAKENWERTH FIRE SPRINKLER","Architectural, Engineering, and Related Services","Independent","Wentzville, MO, United States","https://dnb.com/business-directory/company-profiles/hakenwerth-fire-sprinkler.d6fb8830dbfe0db41890dd2fb80edff3"
"227","RELIABLE FIRE SPRINKLER (POLSKA) SP Z O ...","Hardware, and Plumbing and Heating Equipment and Supplies Merchant Wholesalers","Subsidiary","Mysłowice, śląskie, Poland","https://dnb.com/business-directory/company-profiles/reliable-fire-sprinkler-(polska)-sp-z-o-o.4213a7f83b268382a8793a243b7182cb"
"228","ELEMENT FIRE SPRINKLER SERVICE LLC","Building Equipment Contractors","Independent","Gypsum, CO, United States","https://dnb.com/business-directory/company-profiles/element-fire-sprinkler-service-llc.19aa66bcdefdb56f5acbcf50c5196414"
"229","RES Fire Sprinkler, LLC","Building Equipment Contractors","Independent","Athens, TX, United States","https://dnb.com/business-directory/company-profiles/res-fire-sprinkler-llc.5a59e5e1d580a1010082a284688ae359"
"230","PETERS FIRE SPRINKLER CONTRACTOR, INC.","Building Equipment Contractors","Independent","Indianapolis, IN, United States","https://dnb.com/business-directory/company-profiles/peters-fire-sprinkler-contractor-inc.361891bae360fc2dfa6f2cb44d7083a6"
"231","Skyline Fire Sprinkler Corp","Building Equipment Contractors","Independent","Riverdale, NJ, United States","https://dnb.com/business-directory/company-profiles/skyline-fire-sprinkler-corp.60ca7a1df9cbca5bd055228392b9e1d1"
"232","MAKEYLA FIRE SPRINKLER SYSTEMS LLC","Machinery, Equipment, and Supplies Merchant Wholesalers","Independent","Salisbury, NC, United States","https://dnb.com/business-directory/company-profiles/makeyla-fire-sprinkler-systems-llc.0821671ea9996760936cb5e9814d6cec"
"233","MISSOURI FIRE SPRINKLER SYSTEMS LLC","Machinery, Equipment, and Supplies Merchant Wholesalers","Independent","Sainte Genevieve, MO, United States","https://dnb.com/business-directory/company-profiles/missouri-fire-sprinkler-systems-llc.7db32005e626641b84cce9e5d300ae52"
"234","ADVANCED FIRE SPRINKLER CO LLC","Nonresidential Building Construction","Independent","Albuquerque, NM, United States","https://dnb.com/business-directory/company-profiles/advanced-fire-sprinkler-co-llc.1f311a022aa65caceb7ef594f2443f04"
"235","FULL CAPACITY FIRE CONSULTANTS CORP.","Building Equipment Contractors","Independent","Freeport, NY, United States","https://dnb.com/business-directory/company-profiles/full-capacity-fire-consultants-corp.2f760d5fc5351ea056c5be6d0d5a1aae"
"236","JEFFERSON STATE FIRE SPRINKLER LLC","Building Equipment Contractors","Independent","Medford, OR, United States","https://dnb.com/business-directory/company-profiles/jefferson-state-fire-sprinkler-llc.b5f9d9d51e30d3f92bf2d746eaf82ab4"
"237","BRITISH AUTOMATIC FIRE SPRINKLER ASSOCIA...","Justice, Public Order, and Safety Activities","Independent","WALSALL, England, United Kingdom","https://dnb.com/business-directory/company-profiles/british-automatic-fire-sprinkler-association-limited.d1c0fdf916ad8be87af84eecebbb74b6"
"238","MR FIRE SPRINKLER LLC","Building Equipment Contractors","Independent","Englewood, CO, United States","https://dnb.com/business-directory/company-profiles/mr-fire-sprinkler-llc.1f1e49a8bea05a34e4ffd8e6084e9fa1"
"239","B & T INVESTMENTS, INC.","Building Equipment Contractors","Independent","Chelmsford, MA, United States","https://dnb.com/business-directory/company-profiles/b--t-investments-inc.db574ed9bbf6a56541d8f45428ba5848"
"240","Cruz Fire Sprinkler Systems, Corp.","Building Equipment Contractors","Independent","Caguas, PR, United States","https://dnb.com/business-directory/company-profiles/cruz-fire-sprinkler-systems-corp.d4ae5e82faa9f569b26ad5e0fcfde259"
"241","BOUMA FIRE, INC.","Building Equipment Contractors","Independent","Sioux Falls, SD, United States","https://dnb.com/business-directory/company-profiles/bouma-fire-inc.9d532533ff1005e00bdbdc6c37a92e26"
"242","FIRE PROTEC SPRINKLER SYSTEMS LIMITED","Building Equipment Contractors","Independent","ROMFORD, England, United Kingdom","https://dnb.com/business-directory/company-profiles/fire-protec-sprinkler-systems-limited.f356d850ba72dd9997bb760f08965b31"
"243","AUSBON FIRE PROTECTION, INC.","Building Equipment Contractors","Independent","Phenix City, AL, United States","https://dnb.com/business-directory/company-profiles/ausbon-fire-protection-inc.c5475a10c36d9acf06dc832f3084f436"
"244","Durango Fire Sprinkler, LLC","Building Equipment Contractors","Independent","Durango, CO, United States","https://dnb.com/business-directory/company-profiles/durango-fire-sprinkler-llc.226aa76cf19fa458d3d71b6944a7bff2"
"245","NYC FIRE SPRINKLER CORP.","Building Equipment Contractors","Independent","Bronx, NY, United States","https://dnb.com/business-directory/company-profiles/nyc-fire-sprinkler-corp.46de9f5c147f6e9cf630eb5f1f2930d3"
"246","ATLANTIC FIRE SPRINKLER, INC.","Building Equipment Contractors","Independent","Bennington, VT, United States","https://dnb.com/business-directory/company-profiles/atlantic-fire-sprinkler-inc.b7f9fd10bf6957600cb0c4f876855697"
"247","RELIABLE FIRE SPRINKLER (SINGAPORE) PTE....","Machinery, Equipment, and Supplies Merchant Wholesalers","Independent","Singapore, Singapore","https://dnb.com/business-directory/company-profiles/reliable-fire-sprinkler-(singapore)-pte-ltd.ca117eba5b010183bcf20c8455e6b695"
"248","HANG FIRE SPRINKLER CO. LLC","Building Equipment Contractors","Independent","Hopewell Junction, NY, United States","https://dnb.com/business-directory/company-profiles/hang-fire-sprinkler-co-llc.6d0bd78a0039c4b5677cbdc957461b5c"
"249","CONTENDER FIRE SPRINKLER, LLC","Building Equipment Contractors","Independent","Virginia Beach, VA, United States","https://dnb.com/business-directory/company-profiles/contender-fire-sprinkler-llc.a3f691c7d00d6757fecaa57f72cfbaee"
"250","Alberta Chapter - American Fire Sprinkle...","Book Retailers and News Dealers","Independent","Morinville, AB, Canada","https://dnb.com/business-directory/company-profiles/alberta-chapter---american-fire-sprinkler-association.f17b711476491fd27251e92264543c84"
"251","A-1 Fire Sprinkler Residential, LLC","Building Equipment Contractors","Independent","Peoria, AZ, United States","https://dnb.com/business-directory/company-profiles/a-1-fire-sprinkler-residential-llc.942162a803731280d154a60d84c37ed6"
"252","PREMIER AUTOMATIC FIRE SPRINKLER COMPANY...","Building Equipment Contractors","Independent","Weedsport, NY, United States","https://dnb.com/business-directory/company-profiles/premier-automatic-fire-sprinkler-company-llc.c7e0e0a15434676dc1c208a80a92c985"
"253","J N D Fire Sprinkler Inc","Building Equipment Contractors","Independent","Newberg, OR, United States","https://dnb.com/business-directory/company-profiles/j-n-d-fire-sprinkler-inc.ea676fab610f711045b83de3b84407d8"
"254","FUNES FIRE SPRINKLER SYSTEMS, INC.","Machinery, Equipment, and Supplies Merchant Wholesalers","Independent","Huntington Park, CA, United States","https://dnb.com/business-directory/company-profiles/funes-fire-sprinkler-systems-inc.84939175b056b075f7dad5948a022934"
"255","Security Fire Sprinkler, LLC","Building Equipment Contractors","Subsidiary","Sauk Rapids, MN, United States","https://dnb.com/business-directory/company-profiles/security-fire-sprinkler-llc.05509fc9d650777f4d5ffcfe60b7d132"
"256","FIRE SPRINKLER SERVICES, INC.","Commercial and Industrial Machinery and Equipment (except Automotive and Electro...","Independent","Glenwood Springs, CO, United States","https://dnb.com/business-directory/company-profiles/fire-sprinkler-services-inc.e2925e9e4ef02feebcb6f16f325ac819"
"257","IRISH SPRINKLER & FIRE PROTECTION LIMITE...","Architectural, Engineering, and Related Services","Subsidiary","Norway","https://dnb.com/business-directory/company-profiles/irish-sprinkler--fire-protection-limited.33d934d7b827ded694b1c446369dbdd2"
"258","JOJO FIRE SPRINKLER SOLUTIONS (PTY) LTD","Management, Scientific, and Technical Consulting Services","Independent","SOSHANGUVE, GAUTENG, South Africa","https://dnb.com/business-directory/company-profiles/jojo-fire-sprinkler-solutions-(pty)-ltd.8a35b59ca3f46e916877c500246e8622"
"259","KZN FIRE AND SPRINKLER SYSTEMS (PTY) LTD","Management, Scientific, and Technical Consulting Services","Independent","DURBAN, KWA-ZULU NATAL, South Africa","https://dnb.com/business-directory/company-profiles/kzn-fire-and-sprinkler-systems-(pty)-ltd.a993603b71e6c8a6e0ca8f0a25558e06"
"260","United Fire Sprinkler Protection Inc","Building Equipment Contractors","Independent","West Paterson, NJ, United States","https://dnb.com/business-directory/company-profiles/united-fire-sprinkler-protection-inc.97cf4ea6514e7a4810970035f7436abc"
"261","Wiemann, Gary","Building Equipment Contractors","Independent","Covina, CA, United States","https://dnb.com/business-directory/company-profiles/wiemann-gary.7d576c3b61c722652de469ad64d45a82"
"262","Hammer Associated Services","Building Equipment Contractors","Independent","Oakland, CA, United States","https://dnb.com/business-directory/company-profiles/hammer-associated-services.7b0799f0a3ade2c58ae7c7f2e5e529a7"
"263","Fire Sprinkler SS, Inc.","Household Appliances and Electrical and Electronic Goods Merchant Wholesalers","Independent","Jacksonville, AR, United States","https://dnb.com/business-directory/company-profiles/fire-sprinkler-ss-inc.2e500fd592a56c1c735df6a082bdaaad"
"264","LINDSEY INVESTMENT GROUP LLC","Other Financial Investment Activities","Independent","Houston, TX, United States","https://dnb.com/business-directory/company-profiles/lindsey-investment-group-llc.4655df417eca7c5c846ba67092b95a75"
"265","EUROPEAN FIRE SPRINKLER NETWORK","Business, Professional, Labor, Political, and Similar Organizations","Independent","LONDON, England, United Kingdom","https://dnb.com/business-directory/company-profiles/european-fire-sprinkler-network.078f924596b202f02e0e6e31877608f8"
"266","STEWIE'S FIRE PROTECTION, LLC","","Independent","Des Moines, WA, United States","https://dnb.com/business-directory/company-profiles/stewies-fire-protection-llc.3d616f69b62f6da72cb47668263bb30c"
"267","Crews Gregory Fire Sprinkler Co","Other Support Services","Independent","Blackstone, VA, United States","https://dnb.com/business-directory/company-profiles/crews-gregory-fire-sprinkler-co.74b6c08e2e9d3a2e86aad3ab3a23997e"
"268","Be Safe Fire Sprinkler LLC","Building Equipment Contractors","Independent","Suffern, NY, United States","https://dnb.com/business-directory/company-profiles/be-safe-fire-sprinkler-llc.4d7d61bb51e3f06ba2d970b8d1706a12"
"269","The Fire Sprinkler Podcast","Other Schools and Instruction","Independent","Corunna, ON, Canada","https://dnb.com/business-directory/company-profiles/the-fire-sprinkler-podcast.8b0b17c203541895946f4e8c59256d3d"
"270","Citywide Fire Sprinkler Inc","Building Equipment Contractors","Independent","Flushing, NY, United States","https://dnb.com/business-directory/company-profiles/citywide-fire-sprinkler-inc.849a1992bc53e68c4e35a5990bf4c70a"
"271","Condor Fire Sprinkler Co., LLC","Other Support Services","Independent","Schenectady, NY, United States","https://dnb.com/business-directory/company-profiles/condor-fire-sprinkler-co-llc.aa37cfe14fb48b8e23d925f153fa602c"
"272","ALL SAFE FIRE SPRINKLER SERVICE LLC","Building Equipment Contractors","Independent","Plattsburgh, NY, United States","https://dnb.com/business-directory/company-profiles/all-safe-fire-sprinkler-service-llc.35481163ab594f5d6cd2d42977f5c08d"
"273","ZELAYA FIRE SPRINKLER LLC","Residential Building Construction","Independent","Charlotte, NC, United States","https://dnb.com/business-directory/company-profiles/zelaya-fire-sprinkler-llc.ce353d06baf3d71d72796e6b8856cba9"
"274","Eagle Automatic Fire Sprinkler","Building Equipment Contractors","Independent","Houston, TX, United States","https://dnb.com/business-directory/company-profiles/eagle-automatic-fire-sprinkler.fef0021ae8e1d513003b4b284a4d19fd"
"275","CT FIRE SPRINKLER SYSTEM CORP","Machinery, Equipment, and Supplies Merchant Wholesalers","Independent","Miami, FL, United States","https://dnb.com/business-directory/company-profiles/ct-fire-sprinkler-system-corp.93464e37bbf637c86fd5a1250bb9847e"
"276","FARRERS FIRE SPRINKLER LLC","Building Equipment Contractors","Independent","Charlotte, NC, United States","https://dnb.com/business-directory/company-profiles/farrers-fire-sprinkler-llc.143498088c9f92464bccca89b39150ff"
"277","SAFEZONE FIRE SPRINKLER PROTECTION LLC","Building Equipment Contractors","Independent","Miami, FL, United States","https://dnb.com/business-directory/company-profiles/safezone-fire--sprinkler-protection-llc.4cd0676d030c148d01636cedb6253ce1"
"278","KINTURK FIRE SPRINKLER LLC","Building Equipment Contractors","Independent","New York, NY, United States","https://dnb.com/business-directory/company-profiles/kinturk-fire-sprinkler-llc.bbfae9ee3a9f55473259f70a521c54e1"
"279","JD FIRE SPRINKLER SOLUTIONS, LLC","Building Equipment Contractors","Independent","Stormville, NY, United States","https://dnb.com/business-directory/company-profiles/jd-fire-sprinkler-solutions-llc.664809468605b66d257a5bc2bff33d8e"
"280","AGUILAR FIRE SPRINKLER LLC","Building Equipment Contractors","Independent","Shelbyville, TN, United States","https://dnb.com/business-directory/company-profiles/aguilar-fire-sprinkler-llc.b4c1a8c0a5d7c9d8b16543d6500bdac0"
"281","Fire Sprinkler Service LLC","Building Equipment Contractors","Independent","Charleston, SC, United States","https://dnb.com/business-directory/company-profiles/fire-sprinkler-service-llc.11ef44d289d911689461be27aa22f53d"
"282","BRIDGE FIRE SPRINKLER, LLC","Building Equipment Contractors","Independent","Bronx, NY, United States","https://dnb.com/business-directory/company-profiles/bridge-fire-sprinkler-llc.c8bdbcb906ba8f03d36e18925d8341d3"
"283","COMMERCIAL FIRE SPRINKLER, INC.","Building Equipment Contractors","Independent","Lowell, MA, United States","https://dnb.com/business-directory/company-profiles/commercial-fire-sprinkler-inc.6fcd0462c962332a4ae7f272c4af60dc"
"284","MJM FIRE SPRINKLER COMPANY LLC","Building Equipment Contractors","Independent","Rocky Point, NY, United States","https://dnb.com/business-directory/company-profiles/mjm-fire-sprinkler-company-llc.64c821692cae3d7b6f71487bab29b802"
"285","ALTERNATIVE SPRINKLER FIRE PROCTECTI","Building Equipment Contractors","Independent","Poland, ME, United States","https://dnb.com/business-directory/company-profiles/alternative-sprinkler-fire-proctecti.779c864c4cfcd196ecea08369bc05357"
"286","KAY FIRE SPRINKLER LLC","Building Equipment Contractors","Independent","Eatontown, NJ, United States","https://dnb.com/business-directory/company-profiles/kay-fire-sprinkler-llc.e244ae6b88b597fc3538ce66cde3d92a"
"287","California Fire Protection Sprinkler Com...","Building Equipment Contractors","Independent","Glendale, CA, United States","https://dnb.com/business-directory/company-profiles/california-fire-protection-sprinkler-company-inc.67fea9ab37d0230591d3452aa473f574"
"288","NIFSAB","Building Equipment Contractors","Independent","Tinley Park, IL, United States","https://dnb.com/business-directory/company-profiles/nifsab.9443b65d801e2d014c16635f64bdd88c"
"289","Ramos Fire Sprinkler, Inc.","","Independent","Trujillo Alto, PR, United States","https://dnb.com/business-directory/company-profiles/ramos-fire-sprinkler-inc.9b98c48aaf1232df96d3fd37474440f5"
"290","ONFIRE8 PROTECTION LLC","Investigation and Security Services","Independent","Miami Gardens, FL, United States","https://dnb.com/business-directory/company-profiles/onfire8-protection-llc.5a9636efb13c9e4d9e2f0d45b6076e96"
"291","All Safe Fire Sprinkler Systems, Inc.","Machinery, Equipment, and Supplies Merchant Wholesalers","Independent","Elmsford, NY, United States","https://dnb.com/business-directory/company-profiles/all-safe-fire-sprinkler-systems-inc.d93206a983c896a07b6deccc2435cbad"
"292","FIRE SPRINKLER SERVICE COMPANY","Building Equipment Contractors","Independent","Phoenix, AZ, United States","https://dnb.com/business-directory/company-profiles/fire-sprinkler-service-company.ad184463933488ad3c08f2146f8da923"
"293","Guardian Automatic Fire Sprinkler LLC","Building Equipment Contractors","Independent","Idaho Falls, ID, United States","https://dnb.com/business-directory/company-profiles/guardian-automatic-fire-sprinkler-llc.9b69628d5f98ee6853920af8a622c724"
"294","RJ FIRE SPRINKLER SERVICES LLC","Building Equipment Contractors","Independent","Londonderry, NH, United States","https://dnb.com/business-directory/company-profiles/rj-fire-sprinkler-services-llc.d38b2415011777f35e2679069a1853ba"
"295","Anti Fire Sprinkler System LLC","Foundation, Structure, and Building Exterior Contractors","Independent","Buena Park, CA, United States","https://dnb.com/business-directory/company-profiles/anti-fire-sprinkler-system-llc.10aa026b34726023c85917b49bacee09"
"296","FRONT LINE FIRE SPRINKLER CORP.","Building Equipment Contractors","Independent","Ronkonkoma, NY, United States","https://dnb.com/business-directory/company-profiles/front-line-fire-sprinkler-corp.33ce547d01d4a630490464290efb9ae2"
"297","ABLE FIRE SPRINKLER LLC","Building Equipment Contractors","Independent","New York, NY, United States","https://dnb.com/business-directory/company-profiles/able-fire-sprinkler-llc.551c80ec99b18eb5137a333b260fa56e"
"298","ALERT FIRE SPRINKLER SERVICES LLC","Building Equipment Contractors","Independent","North Miami Beach, FL, United States","https://dnb.com/business-directory/company-profiles/alert-fire-sprinkler-services-llc.be456317b1edff2c4360555882d6d9f3"
"299","Peterson fire sprinkler inspections LLC","Building Equipment Contractors","Independent","Boiling Springs, SC, United States","https://dnb.com/business-directory/company-profiles/peterson-fire-sprinkler-inspections--llc.fa8dcafa504c7fe3a751672c5c3a4308"
"300","Alpha & Omega Fire Sprinkler Co. Inc.","Building Equipment Contractors","Independent","Bensalem, PA, United States","https://dnb.com/business-directory/company-profiles/alpha--omega-fire-sprinkler-co-inc.2ea9796591d8466f7a62545503d8cd3c"
"301","KAZAR FIRE SPRINKLER CO LLC","Building Equipment Contractors","Independent","Cape Coral, FL, United States","https://dnb.com/business-directory/company-profiles/kazar-fire-sprinkler-co-llc.fd13f7a96fa0195a32b4236dc9dc458d"
"302","USA FIRE SPRINKLER LLC","Building Equipment Contractors","Independent","Brooklyn, NY, United States","https://dnb.com/business-directory/company-profiles/usa-fire-sprinkler-llc.ae0b2fe35183f4c631bcfbdd6200f657"
"303","SPRINKLER PRO FIRE PROTECTION INC.","Building Equipment Contractors","Independent","Monroe, NY, United States","https://dnb.com/business-directory/company-profiles/sprinkler-pro-fire-protection-inc.0475f415e6a5ef0e5be6d31545a28e5f"
"304","JM and Daughters Fire Sprinkler Solution...","Building Equipment Contractors","Independent","Royse City, TX, United States","https://dnb.com/business-directory/company-profiles/jm-and-daughters-fire-sprinkler-solutions-llc.b1ccfcb41ead3e62d606b670bdc8f623"
"305","FIRE SPRINKLER 72 INSTALLATIONS LLC","Other Specialty Trade Contractors","Independent","Ponte Vedra, FL, United States","https://dnb.com/business-directory/company-profiles/fire-sprinkler-72-installations-llc.7b5da13311c5d55059152d26e9e138c8"
"306","Prestige Fire Sprinkler Design LLC","Specialized Design Services","Independent","San Antonio, TX, United States","https://dnb.com/business-directory/company-profiles/prestige-fire-sprinkler-design-llc.4b4770f8e34f9da3bc9c58817616b48f"
"307","Freedom Backflow & Fire Sprinkler Testin...","Other Professional, Scientific, and Technical Services","Independent","Pittsburgh, PA, United States","https://dnb.com/business-directory/company-profiles/freedom-backflow--fire-sprinkler-testing-llc.7dfaf552523fea63fa95fc4bddd95f92"
"308","OUTLOOK NETWORK, INC.","","Independent","Tustin, CA, United States","https://dnb.com/business-directory/company-profiles/outlook-network-inc.f4b4a00a20a6b13102991afef1f266f9"
"309","ACOSTA FIRE SPRINKLER LLC","Building Equipment Contractors","Independent","Atlanta, GA, United States","https://dnb.com/business-directory/company-profiles/acosta-fire-sprinkler-llc.cad799e61295f33f564ff942350c94e6"
"310","KOSY & JOON, INC.","Building Equipment Contractors","Independent","North Hollywood, CA, United States","https://dnb.com/business-directory/company-profiles/kosy--joon-inc.ff45e7022c34cad1bbf2457680b6e095"
"311","Jones Fire Sprinkler Co., LLC","Building Equipment Contractors","Independent","Gales Ferry, CT, United States","https://dnb.com/business-directory/company-profiles/jones-fire-sprinkler-co-llc.c3460a7c786486af856e4f9b24f7f967"
"312","ELITE FIRE SPRINKLER SYSTEMS I","Machinery, Equipment, and Supplies Merchant Wholesalers","Independent","Hiawatha, IA, United States","https://dnb.com/business-directory/company-profiles/elite-fire-sprinkler-systems-i.84eea1aea5faf9fd481f4ee1c56f640a"
"313","WASHINGTON FIRE SPRINKLER, LLC","Building Equipment Contractors","Independent","Everett, WA, United States","https://dnb.com/business-directory/company-profiles/washington-fire-sprinkler-llc.7afe125bf8fac5721538296395aca20f"
"314","FLORES FIRE SPRINKLER, INC.","Building Equipment Contractors","Independent","Bellflower, CA, United States","https://dnb.com/business-directory/company-profiles/flores-fire-sprinkler-inc.3b6de126fc7a83aeeea0a9850f65699c"
"315","JC Fire Sprinkler L.L.C","Building Equipment Contractors","Independent","Overton, NV, United States","https://dnb.com/business-directory/company-profiles/jc-fire-sprinkler-llc.3c4976b67f50319fc5084eee60594850"
"316","DDC FIRE SPRINKLER DESIGN LIMITED","Specialized Design Services","Independent","NEWRY, Northern Ireland, United Kingdom","https://dnb.com/business-directory/company-profiles/ddc-fire-sprinkler-design-limited.f055a2037a078c385f3f762a22fe006b"
"317","FIRE SPRINKLER SYSTEM REGISTRATION COMPA...","Business Support Services","Independent","Moultonborough, NH, United States","https://dnb.com/business-directory/company-profiles/fire-sprinkler-system-registration-company-llc.e4a02c6e59a0c2721449252896ee9f44"
"318","CONTENDER FIRE SPRINKLER, LLC","Building Equipment Contractors","Independent","Virginia Beach, VA, United States","https://dnb.com/business-directory/company-profiles/contender-fire-sprinkler-llc.b114401e53463ea93cf61e3273f8ab8c"
"319","Emberline Fire Sprinkler Design LLC","Specialized Design Services","Independent","Erie, PA, United States","https://dnb.com/business-directory/company-profiles/emberline-fire-sprinkler-design-llc.ed487f54bfb7a82db766c2469f260431"
"320","HARPERS FIRE SPRINKLER","Building Equipment Contractors","Independent","West Palm Beach, FL, United States","https://dnb.com/business-directory/company-profiles/harpers-fire-sprinkler.89cbf70c479507780c2ad4c4be6d0f82"
"321","BOB EVANS FIRE SPRINKLER SERVICES, INC.","Building Equipment Contractors","Independent","Plattsburgh, NY, United States","https://dnb.com/business-directory/company-profiles/bob-evans-fire-sprinkler-services-inc.2f9eb4af99a0742e4ba8502c2f2c67cb"
"322","Action Fire Sprinkler","Building Equipment Contractors","Independent","Coconut Creek, FL, United States","https://dnb.com/business-directory/company-profiles/action-fire-sprinkler.5970d4d9253cb8ef9c9933b8f0a03625"
"323","ARMOR FIRE SPRINKLER SERVICE, LLC","Building Equipment Contractors","Independent","Hurlock, MD, United States","https://dnb.com/business-directory/company-profiles/armor-fire-sprinkler-service-llc.0e203766e92ec25ce6589ccf5a53b075"
"324","A SPRINKLER GUY FIRE PROTECTION","Machinery, Equipment, and Supplies Merchant Wholesalers","Independent","Covina, CA, United States","https://dnb.com/business-directory/company-profiles/a-sprinkler-guy-fire-protection.02bae0f111c163b15ccd78bdcc6f5dc7"
"325","BAO FIRE SPRINKLER SYSTEM LLC","Machinery, Equipment, and Supplies Merchant Wholesalers","Independent","Denver, CO, United States","https://dnb.com/business-directory/company-profiles/bao-fire-sprinkler-system-llc.a12b337725f70ddaa29d2ea7efde2843"
"326","ARROW PLUMBING HEATING & FIRE SPRINKLER ...","Building Equipment Contractors","Independent","Jersey City, NJ, United States","https://dnb.com/business-directory/company-profiles/arrow-plumbing-heating--fire-sprinkler-co-inc.be8da5e0bf90b01049a1ae95cbaa3905"
"327","POWELL FIRE SPRINKLER SYSTEMS INC","Machinery, Equipment, and Supplies Merchant Wholesalers","Independent","Orlando, FL, United States","https://dnb.com/business-directory/company-profiles/powell-fire-sprinkler-systems-inc.f4e537304a590b4355c8372358bca35f"
"328","Texas Grit Fire Sprinkler Company LLC","","Independent","Austin, TX, United States","https://dnb.com/business-directory/company-profiles/texas-grit-fire-sprinkler-company-llc.5dfa2a5f8e1c51d1d03fbf976b7cbf04"
"329","FIRE PROTECTION SPRINKLER SERVICES","Building Equipment Contractors","Independent","Minot, ME, United States","https://dnb.com/business-directory/company-profiles/fire-protection-sprinkler-services.ebe11df8e41d018d8db8a4112af3e3a3"
"330","Dilo Fire Sprinkler Installation","Building Equipment Contractors","Independent","Jupiter, FL, United States","https://dnb.com/business-directory/company-profiles/dilo-fire-sprinkler-installation.ea523a09b4fb3878c300f50e15db0b35"
"331","DE FIRE SPRINKLER DESIGN INC.","Specialized Design Services","Independent","Warwick, RI, United States","https://dnb.com/business-directory/company-profiles/de-fire-sprinkler-design-inc.243884eea7243453a1890d3664e610bf"
"332","J.L AMERICAN QUALITY FIRE SPRINKLER SYST...","Machinery, Equipment, and Supplies Merchant Wholesalers","Independent","Germantown, MD, United States","https://dnb.com/business-directory/company-profiles/jl-american-quality-fire-sprinkler-systems-ac-llc.7d8793a187f62d4ba20c6d306c3b2d4c"
"333","ASAP FIRE SPRINKLER","Building Equipment Contractors","Independent","Miami, FL, United States","https://dnb.com/business-directory/company-profiles/asap-fire-sprinkler.9d409d971a4fca0f29b7d9e76ea51c22"
"334","RAILSBACK FIRE SPRINKLER AND PUMP INC.","Building Equipment Contractors","Independent","Hollywood, FL, United States","https://dnb.com/business-directory/company-profiles/railsback-fire-sprinkler-and-pump-inc.888b2b77893f2e0d3d3eaad8d59bd20e"
"335","FIRE SPRINKLER FIRE PROTECTION, INC.","Other Support Services","Independent","Agoura Hills, CA, United States","https://dnb.com/business-directory/company-profiles/fire-sprinkler-fire-protection-inc.326263a10083cd3d515ab5fbe79b0e65"
"336","RAINMAKER FIRE SPRINKLER SYSTEMS","Machinery, Equipment, and Supplies Merchant Wholesalers","Independent","San Antonio, TX, United States","https://dnb.com/business-directory/company-profiles/rainmaker-fire-sprinkler-systems.52907c292e84318cb5fcd802667ba306"
"337","A.E.P FIRE SPRINKLER SYSTEMS LLC","Machinery, Equipment, and Supplies Merchant Wholesalers","Independent","Sleepy Hollow, NY, United States","https://dnb.com/business-directory/company-profiles/aep-fire-sprinkler-systems-llc.aacb3e00fa3ce0be50f203e3ac3dd63d"
"338","COMPLETE FIRE SPRINKLER AND SAFETY, LLC","Building Equipment Contractors","Independent","Springfield, OH, United States","https://dnb.com/business-directory/company-profiles/complete-fire-sprinkler-and-safety-llc.4db85a3f4b8a9eda6cb08820cc8a25c3"
"339","BLC FIRE SPRINKLER LLC","Building Equipment Contractors","Independent","Garland, TX, United States","https://dnb.com/business-directory/company-profiles/blc-fire-sprinkler-llc.739ca5a658d9b40a8d5eecd9533ac84a"
"340","GEN X FIRE SPRINKLER SERVICES LLC","Building Equipment Contractors","Independent","Independence, MO, United States","https://dnb.com/business-directory/company-profiles/gen-x-fire-sprinkler-services-llc.495763fced43d39043a948f12b1b2337"
"341","Fire Sprinkler Texas LLC","Building Equipment Contractors","Independent","Sugar Land, TX, United States","https://dnb.com/business-directory/company-profiles/fire-sprinkler-texas-llc.5324659b6ab240e587524522d13b24bb"
"342","Fire Sprinkler Solutions, Inc.","Building Equipment Contractors","Independent","Huntington Beach, CA, United States","https://dnb.com/business-directory/company-profiles/fire-sprinkler-solutions-inc.088d288531e39612f5746b6120916cb2"
"343","Ace Sprinkler And Fire Protection, LLC","Building Equipment Contractors","Independent","Miamisburg, OH, United States","https://dnb.com/business-directory/company-profiles/ace-sprinkler-and-fire-protection-llc.88ab58e1ecaf1e3970cec8a21b34038c"
"344","FIRE SPRINKLER SERVICE AND MAINTENANCE O...","Services to Buildings and Dwellings","Independent","Richmond, NH, United States","https://dnb.com/business-directory/company-profiles/fire-sprinkler-service-and-maintenance-of-richmond-llc.b920e3aec24b321c957b146f66c71ea3"
"345","Metroplex Fire Sprinkler Inc","Building Equipment Contractors","Independent","Rowlett, TX, United States","https://dnb.com/business-directory/company-profiles/metroplex-fire-sprinkler-inc.178d107af0727145dcaddda5d7cc7810"
"346","Fire Sprinkler Protection Service B.V.","Other Professional, Scientific, and Technical Services","Subsidiary","Heemskerk, Noord-Holland, Netherlands","https://dnb.com/business-directory/company-profiles/fire-sprinkler-protection-service-bv.595509d849bdb8bf7fc96568878019a0"
"347","RESIDENTIAL & DOMESTIC FIRE SPRINKLER CO...","Business Support Services","Subsidiary","NAAS, Ireland","https://dnb.com/business-directory/company-profiles/residential--domestic-fire-sprinkler-company-(ireland)-limited.631962844099b90b3aab73db24cc6ba4"
"348","THE FIREOUT SPRINKLER COMPANY INC.","Building Equipment Contractors","Independent","Burbank, CA, United States","https://dnb.com/business-directory/company-profiles/the-fireout-sprinkler-company-inc.6c5536bda95b962362c32a52cc08fdcd"
"349","GREGORY FIRE SPRINKLER CORP.","Building Equipment Contractors","Independent","Richmond, VA, United States","https://dnb.com/business-directory/company-profiles/gregory-fire-sprinkler-corp.a88bfcfccd47ccf609e064a78722f956"
"350","CAPITOL SPRINKLER AND FIRE SYSTEMS LLC","Machinery, Equipment, and Supplies Merchant Wholesalers","Independent","Austin, TX, United States","https://dnb.com/business-directory/company-profiles/capitol-sprinkler-and-fire-systems-llc.a6676d7bc2541e44471dff9d1ec1c266"
"351","CLEMENTE FIRE SPRINKLER COMPANY LLC","Building Equipment Contractors","Independent","Hanover, MA, United States","https://dnb.com/business-directory/company-profiles/clemente-fire-sprinkler-company-llc.814115e3307800a6dfb78632a0d48bae"
"352","FIRE SPRINKLER ASSOC INC","Building Equipment Contractors","Independent","Brentwood, NY, United States","https://dnb.com/business-directory/company-profiles/fire-sprinkler-assoc-inc.ee2e299f21d6c1505493a56937d1ced5"
"353","NATIONWIDE FIRE SPRINKLER COMPANY","Building Equipment Contractors","Independent","Bellaire, TX, United States","https://dnb.com/business-directory/company-profiles/nationwide-fire-sprinkler-company.71a83191019a3d519c65025dd9ec463c"
"354","CREWS AND GREGORY FIRE SPRINKLER INC","Building Equipment Contractors","Independent","Midlothian, VA, United States","https://dnb.com/business-directory/company-profiles/crews-and-gregory-fire-sprinkler-inc.39c47389eba911a93ee3b6c20196dae3"
"355","PATRICK A SCALA FIRE SPRINKLER","Building Equipment Contractors","Independent","Nesconset, NY, United States","https://dnb.com/business-directory/company-profiles/patrick-a-scala-fire-sprinkler.ce89aa865a164b8013cc74e44d4082dc"
"356","COULTON MECHANICAL, INC.","Building Equipment Contractors","Independent","Warrington, PA, United States","https://dnb.com/business-directory/company-profiles/coulton-mechanical-inc.49ad5aaa7caf48278e75e5f5ab14a0cb"
"357","Seize Fire-Fire Sprinkler Company","Building Equipment Contractors","Independent","Redwood City, CA, United States","https://dnb.com/business-directory/company-profiles/seize-fire-fire-sprinkler-company.6edd2a71a735a32864ab6efb96a34f8c"
"358","AA Fire Sprinkler Service Company","Building Equipment Contractors","Independent","Louisville, KY, United States","https://dnb.com/business-directory/company-profiles/aa-fire-sprinkler-service-company.f709ed1df17fa0cfb7ddad410dcf2e06"
"359","NICKOLE TYLER","Building Equipment Contractors","Independent","Fort Worth, TX, United States","https://dnb.com/business-directory/company-profiles/nickole-tyler.6a3126cca0537f2bb3684b747279ad25"
"360","Heavey, John S. Inc.","Building Equipment Contractors","Independent","Whitinsville, MA, United States","https://dnb.com/business-directory/company-profiles/heavey-john-s-inc.4c3efa507ec074cd126a2721981c04bc"
"361","The Fire Sprinkler Company","Building Equipment Contractors","Independent","Sacramento, CA, United States","https://dnb.com/business-directory/company-profiles/the-fire-sprinkler-company.63d35cff521469370ac367ccfdd926e3"
"362","East Coast Fire Sprinkler Inspections Co...","Building Equipment Contractors","Independent","Wall Township, NJ, United States","https://dnb.com/business-directory/company-profiles/east-coast-fire-sprinkler-inspections-co-inc.72c34b072dde9a580826f37474a80613"
"363","ALEX LEWIS, LLC","","Independent","Ocala, FL, United States","https://dnb.com/business-directory/company-profiles/alex-lewis-llc.8b76d3219a92ef67a1bbc25e74ca3ad9"
"364","JWJ FIRE PROTECTION SPRINKLER INSPECTION...","Electric Power Generation, Transmission and Distribution","Independent","Los Angeles, CA, United States","https://dnb.com/business-directory/company-profiles/jwj-fire-protection-sprinkler-inspection-company.d608cc64153f1e74791e3fc52bc91e7c"
"365","TMJ FIRE SPRINKLER","Household Appliances and Electrical and Electronic Goods Merchant Wholesalers","Independent","Cerritos, CA, United States","https://dnb.com/business-directory/company-profiles/tmj-fire-sprinkler.5f5d399bfdd9d14537f23694d2661fe3"
"366","Liberty Fire Sprinkler Company, Inc.","Building Equipment Contractors","Independent","Chester Springs, PA, United States","https://dnb.com/business-directory/company-profiles/liberty-fire-sprinkler-company-inc.2728783df45cbab483d307f1172f22e4"
"367","Flash Fire Protection Inc","Other Support Services","Independent","Edmond, OK, United States","https://dnb.com/business-directory/company-profiles/flash-fire-protection-inc.1e9f574dfba5a4d14ac29c5ed4890513"
"368","GANNON CAMPBELL, LLC","Building Equipment Contractors","Independent","Hyannis, MA, United States","https://dnb.com/business-directory/company-profiles/gannon-campbell-llc.85f95d49253a47b9336f8ff48fd682cf"
"369","Kingsbury Plumbing & Heating, Inc.","Building Equipment Contractors","Independent","Naugatuck, CT, United States","https://dnb.com/business-directory/company-profiles/kingsbury-plumbing--heating-inc.8e74aa8f99aacc3a5b4a07b6c29fd32e"
"370","A.F.S.S. Inc","Building Equipment Contractors","Independent","Fort Lupton, CO, United States","https://dnb.com/business-directory/company-profiles/afss-inc.9197e1d68cfcfb69aea6e65738d0e6dc"
"371","Risner, Andy R","Building Equipment Contractors","Independent","Springfield, OH, United States","https://dnb.com/business-directory/company-profiles/risner-andy-r.08b2495464e22028d650b269fad41b81"
"372","MOVING FORWARD TECHNOLOGIES, LLC","Other Support Activities for Transportation","Independent","Mira Loma, CA, United States","https://dnb.com/business-directory/company-profiles/moving-forward-technologies-llc.9d7cb90a2cbe18af934ada42423b4413"
"373","OKLAHOMA FIRE SPRINKLER SERVICES LLC.","Building Equipment Contractors","Independent","Tulsa, OK, United States","https://dnb.com/business-directory/company-profiles/oklahoma-fire-sprinkler-services-llc.bfa0c0efac0e8c4255d1a4e34adb99c2"
"374","PROWORX FIRE SPRINKLER, LLC","Building Equipment Contractors","Independent","Marietta, GA, United States","https://dnb.com/business-directory/company-profiles/proworx-fire-sprinkler-llc.a2c853badbb549a90a51f19d306e3653"
"375","TFG FIRE SPRINKLER SYSTEMS, LLC","Machinery, Equipment, and Supplies Merchant Wholesalers","Independent","Weslaco, TX, United States","https://dnb.com/business-directory/company-profiles/tfg-fire-sprinkler-systems-llc.08b91d8c786f9f3eea3c12a208cd07e3"
"376","Total Fire Sprinkler Corporation","Building Equipment Contractors","Independent","Oakland Park, FL, United States","https://dnb.com/business-directory/company-profiles/total-fire-sprinkler-corporation.e99eb2185408729021e60e6a7ce8343b"
"377","Hauf and Associates LLC","Building Equipment Contractors","Parent","Baltimore, MD, United States","https://dnb.com/business-directory/company-profiles/hauf-and-associates-llc.bfae5a1e204339e28f00807513001bb6"
"378","CEASE FIRE SPRINKLER SYSTEMS, INC.","Machinery, Equipment, and Supplies Merchant Wholesalers","Independent","Simi Valley, CA, United States","https://dnb.com/business-directory/company-profiles/cease-fire-sprinkler-systems-inc.79b345f6fb967c244a8b56a1daaffed3"
"379","ALL-BORO COMPACTOR & FIRE SPRINKLER, INC...","Commercial and Industrial Machinery and Equipment (except Automotive and Electro...","Independent","Brooklyn, NY, United States","https://dnb.com/business-directory/company-profiles/all-boro-compactor--fire-sprinkler-inc.0580caf4e4c7888cf500dc75071f3fa7"
"380","ANOTHER IN THE FIRE SPRINKLER DESIGN INC","Specialized Design Services","Independent","Bakersfield, CA, United States","https://dnb.com/business-directory/company-profiles/another-in-the-fire-sprinkler-design-inc.e1f2d8fba9d28e3b068d2829352efd14"
"381","CHIEF FIRE SPRINKLER COMPANY INC","Building Equipment Contractors","Independent","Flushing, NY, United States","https://dnb.com/business-directory/company-profiles/chief-fire-sprinkler-company-inc.c930a0e92d50aabd621fd0e36e3e42da"
"382","NICHOLS JAMES PLUMBING & FIRE SPRINKLER ...","Building Equipment Contractors","Independent","Reno, NV, United States","https://dnb.com/business-directory/company-profiles/nichols-james-plumbing--fire-sprinkler-contractor.bd302a25e41285f6052100651e8baa77"
"383","F D FIRE SPRINKLER & PIPING SERVICE CORP","Building Equipment Contractors","Independent","New Hyde Park, NY, United States","https://dnb.com/business-directory/company-profiles/f-d-fire-sprinkler--piping-service-corp.925a4d959afbbbcaa67ec6a050a58be9"
"384","MAGNUM FIRE SPRINKLER, LLC","Building Equipment Contractors","Independent","Burlington, NC, United States","https://dnb.com/business-directory/company-profiles/magnum-fire-sprinkler-llc.1c87dbc98ea66d44df66d5fce3170151"
"385","SUPERIOR FIRE SPRINKLER INC.","Building Equipment Contractors","Independent","Nipomo, CA, United States","https://dnb.com/business-directory/company-profiles/superior-fire-sprinkler-inc.38e50843e7a1953a6029e58f74b8a9df"
"386","FIRE SPRINKLER SERVICES OF NE FLORIDA","Building Equipment Contractors","Independent","Jacksonville, FL, United States","https://dnb.com/business-directory/company-profiles/fire-sprinkler-services-of-ne-florida.d8e8363b16b353b7f6f1c6b9292be50f"
"387","FLORIDA FIRE SPRINKLER ASSOCIATION","Other Support Services","Independent","Tallahassee, FL, United States","https://dnb.com/business-directory/company-profiles/florida-fire-sprinkler-association.5fc0c020787476e48f1b5c3cd2917484"
"388","ACCURATE FIRE SPRINKLER D","Specialized Design Services","Independent","La Grange, KY, United States","https://dnb.com/business-directory/company-profiles/accurate-fire-sprinkler-d.24d07009003824b15870b150ee1bbff7"
"389","MAIN FIRE SPRINKLER SYSTEMS LIMITED","Architectural, Engineering, and Related Services","Independent","GOSPORT, England, United Kingdom","https://dnb.com/business-directory/company-profiles/main-fire-sprinkler-systems-limited.de466805a37a481f2f5dbf8d00cf5fdb"
"390","Justice Fire Sprinkler Inc.","Building Equipment Contractors","Independent","Calverton, NY, United States","https://dnb.com/business-directory/company-profiles/justice-fire-sprinkler-inc.b444f74ca28c38e1d3e8712f53028f5b"
"391","FIRE SPRINKLER MAINTENANCE, INC.","Building Equipment Contractors","Independent","Crossett, AR, United States","https://dnb.com/business-directory/company-profiles/fire-sprinkler-maintenance-inc.32ddcceb859480ee209e7d402ae3912b"
"392","FIRE SPRINKLER DESIGN CONSTRUCTION, INC.","Specialized Design Services","Independent","Burbank, CA, United States","https://dnb.com/business-directory/company-profiles/fire-sprinkler-design-construction-inc.cd1caf26bd8af04037ef98ae7239e7c8"
"393","FIRE SPRINKLER INDUSTRIES","Building Equipment Contractors","Independent","West Babylon, NY, United States","https://dnb.com/business-directory/company-profiles/fire-sprinkler-industries.a130fe89066943aac475dd7bd04db705"
"394","Folgner, Ron","Building Equipment Contractors","Independent","Santa Ynez, CA, United States","https://dnb.com/business-directory/company-profiles/folgner-ron.334424ffdb4defcccfc496469410e109"
"395","A1 Group Inc.","Building Equipment Contractors","Independent","Salt Lake City, UT, United States","https://dnb.com/business-directory/company-profiles/a1-group-inc.05285729518a2cac9b122650840eb908"
"396","FIRE SPRINKLER SOLUTIONS LTD","Architectural, Engineering, and Related Services","Independent","LONDON, England, United Kingdom","https://dnb.com/business-directory/company-profiles/fire-sprinkler-solutions-ltd.9feabd015e8706b47fbb105df98727be"
"397","FAST RESPONSE FIRE SPRINKLER SYSTEMS AND...","Residential Building Construction","Independent","Chicago Park, CA, United States","https://dnb.com/business-directory/company-profiles/fast-response-fire-sprinkler-systems-and-construct.7359e98f90cba7b99418664e5e4c7b7c"
"398","ANCHOR FIRE SPRINKLER INC","Motor Vehicle Manufacturing","Independent","Weeki Wachee, FL, United States","https://dnb.com/business-directory/company-profiles/anchor-fire-sprinkler-inc.1adf07ca898dbe79aebffef77c1d2075"
"399","MBLB FIRE SPRINKLER SERVICES, LLC","Building Equipment Contractors","Independent","West Henrietta, NY, United States","https://dnb.com/business-directory/company-profiles/mblb-fire-sprinkler-services-llc.570a82729167702fd429d6ee7dba7c21"
"400","HARPERS FIRE SPRINKLER INC","Building Equipment Contractors","Independent","Royal Palm Beach, FL, United States","https://dnb.com/business-directory/company-profiles/harpers-fire-sprinkler-inc.5161b3c17c09fb868e70ce0f21220461"
"401","Midtown Fire Sprinkler Corp","Building Equipment Contractors","Independent","Long Island City, NY, United States","https://dnb.com/business-directory/company-profiles/midtown-fire-sprinkler-corp.5d5355d11560d20a4e281e387fb4058c"
"402","PRECISION FIRE SPRINKLER INC","Building Equipment Contractors","Independent","Hugo, MN, United States","https://dnb.com/business-directory/company-profiles/precision-fire-sprinkler-inc.a40a3a07b45955f6d8a114a524af8d4f"
"403","PRO FIRE AND SPRINKLER LLC","Building Equipment Contractors","Independent","Forney, TX, United States","https://dnb.com/business-directory/company-profiles/pro-fire-and-sprinkler-llc.162383ee2b4118b288682bee415d359c"
"404","J LARRY HOOD LLC","Building Equipment Contractors","Independent","Lakeland, FL, United States","https://dnb.com/business-directory/company-profiles/j-larry-hood-llc.5723ceb1bedfd8ce3add91ca9fdcf056"
"405","PERFORMANCE FIRE SPRINKLER LLC","Building Equipment Contractors","Independent","Easton, MO, United States","https://dnb.com/business-directory/company-profiles/performance-fire-sprinkler-llc.77786542315c1d2b49ca4f679910545d"
"406","A1-FIRE SPRINKLER AND SECURITY LIFE LLC","Building Equipment Contractors","Independent","Miami, FL, United States","https://dnb.com/business-directory/company-profiles/a1-fire-sprinkler-and-security-life-llc.0295b3deb177ca4ba07ca79b1e55bf60"
"407","PAYLESS PLUMBING & FIRE SPRINKLER SUPPLI","Building Equipment Contractors","Independent","San Francisco, CA, United States","https://dnb.com/business-directory/company-profiles/payless-plumbing--fire-sprinkler-suppli.4e90e3ccab0635ff5be80397f76b0565"
"408","PRO TEK FIRE SPRINKLER SY","Building Equipment Contractors","Independent","North Hollywood, CA, United States","https://dnb.com/business-directory/company-profiles/pro-tek-fire-sprinkler-sy.4e68c75aaeea06cb021f91e8449d42c6"
"409","Winchester Sprinkler, L.L.C.","Building Equipment Contractors","Independent","Sterling, VA, United States","https://dnb.com/business-directory/company-profiles/winchester-sprinkler-llc.f6412a75dec9da46764d366dca87d977"
"410","FIRE SAFE SPRINKLER INSTALLATIONS LIMITE...","Building Equipment Contractors","Independent","WIGAN, England, United Kingdom","https://dnb.com/business-directory/company-profiles/fire-safe-sprinkler-installations-limited.7ed917adf5b26b4ae14e9713aab8457b"
"411","RITE WAY FIRE SPRINKLER CORP.","Building Equipment Contractors","Independent","Brooklyn, NY, United States","https://dnb.com/business-directory/company-profiles/rite-way-fire-sprinkler-corp.b1661da28f5b2faaf61ef6fb35545581"
"412","Big Apple Fire Sprinkler Company Inc.","Building Equipment Contractors","Independent","Woodside, NY, United States","https://dnb.com/business-directory/company-profiles/big-apple-fire-sprinkler-company-inc.e48abe4b1ad15b0205816d79712588eb"
"413","Ever Ready Fire Sprinkler","Building Equipment Contractors","Independent","Floral Park, NY, United States","https://dnb.com/business-directory/company-profiles/ever-ready-fire-sprinkler.43ceea02af9f2e8c460cdbdce5a4838d"
"414","KATCO FIRE SPRINKLER DESIGN","Building Equipment Contractors","Independent","Corona, CA, United States","https://dnb.com/business-directory/company-profiles/katco-fire-sprinkler-design.ad08a1fd725699be199fe495d38c10dd"
"415","Fire Sprinkler Service Co","Building Equipment Contractors","Independent","Fountain Valley, CA, United States","https://dnb.com/business-directory/company-profiles/fire-sprinkler-service-co.c12e16bfd71a49ef52f2800540c02df8"
"416","ALL SAFE FIRE SPRINKLER","Building Equipment Contractors","Independent","Belleville, NJ, United States","https://dnb.com/business-directory/company-profiles/all-safe-fire-sprinkler.74f365989da360537c36f48f97b6a8ba"
"417","FIRE SPRINKLER DESIGN","Legal Services","Independent","Wolcott, CT, United States","https://dnb.com/business-directory/company-profiles/fire-sprinkler-design.784b6c855c3cb73bf3231dd39fae7c19"
"418","Fire Sprinkler Design Service","Building Equipment Contractors","Independent","Orange Park, FL, United States","https://dnb.com/business-directory/company-profiles/fire-sprinkler-design-service.6f0ecf5a23e52c60f1d20df49cd55612"
"419","Automatic Fire Sprinkler Installation In...","Building Equipment Contractors","Parent","Brooklyn, NY, United States","https://dnb.com/business-directory/company-profiles/automatic-fire-sprinkler-installation-inc.d85d8c54f03064be94db491bf0a3296a"
"420","Fire Sprinkler Design & Consulting LLC","Machinery, Equipment, and Supplies Merchant Wholesalers","Independent","Scottsdale, AZ, United States","https://dnb.com/business-directory/company-profiles/fire-sprinkler-design--consulting-llc.85ad63d29dcb75d39556af0d8cdc8e7b"
"421","Automatic Fire Sprinkler Service, Inc.","Building Equipment Contractors","Independent","Staten Island, NY, United States","https://dnb.com/business-directory/company-profiles/automatic-fire-sprinkler-service-inc.19e7cd786faf6892af8de111da9796a8"
"422","WNW FIRE SPRINKLER CORP","Building Equipment Contractors","Independent","Brooklyn, NY, United States","https://dnb.com/business-directory/company-profiles/wnw-fire-sprinkler-corp.76259c9b190b441492dda3fe4daf2ad5"
"423","YADKIN VALLEY FIRE SPRINKLER INSPECTIONS","Other Professional, Scientific, and Technical Services","Independent","Lexington, NC, United States","https://dnb.com/business-directory/company-profiles/yadkin-valley-fire-sprinkler-inspections.4c64811dc9d5e23ab4ccca091c155891"
"424","National Fire Sprinkler, Inc.","Building Equipment Contractors","Independent","Peoria, AZ, United States","https://dnb.com/business-directory/company-profiles/national-fire-sprinkler-inc.25a617fbc9cbe6da8d2013cb88ffe72f"
"425","Fire Sprinkler Service Corporation","Building Equipment Contractors","Independent","Mechanicsville, VA, United States","https://dnb.com/business-directory/company-profiles/fire-sprinkler-service-corporation.9c068be810327eaaf039e5fa1957ca83"
"426","FIRE SPRINKLER TECHNOLOGY INC.","Building Equipment Contractors","Independent","North Providence, RI, United States","https://dnb.com/business-directory/company-profiles/fire-sprinkler-technology-inc.ee27da7e4829129e2d55a59e22d107a3"
"427","WAYNE'S AUTOMATED FIRE SPRINKLER","Building Equipment Contractors","Independent","Montverde, FL, United States","https://dnb.com/business-directory/company-profiles/waynes-automated-fire-sprinkler.a2f5331beae7190dda808bf18df2c72e"
"428","Alaev Yosef","Building Equipment Contractors","Independent","TEL AVIV-JAFFA, Central District, Israel","https://dnb.com/business-directory/company-profiles/alaev-yosef.8a4eaf905d803f2c3ab40a04e197c3d6"
"429","FIRE SPRINKLER SERVICING LTD","Building Equipment Contractors","Independent","MANCHESTER, England, United Kingdom","https://dnb.com/business-directory/company-profiles/fire-sprinkler-servicing-ltd.b4dea61c8b417c941d0ebde87290a2e5"
"430","NEW YORK FIRE SPRINKLER CORP","Building Equipment Contractors","Independent","Bronx, NY, United States","https://dnb.com/business-directory/company-profiles/new-york-fire-sprinkler-corp.be91b7e5bd84534b83089c2e99e313a7"
"431","SIERRA FIRE SPRINKLER INC","Building Equipment Contractors","Independent","Bishop, CA, United States","https://dnb.com/business-directory/company-profiles/sierra-fire-sprinkler-inc.6d1e6cbb715824fd5ed5aa167aa22557"
"432","GMIE, INC.","Building Equipment Contractors","Independent","Montebello, CA, United States","https://dnb.com/business-directory/company-profiles/gmie-inc.8f75867080d82a07846c223ebcc8875f"
"433","BE SAFE FIRE SPRINKLER II INC","Building Equipment Contractors","Independent","Monsey, NY, United States","https://dnb.com/business-directory/company-profiles/be-safe-fire-sprinkler-ii-inc.f367552cfadf7567dc1ac78bbbcd0abf"
"434","GENERAL FIRE SPRINKLER","Building Equipment Contractors","Independent","Miami, FL, United States","https://dnb.com/business-directory/company-profiles/general-fire-sprinkler.f97e3983bd73fd39f2a806fafbf0e9d7"
"435","FIREGUARD AUTOMATIC FIRE SPRINKLER CO","Building Equipment Contractors","Independent","Smartsville, CA, United States","https://dnb.com/business-directory/company-profiles/fireguard-automatic-fire-sprinkler-co.45ffc5e1be9174f6310c02e352b2cb11"
"436","MICHIGAN FIRE SPRINKLER","Building Equipment Contractors","Independent","Novi, MI, United States","https://dnb.com/business-directory/company-profiles/michigan-fire-sprinkler.64660b4318a8a44310dc34b57dc8421b"
"437","FIRE SPRINKLER INDUSTRIES, INC.","Building Equipment Contractors","Independent","Massapequa Park, NY, United States","https://dnb.com/business-directory/company-profiles/fire-sprinkler-industries-inc.97c6e7a4fae0c93abef035b6310e971d"
"438","Superior Fire Sprinkler Systems Inc","Building Equipment Contractors","Independent","Haltom City, TX, United States","https://dnb.com/business-directory/company-profiles/superior-fire-sprinkler-systems-inc.0ccf9ee48277889afea5b815ae977fc4"
"439","F & W BROTHERS FIRE SPRINKLER SYSTEM LLC","Machinery, Equipment, and Supplies Merchant Wholesalers","Independent","Newark, NJ, United States","https://dnb.com/business-directory/company-profiles/f--w-brothers-fire-sprinkler-system-llc.e08ad1efdf339272a8964bfbada1125d"
"440","Dynamic Fire Sprinkler Of California, In...","Building Equipment Contractors","Independent","Riverside, CA, United States","https://dnb.com/business-directory/company-profiles/dynamic-fire-sprinkler-of-california-inc.83a14f70c6ef41a5db039f00d154667b"
"441","COMPLETE FIRE SPRINKLER SERVICES, LLC","Building Equipment Contractors","Independent","Medford, MN, United States","https://dnb.com/business-directory/company-profiles/complete-fire-sprinkler-services-llc.3a86c655ce27f36cfcc1ddd4c3eef9bb"
"442","AAA FIRE SPRINKLER SYSTEMS LLC","Machinery, Equipment, and Supplies Merchant Wholesalers","Independent","McAllen, TX, United States","https://dnb.com/business-directory/company-profiles/aaa-fire-sprinkler-systems-llc.48f6916dcec4e3dd87927d24a79a64e3"
"443","FIRE TRUST SPRINKLER COMPANY, INC.","Other Financial Investment Activities","Independent","Southampton, PA, United States","https://dnb.com/business-directory/company-profiles/fire-trust-sprinkler-company-inc.331a5cd0420595116dfd924c9193bea6"
"444","M&D FIRE SPRINKLER INC.","Building Equipment Contractors","Independent","Brooklyn, NY, United States","https://dnb.com/business-directory/company-profiles/md-fire-sprinkler-inc.f8b0fd00dd62b3f7309091e5f2b36385"
"445","Titanium Fire Sprinkler Company","Building Equipment Contractors","Independent","Bennington, NE, United States","https://dnb.com/business-directory/company-profiles/titanium-fire-sprinkler-company.edc5cc18e636d83d6335c08a6181863f"
"446","FIRE SPRINKLER DESIGN","Building Equipment Contractors","Independent","Hamilton, OH, United States","https://dnb.com/business-directory/company-profiles/fire-sprinkler-design.c532aa16c43a59230a9ffb31a3a42271"
"447","GENERAL FIRE SPRINKLER, INC.","Building Equipment Contractors","Independent","Miami, FL, United States","https://dnb.com/business-directory/company-profiles/general-fire-sprinkler-inc.429d77b27bd591fc059e13339bc76780"
"448","PERFORMANCE FIRE SPRINKLER","Building Equipment Contractors","Independent","Tustin, CA, United States","https://dnb.com/business-directory/company-profiles/performance-fire-sprinkler.a951b1720eb169fdbaf549dfd869e75a"
"449","GEORGIA FIRE SPRINKLER ASSOCIATION, INC.","Business, Professional, Labor, Political, and Similar Organizations","Independent","Grayson, GA, United States","https://dnb.com/business-directory/company-profiles/georgia-fire-sprinkler-association-inc.e921135b7d81a02e5ed4c2cb43f68fbb"
"450","CRUZ CACERES FIRE SPRINKLER CO","Building Equipment Contractors","Independent","Dumfries, VA, United States","https://dnb.com/business-directory/company-profiles/cruz-caceres-fire-sprinkler-co.1550226d2c3612357f0d1e84e59e2e5d"
"451","Sacramento Fire Sprinkler Inc.","Building Equipment Contractors","Independent","Granite Bay, CA, United States","https://dnb.com/business-directory/company-profiles/sacramento-fire-sprinkler-inc.2eb92b88f835ffa4eccfb9250cb0ac12"
"452","FIRE SPRINKLER SERVICES OF RICHMOND LL","Building Equipment Contractors","Independent","Winchester, NH, United States","https://dnb.com/business-directory/company-profiles/fire-sprinkler-services-of-richmond-ll.7490c84a9e6eb0c941f62a851da31a25"
"453","G&H Fire Sprinkler LLC","Building Equipment Contractors","Independent","Charlotte, NC, United States","https://dnb.com/business-directory/company-profiles/gh-fire-sprinkler-llc.a951a4b7cb0a564ff50cb78fdbbbac2b"
"454","FIRE SPRINKLER DESIGN GROUP INC","Management, Scientific, and Technical Consulting Services","Independent","Miami, FL, United States","https://dnb.com/business-directory/company-profiles/fire-sprinkler-design-group-inc.8881dadfdfdec248bb133b77c3295dfd"
"455","MOUNTAIN CITY Fire SPRINKLER","Building Equipment Contractors","Independent","Hixson, TN, United States","https://dnb.com/business-directory/company-profiles/mountain-city-fire-sprinkler.09c7e28b15aa9da7f6b95297665143d5"
"456","T&M FIRE SPRINKLER CORP.","Building Equipment Contractors","Independent","Hollywood, FL, United States","https://dnb.com/business-directory/company-profiles/tm-fire-sprinkler-corp.d5d69d4da431cabada46c1ff800a58ff"
"457","FIRE SPRINKLER ASSOC INC","Building Equipment Contractors","Independent","Mesquite, TX, United States","https://dnb.com/business-directory/company-profiles/fire-sprinkler-assoc-inc.f3d200ae5273a74b32087ec98f09bf91"
"458","SHAREL STOKES FIRE SPRINKLER PUBLIC EDUC","Building Equipment Contractors","Independent","Westfield, MA, United States","https://dnb.com/business-directory/company-profiles/sharel-stokes-fire-sprinkler-public-educ.b4325637d963288515fe0601193f0df4"
"459","Fire Sprinkler Services Inc","Building Equipment Contractors","Independent","Woodbury Heights, NJ, United States","https://dnb.com/business-directory/company-profiles/fire-sprinkler-services-inc.ae43b70508a74bd25a93dc622f575eb6"
"460","INTERNATIONAL FIRE SPRINKLER I","Building Equipment Contractors","Independent","Maryland Heights, MO, United States","https://dnb.com/business-directory/company-profiles/international-fire-sprinkler-i.bcf5080537af6c9a1a6af510c7c1834b"
"461","ALL BREVARD FIRE SPRINKLER","Building Equipment Contractors","Independent","Merritt Island, FL, United States","https://dnb.com/business-directory/company-profiles/all-brevard-fire-sprinkler.36e5dae6b4cd16e9beceb324b8795eed"
"462","NJ FIRE SPRINKLER DESIGN LTD","Other Personal Services","Independent","WORCESTER, England, United Kingdom","https://dnb.com/business-directory/company-profiles/nj-fire-sprinkler-design-ltd.1a4cf62d9eeb5b7703e83ac98d85eb52"
"463","FIRE SPRINKLER INSPECTIONS, INC.","Building Equipment Contractors","Independent","Huntington Beach, CA, United States","https://dnb.com/business-directory/company-profiles/fire-sprinkler-inspections-inc.cb40d9e8ee9aad328f848efbfec1604f"
"464","MICHAEL AMIRKHAS","Building Equipment Contractors","Independent","Burbank, CA, United States","https://dnb.com/business-directory/company-profiles/michael-amirkhas.57b5f0c8a0b040b21f2cf45288d43e82"
"465","FIDEL ALBERTO SALAS TORRES","Building Equipment Contractors","Independent","Dallas, TX, United States","https://dnb.com/business-directory/company-profiles/fidel-alberto-salas-torres.23ca92da6434eb517a2ee8712432495d"
"466","Upstate Fire Sprinkler, LLC","","Independent","Schenectady, NY, United States","https://dnb.com/business-directory/company-profiles/upstate-fire-sprinkler-llc.7bdfba5dddcf38d931bbf8cfa20a7f75"
"467","PJH FIRE SPRINKLER DESIGN","Specialized Design Services","Independent","Eatontown, NJ, United States","https://dnb.com/business-directory/company-profiles/pjh-fire-sprinkler-design.3198f6f562e95563078a2ed73611c9b6"
"468","NORTHERN FIRE SPRINKLER INC","Building Equipment Contractors","Independent","East Weymouth, MA, United States","https://dnb.com/business-directory/company-profiles/northern-fire-sprinkler-inc.eed88eb5ec27703c753e96a7f69ac926"
"469","ACE AUTOMATIC FIRE SPRINKLER","Building Equipment Contractors","Independent","Deltona, FL, United States","https://dnb.com/business-directory/company-profiles/ace-automatic-fire-sprinkler.f82560c93c761de3ef961121561756d4"
"470","INDEPENDENCE FIRE SPRINKLER COMPANY, LLC","","Independent","Lester, PA, United States","https://dnb.com/business-directory/company-profiles/independence-fire-sprinkler-company-llc.5e6e44ccb960ab355a0e316ec58eb735"
"471","AMERICAN FIRE SPRINKLER SYSTEM LLC","Machinery, Equipment, and Supplies Merchant Wholesalers","Independent","Newark, NJ, United States","https://dnb.com/business-directory/company-profiles/american-fire-sprinkler-system-llc.e0800fa09a48ad5d4feb706cf26da278"
"472","ACCURATE FIRE SPRINKLER DESIGN, LLC","Specialized Design Services","Independent","Louisville, KY, United States","https://dnb.com/business-directory/company-profiles/accurate-fire-sprinkler-design-llc.a98b0e14f7addbcbff63c01759afcd09"
"473","CENTURY FIRE SPRINKLER INC","Building Equipment Contractors","Independent","Kansas City, MO, United States","https://dnb.com/business-directory/company-profiles/century-fire-sprinkler-inc.317813f7019dbae286efcaba744ad0ab"
"474","AUTOMATIC FIRE SPRINKLER SYSTEMS","Machinery, Equipment, and Supplies Merchant Wholesalers","Independent","Saint Louis, MO, United States","https://dnb.com/business-directory/company-profiles/automatic-fire-sprinkler-systems.9e2be7c75f8576802dbc56f607e7e80f"
"475","HAKENWERTH FIRE SPRINKLER DESI","Building Equipment Contractors","Independent","Foristell, MO, United States","https://dnb.com/business-directory/company-profiles/hakenwerth-fire-sprinkler-desi.bf6ec37bbd3c21c53f4b9c07e1cec78c"
"476","ELI J. YODER L.L.C.","Building Equipment Contractors","Independent","Sarasota, FL, United States","https://dnb.com/business-directory/company-profiles/eli-j-yoder-llc.5922f8164b0c6a1a47c2a47554011adc"
"477","ADRIAN FIRE SPRINKLER SYSTEM LTD","Building Equipment Contractors","Independent","DAGENHAM, England, United Kingdom","https://dnb.com/business-directory/company-profiles/adrian-fire-sprinkler-system-ltd.4600b5caf47bf2e3e4e7896a1bb041cc"
"478","A & A FIRE SPRINKLER LLC","Building Equipment Contractors","Independent","Branson, MO, United States","https://dnb.com/business-directory/company-profiles/a--a-fire-sprinkler-llc.d3226655229155c8d24cc51f7796425b"
"479","BOSTON FIRE SPRINKLER PROTECTION COMPANY...","Building Equipment Contractors","Independent","Hanover, MA, United States","https://dnb.com/business-directory/company-profiles/boston-fire-sprinkler-protection-company-llc.980117ed0b16a711a8e4f662966c021f"
"480","Platinum Fire Protection Inc.","Building Equipment Contractors","Independent","Jacksonville, FL, United States","https://dnb.com/business-directory/company-profiles/platinum-fire-protection-inc.f77370df3f8f4362b918c71ac6090619"
"481","VAIL VALLEY FIRE SPRINKLER CORPORATION","Building Equipment Contractors","Independent","Edwards, CO, United States","https://dnb.com/business-directory/company-profiles/vail-valley-fire-sprinkler-corporation.9f7db506fafc1f6bcd30983f320b5f25"
"482","FIRE SPRINKLER SYSTEMS INC.","Building Equipment Contractors","Independent","Buffalo, NY, United States","https://dnb.com/business-directory/company-profiles/fire-sprinkler-systems-inc.701a560b8a3815f3dbbc5e61b09a59bc"
"483","Kentucky Fire Sprinkler Contractors Assn","Building Equipment Contractors","Independent","Prospect, KY, United States","https://dnb.com/business-directory/company-profiles/kentucky-fire-sprinkler-contractors-assn.3d918594fdd04bc36c949d2b84d57ac5"
"484","FLAMINGO FIRE SPRINKLER INC","Building Equipment Contractors","Independent","Boca Raton, FL, United States","https://dnb.com/business-directory/company-profiles/flamingo-fire-sprinkler-inc.13b948ceb36db6580676e8bb0080a478"
"485","ZIELSDORF FIRE SPRINKLER SERVICES","Building Equipment Contractors","Independent","Bakersfield, CA, United States","https://dnb.com/business-directory/company-profiles/zielsdorf-fire-sprinkler-services.39aefa1ed539d28b060292b742cd27cc"
"486","CUSTOM SPRINKLER FIRE PROTECTION LIMITED","Building Equipment Contractors","Independent","Kilkenny, Ireland","https://dnb.com/business-directory/company-profiles/custom-sprinkler-fire-protection-limited.01d4e09a85fbe23aec39989320f025d0"
"487","YADKIN VALLEY FIRE SPRINKLER I","Building Equipment Contractors","Independent","Thomasville, NC, United States","https://dnb.com/business-directory/company-profiles/yadkin-valley-fire-sprinkler-i.16ae2213964485dc1fc6975fcbc39529"
"488","Guillory, Sean Joseph","Building Equipment Contractors","Independent","Summerdale, AL, United States","https://dnb.com/business-directory/company-profiles/guillory-sean-joseph.da944a6d5be1a151a62a4c626c482fe2"
"489","D2 Fire Sprinkler Company, LLC","Building Equipment Contractors","Independent","Bonner, MT, United States","https://dnb.com/business-directory/company-profiles/d2-fire-sprinkler-company-llc.7633e106a0ccab9a0a5bd7c314deb039"
"490","ACE AUTOMATIC FIRE SPRINKLER INC","Building Equipment Contractors","Independent","Debary, FL, United States","https://dnb.com/business-directory/company-profiles/ace-automatic-fire-sprinkler-inc.d10aa592d61691483bcc903fa4b065f9"
"491","A1 FIRE SPRINKLER CONTRACTORS LLC","Other Specialty Trade Contractors","Independent","Picayune, MS, United States","https://dnb.com/business-directory/company-profiles/a1-fire-sprinkler-contractors-llc.9421e9c78295db515a27360cde8a40fd"
"492","LAMB CONSTRUCTION","Residential Building Construction","Independent","Cottonwood, CA, United States","https://dnb.com/business-directory/company-profiles/lamb-construction.7215b658117fd86a2350eafaeb32f2ee"
"493","AAA FIRE SPRINKLER PROTECTION","Building Equipment Contractors","Independent","Phoenix, AZ, United States","https://dnb.com/business-directory/company-profiles/aaa-fire-sprinkler-protection.8f4823415685285e50d7e1c1f1c1f564"
"494","ELITE FIRE SPRINKLER INC.","Building Equipment Contractors","Independent","South Ozone Park, NY, United States","https://dnb.com/business-directory/company-profiles/elite-fire-sprinkler-inc.cf410d42f5bb6c9b8cb25ab7c84e280e"
"495","ATLANTIS FIRE SPRINKLER & BACKFLOW LLC","Building Equipment Contractors","Independent","Crane, MO, United States","https://dnb.com/business-directory/company-profiles/atlantis-fire-sprinkler--backflow-llc.5b2106818b48a4c166ff740e3c45b89a"
"496","Central Pacific Fire Sprinkler Co.","Building Equipment Contractors","Independent","Cathlamet, WA, United States","https://dnb.com/business-directory/company-profiles/central-pacific-fire-sprinkler-co.195d4bb9f6b09751917c275702fbb536"
"497","American Fire Sprinkler Association-Flor...","Vocational Rehabilitation Services","Independent","Land O Lakes, FL, United States","https://dnb.com/business-directory/company-profiles/american-fire-sprinkler-association-florida-chapter-inc.4b0b1d6214872f081512e48281314d0c"
"498","NATIONAL FIRE SPRINKLER DESIGN L.L.C.","Building Equipment Contractors","Independent","Sutton, MA, United States","https://dnb.com/business-directory/company-profiles/national-fire-sprinkler-design-llc.663f5f0594f369475485b07c343cd42f"
"499","DODDS FIRE SPRINKLER DESIGN","Specialized Design Services","Independent","San Miguel, CA, United States","https://dnb.com/business-directory/company-profiles/dodds-fire-sprinkler-design.1a7a8fd2b2770360a2d64a100e03b0eb"
"500","A&F FIRE SPRINKLER PROTECTION LIMITED","Steel Product Manufacturing from Purchased Steel","Independent","MARGATE, England, United Kingdom","https://dnb.com/business-directory/company-profiles/af-fire-sprinkler-protection-limited.c624cce97fd06597cd91ed5642a59dda"
"501","Genesis Fire Sprinkler Inc","Building Equipment Contractors","Independent","Austell, GA, United States","https://dnb.com/business-directory/company-profiles/genesis-fire-sprinkler-inc.73cc50a41151c83eecedcec4b0a5db7a"
"502","FIRE SPRINKLER SFP, INC.","Building Equipment Contractors","Independent","Tampa, FL, United States","https://dnb.com/business-directory/company-profiles/fire-sprinkler-sfp-inc.8df00d6513205bd0aaee0b477547060a"
"503","SPRING FIRE SPRINKLER PROTECTION LLC","Building Equipment Contractors","Independent","Fultondale, AL, United States","https://dnb.com/business-directory/company-profiles/spring-fire-sprinkler-protection-llc.c9186042db252f045faf716a072a6cae"
"504","N T T FIRE SPRINKLER PROTECTION","Other Support Services","Independent","Garden Grove, CA, United States","https://dnb.com/business-directory/company-profiles/n-t-t-fire-sprinkler-protection.ed69ba1dcb51d6d81005aa6441a30dcc"
"505","JJ Fire Sprinkler LLC","Building Equipment Contractors","Independent","Garland, TX, United States","https://dnb.com/business-directory/company-profiles/jj-fire-sprinkler-llc.fb21ca66952577833c6364d06565d81d"
"506","CENTRAL FIRE SPRINKLER SYSTEMS INC","Machinery, Equipment, and Supplies Merchant Wholesalers","Independent","Dallas, TX, United States","https://dnb.com/business-directory/company-profiles/central-fire-sprinkler-systems-inc.1259d0c5b1bee925746514bb0a514785"
"507","CJS AUTOMATIC FIRE SPRINKLER SYSTEMS, IN...","Building Equipment Contractors","Independent","Martinez, CA, United States","https://dnb.com/business-directory/company-profiles/cjs-automatic-fire-sprinkler-systems-inc.1eea310793087878b815842c3ce33d9b"
"508","RM FIRE SPRINKLER DESIGN, LLC","Specialized Design Services","Independent","La Verne, CA, United States","https://dnb.com/business-directory/company-profiles/rm-fire-sprinkler-design-llc.aa4370620083ceebd6497071a42f7597"
"509","FIRE SPRINKLER RPG INC","Building Equipment Contractors","Independent","Chester Springs, PA, United States","https://dnb.com/business-directory/company-profiles/fire-sprinkler-rpg-inc.b980ab830c0d0de6e6f73956aa5e6102"
"510","Pro Plumbing & Fire Sprinkler","Building Equipment Contractors","Independent","San Francisco, CA, United States","https://dnb.com/business-directory/company-profiles/pro-plumbing--fire-sprinkler.328c02618c227742149864a31dfcff4a"
"511","Liberty Fire Sprinkler Corp","Building Equipment Contractors","Independent","Hackensack, NJ, United States","https://dnb.com/business-directory/company-profiles/liberty-fire-sprinkler-corp.90a70c71016c28174b149a014ea04fec"
"512","Fire Guard Sprinkler System","Building Equipment Contractors","Independent","Phoenix, AZ, United States","https://dnb.com/business-directory/company-profiles/fire-guard-sprinkler-system.40de26a4a6ea7ecb414bb0b0fc15d304"
"513","FIRE SPRINKLER DESIGNS LLC","Specialized Design Services","Independent","Saint Augustine, FL, United States","https://dnb.com/business-directory/company-profiles/fire-sprinkler-designs-llc.7a4d4e567c27436baad97851ea336b8b"
"514","FIRE SPRINKLER SERVICE CO INC","Building Equipment Contractors","Independent","Garden Grove, CA, United States","https://dnb.com/business-directory/company-profiles/fire-sprinkler-service-co-inc.9d1c2976349d987a6e8a51ff45e54d3e"
"515","Rem-C Fire Protection Sprinkler Systems ...","Building Equipment Contractors","Independent","Auburn, NH, United States","https://dnb.com/business-directory/company-profiles/rem-c-fire-protection-sprinkler-systems-inc.1933f02683416ad658318518b70f7072"
"516","GRD SPRINKLER FIRE PROTECTION INC.","Building Equipment Contractors","Independent","Springfield, VA, United States","https://dnb.com/business-directory/company-profiles/grd-sprinkler-fire-protection-inc.a9dd200c86501e3b6cf148e014d283e0"
"517","RESIDENTIAL FIRE SPRINKLER SERVICES, LLC","Building Equipment Contractors","Independent","Freedom, PA, United States","https://dnb.com/business-directory/company-profiles/residential-fire-sprinkler-services-llc.4862e3ae7d6a3d0c31e1309b4b351d9f"
"518","TENNESSEE FIRE SPRINKLER CONTRACTOR'S AS...","Building Equipment Contractors","Independent","Nashville, TN, United States","https://dnb.com/business-directory/company-profiles/tennessee-fire-sprinkler-contractors-association-inc.cdcb5cf3efe6d93f0c799be0f39de2f3"
"519","BOSTON FIRE SPRINKLER COMPANY INC","Building Equipment Contractors","Independent","Pembroke, MA, United States","https://dnb.com/business-directory/company-profiles/boston-fire-sprinkler-company-inc.37350fd9b1d92f49d609ba71ff78a32a"
"520","SYSTIMATIC FIRE SPRINKLER LLC","Building Equipment Contractors","Independent","Hopedale, IL, United States","https://dnb.com/business-directory/company-profiles/systimatic-fire-sprinkler-llc.d648433972ccc816225ee3fd5991bf4a"
"521","MVP FIRE SPRINKLER DESIGN INC","Building Equipment Contractors","Independent","Lexington, SC, United States","https://dnb.com/business-directory/company-profiles/mvp-fire-sprinkler-design-inc.9dfa1d4f80de4c1a04ac36bc51d97c9a"
"522","BLAZE OUT FIRE SPRINKLER","Building Equipment Contractors","Independent","Chatsworth, CA, United States","https://dnb.com/business-directory/company-profiles/blaze-out-fire-sprinkler.2d6ceaa3748b0176594871f7baa71eb2"
"523","Smith Fire Sprinkler Inspections LLC","Building Equipment Contractors","Independent","Youngsville, NC, United States","https://dnb.com/business-directory/company-profiles/smith-fire-sprinkler-inspections-llc.a204ac5c3cc400ce9d26f14e582c56fd"
"524","FIRE TECH SPRINKLER, INC.","Building Equipment Contractors","Independent","Sylvania, OH, United States","https://dnb.com/business-directory/company-profiles/fire-tech-sprinkler-inc.ff71629971d4f8933b15aa59ab839f86"
"525","T & C One L.L.C.","Building Equipment Contractors","Independent","Trimble, MO, United States","https://dnb.com/business-directory/company-profiles/t--c-one-llc.36f497ace7e449193732d7b18afc5182"
"526","FIRE SPRINKLER CONTROLS LTD","Justice, Public Order, and Safety Activities","Independent","GLASGOW, Scotland, United Kingdom","https://dnb.com/business-directory/company-profiles/fire-sprinkler-controls-ltd.4bae924c1e152f70d120395af0b857ac"
"527","WISE TECH FIRE SPRINKLER LLC","Building Equipment Contractors","Independent","Lebanon, OR, United States","https://dnb.com/business-directory/company-profiles/wise-tech-fire-sprinkler-llc.39e920f9bd196b4bb733c0801c4e85c5"
"528","TRIMBLE AUTOMATIC FIRE SPRINKLER CO., IN","Building Equipment Contractors","Independent","Plant City, FL, United States","https://dnb.com/business-directory/company-profiles/trimble-automatic-fire-sprinkler-co-in.6d83ee525cbedbb5aa9a3cf250583ca6"
"529","KEYSTONE FIRE SPRINKLER COMPANY OF NEW J...","Building Equipment Contractors","Independent","Montgomeryville, PA, United States","https://dnb.com/business-directory/company-profiles/keystone-fire-sprinkler-company-of-new-jersey.f787991f00f28283b7197a78ea54d533"
"530","ROS FIRE SPRINKLER SYSTEMS SERVICES","Building Equipment Contractors","Independent","Bacolod, Negros Occidental, Philippines","https://dnb.com/business-directory/company-profiles/ros-fire-sprinkler-systems-services.9b624438ce1250bce39943e3d68e7ae0"
"531","SPRAYSAFE FIRE SPRINKLER SERVICES","Other Miscellaneous Retailers","Independent","Las Pinas, Metro Manila, Philippines","https://dnb.com/business-directory/company-profiles/spraysafe-fire-sprinkler-services.134ef2c08401504434e967cf1929717a"
"532","AUTOMATIC FIRE SPRINKLER SYSTEM CO., LTD...","Nonresidential Building Construction","Independent","Pasig, Philippines","https://dnb.com/business-directory/company-profiles/automatic-fire-sprinkler-system-co-ltd.58729a0846ff49198b4ea7b344a6da5f"
"533","FIRE SPRINKLER CONTRACTORS ASSOCIATION O...","Business, Professional, Labor, Political, and Similar Organizations","Independent","South El Monte, CA, United States","https://dnb.com/business-directory/company-profiles/fire-sprinkler-contractors-association-of-southern-california.9e7b7fda54f001e9a4785509297083d7"
"534","Cedar Valley Automatic Fire Sprinkler LL...","Building Equipment Contractors","Independent","Waterloo, IA, United States","https://dnb.com/business-directory/company-profiles/cedar-valley-automatic-fire-sprinkler-llc.e831a48106f8df5a4c783931fa77313c"
"535","CHAVEZ FIRE SPRINKLER DESIGN, LLC","Building Equipment Contractors","Independent","Albuquerque, NM, United States","https://dnb.com/business-directory/company-profiles/chavez-fire-sprinkler-design-llc.3d52eb602a44f9b0d254ad451f0d2c34"
"536","FIRE SPRINKLER DESIGN CONSTRUCTION","Residential Building Construction","Independent","Long Beach, CA, United States","https://dnb.com/business-directory/company-profiles/fire-sprinkler-design-construction.152ca80777323453d41b949c76712386"
"537","National Fire Sprinkler Industry Promo","Business, Professional, Labor, Political, and Similar Organizations","Independent","Linthicum Heights, MD, United States","https://dnb.com/business-directory/company-profiles/national-fire-sprinkler-industry-promo.a518fad6bf70a08dee42329fac9e8e1b"
"538","Empire Fire Sprinkler Co","Building Equipment Contractors","Independent","Monroe, GA, United States","https://dnb.com/business-directory/company-profiles/empire-fire-sprinkler-co.00f7ae81cacec810859fe6f7953340f5"
"539","JIREH FIRE SPRINKLER LLC","Building Equipment Contractors","Independent","Charlotte, NC, United States","https://dnb.com/business-directory/company-profiles/jireh-fire-sprinkler-llc.ea0546d6d73818e3dc5a68f892d2fc3f"
"540","JW FIRE SPRINKLER DESIGN INC.","Specialized Design Services","Independent","Highland Mills, NY, United States","https://dnb.com/business-directory/company-profiles/jw-fire-sprinkler-design-inc.e28822f652a368c8a1887ceffdcba2cd"
"541","CAPITOL FIRE SPRINKLER CO.","Building Equipment Contractors","Independent","Phoenix, AZ, United States","https://dnb.com/business-directory/company-profiles/capitol-fire-sprinkler-co.dc6a3b7577909d18695eed22b818cd0c"
"542","NAVA FIRE SPRINKLER","Building Equipment Contractors","Independent","Los Lunas, NM, United States","https://dnb.com/business-directory/company-profiles/nava-fire-sprinkler.6b1024269bfaaa62d994482712b82152"
"543","FIRE & RAIN SPRINKLER SYS INC","Machinery, Equipment, and Supplies Merchant Wholesalers","Independent","Kill Devil Hills, NC, United States","https://dnb.com/business-directory/company-profiles/fire--rain-sprinkler-sys-inc.e1b493b98084cafae032c386064db4a2"
"544","FORGED FIRE SPRINKLER LLC","Building Equipment Contractors","Independent","Winter Park, FL, United States","https://dnb.com/business-directory/company-profiles/forged-fire-sprinkler-llc.a8806242739432d2cca56054cd2dddba"
"545","FIRE SPRINKLER INSTALLERS LLC","Building Equipment Contractors","Independent","Gilbert, AZ, United States","https://dnb.com/business-directory/company-profiles/fire-sprinkler-installers-llc.743dc624d98a35a265a8745b9d6367bf"
"546","LIGHTHOUSE FIRE SPRINKLER CORP.","Building Equipment Contractors","Independent","Brentwood, NY, United States","https://dnb.com/business-directory/company-profiles/lighthouse-fire-sprinkler-corp.646d4d02dd029a8f3557b9b1d0f0954a"
"547","ESSENTIAL SPRINKLER FIRE DESIGN LLC","Other Support Services","Independent","Highland Village, TX, United States","https://dnb.com/business-directory/company-profiles/essential-sprinkler-fire-design-llc.b675872051a3838bcc32ffb756904fd9"
"548","ALEX FRAMING AND REMODELING LLC","Building Equipment Contractors","Independent","Charlotte, NC, United States","https://dnb.com/business-directory/company-profiles/alex-framing-and-remodeling-llc.93093a4aa7b94d4cd93484e7ae3fc744"
"549","NATIONAL FIRE SPRINKLER ASSOCIATION FOUN...","Grantmaking and Giving Services","Independent","Linthicum Heights, MD, United States","https://dnb.com/business-directory/company-profiles/national-fire-sprinkler-association-foundation-inc.1b452b92a30ddd24dea56ad493b44986"
"550","NATIONAL FIRE SPRINKLER ASSOCIATION INC","Business, Professional, Labor, Political, and Similar Organizations","Independent","Ridley Park, PA, United States","https://dnb.com/business-directory/company-profiles/national-fire-sprinkler-association-inc.721fccd75d6bda7a0ac152437c453b4f"
"551","Caribbean Fire Sprinkler LLC","Residential Building Construction","Independent","Davie, FL, United States","https://dnb.com/business-directory/company-profiles/caribbean-fire-sprinkler-llc.04683d22bdcbad620546f6deedb3054a"
"552","A & S FIRE SPRINKLER SYSTEM LLC","Machinery, Equipment, and Supplies Merchant Wholesalers","Independent","Port Saint Lucie, FL, United States","https://dnb.com/business-directory/company-profiles/a--s-fire-sprinkler-system-llc.6b97cc9423ea31f95def8ec246080e83"
"553","THE FIRE SPRINKLER GUYS INC","Building Equipment Contractors","Independent","Glendale, CA, United States","https://dnb.com/business-directory/company-profiles/the-fire-sprinkler-guys-inc.1207b4d137a7c4c75d4cb37c778e60c2"
"554","FIRE SPRINKLER DESIGN, INC.","Building Equipment Contractors","Independent","Cumberland, RI, United States","https://dnb.com/business-directory/company-profiles/fire-sprinkler-design-inc.c372860f044884e2ebed48ee112b2dbc"
"555","FIRE SPRINKLER DESIGN","Specialized Design Services","Independent","Madison, WI, United States","https://dnb.com/business-directory/company-profiles/fire-sprinkler-design.aca367322ed4b6da7aabfb4363dfbab7"
"556","Fire Sprinkler Specialists, Inc.","Building Equipment Contractors","Independent","Plymouth, MA, United States","https://dnb.com/business-directory/company-profiles/fire-sprinkler-specialists-inc.bd1338b319177545dcc3f9768875d348"
"557","H. O. FIRE SPRINKLER SYSTEM INC","Machinery, Equipment, and Supplies Merchant Wholesalers","Independent","Downey, CA, United States","https://dnb.com/business-directory/company-profiles/h-o-fire-sprinkler-system-inc.f5fdf17b8be1bc1ee4eb06efc7a3ba95"
"558","HOME FIRE SPRINKLER, INC.","Residential Building Construction","Independent","Mount Gilead, NC, United States","https://dnb.com/business-directory/company-profiles/home-fire-sprinkler-inc.6abcd66b4a7c48899b4cd28a70717a28"
"559","MLee Fire Sprinkler Design LLC","Specialized Design Services","Independent","Meyersdale, PA, United States","https://dnb.com/business-directory/company-profiles/mlee-fire-sprinkler-design-llc.9a94d0f03778385ef0d72cdf17dfca59"
"560","Fire Sprinkler Services LLC","Machinery, Equipment, and Supplies Merchant Wholesalers","Independent","Lewes, DE, United States","https://dnb.com/business-directory/company-profiles/fire-sprinkler-services-llc.793aa8ff84181f9ea6ad6213ae15fccf"
"561","L. G. FIRE SPRINKLER SVC.","Building Equipment Contractors","Independent","Columbus, GA, United States","https://dnb.com/business-directory/company-profiles/l-g-fire-sprinkler-svc.a950748b1137ed2e51d937ae90c36066"
"562","FIRE SPRINKLER 911 LLC","Building Equipment Contractors","Independent","Greenfield, IN, United States","https://dnb.com/business-directory/company-profiles/fire-sprinkler-911-llc.ac8d98adf1d288d41a048602a62635aa"
"563","HERNANDEZ SPRINKLER FIRE PROTE","Building Equipment Contractors","Independent","Seagoville, TX, United States","https://dnb.com/business-directory/company-profiles/hernandez-sprinkler-fire-prote.17137b36df863725c0874498720b6f74"
"564","Flashpoint Fire Sprinkler Design & Consu...","Management, Scientific, and Technical Consulting Services","Independent","Raleigh, NC, United States","https://dnb.com/business-directory/company-profiles/flashpoint-fire-sprinkler-design--consulting-llc.b55037db93e07baecca46823eebf0f7d"
"565","K.BELL FIRE SPRINKLER PROTECTION LLC","Building Equipment Contractors","Independent","Ogden, UT, United States","https://dnb.com/business-directory/company-profiles/kbell-fire-sprinkler-protection-llc.09cd6ed3b7d2ea1587be3a8067f5ca24"
"566","Fire Guard Sprinkler Service","Building Equipment Contractors","Independent","Bowling Green, KY, United States","https://dnb.com/business-directory/company-profiles/fire-guard-sprinkler-service.a3f4f33013865ae5c003cd2d1b1ffa4f"
"567","MENJIVAR SPRINKLER FIRE PROTECTION, LLC","Other Support Services","Independent","Elkridge, MD, United States","https://dnb.com/business-directory/company-profiles/menjivar-sprinkler-fire-protection-llc.54b81394d3b0614b6dc94b68925d6e98"
"568","American Fire Sprinkler Inc.","Building Equipment Contractors","Independent","Farmingdale, NY, United States","https://dnb.com/business-directory/company-profiles/american-fire-sprinkler-inc.cab30a6fd1d3a15772ab988b08983dd7"
"569","YPR FIRE SPRINKLER SYSTEMS CORP","Machinery, Equipment, and Supplies Merchant Wholesalers","Independent","Miami, FL, United States","https://dnb.com/business-directory/company-profiles/ypr-fire-sprinkler-systems-corp.50bef11b58dda4c06744d6a6142b88d9"
"570","ASCOTECH SPRINKLER FIRE & SECURITY SRL","Other Electrical Equipment and Component Manufacturing","Independent","BAREGGIO, MILANO, Italy","https://dnb.com/business-directory/company-profiles/ascotech-sprinkler-fire--security-srl.0fa964c2ab55fb870271af3ac719a511"
"571","FIRE SPRINKLER SERVICES INC","Building Equipment Contractors","Independent","Fall River, MA, United States","https://dnb.com/business-directory/company-profiles/fire-sprinkler-services-inc.3969a8eed072eb65ade8c23668691881"
"572","FIRE SPRINKLER FITTER SUPPLY LLC","Miscellaneous Durable Goods Merchant Wholesalers","Independent","Peoria, AZ, United States","https://dnb.com/business-directory/company-profiles/fire-sprinkler-fitter-supply-llc.14244052f868e60638a5add9fa59153c"
"573","FIRE SPRINKLER DYNAMICS LLC","Building Equipment Contractors","Independent","Stuart, FL, United States","https://dnb.com/business-directory/company-profiles/fire-sprinkler-dynamics-llc.af978db1f282b43592900d5897bfd394"
"574","All Safe Fire Sprinkler Co","Building Equipment Contractors","Independent","Nutley, NJ, United States","https://dnb.com/business-directory/company-profiles/all-safe-fire-sprinkler-co.55e673b9266ed828d42f94d1f581b39f"
"575","FREEDOM FIRE SPRINKLER, INC.","Building Equipment Contractors","Independent","Mary Esther, FL, United States","https://dnb.com/business-directory/company-profiles/freedom-fire-sprinkler-inc.ecb6ba61bb9b4901ff66cde7501d81f2"
"576","EL KIK FIRE SPRINKLER DESIGN LLC","Specialized Design Services","Independent","Somerset, NJ, United States","https://dnb.com/business-directory/company-profiles/el-kik-fire-sprinkler-design-llc.8de9e6c00af9012b86e89cad2444e3e2"
"577","Zona Fire Sprinkler Design LLC","Specialized Design Services","Independent","Oro Valley, AZ, United States","https://dnb.com/business-directory/company-profiles/zona-fire-sprinkler-design-llc.572bdda8e0e2e84ae217c236f99b6268"
"578","Mattson Fire Sprinkler Inc","Building Equipment Contractors","Independent","Boise, ID, United States","https://dnb.com/business-directory/company-profiles/mattson-fire-sprinkler-inc.8a24685eddc8925e2ff51a95e8b1a4db"
"579","DESERT FIRE SPRINKLER DESIGN, INC.","Building Equipment Contractors","Independent","La Quinta, CA, United States","https://dnb.com/business-directory/company-profiles/desert-fire-sprinkler-design-inc.1dac4827b0eb7268010ad8d747b21ef5"
"580","FIRE LOGIC AUTOMATIC SPRINKLER LLC","Building Equipment Contractors","Independent","Byhalia, MS, United States","https://dnb.com/business-directory/company-profiles/fire-logic-automatic-sprinkler-llc.a019bbf20b62c99175676e82af219519"
"581","ACCURATE FIRE SPRINKLER DESIGNS, LLC","Building Equipment Contractors","Independent","Phoenix, AZ, United States","https://dnb.com/business-directory/company-profiles/accurate-fire-sprinkler-designs-llc.c5c41993d0d41deadd153f638614ddca"
"582","Guardian Fire Sprinkler Inc.","Building Equipment Contractors","Independent","Nashville, TN, United States","https://dnb.com/business-directory/company-profiles/guardian-fire-sprinkler-inc.c5d6a8e0e0db550ecf034a2cc11e6a49"
"583","ALPER FIRE SPRINKLER DESIGN, LLC","Specialized Design Services","Independent","Pembroke Pines, FL, United States","https://dnb.com/business-directory/company-profiles/alper-fire-sprinkler-design-llc.fbfdd22c55224f343d06638f73b8bc2f"
"584","RIGOBERTO JORRIN","Building Equipment Contractors","Independent","Homestead, FL, United States","https://dnb.com/business-directory/company-profiles/rigoberto-jorrin.49c5aadb8a75b3426782ef961254ae8f"
"585","GEORGE L BOND","Building Equipment Contractors","Independent","Miami, FL, United States","https://dnb.com/business-directory/company-profiles/george-l-bond.6e86a3787f3fc258d56a9f64302fc149"
"586","IRISH SPRINKLER AND FIRE PROTECTION","Building Equipment Contractors","Independent","Sweden","https://dnb.com/business-directory/company-profiles/irish-sprinkler-and-fire-protection.1c036c042faf8ec4c7e1bde63bd90bb4"
"587","J H WIEMANN FIRE SPRINKLER COMPANY","Building Equipment Contractors","Independent","Brea, CA, United States","https://dnb.com/business-directory/company-profiles/j-h-wiemann-fire-sprinkler-company.78889ece54709b9755bd05e6a4d779ea"
"588","Alabama Fire Sprinkler Association Inc","Building Equipment Contractors","Independent","Wetumpka, AL, United States","https://dnb.com/business-directory/company-profiles/alabama-fire-sprinkler-association-inc.63dac3a80cc05d443fccc5a63ea2573c"
"589","FIRE SPRINKLER PRO LLC","Building Equipment Contractors","Independent","Albuquerque, NM, United States","https://dnb.com/business-directory/company-profiles/fire-sprinkler-pro-llc.89043745f6c2dd18ef972977b5009a88"
"590","ELITE FIRE SPRINKLER LLC","Building Equipment Contractors","Independent","Antioch, TN, United States","https://dnb.com/business-directory/company-profiles/elite-fire-sprinkler-llc.42842e03da2881dce2048290461de6b3"
"591","ASAP FIRE SPRINKLER PROTECTION LLC","Other Support Services","Independent","Miami, FL, United States","https://dnb.com/business-directory/company-profiles/asap-fire-sprinkler-protection-llc.0dab47c0c02b5766c964ac4fe7a0a83e"
"592","PJH FIRE SPRINKLER DES","Building Equipment Contractors","Independent","Long Branch, NJ, United States","https://dnb.com/business-directory/company-profiles/pjh-fire-sprinkler-des.f06c533fea0e4db8935abccf661a842e"
"593","PATRIOT AUTOMATIC FIRE SPRINKLER LLC","Building Equipment Contractors","Independent","Willard, MO, United States","https://dnb.com/business-directory/company-profiles/patriot-automatic-fire-sprinkler-llc.31366e2024bf7250fa287fea236b7358"
"594","FIRE PRO SPRINKLER INC.","Building Equipment Contractors","Independent","Kiamesha Lake, NY, United States","https://dnb.com/business-directory/company-profiles/fire-pro-sprinkler-inc.290e779dcfafd08d18977aa6b2545f70"
"595","Ace Fire Sprinkler Inc","Building Equipment Contractors","Independent","Fort Lauderdale, FL, United States","https://dnb.com/business-directory/company-profiles/ace-fire-sprinkler-inc.edfa000d4c3ce85b9946a6ea3da6a625"
"596","COMPLIANCE FIRE SPRINKLER","Building Equipment Contractors","Independent","Woodbridge, NJ, United States","https://dnb.com/business-directory/company-profiles/compliance-fire-sprinkler.dc58c0d27515615a926e9fa1973f1c22"
"597","Dependable Fire Sprinkler Design, LLC.","Specialized Design Services","Independent","Fort Worth, TX, United States","https://dnb.com/business-directory/company-profiles/dependable-fire-sprinkler-design-llc.6c4f7735c7f261f7cf742e113c719f64"
"598","AUTOMATIC FIRE SPRINKLER CORP.","Building Equipment Contractors","Independent","New York, NY, United States","https://dnb.com/business-directory/company-profiles/automatic-fire-sprinkler-corp.48684fed13815929a5179cf220005ebb"
"599","LEGACY FIRE SPRINKLER SERVICES LLC","Building Equipment Contractors","Independent","Swedesboro, NJ, United States","https://dnb.com/business-directory/company-profiles/legacy-fire-sprinkler-services-llc.2cc77c2b05d2be67baa4ca464eb35a50"
"600","EXPERT FIRE SPRINKLER, LLC","Building Equipment Contractors","Independent","Roseland, NJ, United States","https://dnb.com/business-directory/company-profiles/expert-fire-sprinkler-llc.e17d1f001d14cc27b3a6e9bd8f487dce"
"601","COMMUNITY FIRE SPRINKLER SERVICES","Building Equipment Contractors","Independent","Ontario, CA, United States","https://dnb.com/business-directory/company-profiles/community-fire-sprinkler-services.4e390beaf75cbb4ab50d2fec61385c91"
"602","ASURANCE FIRE SPRINKLER","Building Equipment Contractors","Independent","Grand Saline, TX, United States","https://dnb.com/business-directory/company-profiles/asurance-fire-sprinkler.25a0b3e73565cbeafc42ec4c880140a5"
"603","S&H fire sprinkler LLC","Building Equipment Contractors","Independent","Birmingham, AL, United States","https://dnb.com/business-directory/company-profiles/sh-fire-sprinkler-llc.d67bc005d0204d4a4cadf6cef8de0b61"
"604","J L D FIRE SPRINKLER DESIGN","Building Equipment Contractors","Independent","Albuquerque, NM, United States","https://dnb.com/business-directory/company-profiles/j-l-d-fire-sprinkler-design.f39c7aafe0d6d74371625617dad12cc2"
"605","Newark Fire Sprinkler LLC","Building Equipment Contractors","Independent","Austin, TX, United States","https://dnb.com/business-directory/company-profiles/newark-fire-sprinkler-llc.f4a8c73cd2b6e9fea67f893a2244568b"
"606","SUPER FIRE AND SPRINKLER, L.L.C.","Building Equipment Contractors","Independent","Kent, WA, United States","https://dnb.com/business-directory/company-profiles/super-fire-and-sprinkler-llc.ebc00467c56626da699d5387d94b6233"
"607","SPRINKLER ALARM FIRE AND ELECTRIC LLC","Management, Scientific, and Technical Consulting Services","Independent","West Jordan, UT, United States","https://dnb.com/business-directory/company-profiles/sprinkler-alarm-fire-and-electric-llc.ba17f03a63d8037be209a63377ab23a1"
"608","FIRE SPRINKLER PARTNERS LLC","Building Equipment Contractors","Independent","Westlake, OH, United States","https://dnb.com/business-directory/company-profiles/fire-sprinkler-partners-llc.98195ea4d0c97500f48db8a42d3a0f58"
"609","FIRE SAFE SPRINKLER SOLUTIONS J.B. LLC","Building Equipment Contractors","Independent","Westlake, OH, United States","https://dnb.com/business-directory/company-profiles/fire-safe-sprinkler-solutions-jb-llc.2147a14a34ba07dcb00dcf395938fe9a"
"610","MIDWEST AUTOMATIC FIRE SPRINKLER CO LLC","Building Equipment Contractors","Independent","Toledo, OH, United States","https://dnb.com/business-directory/company-profiles/midwest-automatic-fire-sprinkler-co-llc.e511c48394872178ea341d290f132108"
"611","ADVANCED SAFETY FIRE SPRINKLER LLC","Building Equipment Contractors","Independent","Buffalo, NY, United States","https://dnb.com/business-directory/company-profiles/advanced-safety-fire-sprinkler-llc.d8f34de8dec00c6f889d0a4ea2e34628"
"612","ELEAZAR SALAS TORRES","Building Equipment Contractors","Independent","Frisco, TX, United States","https://dnb.com/business-directory/company-profiles/eleazar-salas-torres.0ec7c0b33d693f8fa47795ef0935606a"
"613","DJ FIRE SPRINKLER DESIGN LLC","Specialized Design Services","Independent","Peoria, AZ, United States","https://dnb.com/business-directory/company-profiles/dj-fire-sprinkler-design-llc.13e8d289bd8b0ed1ac7563a49fe25456"
"614","STAT FIRE SPRINKLER NYC CORP.","Building Equipment Contractors","Independent","Bohemia, NY, United States","https://dnb.com/business-directory/company-profiles/stat-fire-sprinkler-nyc-corp.b7697a187f3de8e87bb645aa400de431"
"615","BLAZE FIRE SPRINKLER LLC","Building Equipment Contractors","Independent","Brooklyn, NY, United States","https://dnb.com/business-directory/company-profiles/blaze-fire-sprinkler-llc.bcfaf84da1d9a565f8c36fe68c0a51db"
"616","TANNER FIRE SPRINKLER DESIGN LLC","Specialized Design Services","Independent","Ivins, UT, United States","https://dnb.com/business-directory/company-profiles/tanner-fire-sprinkler-design-llc.3faba5533fed251556deb08d1c6b7657"
"617","ATLAS FIRE SPRINKLER LLC","Building Equipment Contractors","Independent","Elizabeth, NJ, United States","https://dnb.com/business-directory/company-profiles/atlas-fire-sprinkler-llc.64673cfee23f68550cc8700a803a6fbd"
"618","AMERICAN AUTOMATIC FIRE SPRINKLER SYSTEM...","Machinery, Equipment, and Supplies Merchant Wholesalers","Independent","Pleasanton, CA, United States","https://dnb.com/business-directory/company-profiles/american-automatic-fire-sprinkler-systems-llc.d5e2c7bdb8d29f17aa003d4573b80cc2"
"619","FIRE SPRINKLER SERVICES SCOTLAND LTD","Justice, Public Order, and Safety Activities","Independent","PERTH, Scotland, United Kingdom","https://dnb.com/business-directory/company-profiles/fire-sprinkler-services-scotland-ltd.71ea1103876e84c099444050781e4d9a"
"620","ALTERNATIVE SPRINKLER FIRE PROTECTION LL...","Other Support Services","Independent","Lewiston, ME, United States","https://dnb.com/business-directory/company-profiles/alternative-sprinkler-fire-protection-llc.61615797614bdd03233742789fc7ae4c"
"621","FIRE SPRINKLER DESIGN LIMITED","Justice, Public Order, and Safety Activities","Independent","WEYMOUTH, England, United Kingdom","https://dnb.com/business-directory/company-profiles/fire-sprinkler-design-limited.387a12ea260f5b749c99ea01dda90221"
"622","KOSY & JOON, INC.","Building Equipment Contractors","Independent","Granada Hills, CA, United States","https://dnb.com/business-directory/company-profiles/kosy--joon-inc.41d229c68326a0b039d4aa365e46818c"
"623","KMV FIRE SPRINKLER CORP","Building Equipment Contractors","Independent","Lyndhurst, NJ, United States","https://dnb.com/business-directory/company-profiles/kmv-fire-sprinkler-corp.34f2dea8c9eafa4413eb228256f6f5a9"
"624","Champion Fire Sprinkler, Inc.","Building Equipment Contractors","Independent","Birmingham, AL, United States","https://dnb.com/business-directory/company-profiles/champion-fire-sprinkler-inc.dec3e1f51d8b94997ea2ac5c36c1262e"
"625","INDEPENDENCE FIRE SPRINKLER CO. LLC","Building Equipment Contractors","Independent","Charlotte, NC, United States","https://dnb.com/business-directory/company-profiles/independence-fire-sprinkler-co-llc.dca94ccebbcc38cdc23a8563aefc75e6"
"626","Garcia Fire Sprinkler Solution LLC","Building Equipment Contractors","Independent","Dallas, GA, United States","https://dnb.com/business-directory/company-profiles/garcia-fire-sprinkler-solution-llc.9f4e0bfd11a99da2fa0fc3e61e18b893"
"627","MARTIS FIRE SPRINKLER SERVICE","Building Equipment Contractors","Independent","Livermore, CA, United States","https://dnb.com/business-directory/company-profiles/martis-fire-sprinkler-service.80dbebe80ffecc8e2c070956ad671727"
"628","QUALIFIED FIRE SPRINKLER INSPECTIONS COR...","Building Equipment Contractors","Independent","Deer Park, NY, United States","https://dnb.com/business-directory/company-profiles/qualified-fire-sprinkler-inspections-corp.1f72c204a9c37bfc2a5fef3f9de9e532"
"629","GOD IS PERFECT FIRE SPRINKLER LLC","Building Equipment Contractors","Independent","Nutley, NJ, United States","https://dnb.com/business-directory/company-profiles/god-is-perfect-fire-sprinkler-llc.1e9f0af53aac4592093feed7439a52f6"
"630","R&R FIRE SPRINKLER COMPANY, LLC","Building Equipment Contractors","Independent","Columbus, NE, United States","https://dnb.com/business-directory/company-profiles/rr-fire-sprinkler-company-llc.cee58e1a31b1991a2c06a6715cf20717"
"631","LC FIRE SPRINKLER LLC","Building Equipment Contractors","Independent","Newark, NJ, United States","https://dnb.com/business-directory/company-profiles/lc-fire-sprinkler-llc.0494c31f2e2dd085335172014f6d2323"
"632","INTERNATIONAL FIRE SPRINKLER","Building Equipment Contractors","Independent","Saint Louis, MO, United States","https://dnb.com/business-directory/company-profiles/international-fire-sprinkler.c139912dcd65e80e087cdea33cbb491f"
"633","EMERSON FIRE SPRINKLER LLC","Building Equipment Contractors","Independent","Emerson, IA, United States","https://dnb.com/business-directory/company-profiles/emerson-fire-sprinkler-llc.b83953a41f30f8f8e0f72889320c25e5"
"634","FIRE SPRINKLER PRO LLC","Other Support Services","Independent","Lawrenceville, GA, United States","https://dnb.com/business-directory/company-profiles/fire-sprinkler-pro-llc.927dddad64e0644f4b4c986635aebb79"
"635","GLOBE FIRE SPRINKLER CORP","Building Equipment Contractors","Independent","Charlotte, NC, United States","https://dnb.com/business-directory/company-profiles/globe-fire-sprinkler-corp.45ab23295c1aabc21b1e34b93a7d9663"
"636","MLEE FIRE SPRINKLER DESIGN LLC","Specialized Design Services","Independent","Port Deposit, MD, United States","https://dnb.com/business-directory/company-profiles/mlee-fire-sprinkler-design-llc.8e9741b2ea12d828c5ae76858094ab2a"
"637","COMPLETE FIRE SPRINKLER LLC","Building Equipment Contractors","Independent","Brooklyn, NY, United States","https://dnb.com/business-directory/company-profiles/complete-fire-sprinkler-llc.7a2abb6f001f1b95a776cc14da20794c"
"638","NATIONAL FIRE SPRINKLER LLC","Building Equipment Contractors","Independent","Goshen, NY, United States","https://dnb.com/business-directory/company-profiles/national-fire-sprinkler-llc.949a636f621d684988f7782bb95a3259"
"639","ACCURATE FIRE SPRINKLER, LLC","Building Equipment Contractors","Independent","Glenburn, ME, United States","https://dnb.com/business-directory/company-profiles/accurate-fire-sprinkler-llc.1b7c843b11d2e8797f65a8ed0d78fdf4"
"640","THE UPSTATE NEW YORK CHAPTER OF AMERICAN...","Business, Professional, Labor, Political, and Similar Organizations","Independent","Winter Garden, FL, United States","https://dnb.com/business-directory/company-profiles/the-upstate-new-york-chapter-of-american-fire-sprinkler-association-inc.c13511136ba9e3bb32044c8db303f7b4"
"641","ALABAMA FIRE SPRINKLER CONTRAC","Building Equipment Contractors","Independent","Calera, AL, United States","https://dnb.com/business-directory/company-profiles/alabama-fire-sprinkler-contrac.28fafd38dc93f2196595126b99d095b4"
"642","JAY-KAY FIRE SPRINKLER CO","Building Equipment Contractors","Independent","Oceanside, CA, United States","https://dnb.com/business-directory/company-profiles/jay-kay-fire-sprinkler-co.f1e673adefac2e80d5ec4e95ce20df35"
"643","LIBERTY AUTOMATIC FIRE SPRINKLER CO., IN...","Building Equipment Contractors","Independent","Chester Springs, PA, United States","https://dnb.com/business-directory/company-profiles/liberty-automatic-fire-sprinkler-co-inc.905e9c2d4a7d3937b1a94cc8e84ff212"
"644","NYC FIRE SPRINKLER SYSTEMS CORP.","Machinery, Equipment, and Supplies Merchant Wholesalers","Independent","Pomona, NY, United States","https://dnb.com/business-directory/company-profiles/nyc-fire-sprinkler-systems-corp.c4183cfb35dc5feca5498301fa2b1b49"
"645","FIRE SPRINKLER CONTRACTOR INC","Building Equipment Contractors","Independent","Kennesaw, GA, United States","https://dnb.com/business-directory/company-profiles/fire-sprinkler-contractor-inc.2dd8c3d3cd86b49c25d91b5a72597ead"
"646","VANGUARD FIRE SUPREEEION &SPRINKLER SYST...","Machinery, Equipment, and Supplies Merchant Wholesalers","Independent","Baltimore, MD, United States","https://dnb.com/business-directory/company-profiles/vanguard-fire-supreeeion-sprinkler-system-llc-limited-liability-company.a4f77e870933d91d9eb8197b4fb6c36c"
"647","ACTION FIRE SPRINKLER CORP","","Independent","Honolulu, HI, United States","https://dnb.com/business-directory/company-profiles/action-fire-sprinkler-corp.6aaeb78bc5efcfc055c25a954d477a45"
"648","Fire Sprinkler","Investigation and Security Services","Independent","Zaventem, Vlaams Brabant, Belgium","https://dnb.com/business-directory/company-profiles/fire-sprinkler.59406d7eaf51314e13a3d57dbd63663c"
"649","ALLREADY ALLIANCE FIRE SPRINKLER CO","Building Equipment Contractors","Independent","Yorba Linda, CA, United States","https://dnb.com/business-directory/company-profiles/allready-alliance-fire-sprinkler-co.3a398f11d2df3fc1c4efd9dfb98724ab"
"650","FIRE SPRINKLER LTD","Machinery, Equipment, and Supplies Merchant Wholesalers","Independent","Forest, VA, United States","https://dnb.com/business-directory/company-profiles/fire-sprinkler-ltd.65c504924e40eee8026127231a79d2b0"
"651","All Pro Fire Sprinkler Services, LLC","Building Equipment Contractors","Independent","Remington, VA, United States","https://dnb.com/business-directory/company-profiles/all-pro-fire-sprinkler-services-llc.15004ae77fa17bf7bc1198ca765a649f"
"652","AA FIRE SPRINKLER COMPANY LTD.","Building Equipment Contractors","Independent","Louisville, KY, United States","https://dnb.com/business-directory/company-profiles/aa-fire-sprinkler-company-ltd.00483659d38550deb163eeeb7706f720"
"653","J & J FIRE SPRINKLER INSTALLATIONS LTD","Building Equipment Contractors","Independent","MANCHESTER, England, United Kingdom","https://dnb.com/business-directory/company-profiles/j--j-fire-sprinkler-installations-ltd.f2defd9bf07b79727c32981158e646bd"
"654","FIRE CONTROL SPRINKLER SYSTEMS","Building Equipment Contractors","Independent","Missoula, MT, United States","https://dnb.com/business-directory/company-profiles/fire-control-sprinkler-systems.ff85a58375f62705ce5ab414dfa53558"
"655","FS1 FIRE SPRINKLER DESIGN AND CONSULTING...","Management, Scientific, and Technical Consulting Services","Independent","Akron, OH, United States","https://dnb.com/business-directory/company-profiles/fs1-fire-sprinkler-design-and-consulting-llc.8d4c3099ce5e891c630d1282ef7bbf1f"
"656","FRYONE FIRE SPRINKLER CONSULTING LLC","Management, Scientific, and Technical Consulting Services","Independent","Phoenix, AZ, United States","https://dnb.com/business-directory/company-profiles/fryone-fire-sprinkler-consulting-llc.fc51620bf117694246735a868e6a580c"
"657","FireX fire sprinkler Corporation","Building Equipment Contractors","Independent","Agoura Hills, CA, United States","https://dnb.com/business-directory/company-profiles/firex-fire-sprinkler-corporation.16aa9574805c143e01df419c62851cb3"
"658","NICK'S FIRE SPRINKLER TECH","Personal and Household Goods Repair and Maintenance","Independent","Los Angeles, CA, United States","https://dnb.com/business-directory/company-profiles/nicks-fire-sprinkler-tech.92001539a26ac25434e6a39abcd33d91"
"659","FIRE SPRINKLER CONSULTING LLC","Management, Scientific, and Technical Consulting Services","Independent","Vancouver, WA, United States","https://dnb.com/business-directory/company-profiles/fire-sprinkler-consulting-llc.13a0d30178d4b89dfe4c485ec8eee2a4"
"660","SAN FRANCISCO FIRE SPRINKLER","Building Equipment Contractors","Independent","El Dorado Hills, CA, United States","https://dnb.com/business-directory/company-profiles/san-francisco-fire-sprinkler.b6ff91714b7b47267a06682995e0a562"
"661","FIRE SPRINKLER SERVICE, INC.","Building Equipment Contractors","Independent","Prospect Park, PA, United States","https://dnb.com/business-directory/company-profiles/fire-sprinkler-service-inc.f6c20c6a5ff5512e2111057c0251fd0d"
"662","AZ FIRE SPRINKLER INSTALLERS, INC.","Building Equipment Contractors","Independent","Covina, CA, United States","https://dnb.com/business-directory/company-profiles/az-fire-sprinkler-installers-inc.6d2b2bf1fc75f020d562ae68ed1a697d"
"663","American Fire Sprinkler Association Virg...","Building Equipment Contractors","Independent","Mechanicsville, VA, United States","https://dnb.com/business-directory/company-profiles/american-fire-sprinkler-association-virginia-chapter.edf1e0ff304e1fdec0a0ff72ddee13d7"
"664","CITYWIDE FIRE SPRINKLER SERVICE NY INC.","Building Equipment Contractors","Independent","Flushing, NY, United States","https://dnb.com/business-directory/company-profiles/citywide-fire-sprinkler-service-ny-inc.81ddb44bf7adfbfde0b48abc25b16101"
"665","Vanport Mechanical and Fire Sprinkler In...","Other Specialty Trade Contractors","Independent","Moss Point, MS, United States","https://dnb.com/business-directory/company-profiles/vanport-mechanical-and-fire-sprinkler-inc.866f378ebe6172f8bdb8b1e167830675"
"666","FIRE SPRINKLER DESIGN CONSTRUCTION LLC","Residential Building Construction","Independent","Henderson, NV, United States","https://dnb.com/business-directory/company-profiles/fire-sprinkler-design-construction-llc.9bd3be05b27fb836e2eada3041cf72cb"
"667","SOUTHERN CALIFORNIA FIRE SPRINKLER","Building Equipment Contractors","Independent","Orange, CA, United States","https://dnb.com/business-directory/company-profiles/southern-california-fire-sprinkler.f8171bbed59f9800e4f7588fd188f716"
"668","OCEAN FIRE SPRINKLER COMPANY LLC","Building Equipment Contractors","Independent","Powhatan, VA, United States","https://dnb.com/business-directory/company-profiles/ocean-fire-sprinkler-company-llc.5532c012be7c394ad5bd2850a96fc811"
"669","FIRE SPRINKLER ADVISORY SERVICES, LLC","Building Equipment Contractors","Independent","Van Buren, AR, United States","https://dnb.com/business-directory/company-profiles/fire-sprinkler-advisory-services-llc.4b2c58ef4f3c2452a80aba3c5da14dda"
"670","FREDDY CALKINS","Building Equipment Contractors","Independent","Captain Cook, HI, United States","https://dnb.com/business-directory/company-profiles/freddy-calkins.ffbf90f0ce329aac2c6f9ca0bf4db3ec"
"671","Kadosh Plumbing and Fire Sprinkler Servi...","Building Equipment Contractors","Independent","Pico Rivera, CA, United States","https://dnb.com/business-directory/company-profiles/kadosh-plumbing-and-fire-sprinkler-service-inc.39ea8e3cf738d5f1c553f5f59c5c9a2e"
"672","LEVI'S FIRE SPRINKLER SERVICES LLC","Building Equipment Contractors","Independent","Bay Shore, NY, United States","https://dnb.com/business-directory/company-profiles/levis-fire-sprinkler-services-llc.25a214fb78404437a7fc5af68c890cd2"
"673","ADVANTAGE FIRE SPRINKLER","Building Equipment Contractors","Independent","Appleton, WI, United States","https://dnb.com/business-directory/company-profiles/advantage-fire-sprinkler.3e038bd5bc6e8c3a21860b8051f5be52"
"674","NATIONAL FIRE SPRINKLER ASSOCIATION INC","Business, Professional, Labor, Political, and Similar Organizations","Independent","San Juan Capistrano, CA, United States","https://dnb.com/business-directory/company-profiles/national-fire-sprinkler-association-inc.ec6be4b87237de19c0f48eddaf06700f"
"675","FIRE GUARD SPRINKLER TECHNOLOGIES CO INC...","Building Equipment Contractors","Independent","New York, NY, United States","https://dnb.com/business-directory/company-profiles/fire-guard-sprinkler-technologies-co-inc.582685699368eef6196b414c437b9aa8"
"676","FIRE SPRINKLER DESIGN, LLC","Building Equipment Contractors","Independent","Surprise, AZ, United States","https://dnb.com/business-directory/company-profiles/fire-sprinkler-design-llc.0ac8e1c1085fcc199a617d0128307a3a"
"677","FALLS CITY FIRE SPRINKLER COMPANY LTD","Building Equipment Contractors","Independent","New Albany, IN, United States","https://dnb.com/business-directory/company-profiles/falls-city-fire-sprinkler-company-ltd.8967fb37004d57e73dcdb5dc061afe65"
"678","FD Fire Sprinkler & Piping Service Corp","Building Equipment Contractors","Independent","Huntsville, AL, United States","https://dnb.com/business-directory/company-profiles/fd-fire-sprinkler--piping-service-corp.ff26d3b50400d4d8c4d5992438dfa5e1"
"679","JW3 PLUMBING & HOME FIRE SPRINKLER L.L.C...","Building Equipment Contractors","Independent","Farmville, NC, United States","https://dnb.com/business-directory/company-profiles/jw3-plumbing--home-fire-sprinkler-llc.04c3217126dae27ce3506f60f671ba26"
"680","SAFEGUARD RESIDENTIAL FIRE SPRINKLER SER...","Building Equipment Contractors","Independent","Falling Waters, WV, United States","https://dnb.com/business-directory/company-profiles/safeguard-residential-fire-sprinkler-services-llc.a1a4320a72bacc00078a1366a9ce3c48"
"681","369 FIRE SPRINKLER SERVICE LLC","Building Equipment Contractors","Independent","Miami, FL, United States","https://dnb.com/business-directory/company-profiles/369-fire-sprinkler-service-llc.5a4e3e2868fa48dcf055d07204b51879"
"682","MID-STATE FIRE SPRINKLER","Building Equipment Contractors","Independent","Columbia, MO, United States","https://dnb.com/business-directory/company-profiles/mid-state-fire-sprinkler.2db9a96d2b7d0c55fa4bc97a86c203ae"
"683","DAYPARK FIRE SPRINKLER CONSULTING & DESI...","Specialized Design Services","Independent","West Valley, UT, United States","https://dnb.com/business-directory/company-profiles/daypark-fire-sprinkler-consulting--design-llc.b71ea56104232c94cb23c93967d56ec7"
"684","ASSURANCE FIRE SPRINKLER & PLUMBING LLC","Building Equipment Contractors","Independent","Fort Worth, TX, United States","https://dnb.com/business-directory/company-profiles/assurance-fire-sprinkler--plumbing-llc.62dcf96ec3741645c53af3c52984f3af"
"685","C & C FIRE SPRINKLER SPECIALTIES, INC.","Building Equipment Contractors","Independent","Bath, PA, United States","https://dnb.com/business-directory/company-profiles/c--c-fire-sprinkler-specialties-inc.02a7a18a8abb63d5365299f17f49ffdf"
"686","EM FIRE SPRINKLER DESIGN & ESTIMATE LLC","Specialized Design Services","Independent","Woodside, NY, United States","https://dnb.com/business-directory/company-profiles/em-fire-sprinkler-design--estimate-llc.35b304c4ac4ffdd688eabbb1434d35d4"
"687","HP FIRE SPRINKLER DESIGN, LLC","Specialized Design Services","Independent","Denver, CO, United States","https://dnb.com/business-directory/company-profiles/hp-fire-sprinkler-design-llc.85f4955e585a0653c9440ada9d325fdf"
"688","VALLEY FIRE SPRINKLER DESIGN LLC","Business Support Services","Independent","Greenacres, WA, United States","https://dnb.com/business-directory/company-profiles/valley-fire-sprinkler-design-llc.389d73b99bec521ea5852cf43e285188"
"689","SHORE FIRE SPRINKLER SVC.","Building Equipment Contractors","Independent","Chesapeake, VA, United States","https://dnb.com/business-directory/company-profiles/shore-fire-sprinkler-svc.c6d18b7f6a85ee8dbedac2307b9f2801"
"690","HH JR FIRE SPRINKLER INSTALLATION LLC","Building Equipment Contractors","Independent","Doraville, GA, United States","https://dnb.com/business-directory/company-profiles/hh-jr-fire-sprinkler-installation-llc.0924fc65494ead88e17cdee91a563763"
"691","GLADIS C REYES","Machinery, Equipment, and Supplies Merchant Wholesalers","Independent","Madison, TN, United States","https://dnb.com/business-directory/company-profiles/gladis-c-reyes.9aa7792efd0a57302fbc5930af7b1d3a"
"692","Capitol Fire Sprinkler Co. of L.I. LLC","Building Equipment Contractors","Independent","Woodside, NY, United States","https://dnb.com/business-directory/company-profiles/capitol-fire-sprinkler-co-of-li-llc.193960cc8fd868f13dfdf4b0cc25e8ad"
"693","FIRE SPRINKLER SERVICES","Building Equipment Contractors","Independent","Springfield, OR, United States","https://dnb.com/business-directory/company-profiles/fire-sprinkler-services.8d7f809e4cc418bf46856d57bb4a4a82"
"694","PARK CITY FIRE SPRINKLER AND HOME INSPEC...","Other Professional, Scientific, and Technical Services","Independent","Park City, UT, United States","https://dnb.com/business-directory/company-profiles/park-city-fire-sprinkler-and-home-inspections.db18c2c5482af420b8dc547a00f66937"
"695","SFP FIRE SPRINKLER PROTECTION LLC","Other Support Services","Independent","Miami, FL, United States","https://dnb.com/business-directory/company-profiles/sfp-fire-sprinkler-protection-llc.7d015a0baedae63f563158872fe0f21f"
"696","UNIVERSAL FIRE SPRINKLER","Building Equipment Contractors","Parent","Glen Oaks, NY, United States","https://dnb.com/business-directory/company-profiles/universal-fire-sprinkler.dfef1d9d4550677e1d82987558056172"
"697","INDUSTRIAL FIRE SPRINKLER CO INC","","Independent","Jacksonville, NC, United States","https://dnb.com/business-directory/company-profiles/industrial-fire-sprinkler-co-inc.d7ec3a117788f032983c39e2008206a7"
"698","Fire Trapp Sprinkler Systems LLC","Machinery, Equipment, and Supplies Merchant Wholesalers","Independent","Cartersville, GA, United States","https://dnb.com/business-directory/company-profiles/fire-trapp-sprinkler-systems-llc.bd0dc9bd15fc4f013d8797ed70d4be81"
"699","AQUA SAFE FIRE SPRINKLER SYSTEM LTD","Other Personal Services","Independent","COLWYN BAY, Wales, United Kingdom","https://dnb.com/business-directory/company-profiles/aqua-safe-fire-sprinkler-system-ltd.95f7bebf49b7d09ea6df7e3a212e1384"
"700","A & A AUTOMATIC FIRE SPRINKLER","Building Equipment Contractors","Independent","San Martin, CA, United States","https://dnb.com/business-directory/company-profiles/a--a-automatic-fire-sprinkler.8108343f61d1ec326d238794132acab4"
"701","FIRE SPRINKLER DESIGN SERVICES","Building Equipment Contractors","Independent","Putnam Valley, NY, United States","https://dnb.com/business-directory/company-profiles/fire-sprinkler-design-services.f9b2e888863432c072f07df9941b1e55"
"702","FIRE SPRINKLER DESIGN SERVICES, INC.","Building Equipment Contractors","Independent","Peekskill, NY, United States","https://dnb.com/business-directory/company-profiles/fire-sprinkler-design-services-inc.3e96004d0c0e5010a936cc28cf1e056d"
"703","CHRIS PALMQUIST","Building Equipment Contractors","Independent","Henderson, NV, United States","https://dnb.com/business-directory/company-profiles/chris-palmquist.a8a2b8e8524df19a4c9572b2173dd51c"
"704","HOME FIRE SPRINKLER COALITION","Building Equipment Contractors","Independent","Frankfort, IL, United States","https://dnb.com/business-directory/company-profiles/home-fire-sprinkler-coalition.7b3a7d8604dedb62269d57d10645c8af"
"705","Wyo Fire Sprinkler Design L.L.C.","Specialized Design Services","Independent","Sheridan, WY, United States","https://dnb.com/business-directory/company-profiles/wyo-fire-sprinkler-design-llc.d86d103a8117609c7f66c8d57316bbf5"
"706","ORAZAL FIRE SPRINKLER DESIGN INC","Specialized Design Services","Independent","North Miami Beach, FL, United States","https://dnb.com/business-directory/company-profiles/orazal-fire-sprinkler-design-inc.52c5a6686ac72aa6c6f48ae4c6c34b3e"
"707","RELL FIRE SPRINKLER CO.","Building Equipment Contractors","Independent","Moses Lake, WA, United States","https://dnb.com/business-directory/company-profiles/rell-fire-sprinkler-co.0fad98b1d9b1b6a9c7a198be6b5f67b9"
"708","LGI FIRE SPRINKLER INSPECTIONS LLC","Other Professional, Scientific, and Technical Services","Independent","Bronx, NY, United States","https://dnb.com/business-directory/company-profiles/lgi-fire-sprinkler-inspections-llc.029517284d2ae5cdc649ada6eca5234c"
"709","NELSON FIRE SPRINKLER DESIGN, LLC","Specialized Design Services","Independent","Sewell, NJ, United States","https://dnb.com/business-directory/company-profiles/nelson-fire-sprinkler-design-llc.697f76910007759d984d401e85bebf83"
"710","Grizzly Fire Sprinkler Design LLC","Specialized Design Services","Independent","Kalispell, MT, United States","https://dnb.com/business-directory/company-profiles/grizzly-fire-sprinkler-design-llc.65df7326f011df9db9fab2802eeb670c"
"711","FIRE SPRINKLER INSPECTIONS INC.","Building Equipment Contractors","Independent","Bridgewater, MA, United States","https://dnb.com/business-directory/company-profiles/fire-sprinkler-inspections-inc.64f9d5532c91afb7d5920789cf0e83e7"
"712","FUEGO FIRE SPRINKLER DESIGN, LLC","Specialized Design Services","Independent","Roswell, GA, United States","https://dnb.com/business-directory/company-profiles/fuego-fire-sprinkler-design-llc.45cdc7f8484fae143d136cf21088e027"
"713","HAWAII FIRE SPRINKLER SERVICES LLC","Building Equipment Contractors","Independent","Wahiawa, HI, United States","https://dnb.com/business-directory/company-profiles/hawaii-fire-sprinkler-services-llc.832261492c3f2a2b034754a02c96a186"
"714","GLOBAL FIRE SPRINKLER DESIGN INC","Specialized Design Services","Independent","Hanover, MD, United States","https://dnb.com/business-directory/company-profiles/global-fire-sprinkler-design-inc.09dfb0972430d5ee9d440667255d609d"
"715","FIRE SPRINKLER PROS LLC","Building Equipment Contractors","Independent","Colorado Springs, CO, United States","https://dnb.com/business-directory/company-profiles/fire-sprinkler-pros-llc.7bf66761c070e9a291a4fe06988325bb"
"716","ARKANSAS FIRE SPRINKLER CONTRACTORS ASSO...","Other Specialty Trade Contractors","Independent","Conway, AR, United States","https://dnb.com/business-directory/company-profiles/arkansas-fire-sprinkler-contractors-association.3eec8ade9739d25275e67d3c857a7eb4"
"717","MX3 FIRE SPRINKLER DESIGN, LLC","Specialized Design Services","Independent","Larsen, WI, United States","https://dnb.com/business-directory/company-profiles/mx3-fire-sprinkler-design-llc.6cc0acbfafdd6b863090b549b81e69be"
"718","ALL AMERICAN FIRE SPRINKLER INSPECTIONS ...","Building Equipment Contractors","Independent","Surprise, AZ, United States","https://dnb.com/business-directory/company-profiles/all-american-fire-sprinkler-inspections-llc.04f42fdd33dbc46967090bea1fb91de7"
"719","AZ HOME FIRE SPRINKLER INSPECTION LLC","Other Professional, Scientific, and Technical Services","Independent","Cave Creek, AZ, United States","https://dnb.com/business-directory/company-profiles/az-home-fire-sprinkler-inspection-llc.aad334a81dc11864a5d94a08873b36fa"
"720","FIRE SPRINKLER BIM LTD","Business Support Services","Independent","KIDDERMINSTER, England, United Kingdom","https://dnb.com/business-directory/company-profiles/fire-sprinkler-bim-ltd.1748229410a37c5aed8ec9d7fc045a18"
"721","APEX FIRE SPRINKLER LLC","Building Equipment Contractors","Independent","Forestdale, MA, United States","https://dnb.com/business-directory/company-profiles/apex-fire-sprinkler-llc.10863382566a8614daaa4f0dcacbdbfe"
"722","RESIDENTIAL FIRE SPRINKLER SUPPLY, L.L.C...","Miscellaneous Durable Goods Merchant Wholesalers","Independent","Scottsdale, AZ, United States","https://dnb.com/business-directory/company-profiles/residential-fire-sprinkler-supply-llc.824b5b82bd1678216a09da654c43a514"
"723","FLORIDA FIRE SPRINKLER AS","Building Equipment Contractors","Independent","Eustis, FL, United States","https://dnb.com/business-directory/company-profiles/florida-fire-sprinkler-as.44266a317ac3329100efc3d50bb8d366"
"724","MJE FIRE SPRINKLER CORP.","Building Equipment Contractors","Independent","Miller Place, NY, United States","https://dnb.com/business-directory/company-profiles/mje-fire-sprinkler-corp.9d4f4f8b87ba9d6d99bd450694eaf077"
"725","JED FIRE SPRINKLER DESIGN, LLC","Specialized Design Services","Independent","Cromwell, CT, United States","https://dnb.com/business-directory/company-profiles/jed-fire-sprinkler-design-llc.45d915d9777cbdbaf1ca60d08685cfd6"
"726","AZ FIRE SPRINKLER CONSULTANTS LLC","Management, Scientific, and Technical Consulting Services","Independent","Gilbert, AZ, United States","https://dnb.com/business-directory/company-profiles/az-fire-sprinkler-consultants-llc.62db688dc747238ca78efb31c47c51f5"
"727","CORE FIRE SPRINKLER CORPORATION","Building Equipment Contractors","Independent","Newark, NJ, United States","https://dnb.com/business-directory/company-profiles/core-fire-sprinkler-corporation.478ba68a500a38b2acf34377569ea95f"
"728","KERAYVEZ FIRE SPRINKLER DESIGN, LLC","Specialized Design Services","Independent","Fruitland, NM, United States","https://dnb.com/business-directory/company-profiles/kerayvez-fire-sprinkler-design-llc.fb4ab9c5617b7f999a41c61beaf5f7bd"
"729","FIRE SPRINKLER DESIGN LLC","Specialized Design Services","Independent","Las Vegas, NV, United States","https://dnb.com/business-directory/company-profiles/fire-sprinkler-design-llc.93cdf21ee85257e9dfd48b159f50ac79"
"730","FIRE SPRINKLER SERVICES, LLC","Building Equipment Contractors","Independent","Louisville, KY, United States","https://dnb.com/business-directory/company-profiles/fire-sprinkler-services-llc.119eaae885ce4453e53711388067e88b"
"731","SK FIRE SPRINKLER DESIGN, LLC","Specialized Design Services","Independent","Damascus, PA, United States","https://dnb.com/business-directory/company-profiles/sk-fire-sprinkler-design-llc.9bf4101fb20d804a1876e458e8552fb4"
"732","KATCO FIRE SPRINKLER DESIGN","Architectural, Engineering, and Related Services","Independent","Salem, UT, United States","https://dnb.com/business-directory/company-profiles/katco-fire-sprinkler-design.3a5246ae50213f08d0bbfa43d1065e04"
"733","CITYWIDE FIRE SPRINKLER","Building Equipment Contractors","Independent","New York, NY, United States","https://dnb.com/business-directory/company-profiles/citywide-fire-sprinkler.8982eb4f5c0a7bdab93e90dd9192a690"
"734","ALERT FIRE SPRINKLER","Building Equipment Contractors","Independent","Dunn, NC, United States","https://dnb.com/business-directory/company-profiles/alert-fire-sprinkler.defc7c563a3624ba6345bac0516494fc"
"735","FIRE HAWK SPRINKLER, INC.","Building Equipment Contractors","Independent","Buffalo, NY, United States","https://dnb.com/business-directory/company-profiles/fire-hawk-sprinkler-inc.936ad76d257a43d75d669e8cf05eb138"
"736","J & M FIRE SPRINKLER, LLC.","Building Equipment Contractors","Independent","Douglasville, GA, United States","https://dnb.com/business-directory/company-profiles/j--m-fire-sprinkler-llc.e080906d8fec42e33d149274eaebb9b2"
"737","B & T FIRE SPRINKLER, LLC","Building Equipment Contractors","Independent","Saugus, MA, United States","https://dnb.com/business-directory/company-profiles/b--t-fire-sprinkler-llc.a0d962f490f2c3906faac49b7376b758"
"738","C+D FIRE SPRINKLER DESIGN LLC","Specialized Design Services","Independent","Warwick, RI, United States","https://dnb.com/business-directory/company-profiles/cd-fire-sprinkler-design-llc.9a17c2331447bf30e72439ae3e1b5e54"
"739","CBM ILLINOIS HOLDINGS, INC.","Other Professional, Scientific, and Technical Services","Independent","Oregon, IL, United States","https://dnb.com/business-directory/company-profiles/cbm-illinois-holdings-inc.6c80a7180c9893854829503f7a25db39"
"740","Watruba Fire Sprinkler Design","Building Equipment Contractors","Independent","Fremont, OH, United States","https://dnb.com/business-directory/company-profiles/watruba-fire-sprinkler-design.99abba1c7c021fdb0eec9c82a5be3a6a"
"741","JCO PLUMBING AND FIRE SPRINKLER DESIGN L...","Building Equipment Contractors","Independent","Brooklyn, NY, United States","https://dnb.com/business-directory/company-profiles/jco-plumbing-and-fire-sprinkler-design-limited.8fefb5cc01fa8d281fb71f07ff75167b"
"742","NATIONAL FIRE SPRINKLER ASSOCIATION INC","Business, Professional, Labor, Political, and Similar Organizations","Independent","Dayton, OH, United States","https://dnb.com/business-directory/company-profiles/national-fire-sprinkler-association-inc.b19b6212b8903d93c803718922d462a2"
"743","J M Fire Sprinkler Design LLC","Specialized Design Services","Independent","Edmond, OK, United States","https://dnb.com/business-directory/company-profiles/j-m-fire-sprinkler-design-llc.0fa5c53e8b8fa5b4f8bd8efd039967c4"
"744","GORDON FIRE SPRINKLER DESIGN LLC","Specialized Design Services","Independent","Spokane Valley, WA, United States","https://dnb.com/business-directory/company-profiles/gordon-fire-sprinkler-design-llc.722d9c1cba6292dabc2e4d33a8d1952f"
"745","DORNAN FIRE SPRINKLER DESIGN LLC","Specialized Design Services","Independent","Shelbyville, TN, United States","https://dnb.com/business-directory/company-profiles/dornan-fire-sprinkler-design-llc.a5483bbebcf9b890e2d5fee0dde25e10"
"746","XTREME FIRE SPRINKLER LLC","Building Equipment Contractors","Independent","Spring Hill, FL, United States","https://dnb.com/business-directory/company-profiles/xtreme-fire-sprinkler-llc.441fab2dc68213299153ba617f1a61d3"
"747","FINAL FIRE SPRINKLER LLC","Building Equipment Contractors","Independent","Gloucester, MA, United States","https://dnb.com/business-directory/company-profiles/final-fire-sprinkler-llc.df7189ce729da07a2f8a5fc9810396fc"
"748","FIRE SPRINKLER LLC","Building Equipment Contractors","Independent","Avondale, AZ, United States","https://dnb.com/business-directory/company-profiles/fire-sprinkler-llc.755fbd807a0c5a96d0d8992da5cd24b9"
"749","WAITZ FIRE SPRINKLER DESIGN LLC","Specialized Design Services","Independent","Effort, PA, United States","https://dnb.com/business-directory/company-profiles/waitz-fire-sprinkler-design-llc.6a9b1ae010eb7d2d764d2c02c828f252"
"750","ACADEMY FIRE SPRINKLER OF MICHIGAN INC","Elementary and Secondary Schools","Independent","Plymouth, MI, United States","https://dnb.com/business-directory/company-profiles/academy-fire-sprinkler-of-michigan-inc.1f97f12fbbda04ab12e55d6485dbbc49"
"751","ADVANTAGE FIRE SPRINKLER","Building Equipment Contractors","Independent","Windham, ME, United States","https://dnb.com/business-directory/company-profiles/advantage-fire-sprinkler.cb5cea47254561778d8e22afa96d7082"
"752","CENTERLINE FIRE SPRINKLER DESIGN LLC","Specialized Design Services","Independent","Spokane, WA, United States","https://dnb.com/business-directory/company-profiles/centerline-fire-sprinkler-design-llc.d246cd6e9e5b0802ae96be800fd28d21"
"753","A1 FIRE SPRINKLER LLC","Personal and Household Goods Repair and Maintenance","Independent","Reseda, CA, United States","https://dnb.com/business-directory/company-profiles/a1-fire-sprinkler-llc.5ba15bf0c7e6c4f62177ae0e84c39e9b"
"754","E.M.P FIRE SPRINKLER LLC","Building Equipment Contractors","Independent","Brooklyn, NY, United States","https://dnb.com/business-directory/company-profiles/emp-fire-sprinkler-llc.9c5e8673205cd181fdff101cd5f2360e"
"755","EMPIRE FIRE SPRINKLER LLC","Building Equipment Contractors","Independent","New York, NY, United States","https://dnb.com/business-directory/company-profiles/empire-fire-sprinkler-llc.eb3d2a4a7382b16cad7308c99776867f"
"756","O&P FIRE SPRINKLER, LLC","Building Equipment Contractors","Independent","Clarksville, TN, United States","https://dnb.com/business-directory/company-profiles/op-fire-sprinkler-llc.efef6dc3855c931db87d98213cda6443"
"757","VENTURE FIRE SPRINKLER LLC","Building Equipment Contractors","Independent","Concord, NC, United States","https://dnb.com/business-directory/company-profiles/venture-fire-sprinkler-llc.4e7806aa5e5b941fe1bae7eecbec3c4d"
"758","NOLASCO FIRE SPRINKLER LLC","Building Equipment Contractors","Independent","Pineville, NC, United States","https://dnb.com/business-directory/company-profiles/nolasco-fire-sprinkler-llc.fbfb9df03d6b823ffb66b27dc7991e92"
"759","MID-TENN FIRE SPRINKLER, LLC","Building Equipment Contractors","Independent","Knoxville, TN, United States","https://dnb.com/business-directory/company-profiles/mid-tenn-fire-sprinkler-llc.0d99ec2947c43bf497ef5a6884e3e665"
"760","DNA FIRE SPRINKLER DESIGN","Specialized Design Services","Independent","San Diego, CA, United States","https://dnb.com/business-directory/company-profiles/dna-fire-sprinkler-design.df0ff1f8ca26a416e78ede5924b97167"
"761","INSPECTION, TESTING & MAINTENANCE FIRE S...","Services to Buildings and Dwellings","Independent","Garden City, NY, United States","https://dnb.com/business-directory/company-profiles/inspection-testing--maintenance-fire-sprinkler-corp.a50d40d786f604e5cc22ae8576b84a09"
"762","STAT FIRE SPRINKLER NYC","Building Equipment Contractors","Independent","New York, NY, United States","https://dnb.com/business-directory/company-profiles/stat-fire-sprinkler-nyc.9add77b3c3e6683b5c0e8c731fbb9985"
"763","NEW ENGLAND FIRE SPRINKLER PROTECTIO","Building Equipment Contractors","Independent","Lowell, MA, United States","https://dnb.com/business-directory/company-profiles/new-england-fire-sprinkler-protectio.99c9367aa61083563e6ac31f3737d30e"
"764","THE FIRE SPRINKLER COMPANY, INC.","Building Equipment Contractors","Independent","Miami, FL, United States","https://dnb.com/business-directory/company-profiles/the-fire-sprinkler-company-inc.febf0efbcea0cb577e51fd3850e6b795"
"765","MILLENNIUM FIRE SPRINKLER, LLC","Building Equipment Contractors","Independent","Madison, AL, United States","https://dnb.com/business-directory/company-profiles/millennium-fire-sprinkler-llc.781d541fe504234a110a96cc5443f616"
"766","NORTHWEST RESIDENTIAL FIRE SPRINKLER INC","Building Equipment Contractors","Independent","Olympia, WA, United States","https://dnb.com/business-directory/company-profiles/northwest-residential-fire-sprinkler-inc.5f86296bd6d093cc587cf6ca32a8908c"
"767","E&L FIRE SPRINKLER INC.","Building Equipment Contractors","Independent","Miramar, FL, United States","https://dnb.com/business-directory/company-profiles/el-fire-sprinkler-inc.f6f8937ec45093521f1759e3256e97cc"
"768","SOUTHWEST MO FIRE SPRINKLER LLC","Building Equipment Contractors","Independent","Brighton, MO, United States","https://dnb.com/business-directory/company-profiles/southwest-mo-fire-sprinkler-llc.39422813adc3447fa2c7052cb7ae1624"
"769","ELEVATED FIRE SPRINKLER, LLC","Building Equipment Contractors","Independent","Rio Rancho, NM, United States","https://dnb.com/business-directory/company-profiles/elevated-fire-sprinkler-llc.0eb118a2b0cd118f7c2622b5260b45db"
"770","Fire Protection Training Association","Business, Professional, Labor, Political, and Similar Organizations","Independent","Livermore, CA, United States","https://dnb.com/business-directory/company-profiles/fire-protection-training-association.57af16909f74b77fc9acd4ca2f80d0ae"
"771","Greater Bay Area Chapter of the American...","Business, Professional, Labor, Political, and Similar Organizations","Independent","Tracy, CA, United States","https://dnb.com/business-directory/company-profiles/greater-bay-area-chapter-of-the-american-fire-sprinkler-association.66ad37a2d13da11a7e513afc072385cc"
"772","FIRST ALERT FIRE & SPRINKLER LLC","Building Equipment Contractors","Independent","Holden, MA, United States","https://dnb.com/business-directory/company-profiles/first-alert-fire--sprinkler-llc.ee9b738c0e444c73d8f62f3a77c65f9e"
"773","ACCURATE & DEPENDABLE FIRE SPRINKLER INS...","Building Equipment Contractors","Independent","Saint Petersburg, FL, United States","https://dnb.com/business-directory/company-profiles/accurate--dependable-fire-sprinkler-inspections-inc.dbeb89dbb67f6fda0f9fe9d338de681c"
"774","MARYLAND FIRE SPRINKLER LLC","Building Equipment Contractors","Independent","Frederick, MD, United States","https://dnb.com/business-directory/company-profiles/maryland-fire-sprinkler-llc.65055d90d5f0499be5ade3a866b7bf9a"
"775","EXCEL FIRE SPRINKLER SUPPLY","Miscellaneous Durable Goods Merchant Wholesalers","Independent","Dana Point, CA, United States","https://dnb.com/business-directory/company-profiles/excel-fire-sprinkler-supply.9a2663d8a469047334577eafc442f133"
"776","MASTER FIRE SPRINKLER SYSTEMS, INC.","Machinery, Equipment, and Supplies Merchant Wholesalers","Independent","Bronx, NY, United States","https://dnb.com/business-directory/company-profiles/master-fire-sprinkler-systems-inc.6b6b1a2df5c210ffa8cfddd8f04f9743"
"777","SOUTH SHORE FIRE PUMP & SPRINKLER INC.","Building Equipment Contractors","Independent","Holbrook, MA, United States","https://dnb.com/business-directory/company-profiles/south-shore-fire-pump--sprinkler-inc.b4d282935ae40f2f7356d663ab8a6965"
"778","NATIONAL FIRE SPRINKLER ASSOCIATION","Building Equipment Contractors","Independent","Amissville, VA, United States","https://dnb.com/business-directory/company-profiles/national-fire-sprinkler-association.6951ada9a40b71fd8f397f9485c07d3b"
"779","Irish Sprinkler and Fire Protection Ltd","Other Specialty Trade Contractors","Independent","Finland","https://dnb.com/business-directory/company-profiles/irish-sprinkler-and-fire-protection-ltd.2e40ecee27a532429b665679ef558f8f"
"780","Gc Fire Sprinkler Testing","Building Equipment Contractors","Independent","Anaheim, CA, United States","https://dnb.com/business-directory/company-profiles/gc-fire-sprinkler-testing.fcbca965dfce1f4d10ea498db03152dd"
"781","CITYWIDE FIRE SPRINKLER PTR INC.","Building Equipment Contractors","Independent","Flushing, NY, United States","https://dnb.com/business-directory/company-profiles/citywide-fire-sprinkler-ptr-inc.9b474632dfd9b891b81ea89583989f54"
"782","RELIABLE FIRE SPRINKLER CORPORATION","Building Equipment Contractors","Independent","Englishtown, NJ, United States","https://dnb.com/business-directory/company-profiles/reliable-fire-sprinkler-corporation.6a7da466bda2fececa4c946e8e35ce61"
"783","M RODAS FIRE SPRINKLER, LLC","Building Equipment Contractors","Independent","Hyattsville, MD, United States","https://dnb.com/business-directory/company-profiles/m-rodas-fire-sprinkler-llc.cf86c196063435ffd41b990a52a2f21f"
"784","SOTER SPRINKLER, BURGLAR & FIRE LIMITED ...","Building Equipment Contractors","Independent","Passaic, NJ, United States","https://dnb.com/business-directory/company-profiles/soter-sprinkler-burglar--fire-limited-liability-company.e2301ca0968a14107c375982811ae597"
"785","ORDAKOWSKI FIRE SPRINKLER DESIGN, LLC","Specialized Design Services","Independent","Catonsville, MD, United States","https://dnb.com/business-directory/company-profiles/ordakowski-fire-sprinkler-design-llc.e9f14ee37ea86827b24045127cfea7f5"
"786","Potomac Fire Sprinkler Service","Building Equipment Contractors","Independent","Ellicott City, MD, United States","https://dnb.com/business-directory/company-profiles/potomac-fire-sprinkler-service.952bebd86b88d476b4be005f49a01891"
"787","FIRE PROTECTION SPRINKLER DRAWINGS LIMIT...","Other Support Services","Independent","Beaumont, TX, United States","https://dnb.com/business-directory/company-profiles/fire-protection-sprinkler-drawings-limited-liabili.b193dbcb107e847ff2e5bd1faabd44a3"
"788","IRISH SPRINKLER & FIRE PROTECTION LIMITE...","Building Equipment Contractors","Independent","L'HOSPITALET DE LLOBREGAT, Barcelona, Spain","https://dnb.com/business-directory/company-profiles/irish-sprinkler--fire-protection-limited.318f69c8fb88b35a39a093d7fac6dd2d"
"789","ADVANCED FIRE SPRINKLER DESIGN, INC.","Building Equipment Contractors","Independent","Grand Ledge, MI, United States","https://dnb.com/business-directory/company-profiles/advanced-fire-sprinkler-design-inc.9eddc0dd208be0713b4bd6f1f50f3886"
"790","FIRE SPRINKLER CONTRACTORS ASSOCIATION O...","Business, Professional, Labor, Political, and Similar Organizations","Independent","Kingwood, TX, United States","https://dnb.com/business-directory/company-profiles/fire-sprinkler-contractors-association-of-texas.74302e61008f6ab1c9b10bb7d1dc1fe5"
"791","BE SAFE FIRE SPRINKLER II INC.","Building Equipment Contractors","Independent","Brooklyn, NY, United States","https://dnb.com/business-directory/company-profiles/be-safe-fire-sprinkler-ii-inc.8d884cf28067a24a24cae6571efc90fa"
"792","LIFE GUARD Fire Sprinkler Design Service...","Specialized Design Services","Independent","Summerville, SC, United States","https://dnb.com/business-directory/company-profiles/life-guard-fire-sprinkler-design-services-llc.9677d887730bf4bf82e272bd67674b7c"
"793","CHEROKEE FIRE SPRINKLER COMPANY, INC.","Building Equipment Contractors","Independent","Houston, TX, United States","https://dnb.com/business-directory/company-profiles/cherokee-fire-sprinkler-company-inc.facd8f66c31c66f517d264eb59418fe9"
"794","FIRE SPRINKLER DESIGN SOLUTIONS LLC","Specialized Design Services","Independent","Madison, WI, United States","https://dnb.com/business-directory/company-profiles/fire-sprinkler-design-solutions-llc.80400c832fe10c7f359fe18041b01163"
"795","BCAKZM FIRE SPRINKLER DESIGN, LLC","Specialized Design Services","Independent","Olathe, KS, United States","https://dnb.com/business-directory/company-profiles/bcakzm-fire-sprinkler-design-llc.10d4169d09251327b20291cf81d33713"
"796","DALLAS-FORT WORTH CHAPTER OF AMERICAN FI...","Business, Professional, Labor, Political, and Similar Organizations","Independent","Fort Worth, TX, United States","https://dnb.com/business-directory/company-profiles/dallas-fort-worth-chapter-of-american-fire-sprinkler-association-inc.bcca2334887746dfe65225d0b8b4aae8"
"797","PEAK FIRE SPRINKLER DESIGN, LLC","Specialized Design Services","Independent","Bailey, CO, United States","https://dnb.com/business-directory/company-profiles/peak-fire-sprinkler-design-llc.b715377a7ab8940094f722ad33c6545a"
"798","EXPRESS FIRE SPRINKLER INC.","Building Equipment Contractors","Independent","Bohemia, NY, United States","https://dnb.com/business-directory/company-profiles/express-fire-sprinkler-inc.3b7581cd6d556b7e1a9fa09d126cf63f"
"799","B & T FIRE SPRINKLER","Building Equipment Contractors","Independent","Wakefield, MA, United States","https://dnb.com/business-directory/company-profiles/b--t-fire-sprinkler.f41f4797390c1847ce3a45436e7d8dbf"
"800","JESUS MANUEL TARANGO","Building Equipment Contractors","Independent","Phoenix, AZ, United States","https://dnb.com/business-directory/company-profiles/jesus-manuel-tarango.279d294bcbbe2967b2a763a072a842a2"
"801","FIRE SPRINKLER SERVICE OF N.E. FLORIDA, ...","Building Equipment Contractors","Independent","Orange Park, FL, United States","https://dnb.com/business-directory/company-profiles/fire-sprinkler-service-of-ne-florida-inc.2e9811f34e89222d1a72e89d785526de"
"802","FIRE SPRINKLER TURNKEY SERVICES","Building Equipment Contractors","Independent","Cupertino, CA, United States","https://dnb.com/business-directory/company-profiles/fire-sprinkler-turnkey-services.56b58fe9f887ff41211baa089c9a7a0b"
"803","CASTILLOS FIRE SPRINKLER SERVICES INC","Building Equipment Contractors","Independent","Montgomery Village, MD, United States","https://dnb.com/business-directory/company-profiles/castillos-fire-sprinkler-services-inc.527315775291ce4340ead2765c34f7eb"
"804","NEW YORK FIRE SPRINKLER CONTRACTORS ASSO...","Building Equipment Contractors","Independent","New York, NY, United States","https://dnb.com/business-directory/company-profiles/new-york-fire-sprinkler-contractors-association-inc.226482e3dd6b83af1c78414c5321327d"
"805","ACTURON FIRE SPRINKLER SERVICES, LLC","Building Equipment Contractors","Independent","Sunrise, FL, United States","https://dnb.com/business-directory/company-profiles/acturon-fire-sprinkler-services-llc.a7005c9e9a6560ec8cc0112167766b6c"
"806","FLORIDA FIRE SPRINKLER ASSOC.","Building Equipment Contractors","Independent","Pensacola, FL, United States","https://dnb.com/business-directory/company-profiles/florida-fire-sprinkler-assoc.2d5ea761b962c31dd448d151bd990b80"
"807","PROFESSIONAL FIRE SPRINKLER SERVICE CO","Building Equipment Contractors","Independent","San Juan Capistrano, CA, United States","https://dnb.com/business-directory/company-profiles/professional-fire-sprinkler-service-co.00861c5e0b919a77a2a0967d62dc0471"
"808","PRO PLUMBING & FIRE SPRINKLER, INC.","Building Equipment Contractors","Independent","San Mateo, CA, United States","https://dnb.com/business-directory/company-profiles/pro-plumbing--fire-sprinkler-inc.77bce0da656f66b3338ee84aba64df86"
"809","MURPH'S FIRE SPRINKLER INSPECTIONS LLC","Building Equipment Contractors","Independent","Levittown, NY, United States","https://dnb.com/business-directory/company-profiles/murphs-fire-sprinkler-inspections-llc.9f75e02ca09e3416a1e23a962f77f719"
"810","NAWROCKI FIRE SPRINKLER DESIGN LLC","Specialized Design Services","Independent","Mesa, AZ, United States","https://dnb.com/business-directory/company-profiles/nawrocki-fire-sprinkler-design-llc.336fff43bfbc4b165c88acdc013a64bb"
"811","FIRE SPRINKLER SPECIALISTS LTD","Building Equipment Contractors","Independent","BELFAST, Northern Ireland, United Kingdom","https://dnb.com/business-directory/company-profiles/fire-sprinkler-specialists-ltd.5dba48aa10f767c20c4bd5e44bd6c475"
"812","NYQUIST FIRE SPRINKLER DESIGN, PLLC","Specialized Design Services","Independent","Bozeman, MT, United States","https://dnb.com/business-directory/company-profiles/nyquist-fire-sprinkler-design-pllc.a236c2da76a287db3e611f040407e990"
"813","ARD FIRE SPRINKLER CONSULTANCY LIMITED","Other Heavy and Civil Engineering Construction","Independent","LONDON, England, United Kingdom","https://dnb.com/business-directory/company-profiles/ard-fire-sprinkler-consultancy-limited.2c802910153f05eadb97fc3efddc517b"
"814","CASCADE FIRE SPRINKLER DESIGN LLC","Specialized Design Services","Independent","Redmond, OR, United States","https://dnb.com/business-directory/company-profiles/cascade-fire-sprinkler-design-llc.b32afb11c73a3e44541de6bf8e842783"
"815","HELLER FIRE SPRINKLER DESIGN","Specialized Design Services","Independent","Tustin, CA, United States","https://dnb.com/business-directory/company-profiles/heller-fire-sprinkler-design.9d7a8cbbbf63712e2046dcfa0e97e154"
"816","CAPITOL FIRE SPRINKLER OF NEW YORK, LLC","Building Equipment Contractors","Independent","Melville, NY, United States","https://dnb.com/business-directory/company-profiles/capitol-fire-sprinkler-of-new-york-llc.3291173aa4a1d63c6e13f632abca820b"
"817","ABSOLUTE FIRE SPRINKLER OF NYC INC","Building Equipment Contractors","Independent","New York, NY, United States","https://dnb.com/business-directory/company-profiles/absolute-fire-sprinkler-of-nyc-inc.b3db0d6e2e5b12e8aad531fb3d4cb1e7"
"818","MURPHY'S FIRE SPRINKLER DESIGN","Specialized Design Services","Independent","Middletown, OH, United States","https://dnb.com/business-directory/company-profiles/murphys-fire-sprinkler-design.dc4e7bf57c7c660441da75cc337a3724"
"819","AMERICAN FIRE SPRINKLER ASSOCIATION-PACI...","Business, Professional, Labor, Political, and Similar Organizations","Independent","Gig Harbor, WA, United States","https://dnb.com/business-directory/company-profiles/american-fire-sprinkler-association-pacific-northwest-chap.8357ed7f23c7bf7b69ff89412b3159ab"
"820","MANHATTAN FIRE SPRINKLER, LLC","Building Equipment Contractors","Independent","Woodside, NY, United States","https://dnb.com/business-directory/company-profiles/manhattan-fire-sprinkler-llc.c67c3cfdaee7376742e9e35552bc6def"
"821","LIFE SAFETY FIRE SPRINKLER DESIGN SERVIC...","Building Equipment Contractors","Independent","Fort Myers, FL, United States","https://dnb.com/business-directory/company-profiles/life-safety-fire-sprinkler-design-services-llc.a60ac730605f816c926953e0cfd90ddb"
"822","BEVERLY RESIDENTIAL FIRE SPRINKLER SYSTE...","Machinery, Equipment, and Supplies Merchant Wholesalers","Independent","Johns Island, SC, United States","https://dnb.com/business-directory/company-profiles/beverly-residential-fire-sprinkler-systems-llc.ac8c5d924b23c015f63ebd1361e6e975"
"823","CEASE-FIRE AUTOMATIC SPRINKLER","Machinery, Equipment, and Supplies Merchant Wholesalers","Independent","Augusta, GA, United States","https://dnb.com/business-directory/company-profiles/cease-fire-automatic-sprinkler.9c150df69535af89018526b809acfee1"
"824","COASTAL FIRE SPRINKLER SYSTEMS, CORP.","Machinery, Equipment, and Supplies Merchant Wholesalers","Independent","Wilmington, NC, United States","https://dnb.com/business-directory/company-profiles/coastal-fire-sprinkler-systems-corp.ed6a55f17a484924f3ca7311f1f93a68"
"825","K&O FIRE SPRINKLER SYSTEMS, LLC.","Machinery, Equipment, and Supplies Merchant Wholesalers","Independent","Marietta, GA, United States","https://dnb.com/business-directory/company-profiles/ko-fire-sprinkler-systems-llc.d7b30cefff713e212fb1a5796bd95c9e"
"826","GIDEON BISHOP","Machinery, Equipment, and Supplies Merchant Wholesalers","Independent","Colton, OR, United States","https://dnb.com/business-directory/company-profiles/gideon--bishop.68e68248dd2f200e55859a7173e83f00"
"827","XTENDED COVERAGE FIRE SPRINKLER DESIGN I...","Specialized Design Services","Independent","Concord, NC, United States","https://dnb.com/business-directory/company-profiles/xtended-coverage-fire-sprinkler-design-inc.8e7603b3890faf763622c8c2d2ae98bb"
"828","SEAGO FIRE SPRINKLER DESIGN LLC","Specialized Design Services","Independent","Chillicothe, OH, United States","https://dnb.com/business-directory/company-profiles/seago-fire-sprinkler-design-llc.c24149c553ac0bdc863246dfddbc8f4a"
"829","MITCHELL FIRE SPRINKLER LLC","Building Equipment Contractors","Independent","Charlotte, NC, United States","https://dnb.com/business-directory/company-profiles/mitchell-fire-sprinkler-llc.a4063b9b22818724b1e2a6eeabbfa2bb"
"830","BOWE FIRE SPRINKLER LLC","Building Equipment Contractors","Independent","Roslyn Heights, NY, United States","https://dnb.com/business-directory/company-profiles/bowe-fire-sprinkler-llc.f624d46c917008d9c05427102d533ab8"
"831","NATIONAL FIRE SPRINKLER AND ALARM, LLC","Other Support Services","Independent","Westlake, OH, United States","https://dnb.com/business-directory/company-profiles/national-fire-sprinkler-and-alarm-llc.017b3d3bf99f27bfc8b3633a611e14cd"
"832","JGD FIRE SPRINKLER DESIGNS, LLC","Specialized Design Services","Independent","Troy, NH, United States","https://dnb.com/business-directory/company-profiles/jgd-fire-sprinkler-designs-llc.85de3753fccb548c8169c10deae12991"
"833","LOUISIANA FIRE SPRINKLER ASSOCIATION, IN...","Business, Professional, Labor, Political, and Similar Organizations","Independent","Shreveport, LA, United States","https://dnb.com/business-directory/company-profiles/louisiana-fire-sprinkler-association-inc.2537fda777dcfc0b244b3e3d65c60d04"
"834","CS GEO FIRE SPRINKLER DESIGN SRL","Architectural, Engineering, and Related Services","Independent","CAVNIC, Maramures, Romania","https://dnb.com/business-directory/company-profiles/cs-geo-fire-sprinkler-design-srl.c8b38337f8310941bf5d6f12b8ef948d"
"835","TRAVIS VINSON","Building Equipment Contractors","Independent","Tallassee, TN, United States","https://dnb.com/business-directory/company-profiles/travis-vinson.3c1fe83026cf0204ecd34c2660974400"
"836","MIGUEL S TOVAR HERNANDEZ","Building Equipment Contractors","Independent","Dallas, TX, United States","https://dnb.com/business-directory/company-profiles/miguel-s-tovar-hernandez.9ef8359b10b518c961416d91bf789147"
"837","N & N FIRE SPRINKLER L.L.C.","Building Equipment Contractors","Independent","Kansas City, MO, United States","https://dnb.com/business-directory/company-profiles/n--n-fire-sprinkler-llc.01bfffc01d10e9b35a2555a2965aae57"
"838","SHONNET PROFITT","","Independent","Las Vegas, NV, United States","https://dnb.com/business-directory/company-profiles/shonnet-profitt.76428ba69406d6659dc7ba27f3789cf5"
"839","TIFFANY MAWHORTER","","Independent","Las Vegas, NV, United States","https://dnb.com/business-directory/company-profiles/tiffany-mawhorter.0a2dcd692bec799924921a8ddc38e690"
"840","New England Fire Sprinkler Design LLC","Specialized Design Services","Independent","Harrisville, RI, United States","https://dnb.com/business-directory/company-profiles/new-england-fire-sprinkler-design-llc.bab387459a50335aca8e89b122cc0f3e"
"841","SUPERIOR FIRE SPRINKLER CORP.","Building Equipment Contractors","Independent","Mineola, NY, United States","https://dnb.com/business-directory/company-profiles/superior-fire-sprinkler-corp.9242e79f6e356f389440e6410de2b55a"
"842","J. F. FIRE SPRINKLER DESIGN, INC.","Specialized Design Services","Independent","Cumming, GA, United States","https://dnb.com/business-directory/company-profiles/j-f-fire-sprinkler-design-inc.69aa41fd32685f1b76f65162bafa74d6"
"843","U.S. FIRE SPRINKLER DESIGN, LLC","Specialized Design Services","Independent","Littleton, CO, United States","https://dnb.com/business-directory/company-profiles/us-fire-sprinkler-design-llc.530782d1dc135ac30ccd2de2bdbe9353"
"844","FIRE SPRINKLER SOLUTIONS INC","Building Equipment Contractors","Independent","Kansas City, MO, United States","https://dnb.com/business-directory/company-profiles/fire-sprinkler-solutions-inc.e590ff1d860b9006c6ee17fccbb29f2a"
"845","J & M FIRE SPRINKLER INSPECTIONS, INC.","Building Equipment Contractors","Independent","Thomasville, NC, United States","https://dnb.com/business-directory/company-profiles/j--m-fire-sprinkler-inspections-inc.a83cf696c796220f5ff7287ddd3c83cd"
"846","A+ FIRE SPRINKLER DESIGN LLC","Specialized Design Services","Independent","Ellicott City, MD, United States","https://dnb.com/business-directory/company-profiles/a-fire-sprinkler-design-llc.0e364ff1f364d71d0b96c81d5fa81a3b"
"847","INTEGRATED FIRE & SPRINKLER LLC","Building Equipment Contractors","Independent","Oneida, WI, United States","https://dnb.com/business-directory/company-profiles/integrated-fire--sprinkler-llc.ac102aef316049e1b8d8ace1085d6560"
"848","THE COLORADO CHAPTER OF AMERICAN FIRE SP...","Business, Professional, Labor, Political, and Similar Organizations","Independent","Arvada, CO, United States","https://dnb.com/business-directory/company-profiles/the-colorado-chapter-of-american-fire-sprinkler-association-inc.94dec69b1ba6bdb5578eeee240f3415d"
"849","FIRE SPRINKLER SYSTEMS, INC.","Machinery, Equipment, and Supplies Merchant Wholesalers","Independent","Hollywood, FL, United States","https://dnb.com/business-directory/company-profiles/fire-sprinkler-systems-inc.be9f9f4c7ad01f8d85b061b271fa4520"
"850","FIRE PROTECTION SPRINKLER DRAWINGS LIMIT...","Other Support Services","Independent","Beaumont, TX, United States","https://dnb.com/business-directory/company-profiles/fire-protection-sprinkler-drawings-limited-liability-company.7e55ea1c5d27e17f7c9b51550df50efe"
"851","FIRE SPRINKLER DESIGN SERVICES, LLC","Building Equipment Contractors","Independent","Baton Rouge, LA, United States","https://dnb.com/business-directory/company-profiles/fire-sprinkler-design-services-llc.c61553ae8ee17d21b26f440cb289aeef"
"852","POSEIDON FIRE SPRINKLER INC.","Building Equipment Contractors","Independent","Bohemia, NY, United States","https://dnb.com/business-directory/company-profiles/poseidon-fire-sprinkler-inc.a33dcad2d2d4ecec147f01214d2e9889"
"853","MARLON VICENTE OCHOA PINEDA","Building Equipment Contractors","Independent","Dallas, TX, United States","https://dnb.com/business-directory/company-profiles/marlon-vicente-ochoa-pineda.7e4d51ecceab75889c6ca16e0d838438"
"854","L S FIRE SPRINKLER DESIGN","Specialized Design Services","Independent","Warsaw, MO, United States","https://dnb.com/business-directory/company-profiles/l-s-fire-sprinkler-design.a00025bbb3e415a43b2ca7de1cbea81d"
"855","AAA FIRE SPRINKLER PROTECTION, INC.","Building Equipment Contractors","Independent","Miramar, FL, United States","https://dnb.com/business-directory/company-profiles/aaa-fire-sprinkler-protection-inc.2d0bceb36ed280215771e1a27e12425d"
"856","FIRE SPRINKLER DESIGN CONSULTANCY LTD","Other Personal Services","Independent","SLOUGH, England, United Kingdom","https://dnb.com/business-directory/company-profiles/fire-sprinkler-design-consultancy-ltd.3b256903d1cccdc874bec4945331f354"
"857","OT FIRE SPRINKLER SYSTEMS LIMITED","Business Support Services","Independent","EDINBURGH, Scotland, United Kingdom","https://dnb.com/business-directory/company-profiles/ot-fire-sprinkler-systems-limited.959c85da5c763b8de5aef5d78ee49559"
"858","ORE PH Fire Sprinkler Consulting AB","Architectural, Engineering, and Related Services","Independent","Furudal, Sweden","https://dnb.com/business-directory/company-profiles/ore-ph-fire-sprinkler-consulting-ab.4f411137c57f357950dc72bd362b2de7"
"859","SIXTYEIGHTDEGREES FIRE SPRINKLER SPECIAL...","Other Specialty Trade Contractors","Independent","LEEDS, England, United Kingdom","https://dnb.com/business-directory/company-profiles/sixtyeightdegrees-fire-sprinkler-specialists-(yorkshire)-ltd.f1f26486643abcf70200bda4220705c0"
"860","JM FIRE SPRINKLER DESIGN LLC","Specialized Design Services","Independent","Phoenix, AZ, United States","https://dnb.com/business-directory/company-profiles/jm-fire-sprinkler-design-llc.c6382d3a730bd964a4cd2f41d6f71c7a"
"861","FIRE SPRINKLER DESIGN AND ENGINEERING, L...","Architectural, Engineering, and Related Services","Independent","Carlsbad, NM, United States","https://dnb.com/business-directory/company-profiles/fire-sprinkler-design-and-engineering-llc.9f47820918860bb76a3e3914972fe2d9"
"862","AMERICAN FIRE SPRINKLER ASSOCIATION VIRG...","Business, Professional, Labor, Political, and Similar Organizations","Independent","Mechanicsville, VA, United States","https://dnb.com/business-directory/company-profiles/american-fire-sprinkler-association-virginia-chapter.bb8b9fc852da90732cbe8dbe7dbfd179"
"863","EVER READY FIRE SPRINKLER INC","Building Equipment Contractors","Independent","Astoria, NY, United States","https://dnb.com/business-directory/company-profiles/ever-ready-fire-sprinkler-inc.79df041d118a7d67eba4d26f751461d8"
"864","FIRE SPRINKLER DESIGN, INC.","Specialized Design Services","Independent","Wolcott, CT, United States","https://dnb.com/business-directory/company-profiles/fire-sprinkler-design-inc.68390fa108c53606dab7686fad4d12dd"
"865","TRINITY FIRE SPRINKLER DESIGNS LLC","Specialized Design Services","Independent","Helotes, TX, United States","https://dnb.com/business-directory/company-profiles/trinity-fire-sprinkler-designs-llc.ddd8080665295bd877dc3d5521836872"
"866","AFFORDABLE FIRE SPRINKLER DESIGN LLC","Specialized Design Services","Independent","Santa Cruz, CA, United States","https://dnb.com/business-directory/company-profiles/affordable-fire-sprinkler-design-llc.bcb23cc05252823262f610681706d9aa"
"867","Belgian Fire Sprinkler Network","Other Support Services","Independent","Aalst, Oost-Vlaanderen, Belgium","https://dnb.com/business-directory/company-profiles/belgian-fire-sprinkler-network.8f7c8e052fef14a5c40fc2245615f58a"
"868","Fire Sprinkler Consulting Sweden AB","Architectural, Engineering, and Related Services","Independent","Tranås, Jönköping, Sweden","https://dnb.com/business-directory/company-profiles/fire-sprinkler-consulting-sweden-ab.199e9b0c764523b16e246736cffc3cd1"
"869","Plumbing, Heating And Fire Sprinkler Con...","Administration of Economic Programs","Subsidiary","Raleigh, NC, United States","https://dnb.com/business-directory/company-profiles/plumbing-heating-and-fire-sprinkler-contractors-north-carolina-state-board-of-examiners.4d90cddbb49eba444f3c4fc64ef39bdc"
"870","Heating & Fire Sprinkler Contractors Nor...","Administration of Economic Programs","Subsidiary","Raleigh, NC, United States","https://dnb.com/business-directory/company-profiles/heating--fire-sprinkler-contractors-north-carolina-board-of-plumbing.e70d6e7246c3a5b5b19f3d6459c36b88"
"871","STAMFORD FIRE PROTECTION LLC","Justice, Public Order, and Safety Activities","Independent","Stamford, CT, United States","https://dnb.com/business-directory/company-profiles/stamford-fire-protection-llc.ccd9910d284bc78657a0161e56b497fc"
"872","A & C SPRINKLER FIRE PROTECTION LLC","Justice, Public Order, and Safety Activities","Independent","Charlotte, NC, United States","https://dnb.com/business-directory/company-profiles/a--c-sprinkler-fire-protection-llc.4c8d1ee5ffe720fa5190fe75b7853402"
"873","Safety Fire Sprinkler Corp.","Justice, Public Order, and Safety Activities","Parent","Brooklyn, NY, United States","https://dnb.com/business-directory/company-profiles/safety-fire-sprinkler-corp.ba998f8fc04177b370258bbe31493eeb"
"874","Alpha Nova Fire Sprinkler Services","Justice, Public Order, and Safety Activities","Independent","Bedford, NS, Canada","https://dnb.com/business-directory/company-profiles/alpha-nova-fire-sprinkler-services.908c4d4a3d7c5635215597b2e6d907ca"
"875","HAMPSHIRE FIRE SPRINKLER SYSTEMS LTD","","Subsidiary","BATH, England, United Kingdom","https://dnb.com/business-directory/company-profiles/hampshire-fire-sprinkler-systems-ltd.22283f28c4da985c647e92797d9002f3"
"876","SIXTYEIGHTDEGREES FIRE SPRINKLER SPECIAL...","Other Specialty Trade Contractors","Independent","LEEDS, England, United Kingdom","https://dnb.com/business-directory/company-profiles/sixtyeightdegrees-fire-sprinkler-specialists-ltd.c232362b62ca46a577332962d729dc32"
"877","Mayfield Fire And Sprinkler Inc.","","Independent","Etobicoke, ON, Canada","https://dnb.com/business-directory/company-profiles/mayfield-fire-and-sprinkler-inc.cc3c1f315a95f6b5e1492ff16f338cdb"
"878","Sessi Fire Protection Inc. – Fire Equipm...","","Independent","TORONTO, ON, Canada","https://dnb.com/business-directory/company-profiles/sessi-fire-protection-inc-%E2%80%93-fire-equipment-%E2%80%A2-sprinkler-systems.16d43a45d81a6a1551e84f2dd8517e11"
"879","Jwj Fire Protection Sprinkler Inspection...","","Independent","SURREY, BC, Canada","https://dnb.com/business-directory/company-profiles/jwj-fire-protection-sprinkler-inspection-company-inc.8fcad07c81e190ccfef8397301d1f0e8"
"880","Maxx Sprinkler & Fire Protection Inc.","","Independent","MISSISSAUGA, ON, Canada","https://dnb.com/business-directory/company-profiles/maxx-sprinkler--fire-protection-inc.2c23bbaa1c7a0f8a7d63522bc1acda20"
"881","Alpha Nova Fire Sprinkler Services & Eng...","","Independent","BEDFORD, NS, Canada","https://dnb.com/business-directory/company-profiles/alpha-nova-fire-sprinkler-services--engineering-inc.35648d2be72d38297e472a8ec34ce082"
"882","FIRE GUARD SPRINKLER SYSTEMS CC","Justice, Public Order, and Safety Activities","Independent","DURBAN NORTH, KWA-ZULU NATAL, South Africa","https://dnb.com/business-directory/company-profiles/fire-guard-sprinkler-systems-cc.7f27d15478f5cbbeff2588aa5106a6a7"
"883","PELELISA SAUNI KANIPULE","","Independent","New Zealand","https://dnb.com/business-directory/company-profiles/pelelisa-sauni-kanipule.f6e23cb19a2ac85cbcd073639f9a9beb"
"884","G AND C FIRE AND SPRINKLER (PTY) LTD","Justice, Public Order, and Safety Activities","Independent","POLOKWANE, LIMPOPO, South Africa","https://dnb.com/business-directory/company-profiles/g-and-c-fire-and-sprinkler-(pty)-ltd.7e3a49eece96f3352085f9e8a2ee1fcc"
"885","SIGA FIRE SPRINKLER (PTY) LTD","Justice, Public Order, and Safety Activities","Independent","ORKNEY, NORTHWEST PROVINCE, South Africa","https://dnb.com/business-directory/company-profiles/siga-fire-sprinkler-(pty)-ltd.498191c532af85506c3a762f8863d981"
"886","EAST LONDON SPRINKLER INSTALLATIONS CC","Justice, Public Order, and Safety Activities","Parent","EAST LONDON, EASTERN CAPE, South Africa","https://dnb.com/business-directory/company-profiles/east-london-sprinkler-installations-cc.0f04c7d06243987ed0284c682cd1ebb8"
"887","FIRE SPRINKLER INSTALATIONS CISKEI (PTY)...","Justice, Public Order, and Safety Activities","Independent","BHISHO, EASTERN CAPE, South Africa","https://dnb.com/business-directory/company-profiles/fire-sprinkler-instalations-ciskei-(pty)-ltd.35d1a7635cc361d82e4bd307ce0f32f2"
"888","NW FIRE AND SPRINKLER SYSTEMS CC","Justice, Public Order, and Safety Activities","Independent","LICHTENBURG, NORTHWEST PROVINCE, South Africa","https://dnb.com/business-directory/company-profiles/nw-fire-and-sprinkler-systems-cc.6a36cd32f309a92d5b47a4e8779d7c98"
"889","EAST RAND FIRE SPRINKLER SYSTEMS (PTY) L...","Justice, Public Order, and Safety Activities","Independent","JOHANNESBURG, GAUTENG, South Africa","https://dnb.com/business-directory/company-profiles/east-rand-fire-sprinkler-systems-(pty)-ltd.b55a5ae13dabe94d19f55cb4bd77ae2e"
"890","JUSDINA PLUMBING AND FIRE SPRINKLER SERV...","","Independent","Sunyani, Bono, Ghana","https://dnb.com/business-directory/company-profiles/jusdina-plumbing-and-fire-sprinkler-services.0d95693416df2257c124200929fa3159"
"891","BAHAMAS FIRE SPRINKLER LTD.","","Independent","Bahamas","https://dnb.com/business-directory/company-profiles/bahamas-fire-sprinkler-ltd.4755ace26d9a600577efec1ed35cddde"
"892","FIRE SPRINKLER INSTALLATIONS ROD SERVICE...","Justice, Public Order, and Safety Activities","Independent","EAST LONDON, EASTERN CAPE, South Africa","https://dnb.com/business-directory/company-profiles/fire-sprinkler-installations-rod-services-jv-(pty)-ltd.020d56a59e0a367b8ce70a75c67bdabb"
"893","FIRE SPRINKLER","","Independent","HAMMAM LIF, Tunisia","https://dnb.com/business-directory/company-profiles/fire-sprinkler.a3e118b9852a274b609e8c014575470d"
"894","FIRE SPRINKLER","","Independent","HAMMAM LIF, Tunisia","https://dnb.com/business-directory/company-profiles/fire-sprinkler.cb95cd946d033a044b0ef9735ea6a0b4"
"895","FIRE SPRINKLER SYSTEMS, INC.","Building Equipment Contractors","Branch","Corona, CA, United States","https://dnb.com/business-directory/company-profiles/fire-sprinkler-systems-inc.c5fc144c7cba17721fe794209c7a1865"
"896","National Fire Sprinkler Association Inc","Other Support Services","Branch","Sycamore, IL, United States","https://dnb.com/business-directory/company-profiles/national-fire-sprinkler-association-inc.2726720de88c15d42f51c864851364a5"
"897","SRI Fire Sprinkler, LLC","Building Equipment Contractors","Branch","Lackawanna, NY, United States","https://dnb.com/business-directory/company-profiles/sri-fire-sprinkler-llc.bacf5340e4daf0c25c88e370caef9b16"
"898","NATIONAL FIRE SPRINKLER ASSOCIATION INC","Building Equipment Contractors","Branch","Orland Park, IL, United States","https://dnb.com/business-directory/company-profiles/national-fire-sprinkler-association-inc.87d954e26f883db3faa5d136ab48b3db"
"899","CONTINENTAL FIRE SPRINKLER COMPANY","Building Equipment Contractors","Branch","Omaha, NE, United States","https://dnb.com/business-directory/company-profiles/continental-fire-sprinkler-company.6d29beb1e1442b3d6b57d7c3cf0e42e2"
"900","Continental Fire Sprinkler Company","Building Equipment Contractors","Branch","Hanover, MD, United States","https://dnb.com/business-directory/company-profiles/continental-fire-sprinkler-company.25bc712be6cf585a433d3651869f1b1e"
"901","JAYHAWK FIRE SPRINKLER CO., INC.","Other Miscellaneous Retailers","Branch","Broken Arrow, OK, United States","https://dnb.com/business-directory/company-profiles/jayhawk-fire-sprinkler-co-inc.ff38cdeb25955ba7e749bdda00385ae5"
