"#","Company","Industry","Type","Location","Profile URL"
"1","San Ramon Valley Fire Protection Dist","Justice, Public Order, and Safety Activities","Parent","San Ramon, CA, United States","https://dnb.com/business-directory/company-profiles/san-ramon-valley-fire-protection-dist.5eec6a569391f330501315bb4adc36b0"
"2","National Fire Protection Association, In...","Other Support Services","Parent","Quincy, MA, United States","https://dnb.com/business-directory/company-profiles/national-fire-protection-association-inc.7c246fc382d8de601336ecdea3b88527"
"3","United States Alliance Fire Protection, ...","Building Equipment Contractors","Subsidiary","Lake Forest, IL, United States","https://dnb.com/business-directory/company-profiles/united-states-alliance-fire-protection-inc.079bec1960fb444c8d7bc01040e3f5c8"
"4","F. E. Moran, Inc. Fire Protection","Building Equipment Contractors","Parent","Northbrook, IL, United States","https://dnb.com/business-directory/company-profiles/f-e-moran-inc-fire-protection.4982d7c2d52e86d39737f806eaa0d303"
"5","The Viking Corporation","Other General Purpose Machinery Manufacturing","Subsidiary","Caledonia, MI, United States","https://dnb.com/business-directory/company-profiles/the-viking-corporation.28241831523900b793efd7ed0132784f"
"6","Supply Network, Inc.","Machinery, Equipment, and Supplies Merchant Wholesalers","Subsidiary","Caledonia, MI, United States","https://dnb.com/business-directory/company-profiles/supply-network-inc.f84a75335266765ea5c27c4d066b1bed"
"7","International Fire Protection, Inc.","Building Equipment Contractors","Subsidiary","Madison, AL, United States","https://dnb.com/business-directory/company-profiles/international-fire-protection-inc.191b61b6f80bf0a71c94c9f70a1cc9be"
"8","2182553 Ontario Ltd","Other Support Services","Independent","Sarnia, ON, Canada","https://dnb.com/business-directory/company-profiles/2182553-ontario-ltd.2a7173256c38fde9397152b4cadb06b0"
"9","PEFIPRESA SA","Building Equipment Contractors","Subsidiary","MADRID, Madrid, Spain","https://dnb.com/business-directory/company-profiles/pefipresa-sa.de52d4ec04a33f314f57a04685033823"
"10","UNITED SAFETY & SURVIVABILITY CORPORATIO...","Navigational, Measuring, Electromedical, and Control Instruments Manufacturing","Independent","RUTHERFORD, NEW SOUTH WALES, Australia","https://dnb.com/business-directory/company-profiles/united-safety--survivability-corporation-pty-ltd.1a64b4309296e01eff14087c7e4dd2c5"
"11","DELUGE FIRE PROTECTION (S.E.A.) PTE LTD","Building Equipment Contractors","Subsidiary","Singapore, Singapore","https://dnb.com/business-directory/company-profiles/deluge-fire-protection-(sea)-pte-ltd.c3be923226309187ea2e368bf20fa1b7"
"12","CLARKE FIRE PROTECTION PRODUCTS LIMITED","Engine, Turbine, and Power Transmission Equipment Manufacturing","Subsidiary","COATBRIDGE, Scotland, United Kingdom","https://dnb.com/business-directory/company-profiles/clarke-fire-protection-products-limited.a491804e3459d2249cb08f381aa57aa5"
"13","UNIVERSITY OF FIRE PROTECTION","Colleges, Universities, and Professional Schools","Subsidiary","Ha Noi, Ha Noi, Vietnam","https://dnb.com/business-directory/company-profiles/university-of-fire-protection.adbf0714d48e4b018ec7ccb6f15d2d4b"
"14","SHANGHAI HUANYU CONSTRUCTION (GROUP) CO....","Building Equipment Contractors","Parent","Shanghai, Shanghai, China","https://dnb.com/business-directory/company-profiles/shanghai-huanyu-construction-(group)-coltd.bc71887388ac9056d71ba0d37553d391"
"15","ANAF FIRE PROTECTION SPA","Other General Purpose Machinery Manufacturing","Subsidiary","TORRE D'ISOLA, PAVIA, Italy","https://dnb.com/business-directory/company-profiles/anaf-fire-protection-spa.a989d42c85354db9bdbbd0b03ee6185e"
"16","Islands Mechanical Contractor, Inc.","Nonresidential Building Construction","Independent","Middleburg, FL, United States","https://dnb.com/business-directory/company-profiles/islands-mechanical-contractor-inc.73ba68eeb00a427ea9390932d64dbc52"
"17","ARGUS FIRE PROTECTION COMPANY LIMITED","Architectural, Engineering, and Related Services","Subsidiary","LONDON, England, United Kingdom","https://dnb.com/business-directory/company-profiles/argus-fire-protection-company-limited.d6a82509864d4ec6349f240a49fe7857"
"18","W.W. Gay Fire Protection, Inc.","Building Equipment Contractors","Subsidiary","Jacksonville, FL, United States","https://dnb.com/business-directory/company-profiles/ww-gay-fire-protection-inc.d216fac418306014dc743abc0e94cafa"
"19","Shandong Longcheng Fire Science And Tech...","Other General Purpose Machinery Manufacturing","Parent","Tai'an, Shandong, China","https://dnb.com/business-directory/company-profiles/shandong-longcheng-fire-science-and-technology-coltd.d022b9b72af1af9cd8494bcedaf7fa00"
"20","SURESERVE COMPLIANCE FIRE LIMITED","Building Equipment Contractors","Subsidiary","LONDON, England, United Kingdom","https://dnb.com/business-directory/company-profiles/sureserve-compliance-fire-limited.39a76e82e5248b191b8e20e061074fec"
"21","Beijing Urban Construction Tianning Fire...","Other Specialty Trade Contractors","Parent","Beijing, Beijing, China","https://dnb.com/business-directory/company-profiles/beijing-urban-construction-tianning-fire-protection-co-ltd.d4a3d21a1eb9905bc54a216ac2b0f63d"
"22","Automatic Fire Protection, Incorporated","Building Equipment Contractors","Parent","San Angelo, TX, United States","https://dnb.com/business-directory/company-profiles/automatic-fire-protection-incorporated.b21726ab190bca4f62c5e87a5c53c6c6"
"23","Grinnell LLC","Other General Purpose Machinery Manufacturing","Subsidiary","Boca Raton, FL, United States","https://dnb.com/business-directory/company-profiles/grinnell-llc.ec54589c2bb388887efb456d4c7818b7"
"24","Shanghai Sheng'an Construction Engineeri...","Architectural, Engineering, and Related Services","Subsidiary","Shanghai, Shanghai, China","https://dnb.com/business-directory/company-profiles/shanghai-shengan-construction-engineering-(group)-coltd.ce5a7b841d216bd27efe4ecfd531f8d8"
"25","Walter Kidde Portable Equipment, LLC","Communications Equipment Manufacturing","Subsidiary","Mebane, NC, United States","https://dnb.com/business-directory/company-profiles/walter-kidde-portable-equipment-llc.a47e0abd3ca6c669037f5550e2c6ab25"
"26","Shaanxi Yinhe Fire-Fighting Technology E...","Other General Purpose Machinery Manufacturing","Subsidiary","Baoji, Shaanxi, China","https://dnb.com/business-directory/company-profiles/shaanxi-yinhe-fire-fighting-technology-equipment-co-ltd.3b97bb7f24485406712a869cc01ffcef"
"27","Wolman Wood and Fire Protection GmbH","Soap, Cleaning Compound, and Toilet Preparation Manufacturing","Subsidiary","Sinzheim, Baden-Württemberg, Germany","https://dnb.com/business-directory/company-profiles/wolman-wood-and-fire-protection-gmbh.9f64e75babccbfb41266ea2204454958"
"28","Fire Safety and Protection, LLC","Other Fabricated Metal Product Manufacturing","Parent","Atlanta, GA, United States","https://dnb.com/business-directory/company-profiles/fire-safety-and-protection-llc.c21dede9b0e2e316a6f0c4a599fa7500"
"29","Total Fire Protection West, LLC.","Building Equipment Contractors","Subsidiary","Grand Rapids, MI, United States","https://dnb.com/business-directory/company-profiles/total-fire-protection-west-llc.6f15acbe0850f1e2579234dc943fa0ff"
"30","KOREAN FIRE PROTECTION ASSOCIATION","Business, Professional, Labor, Political, and Similar Organizations","Subsidiary","Seoul, Seoul, Republic Of Korea","https://dnb.com/business-directory/company-profiles/korean-fire-protection-association.6ed3ba46b28ad94e1ad03e20c3ea803b"
"31","Hubei Fire Protection Equipment Factory","Motor Vehicle Manufacturing","Subsidiary","Wuhan, Hubei, China","https://dnb.com/business-directory/company-profiles/hubei-fire-protection-equipment-factory.05f054da06793131074f855d94551775"
"32","YANTAI JINRUN NUCLEAR MATERIALS CO., LTD","Clay Product and Refractory Manufacturing","Parent","Yantai, Shandong, China","https://dnb.com/business-directory/company-profiles/yantai-jinrun-nuclear-materials-co-ltd.69d43e2c1001b16fbccb81bdee02075f"
"33","CHENG DEH FIRE PROTECTION INDUSTRIAL COR...","Building Equipment Contractors","Parent","Taoyuan City, Taoyuan, Taiwan","https://dnb.com/business-directory/company-profiles/cheng-deh-fire-protection-industrial-corp.a4b52a2231d04e5a267424a062aeeec3"
"34","Reliance Smart Fire Protection Inc.","Architectural, Engineering, and Related Services","Parent","Xiamen, Fujian, China","https://dnb.com/business-directory/company-profiles/reliance-smart-fire-protection-inc.ccd64388e385fe0be357ebb04a164339"
"35","TYCO FIRE PROTECTION PRODUCTS (MALAYSIA)...","Other Fabricated Metal Product Manufacturing","Subsidiary","Petaling Jaya, Selangor, Malaysia","https://dnb.com/business-directory/company-profiles/tyco-fire-protection-products-(malaysia)-sdn-bhd.5260a0d19678befc8275686fc1f830bf"
"36","Universal Piping Industries, LLC","Building Equipment Contractors","Subsidiary","Troy, MI, United States","https://dnb.com/business-directory/company-profiles/universal-piping-industries-llc.461767d39a5f5166bad79850b8eb8be3"
"37","Woodside Fire Protection District","Justice, Public Order, and Safety Activities","Parent","Woodside, CA, United States","https://dnb.com/business-directory/company-profiles/woodside-fire-protection-district.dae8e13185c1ce5adf0940f3d7b7130f"
"38","CERTIFIED FIRE PROTECTION SPECIALIST OF ...","Justice, Public Order, and Safety Activities","Independent","Quezon City, Metro Manila, Philippines","https://dnb.com/business-directory/company-profiles/certified-fire-protection-specialist-of-the-philippines-(cfpsp)-inc.96d4edae49b306449d35a3341d7edb15"
"39","Hampshire Fire Protection Co., LLC","Building Equipment Contractors","Parent","Londonderry, NH, United States","https://dnb.com/business-directory/company-profiles/hampshire-fire-protection-co-llc.2a0b50f209ef3fb2cfb6ef1dbd86e36b"
"40","Haitian Fire Fighting Technology Co., Lt...","Other Chemical Product and Preparation Manufacturing","Parent","Zhengzhou, Henan, China","https://dnb.com/business-directory/company-profiles/haitian-fire-fighting-technology-co-ltd.681318fbfd49695a79ae1fcf198ba792"
"41","Rapid Fire Protection, Inc.","Building Equipment Contractors","Subsidiary","Rapid City, SD, United States","https://dnb.com/business-directory/company-profiles/rapid-fire-protection-inc.3db3872f2c8df5fc51f2d9bcbebdbd87"
"42","Beijing Jinzhou Jianwei Fire Protection ...","Building Equipment Contractors","Parent","Beijing, Beijing, China","https://dnb.com/business-directory/company-profiles/beijing-jinzhou-jianwei-fire-protection-technology-co-ltd.b526290dcf14d918b00b1fabd59f183d"
"43","Inner Mongolia Ruiyu Shengke Fire Protec...","Residential Building Construction","Subsidiary","Ordos, Inner Mongolia, China","https://dnb.com/business-directory/company-profiles/inner-mongolia-ruiyu-shengke-fire-protection-engineering-co-ltd.30d0590d243d18c9285f1e7cfd24aa41"
"44","Thurston County Fire Protection District...","Other Support Services","Independent","Lacey, WA, United States","https://dnb.com/business-directory/company-profiles/thurston-county-fire-protection-district--3.1e331bc082f97fc4b0cde3cc0c60bab5"
"45","Stoughton Fire Protection Ltd","Other Support Services","Independent","Calgary, AB, Canada","https://dnb.com/business-directory/company-profiles/stoughton-fire-protection-ltd.d17ddd4161870e69812fe34fe3e669d7"
"46","NEWAGE FIRE PROTECTION INDUSTRIES PRIVAT...","Machinery, Equipment, and Supplies Merchant Wholesalers","Parent","Mumbai, Maharashtra, India","https://dnb.com/business-directory/company-profiles/newage-fire-protection-industries-private-limited.2055a503f7f79e580cc6bb49d62e2b59"
"47","Beijing Taihejia Technology Co., Ltd","Other General Purpose Machinery Manufacturing","Parent","Beijing, Beijing, China","https://dnb.com/business-directory/company-profiles/beijing-taihejia-technology-co-ltd.f5d44fd4a3984b636d694fa4b65b40ac"
"48","China Construction Second Engineering Bu...","Other Investment Pools and Funds","Subsidiary","Guangzhou, Guangdong, China","https://dnb.com/business-directory/company-profiles/china-construction-second-engineering-bureau-(guangdong)-construction-co-ltd.72bf6e8573559927f004bda233c232a9"
"49","Quick Response Fire Protection, Inc.","Building Equipment Contractors","Subsidiary","Freehold, NJ, United States","https://dnb.com/business-directory/company-profiles/quick-response-fire-protection-inc.94161641f0dc47e9ee4ed50ab647d31b"
"50","Shanghai Shihua Fire-Fighting Engineerin...","Machinery, Equipment, and Supplies Merchant Wholesalers","Subsidiary","Shanghai, Shanghai, China","https://dnb.com/business-directory/company-profiles/shanghai-shihua-fire-fighting-engineering-co-ltd.e39e0e7b5c71b2f5b813e31e4b509deb"
"51","ALLIED FIRE PROTECTIONS-SA, LLC","Building Equipment Contractors","Subsidiary","Pearland, TX, United States","https://dnb.com/business-directory/company-profiles/allied-fire-protections-sa-llc.abe2a536d4647e0e6df3b5577e84b3e8"
"52","UNISAFE FIRE PROTECTION SPECIALISTS (L.L...","Other Support Services","Subsidiary","Dubai, Dubai, United Arab Emirates","https://dnb.com/business-directory/company-profiles/unisafe-fire-protection-specialists-(llc).6e9e3568d2ae1f15cd21d7295cfb9675"
"53","THORN SECURITY LIMITED","Other Miscellaneous Manufacturing","Subsidiary","SUNBURY-ON-THAMES, England, United Kingdom","https://dnb.com/business-directory/company-profiles/thorn-security-limited.e4ef57552f044414e95103ebaf23ce65"
"54","Dongbang Fire Protection Co., Ltd.","Building Equipment Contractors","Independent","Yongin, Gyeonggi, Republic Of Korea","https://dnb.com/business-directory/company-profiles/dongbang-fire-protection-co-ltd.d3e0a77b09fe65b6475f0796943d00e5"
"55","Hunan Jing'an Engineering Co., Ltd.","Other Specialty Trade Contractors","Parent","Changsha, Hunan, China","https://dnb.com/business-directory/company-profiles/hunan-jingan-engineering-co-ltd.3d92d945d7fd67a12ad3e43752ec2f7e"
"56","Lisle-Woodridge Fire Protection District","Justice, Public Order, and Safety Activities","Parent","Lisle, IL, United States","https://dnb.com/business-directory/company-profiles/lisle-woodridge-fire-protection-district.5460536aa7b9ea09ae1e2e1d2a31ef0d"
"57","FIRE PROTECTION LIMITED","Boiler, Tank, and Shipping Container Manufacturing","Subsidiary","HARLOW, England, United Kingdom","https://dnb.com/business-directory/company-profiles/fire-protection-limited.d9186bb1824839100c35e381afb3aafe"
"58","United Fire Protection Corporation","Other Support Services","Parent","Kenilworth, NJ, United States","https://dnb.com/business-directory/company-profiles/united-fire-protection-corporation.e04c559f99567a5f8445d41f18cfd754"
"59","Clarke Fire Protection Products, Inc.","Machinery, Equipment, and Supplies Merchant Wholesalers","Subsidiary","Cincinnati, OH, United States","https://dnb.com/business-directory/company-profiles/clarke-fire-protection-products-inc.e4887a187514d3393656adc79ec31507"
"60","Southeast Mechanical Systems, Inc.","Building Equipment Contractors","Parent","Jacksonville, FL, United States","https://dnb.com/business-directory/company-profiles/southeast-mechanical-systems-inc.3f1dec2b2f12f52f64fec9316e0ac6f4"
"61","Guangxi Jiusheng Construction Engineerin...","Other Specialty Trade Contractors","Subsidiary","Liuzhou, Guangxi, China","https://dnb.com/business-directory/company-profiles/guangxi-jiusheng-construction-engineering-co-ltd.201946319241d6bdce62a14ef8dbfae6"
"62","Beijing Nanrui Fire Protection Technolog...","Computer Systems Design and Related Services","Subsidiary","Beijing, Beijing, China","https://dnb.com/business-directory/company-profiles/beijing-nanrui-fire-protection-technology-co-ltd.a6cbe88acc831e8842cc1e56b158fc6e"
"63","Patriot Fire Protection, Inc.","Building Equipment Contractors","Parent","Tacoma, WA, United States","https://dnb.com/business-directory/company-profiles/patriot-fire-protection-inc.bfdbd76fa1c6c3aa3663430611b6462a"
"64","Lakeside Fire Protection District","Other Support Services","Independent","Lakeside, CA, United States","https://dnb.com/business-directory/company-profiles/lakeside-fire-protection-district.ce85bcfc9792884d6a0d1344fe177c04"
"65","North-Lake-Tahoe-Fire-Protection-Distric...","Justice, Public Order, and Safety Activities","Independent","Incline Village, NV, United States","https://dnb.com/business-directory/company-profiles/north-lake-tahoe-fire-protection-district.30ddc635cdb66d0abf7a09ccea8fe31b"
"66","Geo. W. Kistler, Inc.","Household Appliances and Electrical and Electronic Goods Merchant Wholesalers","Parent","Allentown, PA, United States","https://dnb.com/business-directory/company-profiles/geo-w-kistler-inc.3bde28c36224953a6633e71d8d0bf0b1"
"67","Eagle River Fire Protection District","Architectural, Engineering, and Related Services","Independent","Edwards, CO, United States","https://dnb.com/business-directory/company-profiles/eagle-river-fire-protection-district.86a2a0d1affab270e9c75be6c0c8462f"
"68","Uniformed Fire Officers Assn Retired Fam...","Business, Professional, Labor, Political, and Similar Organizations","Independent","New York, NY, United States","https://dnb.com/business-directory/company-profiles/uniformed-fire-officers-assn-retired-family-protection-plan.556d4e636e2b9b09f9d64011280509d9"
"69","PRECISION FIRE PROTECTION SERVICES PTY. ...","Building Equipment Contractors","Independent","BELLA VISTA, NEW SOUTH WALES, Australia","https://dnb.com/business-directory/company-profiles/precision-fire-protection-services-pty-limited.3b1f4acb6b191f35cc7b510590330cec"
"70","The Oliver Sprinkler Co., Inc","Building Equipment Contractors","Independent","King OF Prussia, PA, United States","https://dnb.com/business-directory/company-profiles/the-oliver-sprinkler-co-inc.f2aae67ea256f9eb0ff065d9bda3eaec"
"71","ATHERTON AND PARTNERS LIMITED","Residential Building Construction","Subsidiary","BIRKENHEAD, England, United Kingdom","https://dnb.com/business-directory/company-profiles/atherton-and-partners-limited.a5129f71be937696df6f283ed1a00623"
"72","AMIT FIRE PROTECTION SYSTEMS","Investigation and Security Services","Independent","Prayagraj, Uttar Pradesh, India","https://dnb.com/business-directory/company-profiles/amit-fire-protection-systems.e746b939ee3617c4cfa67ca3cca8ddef"
"73","Monona Plumbing and Fire Protection, Inc...","Building Equipment Contractors","Independent","Madison, WI, United States","https://dnb.com/business-directory/company-profiles/monona-plumbing-and-fire-protection-inc.408c579ae7d0171d284534c254a970d2"
"74","Guizhou Anxing Construction Engineering ...","Other Specialty Trade Contractors","Independent","Zunyi, Guizhou, China","https://dnb.com/business-directory/company-profiles/guizhou-anxing-construction-engineering-(group)-coltd.ae2a371f19baf78f300ed8b867e38fc4"
"75","Manteca Lathrop Rural County Fire Protec...","Justice, Public Order, and Safety Activities","Independent","Lathrop, CA, United States","https://dnb.com/business-directory/company-profiles/manteca-lathrop-rural-county-fire-protection-district.a99f33fa7dcce52dddbdbd4f965f1536"
"76","Windsor Severance Fire Protection Distri...","Justice, Public Order, and Safety Activities","Independent","Windsor, CO, United States","https://dnb.com/business-directory/company-profiles/windsor-severance-fire-protection-district.43edf70ca98511c737493d7bad2f5d35"
"77","East Fork Fire Protection District","Justice, Public Order, and Safety Activities","Independent","Minden, NV, United States","https://dnb.com/business-directory/company-profiles/east-fork-fire-protection-district.b25a89204838f2edb6737a5ae2063264"
"78","Comfort Systems USA (Syracuse), Inc.","Building Equipment Contractors","Subsidiary","East Syracuse, NY, United States","https://dnb.com/business-directory/company-profiles/comfort-systems-usa-(syracuse)-inc.ebceee6c0457692d95bf6de90c61786f"
"79","Gisborne Fire Protection Alberta Ltd","Building Equipment Contractors","Subsidiary","Burnaby, BC, Canada","https://dnb.com/business-directory/company-profiles/gisborne-fire-protection-alberta-ltd.c2466deb50e5a5ce1ab53970ae068015"
"80","Par Plumbing Co., Inc.","Building Equipment Contractors","Independent","Lynbrook, NY, United States","https://dnb.com/business-directory/company-profiles/par-plumbing-co-inc.9499ffd4624c739f0198a1df90a37788"
"81","Valley Fire Protection Systems, LLC","Building Equipment Contractors","Independent","Saint Charles, IL, United States","https://dnb.com/business-directory/company-profiles/valley-fire-protection-systems-llc.3cec3fef635995e3c55bcadd52c71bcd"
"82","Jiangxi Ganlian Fire-fighting Engineerin...","Foundation, Structure, and Building Exterior Contractors","Parent","Ji'an, Jiangxi, China","https://dnb.com/business-directory/company-profiles/jiangxi-ganlian-fire-fighting-engineering-co-ltd.f740b84fe47748ec7871d4c1b7169f7f"
"83","SAMHO ELECTRIC & FIRE PROTECTION CO., LT...","Building Equipment Contractors","Independent","Suwon, Gyeonggi, Republic Of Korea","https://dnb.com/business-directory/company-profiles/samho-electric--fire-protection-co-ltd.87e9afad4644ecc616409f5add93e99c"
"84","SCUTUM FIRE & SECURITY LIMITED","Investigation and Security Services","Subsidiary","LINLITHGOW, Scotland, United Kingdom","https://dnb.com/business-directory/company-profiles/scutum-fire--security-limited.8577b34217d5eb89e3c4545458a54e70"
"85","Hangzhou Wanshihe Technology Co., Ltd","Automobile Dealers","Subsidiary","Hangzhou, Zhejiang, China","https://dnb.com/business-directory/company-profiles/hangzhou-wanshihe-technology-co-ltd.5e486892dd101e8eb2cd9ca36c0624ea"
"86","Shanxi Huacheng Construction Group Co., ...","Residential Building Construction","Parent","Shanxi Transformation Comprehensive Reform Demonstration, Shanxi, China","https://dnb.com/business-directory/company-profiles/shanxi-huacheng-construction-group-co-ltd.c4ee947ec5597fef275da864b435b1a2"
"87","Florissant Valley Fire Protection Distri...","Justice, Public Order, and Safety Activities","Parent","Florissant, MO, United States","https://dnb.com/business-directory/company-profiles/florissant-valley-fire-protection-district.3c15886cb2b46219c4f978d65d8d6012"
"88","UNISAFE FIRE PROTECTION SPECIALISTS - LL...","Other Miscellaneous Retailers","Independent","Abu Dhabi, Abu Dhabi, United Arab Emirates","https://dnb.com/business-directory/company-profiles/unisafe-fire-protection-specialists---llc.3bcbfce58f5333e32aefe231bf091479"
"89","Shandong Dingmengda Fire Protection Engi...","Residential Building Construction","Subsidiary","Liaocheng, Shandong, China","https://dnb.com/business-directory/company-profiles/shandong-dingmengda-fire-protection-engineering-co-ltd.7d15ac67bdb895ed9c9bce8a3ee18b0e"
"90","Rizhao Jiaxu Investment Co., Ltd.","Residential Building Construction","Subsidiary","Rizhao, Shandong, China","https://dnb.com/business-directory/company-profiles/rizhao-jiaxu-investment-co-ltd.4434c3869e4c5800db81263d2803bc1a"
"91","Hangzhou Tongren Fire Protection Co., Lt...","Residential Building Construction","Subsidiary","Hangzhou, Zhejiang, China","https://dnb.com/business-directory/company-profiles/hangzhou-tongren-fire-protection-co-ltd.6cff3fe6ad9d69a0796df264efa92277"
"92","SPEED FIRE PROTECTION SRL","Justice, Public Order, and Safety Activities","Independent","BUCURESTI, Bucuresti, Romania","https://dnb.com/business-directory/company-profiles/speed-fire-protection-srl.f2d25e83abfed5a0bca2b9013db22496"
"93","Guangdong Hengji Fire Fighting Technolog...","Other Specialty Trade Contractors","Parent","Zhongshan, Guangdong, China","https://dnb.com/business-directory/company-profiles/guangdong-hengji-fire-fighting-technology-co-ltd.66b395d79f9d4a5ef8f943245510a4cf"
"94","THAMESIDE FIRE PROTECTION CO. LIMITED","Architectural, Engineering, and Related Services","Parent","BASILDON, England, United Kingdom","https://dnb.com/business-directory/company-profiles/thameside-fire-protection-co-limited.6a914e255e74d65415d5b3c1dd3ae047"
"95","FIRESAFE INSTALLATIONS LIMITED","Other Specialty Trade Contractors","Subsidiary","PRESCOT, England, United Kingdom","https://dnb.com/business-directory/company-profiles/firesafe-installations-limited.673970bfcea885446d584668ff007c34"
"96","NEAT Intelligent Technology Co., Ltd.","Other Electrical Equipment and Component Manufacturing","Parent","Qinhuangdao, Hebei, China","https://dnb.com/business-directory/company-profiles/neat-intelligent-technology-co-ltd.ec124073a5207fc443fc26de11121e0c"
"97","Jian An Construction (guangdong) Co., Lt...","Business Support Services","Parent","Shenzhen, Guangdong, China","https://dnb.com/business-directory/company-profiles/jian-an-construction-(guangdong)-co-ltd.f36136c75fd664ba4b05168c2567128f"
"98","AAA Fire Protection Inc.","Miscellaneous Durable Goods Merchant Wholesalers","Parent","Seattle, WA, United States","https://dnb.com/business-directory/company-profiles/aaa-fire-protection-inc.b7c57e3225aeaee345a94ed3a02c0d0f"
"99","GWO JIEH FIRE PROTECTION CO., LTD.","Building Equipment Contractors","Independent","Taichung City, Taichung, Taiwan","https://dnb.com/business-directory/company-profiles/gwo-jieh-fire-protection-co-ltd.998c0d2fdd53ef0f415e0d088f44f19a"
"100","Lemont Protection Fire District","Justice, Public Order, and Safety Activities","Independent","Lemont, IL, United States","https://dnb.com/business-directory/company-profiles/lemont-protection-fire-district.85a7ed508d58257ae84ef190966463bd"
"101","Shandong Jiwang Fire-fighting Technology...","Metal and Mineral (except Petroleum) Merchant Wholesalers","Parent","Jining, Shandong, China","https://dnb.com/business-directory/company-profiles/shandong-jiwang-fire-fighting-technology-co-ltd.f475ed12ff90eee650669feb235d7892"
"102","KFI U.K. LIMITED","Other Miscellaneous Manufacturing","Subsidiary","LANCASTER, England, United Kingdom","https://dnb.com/business-directory/company-profiles/kfi-uk-limited.e5b86af0128e7e08a33704e674900f36"
"103","EQUANS FIRE PROTECTION SERVICES PTY LIMI...","Building Equipment Contractors","Independent","SILVERWATER, NEW SOUTH WALES, Australia","https://dnb.com/business-directory/company-profiles/equans-fire-protection-services-pty-limited.c0e80c8ffa18fe58f26df567a138cbb4"
"104","HOA KANG FIRE PROTECTION CO., LTD.","Machinery, Equipment, and Supplies Merchant Wholesalers","Parent","Taichung City, Taichung, Taiwan","https://dnb.com/business-directory/company-profiles/hoa-kang-fire-protection-co-ltd.b208cf71d95fae9a8c473a23c1f12cd2"
"105","G & A FIRE PROTECTION LIMITED","Architectural, Engineering, and Related Services","Parent","HAVERHILL, England, United Kingdom","https://dnb.com/business-directory/company-profiles/g--a-fire-protection-limited.4c24b0632c007539248e39d54529dfc6"
"106","Shenzhen Shengjie Fire Protection Group ...","Architectural, Engineering, and Related Services","Subsidiary","Shenzhen, Guangdong, China","https://dnb.com/business-directory/company-profiles/shenzhen-shengjie-fire-protection-group-co-ltd.d20ed784c514bb1516154cdf5506eadf"
"107","Bernel, Inc.","Building Equipment Contractors","Independent","Orange, CA, United States","https://dnb.com/business-directory/company-profiles/bernel-inc.cbe67130b1031e0c1c1b183586907a6f"
"108","ACTIVE FIRE PROTECTION SYSTEMS PTE. LTD.","Other Support Services","Parent","Singapore, Singapore","https://dnb.com/business-directory/company-profiles/active-fire-protection-systems-pte-ltd.372393237d19baa20ce604911677f7b5"
"109","Shenzhen Guosheng Construction Engineeri...","Residential Building Construction","Parent","Shenzhen, Guangdong, China","https://dnb.com/business-directory/company-profiles/shenzhen-guosheng-construction-engineering-co-ltd.528a85f5f54d9c60278d08c55e2c7d39"
"110","Century Fire Protection - ASA, LLC","Investigation and Security Services","Subsidiary","Cartersville, GA, United States","https://dnb.com/business-directory/company-profiles/century-fire-protection---asa-llc.bf31f5e3402cb12856411e89042c0886"
"111","Changsha Hefeng New Energy Co., Ltd","Individual and Family Services","Subsidiary","Changsha, Hunan, China","https://dnb.com/business-directory/company-profiles/changsha-hefeng-new-energy-co-ltd.736b0f2f7cc56c13491f8978b83b07d3"
"112","Shenzhen Jincan Fire Decoration Engineer...","Other Specialty Trade Contractors","Parent","Shenzhen, Guangdong, China","https://dnb.com/business-directory/company-profiles/shenzhen-jincan-fire-decoration-engineering-co-ltd.575f85de11d6199b6f62fe0e42378277"
"113","CENTURY FIRE PROTECTION HOUSTON, INC.","Other General Purpose Machinery Manufacturing","Subsidiary","Magnolia, TX, United States","https://dnb.com/business-directory/company-profiles/century-fire-protection-houston-inc.72c3d1faec03fc37b907397edaab028b"
"114","Hubei Dongjiu Construction Engineering C...","Residential Building Construction","Parent","Wuhan, Hubei, China","https://dnb.com/business-directory/company-profiles/hubei-dongjiu-construction-engineering-co-ltd.d3e0eb6ffafda655fc01e21109fb50c0"
"115","Addison Fire Protection District #1","Justice, Public Order, and Safety Activities","Independent","Addison, IL, United States","https://dnb.com/business-directory/company-profiles/addison-fire-protection-district--1.2d9c15306c538ea1c3026d1dbaf9b94c"
"116","Guotai Ruian Fire Fighting Engineering C...","Architectural, Engineering, and Related Services","Parent","Beijing, Beijing, China","https://dnb.com/business-directory/company-profiles/guotai-ruian-fire-fighting-engineering-co-ltd.e3c4af0b263e1191820fbdbbe8e7a56b"
"117","Century Fire Protection - Advanced, Inc.","Building Equipment Contractors","Subsidiary","Pompano Beach, FL, United States","https://dnb.com/business-directory/company-profiles/century-fire-protection---advanced-inc.a46d018036e213df570b346629a87c78"
"118","GXT FIRE AND SECURITY PROTECTION (PTY) L...","Securities and Commodity Contracts Intermediation and Brokerage","Independent","BENONI, GAUTENG, South Africa","https://dnb.com/business-directory/company-profiles/gxt-fire-and-security-protection-(pty)-ltd.7bdfcf1f03e4b05a89e7aca23d94c782"
"119","FIRE CENTER PROTECTION SERVICES (PTY) LT...","Securities and Commodity Contracts Intermediation and Brokerage","Independent","PRETORIA, GAUTENG, South Africa","https://dnb.com/business-directory/company-profiles/fire-center-protection-services-(pty)-ltd.9cd34f52f9022c7f8c49901f00bb6986"
"120","MAPHANGELA FIRE SERVICE PROTECTION (PTY)...","Securities and Commodity Contracts Intermediation and Brokerage","Independent","WARMBATHS, NORTHWEST PROVINCE, South Africa","https://dnb.com/business-directory/company-profiles/maphangela-fire-service-protection-(pty)-ltd.d0cfed3f6086b7beebe14e54994f024b"
"121","PROTECTION FIRE SECURITY SERVICES (PTY) ...","Securities and Commodity Contracts Intermediation and Brokerage","Independent","SOWETO, GAUTENG, South Africa","https://dnb.com/business-directory/company-profiles/protection-fire-security-services-(pty)-ltd.9b2488c456e710584c4457712551a72d"
"122","MOTLEJOENG FIRE PROTECTION AND SAFETY SY...","Securities and Commodity Contracts Intermediation and Brokerage","Independent","KAGISO, GAUTENG, South Africa","https://dnb.com/business-directory/company-profiles/motlejoeng-fire-protection-and-safety-systems-(pty)-ltd.9e111eb91f74f119b84f389b2424f384"
"123","MBANDENI PROTECTION FIRE SERVICES (PTY) ...","Securities and Commodity Contracts Intermediation and Brokerage","Independent","PIETERMARITZBURG, KWA-ZULU NATAL, South Africa","https://dnb.com/business-directory/company-profiles/mbandeni-protection-fire-services-(pty)-ltd.c0fd9ec71ef9a9f15fd19f8ab2ec3720"
"124","I AND I FIRE PROTECTION AND SECURITY (PT...","Securities and Commodity Contracts Intermediation and Brokerage","Independent","KATLEHONG, GAUTENG, South Africa","https://dnb.com/business-directory/company-profiles/i-and-i-fire-protection-and-security-(pty)-ltd.4294e2daf5f5fee4224179902037665c"
"125","West County Ems & Fire Protection Distri...","Justice, Public Order, and Safety Activities","Parent","Ballwin, MO, United States","https://dnb.com/business-directory/company-profiles/west-county-ems--fire-protection-district.ba82e92852568d362b555f6acff0599f"
"126","Commercial Fire Protection, Inc.","Other Support Services","Parent","Irvine, CA, United States","https://dnb.com/business-directory/company-profiles/commercial-fire-protection-inc.b3deccc5bd8f3473fa28867993a8cbd0"
"127","Chongqing Zhongkai Fire-fighting Enginee...","Building Equipment Contractors","Parent","Chongqing, Chongqing, China","https://dnb.com/business-directory/company-profiles/chongqing-zhongkai-fire-fighting-engineering-co-ltd.3ad7ce9b3997e51eda53bf9ee5fbbd1b"
"128","MOHAMED ZAKI AND PARTNERS","Machinery, Equipment, and Supplies Merchant Wholesalers","Independent","Giza, Giza, Egypt","https://dnb.com/business-directory/company-profiles/mohamed-zaki-and-partners.d1e00b822b43a559cadd3e8218516b36"
"129","CHINA FIRE PROTECTION GROUP INC","Other Financial Investment Activities","Independent","New Delhi, Delhi, India","https://dnb.com/business-directory/company-profiles/china-fire-protection-group-inc.3bd85cf46a092d872591f27c15c037ba"
"130","Cintas Corporation No. 2","Commercial and Service Industry Machinery Manufacturing","Subsidiary","Coppell, TX, United States","https://dnb.com/business-directory/company-profiles/cintas-corporation-no-2.9003b5a2d011cc9e2fc567a86c2fb41f"
"131","Shaanxi Jiaokong Silk Road Construction ...","Residential Building Construction","Subsidiary","Xi'an, Shaanxi, China","https://dnb.com/business-directory/company-profiles/shaanxi-jiaokong-silk-road-construction-engineering-co-ltd.b15348565bc8c6a2d297ddd3fa022138"
"132","BINH MINH FIRE PROTECTION AND ELECTROMEC...","Residential Building Construction","Parent","Bac Giang Ward, Bac Ninh, Vietnam","https://dnb.com/business-directory/company-profiles/binh-minh-fire-protection-and-electromechanical-company-limited.d5f4481941a2fa9a620299cbb3d16ec0"
"133","Performance Fire Protection, LLC","Building Equipment Contractors","Independent","Mooresville, NC, United States","https://dnb.com/business-directory/company-profiles/performance-fire-protection-llc.9540a553a79bc76dc2c3e51fea9a52b2"
"134","Harvest-Monrovia Water, Sewer And Fire P...","Water, Sewage and Other Systems","Independent","Harvest, AL, United States","https://dnb.com/business-directory/company-profiles/harvest-monrovia-water-sewer-and-fire-protection-authority.28cbace1e4a5bdd94036b08827c75a6e"
"135","Zhejiang Taiyi Intelligent Control Techn...","Grocery and Convenience Retailers","Parent","Jiaxing, Zhejiang, China","https://dnb.com/business-directory/company-profiles/zhejiang-taiyi-intelligent-control-technology-co-ltd.fd152fe8a56edb3b1b6081020f191ead"
"136","PEGASUS FIRE PROTECTION COMPANY LIMITED","Foundation, Structure, and Building Exterior Contractors","Independent","EDINBURGH, Scotland, United Kingdom","https://dnb.com/business-directory/company-profiles/pegasus-fire-protection-company-limited.5d717c25c3c85136b4f80d7470322760"
"137","Desert Fire Protection LP","Building Equipment Contractors","Subsidiary","Reno, NV, United States","https://dnb.com/business-directory/company-profiles/desert-fire-protection-lp.74311d43bedc5df48ea96a8d93ef073e"
"138","Infinite Construction Development Group ...","Residential Building Construction","Parent","Zhengzhou, Henan, China","https://dnb.com/business-directory/company-profiles/infinite-construction-development-group-co-ltd.b4ed409cbcd9824c8ec49ca46bfc699e"
"139","M&P FIRE PROTECTION LTD","Machinery, Equipment, and Supplies Merchant Wholesalers","Subsidiary","MANCHESTER, England, United Kingdom","https://dnb.com/business-directory/company-profiles/mp-fire-protection-ltd.1d72b10cd58673eb20c811ee4414bb99"
"140","FIRE PROTECTION FOR BuildingS GEN CONT C...","Nonresidential Building Construction","Independent","Hawalli, Hawalli, Kuwait","https://dnb.com/business-directory/company-profiles/fire-protection-for-buildings-gen-cont-co-wll.20441fdabf3cd7a7f7c4af15b021c7bf"
"141","Algonquin-Lake In The Hills Fire Protect...","Justice, Public Order, and Safety Activities","Independent","Lake In The Hills, IL, United States","https://dnb.com/business-directory/company-profiles/algonquin-lake-in-the-hills-fire-protection-district.1a66b74f2c123e94c24c64f31d9dfbc8"
"142","Stanislaus Consolidated Fire Protection ...","Other Support Services","Parent","Riverbank, CA, United States","https://dnb.com/business-directory/company-profiles/stanislaus-consolidated-fire-protection-district.6f6a47f303cfe2cdce59055fd9c9b285"
"143","Jiangsu Ping'an Fire Protection Group Co...","Other Specialty Trade Contractors","Parent","Nanjing, Jiangsu, China","https://dnb.com/business-directory/company-profiles/jiangsu-pingan-fire-protection-group-coltd.a62b20784b48dd226f2af23c9f91924d"
"144","Piper Fire Protection, LLC","Building Equipment Contractors","Subsidiary","Clearwater, FL, United States","https://dnb.com/business-directory/company-profiles/piper-fire-protection-llc.c80d76600111088af2c804783838bc08"
"145","T V F (UK) LIMITED","Justice, Public Order, and Safety Activities","Subsidiary","HIGH WYCOMBE, England, United Kingdom","https://dnb.com/business-directory/company-profiles/t-v-f-(uk)-limited.cbcebe8963b6bdf29d7ab6a8c355bf72"
"146","COUNTRYSIDE FIREFIGHTER'S ASSOCIATION","Justice, Public Order, and Safety Activities","Parent","Vernon Hills, IL, United States","https://dnb.com/business-directory/company-profiles/countryside-firefighters-association.045a80a6d17875bdea7e79bb71f0014f"
"147","Shandong Ruixing Construction Engineerin...","Machinery, Equipment, and Supplies Merchant Wholesalers","Parent","Jinan, Shandong, China","https://dnb.com/business-directory/company-profiles/shandong-ruixing-construction-engineering-co-ltd.609a132f653f36a35e104aa94fbdc7e2"
"148","Hunan Minqiang Engineering Co., Ltd.","Building Equipment Contractors","Parent","Changsha, Hunan, China","https://dnb.com/business-directory/company-profiles/hunan-minqiang-engineering-co-ltd.52962d82f3c70c6bc700a760a99cdf76"
"149","ABL & ASSOCIATES PLUMBING, LLC","Building Equipment Contractors","Independent","Raleigh, NC, United States","https://dnb.com/business-directory/company-profiles/abl--associates-plumbing-llc.67b465961d2f4701c0b07ad348e5ac7c"
"150","Consolidated Fire Protection, LLC","Other Support Services","Subsidiary","Irvine, CA, United States","https://dnb.com/business-directory/company-profiles/consolidated-fire-protection-llc.a7d0cc976a4feb9c1b7c7fdd126b6618"
"151","SA FIRE PROTECTION SRL","Architectural and Structural Metals Manufacturing","Subsidiary","SAN PIER NICETO, MESSINA, Italy","https://dnb.com/business-directory/company-profiles/sa-fire-protection-srl.ffa9101cc4be27adce5d1d884bed10ad"
"152","Chongqing Chongxiao Fire Protection Tech...","Other General Purpose Machinery Manufacturing","Subsidiary","Chongqing, Chongqing, China","https://dnb.com/business-directory/company-profiles/chongqing-chongxiao-fire-protection-technology-group-co-ltd.82361c7b3cd4056e5b051563a54541d6"
"153","ENCOMPASS FIRE PROTECTION, LLC","Other Support Services","Parent","Westminster, MD, United States","https://dnb.com/business-directory/company-profiles/encompass-fire-protection-llc.11b36ca71c5176b613c105d93fa4af3b"
"154","J.D. Collins Fire Protection Company Inc","Other Support Services","Independent","Woodbridge, ON, Canada","https://dnb.com/business-directory/company-profiles/jd-collins-fire-protection-company-inc.afe79cc97e18501c5f4be2d8e2838e28"
"155","PROMAT UK LIMITED","Building Equipment Contractors","Subsidiary","HEYWOOD, England, United Kingdom","https://dnb.com/business-directory/company-profiles/promat-uk-limited.a07748872700251cad675f0db8c02fdc"
"156","New Lenox Fire Protection District","Justice, Public Order, and Safety Activities","Independent","New Lenox, IL, United States","https://dnb.com/business-directory/company-profiles/new-lenox-fire-protection-district.c5cb427f6dfbed857f40d4296b5435d0"
"157","BLUE DIAMOND FIRE PROTECTION","Nonmetallic Mineral Mining and Quarrying","Independent","Doha, Ad Dawhah (Doha), Qatar","https://dnb.com/business-directory/company-profiles/blue-diamond-fire-protection.f8898a440f14604ca60f838e3be4dc2c"
"158","M.G.N. FIRE PROTECTION LIMITED","Architectural, Engineering, and Related Services","Independent","CRAMLINGTON, England, United Kingdom","https://dnb.com/business-directory/company-profiles/mgn-fire-protection-limited.894e518ced80f715ebdae9cdb633650c"
"159","Hubei JiAnDun Fire Technology Co., Ltd.","Other General Purpose Machinery Manufacturing","Subsidiary","Yichang, Hubei, China","https://dnb.com/business-directory/company-profiles/hubei-jiandun-fire-technology-co-ltd.bd9c06e78c34011f707277d7e1d49d63"
"160","Anhui Sansheng Construction Engineering ...","Other Specialty Trade Contractors","Parent","Hefei, Anhui, China","https://dnb.com/business-directory/company-profiles/anhui-sansheng-construction-engineering-co-ltd.fe24dec2f944aa41892777982d051c1e"
"161","COMMERCIAL FIRE PROTECTION, LLC","Household Appliances and Electrical and Electronic Goods Merchant Wholesalers","Independent","Newport Beach, CA, United States","https://dnb.com/business-directory/company-profiles/commercial-fire-protection-llc.9a8dfc76378b03cc692521b039340086"
"162","Shaanxi Ningtaisheng Industry Co., Ltd.","Machinery, Equipment, and Supplies Merchant Wholesalers","Parent","Xi'an, Shaanxi, China","https://dnb.com/business-directory/company-profiles/shaanxi-ningtaisheng-industry-co-ltd.7794f696f67c95baeeaf75128726080a"
"163","Shenzhen Kuailejia Trading Co., Ltd.","Machinery, Equipment, and Supplies Merchant Wholesalers","Subsidiary","Shenzhen, Guangdong, China","https://dnb.com/business-directory/company-profiles/shenzhen-kuailejia-trading-co-ltd.16042f960d9a6b93ef107548f75fee9b"
"164","Southern Fire Protection Of Orlando, Inc...","Building Equipment Contractors","Parent","Sanford, FL, United States","https://dnb.com/business-directory/company-profiles/southern-fire-protection-of-orlando-inc.35398901d3f982bd6b288d2d6240364f"
"165","West Chicago Fire Protection District","Justice, Public Order, and Safety Activities","Independent","West Chicago, IL, United States","https://dnb.com/business-directory/company-profiles/west-chicago-fire-protection-district.1fb04c236561881a8e90220cf4a23031"
"166","South Elgin & Countryside Fire Protectio...","Justice, Public Order, and Safety Activities","Parent","South Elgin, IL, United States","https://dnb.com/business-directory/company-profiles/south-elgin--countryside-fire-protection-district.11edec688cfde5af81ae800d727fe58c"
"167","General Underground Fire Protection, Inc...","Building Equipment Contractors","Independent","Orange, CA, United States","https://dnb.com/business-directory/company-profiles/general-underground-fire-protection-inc.8bdd6c8fce1f05200d0488a9100b956b"
"168","Koetter Fire Protection Of Austin, L.L.C...","Building Equipment Contractors","Subsidiary","Pflugerville, TX, United States","https://dnb.com/business-directory/company-profiles/koetter-fire-protection-of-austin-llc.e977b3f5a5cba02b035437bb93c207fc"
"169","Hainan Shenghua Technology Co., Ltd","Other Specialty Trade Contractors","Parent","Haikou, Hainan, China","https://dnb.com/business-directory/company-profiles/hainan-shenghua-technology-co-ltd.b3155bd96d2f3658cdc9c1f32fd18b97"
"170","Alert Holdings Group, Inc.","Investigation and Security Services","Parent","Honolulu, HI, United States","https://dnb.com/business-directory/company-profiles/alert-holdings-group-inc.d97b080bf37960bbbd84fd84a2c876af"
"171","THE FIRE PROTECTION ASSOCIATION","Business Support Services","Parent","BANBURY, England, United Kingdom","https://dnb.com/business-directory/company-profiles/the-fire-protection-association.aca92168909349baa3566a81d882f6ed"
"172","Healey Fire Protection, Inc.","Household Appliances and Electrical and Electronic Goods Merchant Wholesalers","Independent","Orion, MI, United States","https://dnb.com/business-directory/company-profiles/healey-fire-protection-inc.eea730fb1712ea95eb61483eca90b446"
"173","East Alabama Water, Sewage & Fire Protec...","Water, Sewage and Other Systems","Parent","Valley, AL, United States","https://dnb.com/business-directory/company-profiles/east-alabama-water-sewage--fire-protection-district.f84fa334cfcfd6bf4da7888260a632d1"
"174","Xiangke Guang'an Fire Fighting Engineeri...","Metal and Mineral (except Petroleum) Merchant Wholesalers","Subsidiary","Guizhou, China","https://dnb.com/business-directory/company-profiles/xiangke-guangan-fire-fighting-engineering-co-ltd.fb942caf176f5edde1a8f74dccc7ab56"
"175","Shandong Qiangli Fire Protection Enginee...","Other Specialty Trade Contractors","Parent","Jinan, Shandong, China","https://dnb.com/business-directory/company-profiles/shandong-qiangli-fire-protection-engineering-co-ltd.26c369acf37312ae2ab0adf17da7c419"
"176","High Rise Fire Protection Corp.","Investigation and Security Services","Independent","Brooklyn, NY, United States","https://dnb.com/business-directory/company-profiles/high-rise-fire-protection-corp.a8ee1dd2056fde4900c32347c1ffd5b2"
"177","Frederick Area Fire Protection District","Justice, Public Order, and Safety Activities","Parent","Frederick, CO, United States","https://dnb.com/business-directory/company-profiles/frederick-area-fire-protection-district.127715f0d8214da5dc46f4bcae105bf1"
"178","Xiao'an Tiantiancha (shaanxi) Fire Prote...","Other Electrical Equipment and Component Manufacturing","Subsidiary","Xi'an, Shaanxi, China","https://dnb.com/business-directory/company-profiles/xiaoan-tiantiancha-(shaanxi)-fire-protection-technology-co-ltd.9051a41459426cb9aaea6b849d0d5961"
"179","Shanghai Fire Protection Association","Scientific Research and Development Services","Parent","Shanghai, Shanghai, China","https://dnb.com/business-directory/company-profiles/shanghai-fire-protection-association.759ce9d2779e089072f3189a256cf94d"
"180","Aspen Fire Protection District","Justice, Public Order, and Safety Activities","Independent","Aspen, CO, United States","https://dnb.com/business-directory/company-profiles/aspen-fire-protection-district.4d4ae127c77d018a584ff91a38b29dac"
"181","Liya Fire Protection Technology Group Co...","Metal and Mineral (except Petroleum) Merchant Wholesalers","Parent","Guiyang, Guizhou, China","https://dnb.com/business-directory/company-profiles/liya-fire-protection-technology-group-co-ltd.c61e034c55f8a58c65d063eeefbd4239"
"182","Tianjin Jianzheng Decoration Engineering...","Metal and Mineral (except Petroleum) Merchant Wholesalers","Subsidiary","Tianjin, Tianjin, China","https://dnb.com/business-directory/company-profiles/tianjin-jianzheng-decoration-engineering-co-ltd.33ab92f969ad7b92f815361a583d75a8"
"183","Shanxi Xiangyuanjie Trading Co., Ltd.","Metal and Mineral (except Petroleum) Merchant Wholesalers","Subsidiary","Taiyuan, Shanxi, China","https://dnb.com/business-directory/company-profiles/shanxi-xiangyuanjie-trading-co-ltd.a484370333b75e5127a5b26026ba87b3"
"184","Commonwealth Fire Protection Company","Building Equipment Contractors","Parent","Leola, PA, United States","https://dnb.com/business-directory/company-profiles/commonwealth-fire-protection-company.c7378fb208208434c3809e5368ddb789"
"185","TFP1 Inc.","Architectural, Engineering, and Related Services","Independent","Woodbury, NY, United States","https://dnb.com/business-directory/company-profiles/tfp1-inc.a53bb8381ac0eafab00a3f4a53c34483"
"186","The Safety Team Inc.","Building Equipment Contractors","Subsidiary","Layton, UT, United States","https://dnb.com/business-directory/company-profiles/the-safety-team-inc.7ac77573ecbc678a34fdbf092f8b7669"
"187","Alliance Fire Protection Services, Inc.","Building Equipment Contractors","Independent","Loganville, GA, United States","https://dnb.com/business-directory/company-profiles/alliance-fire-protection-services-inc.9abd409f9b1818839fac2c41794797f3"
"188","Absolute Fire Protection, Inc","Building Equipment Contractors","Parent","Annapolis, MD, United States","https://dnb.com/business-directory/company-profiles/absolute-fire-protection-inc.60b9a5c83f341a9e2e0f47bb9981dd1b"
"189","South Metropolitan Fire Protection Distr...","Justice, Public Order, and Safety Activities","Independent","Raymore, MO, United States","https://dnb.com/business-directory/company-profiles/south-metropolitan-fire-protection-district.521850c67fdc7436e909fbcef3e7cfbd"
"190","Jarmon Services, Inc.","Building Equipment Contractors","Independent","Dallas, TX, United States","https://dnb.com/business-directory/company-profiles/jarmon-services-inc.78d6cf94b0b555de0b913424d668bc7a"
"191","STAVELEY INDUSTRIES LIMITED","Management of Companies and Enterprises","Subsidiary","LONDON, England, United Kingdom","https://dnb.com/business-directory/company-profiles/staveley-industries-limited.9c14d0543c6bbf46926d4bd3ef493bc1"
"192","APW FIRE PROTECTION LIMITED","Building Equipment Contractors","Subsidiary","BELFAST, Northern Ireland, United Kingdom","https://dnb.com/business-directory/company-profiles/apw-fire-protection-limited.2385cce820d8e2f35a2f5804687c1f4a"
"193","Canon City Area Fire Protection District","Justice, Public Order, and Safety Activities","Independent","Canon City, CO, United States","https://dnb.com/business-directory/company-profiles/canon-city-area-fire-protection-district.3fd574044394f08b66621fe67c7bc49c"
"194","Zhejiang Fang'an Fire Fighting Co., Ltd.","Residential Building Construction","Parent","Jiaxing, Zhejiang, China","https://dnb.com/business-directory/company-profiles/zhejiang-fangan-fire-fighting-co-ltd.4799ec3b9fec9f8fe06e44f9e748ca8b"
"195","Robertson Fire Protection District","Justice, Public Order, and Safety Activities","Parent","Hazelwood, MO, United States","https://dnb.com/business-directory/company-profiles/robertson-fire-protection-district.cc9f4eb35cad347c5d60c87474e61a0c"
"196","Guangdong Zhongqiang Construction Develo...","Architectural, Engineering, and Related Services","Parent","Guangzhou, Guangdong, China","https://dnb.com/business-directory/company-profiles/guangdong-zhongqiang-construction-development-co-ltd.dc088af213f0965a8683979467482b24"
"197","6232698 Canada Inc","Other Support Services","Independent","Etobicoke, ON, Canada","https://dnb.com/business-directory/company-profiles/6232698-canada-inc.e33ec5bd541284fed5f19d28cbd083c6"
"198","D. R. Brenton Limited","Miscellaneous Durable Goods Merchant Wholesalers","Independent","Lakeside, NS, Canada","https://dnb.com/business-directory/company-profiles/d-r-brenton-limited.cdc38f2bdb485c99750979d452bb6311"
"199","Quanzhou Shanhe Fire Fighting Technology...","Business Support Services","Parent","Nanan, Fujian, China","https://dnb.com/business-directory/company-profiles/quanzhou-shanhe-fire-fighting-technology-co-ltd.bddbd2481bbc1b1b23d780ae4ca6c20e"
"200","TAAN FIRE PROTECTION CO., LTD.","Building Equipment Contractors","Independent","Taichung City, Taichung, Taiwan","https://dnb.com/business-directory/company-profiles/taan-fire-protection-co-ltd.01fd484abbb60b0779b91fe468fd5ca5"
"201","Meadowlands Fire Protection Corp","Building Equipment Contractors","Subsidiary","Secaucus, NJ, United States","https://dnb.com/business-directory/company-profiles/meadowlands-fire-protection-corp.d4282fdfb7f71bf159023534244deca8"
"202","Sunland Fire Protection, Inc.","Building Equipment Contractors","Parent","High Point, NC, United States","https://dnb.com/business-directory/company-profiles/sunland-fire-protection-inc.b09ca0fb7119a2b1fd4bb4612ca000b5"
"203","Keizer Rural Fire Protection District","Justice, Public Order, and Safety Activities","Independent","Keizer, OR, United States","https://dnb.com/business-directory/company-profiles/keizer-rural-fire-protection-district.55cbcf9dbd5d49a8dd88602ccdd5a17a"
"204","FIREWORKS FIRE PROTECTION LIMITED","Architectural, Engineering, and Related Services","Subsidiary","ATTLEBOROUGH, England, United Kingdom","https://dnb.com/business-directory/company-profiles/fireworks-fire-protection-limited.0f38d1f197ba64e478a8b2c35a6856fa"
"205","Nova Fire Protection, Inc.","Building Equipment Contractors","Parent","Fargo, ND, United States","https://dnb.com/business-directory/company-profiles/nova-fire-protection-inc.518fb6777aa3664710a5e45b1741a8ec"
"206","Fire-Pro Fire Protection Ltd","Other Support Services","Independent","Burnaby, BC, Canada","https://dnb.com/business-directory/company-profiles/fire-pro-fire-protection-ltd.1aeeb785ffb5ddad69cb5174bd99a2df"
"207","TBL FIRE PROTECTION LIMITED","Nonresidential Building Construction","Independent","COVENTRY, England, United Kingdom","https://dnb.com/business-directory/company-profiles/tbl-fire-protection-limited.d1c99de8adec5370c57c04a82a27cf38"
"208","Paradigm Fire Protection Services B.V.","Computer Systems Design and Related Services","Subsidiary","Groot Ammers, Zuid-Holland, Netherlands","https://dnb.com/business-directory/company-profiles/paradigm-fire-protection-services-bv.9f086d81b8707f0c036e36f7e73bc437"
"209","China Fire Protection Association","Civic and Social Organizations","Parent","Beijing, Beijing, China","https://dnb.com/business-directory/company-profiles/china-fire-protection-association.ec882803419b1bf046268f7aa09f7b8f"
"210","Shenzhen Weijing Fire-fighting Technolog...","Business Support Services","Parent","Shenzhen, Guangdong, China","https://dnb.com/business-directory/company-profiles/shenzhen-weijing-fire-fighting-technology-co-ltd.daad2e45ebe37511ae6b483d6b09e262"
"211","Tongsheng Fire Fighting Technology (shen...","Business Support Services","Parent","Shenyang, Liaoning, China","https://dnb.com/business-directory/company-profiles/tongsheng-fire-fighting-technology-(shenyang)-co-ltd.3349222e7b7ebda7c48c96723f007baf"
"212","Escape Fire Protection Ltd","Other Support Services","Independent","Abbotsford, BC, Canada","https://dnb.com/business-directory/company-profiles/escape-fire-protection-ltd.462fb29a4e309f2c5b131211fef7886f"
"213","Jili Industry Management (shenzhen) Co.,...","Other General Purpose Machinery Manufacturing","Parent","Shenzhen, Guangdong, China","https://dnb.com/business-directory/company-profiles/jili-industry-management-(shenzhen)-co-ltd.25001dae32fca5aceb294a5268194d1f"
"214","A/D Fire Protection Systems Inc","Coating, Engraving, Heat Treating, and Allied Activities","Subsidiary","Scarborough, ON, Canada","https://dnb.com/business-directory/company-profiles/a-d-fire-protection-systems-inc.28c497257652a1fa2f98bb43c2e0f914"
"215","Homer Township Fire Protection District","Other Support Services","Parent","Lockport, IL, United States","https://dnb.com/business-directory/company-profiles/homer-township-fire-protection-district.d14c2abb7952b2a3d3ef73c6ce816328"
"216","Performance Systems Integration, Inc.","Architectural, Engineering, and Related Services","Subsidiary","San Jose, CA, United States","https://dnb.com/business-directory/company-profiles/performance-systems-integration-inc.203f22e52546c7e6f10989369120f68d"
"217","Virginia Sprinkler Company, Inc.","Building Equipment Contractors","Subsidiary","Ashland, VA, United States","https://dnb.com/business-directory/company-profiles/virginia-sprinkler-company-inc.6aca9385ecc48da9e46a422a3e6b4a2a"
"218","JAM Fire Protection, Inc.","Investigation and Security Services","Parent","Monrovia, CA, United States","https://dnb.com/business-directory/company-profiles/jam-fire-protection-inc.cd5c7a201ee596b2cbc0d8dc44f19602"
"219","GORDONSON FIRE PROTECTION LIMITED","Machinery, Equipment, and Supplies Merchant Wholesalers","Independent","EPPING, England, United Kingdom","https://dnb.com/business-directory/company-profiles/gordonson-fire-protection-limited.1c498820d609c84bc86d64171b7b8899"
"220","Fujian Police Sound Construction And Dev...","Architectural, Engineering, and Related Services","Parent","Fuzhou, Fujian, China","https://dnb.com/business-directory/company-profiles/fujian-police-sound-construction-and-development-group-co-ltd.2891f7f465dbb5717a1666200d443b11"
"221","Advanced Fire Protection Services Inc.","Building Equipment Contractors","Parent","Fort Walton Beach, FL, United States","https://dnb.com/business-directory/company-profiles/advanced-fire-protection-services-inc.42656c982dba7ceb9eb9b28fae81c0c7"
"222","Crested Butte Fire Protection District","Other Support Services","Independent","Crested Butte, CO, United States","https://dnb.com/business-directory/company-profiles/crested-butte-fire-protection-district.b44e8aec0afd8980519d1c2c666ee771"
"223","Bayside Fire Protection, L.L.C.","Building Equipment Contractors","Independent","Owings, MD, United States","https://dnb.com/business-directory/company-profiles/bayside-fire-protection-llc.53f6347af963761503b0f3a6f4345e37"
"224","D.E.P. Protection Services Inc.","Building Equipment Contractors","Independent","North York, ON, Canada","https://dnb.com/business-directory/company-profiles/dep-protection-services-inc.620c5151e8d2263b5b02cd5be70f4362"
"225","Zhejiang Zhongshuan Group Co., Ltd","Other Fabricated Metal Product Manufacturing","Parent","Hangzhou, Zhejiang, China","https://dnb.com/business-directory/company-profiles/zhejiang-zhongshuan-group-co-ltd.7f89a6c28a97471fda75bbb9ed27d9f2"
"226","Associated Fire Protection Sales Company...","Miscellaneous Durable Goods Merchant Wholesalers","Parent","Paterson, NJ, United States","https://dnb.com/business-directory/company-profiles/associated-fire-protection-sales-company-inc.566a45b59df1336ae15e399e6f8c200a"
"227","Northern Lakes Fire Protection District","Justice, Public Order, and Safety Activities","Independent","Hayden, ID, United States","https://dnb.com/business-directory/company-profiles/northern-lakes-fire-protection-district.e915e3005c5a11ecd222233c90a35853"
"228","Milton J. Wood Fire Protection, Inc.","Other Support Services","Parent","Jacksonville, FL, United States","https://dnb.com/business-directory/company-profiles/milton-j-wood-fire-protection-inc.c7497835ebc354432f6a87c79aeda2be"
"229","Shanxi Wanhong Engineering Co., Ltd.","Residential Building Construction","Parent","Taiyuan, Shanxi, China","https://dnb.com/business-directory/company-profiles/shanxi-wanhong-engineering-co-ltd.488b08e047a5c22d708ce63d82a48cc8"
"230","Confires Fire Protection Service LLC","Machinery, Equipment, and Supplies Merchant Wholesalers","Independent","South Plainfield, NJ, United States","https://dnb.com/business-directory/company-profiles/confires-fire-protection-service-llc.b937684c7173979c0e7c621fdbd6d123"
"231","Guardian Plumbing & Heating, Inc.","Building Equipment Contractors","Independent","Livonia, MI, United States","https://dnb.com/business-directory/company-profiles/guardian-plumbing--heating-inc.95d11eda40a8d98d74235d8414d17d15"
"232","Shanghai Zhengdeh Tianyou Fire Protectio...","Other Specialty Trade Contractors","Subsidiary","Shanghai, Shanghai, China","https://dnb.com/business-directory/company-profiles/shanghai-zhengdeh-tianyou-fire-protection-equipment-installation-co-ltd.372cf7ff290145dd2be419641746857c"
"233","Advance Management Corp.","Building Equipment Contractors","Independent","Moorestown, NJ, United States","https://dnb.com/business-directory/company-profiles/advance-management-corp.584e5394fd12a07d46fcfeeffb33d0f9"
"234","Fujian Huodi Architecture Fire Fighting ...","Other Specialty Trade Contractors","Parent","Fuzhou, Fujian, China","https://dnb.com/business-directory/company-profiles/fujian-huodi-architecture-fire-fighting-engineering-co-ltd.f49fefb6586a0192ed3c72b590f6f507"
"235","A & A FIRE PROTECTION, LLC","Building Equipment Contractors","Independent","Greenville, SC, United States","https://dnb.com/business-directory/company-profiles/a--a-fire-protection-llc.74171a8a107709e9102af92c5ca025ee"
"236","Henan Honghai Industry Co., Ltd.","Residential Building Construction","Parent","Kaifeng, Henan, China","https://dnb.com/business-directory/company-profiles/henan-honghai-industry-co-ltd.b42c2a57084ac95bba5e7dd7ec42ce15"
"237","Darien Woodridge Fire Protection Distric...","Justice, Public Order, and Safety Activities","Parent","Darien, IL, United States","https://dnb.com/business-directory/company-profiles/darien-woodridge-fire-protection-district-inc.8bb591a4c19ad22a7174a91c42bbfebc"
"238","MORGAN FIRE PROTECTION LIMITED","Justice, Public Order, and Safety Activities","Subsidiary","LONDON, England, United Kingdom","https://dnb.com/business-directory/company-profiles/morgan-fire-protection-limited.7175ceb17d46570b273e2044b50347d2"
"239","Coastal Plumbing & Mechanical Corporatio...","Building Equipment Contractors","Independent","Naples, FL, United States","https://dnb.com/business-directory/company-profiles/coastal-plumbing--mechanical-corporation.31d726f30a98b7c2fad5c1ccaf79c07a"
"240","Jiangsu Teling Safety Technology Co., Lt...","Other Specialty Trade Contractors","Subsidiary","Suzhou, Jiangsu, China","https://dnb.com/business-directory/company-profiles/jiangsu-teling-safety-technology-co-ltd.5496300213bba2105d70eda2960430c0"
"241","Zhongshan Xinghe Mechanical And Electric...","Residential Building Construction","Parent","Zhongshan, Guangdong, China","https://dnb.com/business-directory/company-profiles/zhongshan-xinghe-mechanical-and-electricalfirefightingdecorationengineeringco-ltd.e009d58a2bdd41fa4081e471fb6d2b4f"
"242","Brothers Fire Protection Co.","Building Equipment Contractors","Parent","Elk River, MN, United States","https://dnb.com/business-directory/company-profiles/brothers-fire-protection-co.51deed059b5b0af881213338f2affe03"
"243","Northeast Alabama Water, Sewer & Fire Pr...","Water, Sewage and Other Systems","Parent","Fort Payne, AL, United States","https://dnb.com/business-directory/company-profiles/northeast-alabama-water-sewer--fire-protection-district.0cb040653d0ad87c4c042667bffe49a1"
"244","AIDANT FIRE PROTECTION CO.","Other Miscellaneous Retailers","Parent","Scottsdale, AZ, United States","https://dnb.com/business-directory/company-profiles/aidant-fire-protection-co.7ee5a6ec72081a56dcf2a84a20ee9ab3"
"245","1084999 Ontario Inc","Investigation and Security Services","Independent","Ottawa, ON, Canada","https://dnb.com/business-directory/company-profiles/1084999-ontario-inc.66cbcdbc960a31198db014c33ff76e7e"
"246","Zhejiang Jiangjun Fire-fighting Engineer...","Personal and Household Goods Repair and Maintenance","Independent","Hangzhou, Zhejiang, China","https://dnb.com/business-directory/company-profiles/zhejiang-jiangjun-fire-fighting-engineering-co-ltd.75baa5205d399d91cafc12302fb22f7f"
"247","MINOOKA FIRE PROTECTION DISTRICT","Justice, Public Order, and Safety Activities","Independent","Minooka, IL, United States","https://dnb.com/business-directory/company-profiles/minooka-fire-protection-district.e7483913dd7acd0d9dca264356e7cfe6"
"248","Shandong Huoyan Lanxiaoan Emergency Resc...","Business Support Services","Parent","Jinan, Shandong, China","https://dnb.com/business-directory/company-profiles/shandong-huoyan-lanxiaoan-emergency-rescue-service-co-ltd.239245fa7508755c3ceb3fe4a318fefc"
"249","Zhongsheng Yuanchuang Construction Group...","Machinery, Equipment, and Supplies Merchant Wholesalers","Subsidiary","Xi'an, Shaanxi, China","https://dnb.com/business-directory/company-profiles/zhongsheng-yuanchuang-construction-group-co-ltd.d5edfe0b26f752deeecef43505ef68d2"
"250","AAA Restaurant Fire Control, Inc.","Other Support Services","Independent","Union City, CA, United States","https://dnb.com/business-directory/company-profiles/aaa-restaurant-fire-control-inc.c2f48fe58493a85dd450ea7dc8433fa4"
"251","Southern Nevada Fire Protection, Inc.","Building Equipment Contractors","Parent","Las Vegas, NV, United States","https://dnb.com/business-directory/company-profiles/southern-nevada-fire-protection-inc.f594fb23fce6c9e0724183b9627f44e7"
"252","CFP Fire Protection, Inc.","Building Equipment Contractors","Subsidiary","Irvine, CA, United States","https://dnb.com/business-directory/company-profiles/cfp-fire-protection-inc.8b791769357591b94b5ae75ae6bc41a7"
"253","Luoyang Rongding Fire Protection Technol...","Residential Building Construction","Independent","Luoyang, Henan, China","https://dnb.com/business-directory/company-profiles/luoyang-rongding-fire-protection-technology-co-ltd.98c7c5cf3b0db3787fdcff43aa56f733"
"254","JOINT VENTURE OF CITY DISASTER PROTECTIO...","Other Schools and Instruction","Independent","Thailand","https://dnb.com/business-directory/company-profiles/joint-venture-of-city-disaster-protection-company-limited-shinaracha-frotector-company-limited-and-the-fire-service-collage.155cf8fbc3e055e65f579f79abc76841"
"255","Fire Protection Testing, Inc","Building Equipment Contractors","Independent","Cheshire, CT, United States","https://dnb.com/business-directory/company-profiles/fire-protection-testing-inc.a5f4eb66bfa92907d9626589fe988bf7"
"256","Jiangxi Licheng Technology Security Grou...","Residential Building Construction","Parent","Xinyu, Jiangxi, China","https://dnb.com/business-directory/company-profiles/jiangxi-licheng-technology-security-group-co-ltd.4772dd3189e3a44a20347c67c5f45d83"
"257","Engineered Corrosion Solutions, LLC","Architectural, Engineering, and Related Services","Parent","Saint Louis, MO, United States","https://dnb.com/business-directory/company-profiles/engineered-corrosion-solutions-llc.54621fba89a6285ed9b62d1361752b00"
"258","Zhongjing Construction Co., Ltd.","Electronics and Appliance Retailers","Subsidiary","Shanghai, Shanghai, China","https://dnb.com/business-directory/company-profiles/zhongjing-construction-co-ltd.a3d7193672127d02b9e230f3f1d6c8fb"
"259","Shanghai Zhongning Tai Intelligent Techn...","Business Support Services","Parent","Shanghai, Shanghai, China","https://dnb.com/business-directory/company-profiles/shanghai-zhongning-tai-intelligent-technology-co-ltd.9c26e0edb0908116180605f22aed5198"
"260","Guangxi Guiyue Fire Fighting Mechanical ...","Services to Buildings and Dwellings","Parent","Nanning, Guangxi, China","https://dnb.com/business-directory/company-profiles/guangxi-guiyue-fire-fighting-mechanical--electrical-engineering-co-ltd.f33511225f04f18f874a813bcdb5580e"
"261","JASPER FIRE PROTECTION, INC.","Other Support Services","Independent","Jasper, AL, United States","https://dnb.com/business-directory/company-profiles/jasper-fire-protection-inc.a52d861480a5f7163f4d24950e8980c9"
"262","Ryan Plumbing, Heating, Air Conditioning...","Building Equipment Contractors","Independent","Rochester, NY, United States","https://dnb.com/business-directory/company-profiles/ryan-plumbing-heating-air-conditioning-and-fire-protection-llc.f1a5e5ef0be3d81a79cfa53f54ac8d53"
"263","Chongqing Kunchuan Materials Co., Ltd.","Computer Systems Design and Related Services","Parent","Chongqing, Chongqing, China","https://dnb.com/business-directory/company-profiles/chongqing-kunchuan-materials-co-ltd.5cb8432876846b0613c093866cb19da9"
"264","Jiangsu Ninghe Construction Group Co., L...","Lawn and Garden Equipment and Supplies Retailers","Parent","Nanjing, Jiangsu, China","https://dnb.com/business-directory/company-profiles/jiangsu-ninghe-construction-group-co-ltd.ddd0f17ef33f2839815d31eef1d7313d"
"265","Nelson Fire Protection Co.","Building Equipment Contractors","Subsidiary","Rockford, IL, United States","https://dnb.com/business-directory/company-profiles/nelson-fire-protection-co.55e1b8456d5e010ba52ef08dc4b659e4"
"266","ORR (FIRE PROTECTION) LIMITED","Nonresidential Building Construction","Subsidiary","GLASGOW, Scotland, United Kingdom","https://dnb.com/business-directory/company-profiles/orr-(fire-protection)-limited.1b4b053818a6f25c5d13f73d24dbf64d"
"267","Tech Mechanical Systems Ltd","Building Equipment Contractors","Independent","Victoria, BC, Canada","https://dnb.com/business-directory/company-profiles/tech-mechanical-systems-ltd.e6db64134dc4cc487875f2f7e4ac57eb"
"268","Shenzhen Hengtongyuan New Energy Technol...","Residential Building Construction","Subsidiary","Shenzhen, Guangdong, China","https://dnb.com/business-directory/company-profiles/shenzhen-hengtongyuan-new-energy-technology-co-ltd.1acb5b31e3a62501f0705bead233202b"
"269","Admiral Fire","Machinery, Equipment, and Supplies Merchant Wholesalers","Independent","HIGH WYCOMBE, England, United Kingdom","https://dnb.com/business-directory/company-profiles/admiral-fire.fd60212116e39fef322456ce22676d67"
"270","Jarrett Fire Protection, LLC","Miscellaneous Durable Goods Merchant Wholesalers","Independent","Nashville, TN, United States","https://dnb.com/business-directory/company-profiles/jarrett-fire-protection-llc.00a05151948141556e7d7dae5b9673ab"
"271","Lake Ozark Fire Protection District","Justice, Public Order, and Safety Activities","Independent","Lake Ozark, MO, United States","https://dnb.com/business-directory/company-profiles/lake-ozark-fire-protection-district.2e3e8162f9cf26f7db56272e8cd6cad9"
"272","Abco Fire Protection, Inc.","Building Equipment Contractors","Independent","Lubbock, TX, United States","https://dnb.com/business-directory/company-profiles/abco-fire-protection-inc.1b6b4d0c4068c1fd5e4dddb162488bcd"
"273","T G PRODUCTS LIMITED","Other Miscellaneous Manufacturing","Subsidiary","BLACKBURN, England, United Kingdom","https://dnb.com/business-directory/company-profiles/t-g-products-limited.0e42d46d2a02039864fafb910de26d14"
"274","DAFOOS FIRE PROTECTION EQUIPMENT TRADING...","Management, Scientific, and Technical Consulting Services","Independent","Dubai, Dubai, United Arab Emirates","https://dnb.com/business-directory/company-profiles/dafoos-fire-protection-equipment-trading-llc.cf75b8ecb491766a9ec83ae93c23f011"
"275","Anne Arundel Fire Protection, Inc.","Building Equipment Contractors","Independent","Glen Burnie, MD, United States","https://dnb.com/business-directory/company-profiles/anne-arundel-fire-protection-inc.71106cb2691ac139b4f6a89677ab675d"
"276","Schirmer Fire Protection Engineering Cor...","Agencies, Brokerages, and Other Insurance Related Activities","Subsidiary","Chicago, IL, United States","https://dnb.com/business-directory/company-profiles/schirmer-fire-protection-engineering-corporation.ee0ba7d614a200993305c0409c2fa5fb"
"277","Schmidt Fire Protection Company, Inc.","Building Equipment Contractors","Independent","San Diego, CA, United States","https://dnb.com/business-directory/company-profiles/schmidt-fire-protection-company-inc.36928f4d5e1dec7a0fd831d18b095a4a"
"278","PROTECTION FROM FIRE","Other Miscellaneous Manufacturing","Independent","Damascus, Syria","https://dnb.com/business-directory/company-profiles/protection-from-fire.ed2be0898acfcb19c48e401d3c613cfa"
"279","Hainan Anxin Engineering Co., Ltd.","Other Specialty Trade Contractors","Parent","Haikou, Hainan, China","https://dnb.com/business-directory/company-profiles/hainan-anxin-engineering-co-ltd.6edd3c1b0989590287c558048ee5d6c0"
"280","Jiangsu Diting Construction Engineering ...","Residential Building Construction","Parent","Changzhou, Jiangsu, China","https://dnb.com/business-directory/company-profiles/jiangsu-diting-construction-engineering-co-ltd.29e1c9f8964d9a435b82cbac08bb6b19"
"281","FirePro, LLC","Building Equipment Contractors","Independent","Madison, AL, United States","https://dnb.com/business-directory/company-profiles/firepro-llc.737e23d816016b19126710600144bad8"
"282","Zhongtai Xiang (Beijing) Fire Protection...","Miscellaneous Durable Goods Merchant Wholesalers","Parent","Beijing, Beijing, China","https://dnb.com/business-directory/company-profiles/zhongtai-xiang-(beijing)-fire-protection-technology-co-ltd.709b9723bc77ad871e074ec8cac65412"
"283","BACH - FIRE PROTECTION, LDA","Architectural and Structural Metals Manufacturing","Subsidiary","MORTÁGUA, VISEU, Portugal","https://dnb.com/business-directory/company-profiles/bach---fire-protection-lda.f0d65950b05cc132c4a507accc99189c"
"284","Hunan Zhengbang Fire-fighting Technology...","Investigation and Security Services","Parent","Changsha, Hunan, China","https://dnb.com/business-directory/company-profiles/hunan-zhengbang-fire-fighting-technology-service-co-ltd.6b74df4db248c6704637aa2490b6a69f"
"285","PDS Fire Protection Inc","Other Support Services","Independent","Calgary, AB, Canada","https://dnb.com/business-directory/company-profiles/pds-fire-protection-inc.44ab4d483e8d1a300f727fdc9312019e"
"286","Carbondale & Rural Fire Protection Distr...","Other Support Services","Independent","Carbondale, CO, United States","https://dnb.com/business-directory/company-profiles/carbondale--rural-fire-protection-district.9a20e5c0de464649ed894f0b59147cc9"
"287","Federated Contracting Corp.","Building Equipment Contractors","Independent","Mount Vernon, NY, United States","https://dnb.com/business-directory/company-profiles/federated-contracting-corp.9136633eb5c40731fcfaebb3f45e43c1"
"288","Zhong'an (shandong) Security Technology ...","Lawn and Garden Equipment and Supplies Retailers","Subsidiary","Weifang, Shandong, China","https://dnb.com/business-directory/company-profiles/zhongan-(shandong)-security-technology-co-ltd.e8b2fa92b5c5465b6166b5b0fc7a3f59"
"289","AN PHAT VINA FIRE PROTECTION CONSTRUCTIO...","Metal and Mineral (except Petroleum) Merchant Wholesalers","Independent","My Hao Ward, Hung Yen, Vietnam","https://dnb.com/business-directory/company-profiles/an-phat-vina-fire-protection-construction-trading-company-limited.8102be3bfee6a2b27856a5ecb4b6e93e"
"290","AFFORDABLE FIRE PROTECTION, INC.","Building Equipment Contractors","Parent","Linwood, NJ, United States","https://dnb.com/business-directory/company-profiles/affordable-fire-protection-inc.c5aad0e5ddc2ab483234d389c9f81473"
"291","RED FLAMES FIRE PROTECTION SOLUTIONS L.L...","Navigational, Measuring, Electromedical, and Control Instruments Manufacturing","Independent","Dubai, Dubai, United Arab Emirates","https://dnb.com/business-directory/company-profiles/red-flames-fire-protection-solutions-llc.022f401b6cfd23365719d9f492c306a4"
"292","LONGFORD WOODS PTY. LTD.","Electric Power Generation, Transmission and Distribution","Subsidiary","MONT ALBERT, VICTORIA, Australia","https://dnb.com/business-directory/company-profiles/longford-woods-pty-ltd.b013ec14366dcf41732de4871b30a976"
"293","Fraser Valley Fire Protection Ltd","Building Equipment Contractors","Independent","Abbotsford, BC, Canada","https://dnb.com/business-directory/company-profiles/fraser-valley-fire-protection-ltd.f17eca4b81b00b7333f6089bc8379ba5"
"294","Servant Fire Protection LLC","Building Equipment Contractors","Independent","Nashville, TN, United States","https://dnb.com/business-directory/company-profiles/servant-fire-protection-llc.44f9b973d07768c96902dcba13c6ff3c"
"295","Hebei Tianlong Fire Fighting Group Co., ...","Residential Building Construction","Parent","Baoding, Hebei, China","https://dnb.com/business-directory/company-profiles/hebei-tianlong-fire-fighting-group-co-ltd.95e65cddaaeeb023cb50e0f175b7799b"
"296","Basalt And Rural Fire Protection Distric...","Justice, Public Order, and Safety Activities","Independent","Carbondale, CO, United States","https://dnb.com/business-directory/company-profiles/basalt-and-rural-fire-protection-district.a15db2d64fd0c9db667ceb357c780ae1"
"297","Voltech Electric Ltd","Investigation and Security Services","Independent","Burnaby, BC, Canada","https://dnb.com/business-directory/company-profiles/voltech-electric-ltd.09c11f3122ee73d2fdeb5b94114a040d"
"298","Jejudo Fire Fire Protection Center","Justice, Public Order, and Safety Activities","Subsidiary","Jeju, Jeju, Republic Of Korea","https://dnb.com/business-directory/company-profiles/jejudo-fire-fire-protection-center.b83b159bc21aac1dc91f8c50cba432fa"
"299","ORR(FIRE PROTECTION GROUP) LIMITED","Building Finishing Contractors","Parent","GLASGOW, Scotland, United Kingdom","https://dnb.com/business-directory/company-profiles/orr(fire-protection-group)-limited.ad84257ccd41c47d968dc117099e8bc3"
"300","Bensenville Fire Protection District 2","Justice, Public Order, and Safety Activities","Independent","Bensenville, IL, United States","https://dnb.com/business-directory/company-profiles/bensenville-fire-protection-district-2.44d16018abfd41de174f84148e9077fe"
"301","Carrier Safety System (Hebei) Co., Ltd.","Communications Equipment Manufacturing","Subsidiary","Qinhuangdao, Hebei, China","https://dnb.com/business-directory/company-profiles/carrier-safety-system-(hebei)-co-ltd.8f23fa8ae12df904f3f096239a2015b1"
"302","MINIMAX CHINA FIRE PROTECTION SYSTEM CO....","Investigation and Security Services","Subsidiary","Jordan, Kowloon, Hong Kong","https://dnb.com/business-directory/company-profiles/minimax-china-fire-protection-system-co-limited.0a777589a7e9f2dbb51cc5d823568c2e"
"303","1022423 Ontario Ltd","Building Equipment Contractors","Independent","Markham, ON, Canada","https://dnb.com/business-directory/company-profiles/1022423-ontario-ltd.2c2e558b5497f06cae60cd83f075a569"
"304","Hanguk Fire Protection Technology Co.,Lt...","Building Material and Supplies Dealers","Independent","Seoul, Seoul, Republic Of Korea","https://dnb.com/business-directory/company-profiles/hanguk-fire-protection-technology-coltd.e096dd492890ebcda0cfa7688bff0453"
"305","Forbes Fire Protection Inc","Other Support Services","Subsidiary","Gloucester, ON, Canada","https://dnb.com/business-directory/company-profiles/forbes-fire-protection-inc.e926aa5f782d415a8672a4a3083b6c96"
"306","Champion Fire Protection, Inc.","Building Equipment Contractors","Independent","Savannah, GA, United States","https://dnb.com/business-directory/company-profiles/champion-fire-protection-inc.2ad0a9953d94f817ceeea3662adc6665"
"307","Phaser Fire Protection Ltd","Building Equipment Contractors","Independent","Surrey, BC, Canada","https://dnb.com/business-directory/company-profiles/phaser-fire-protection-ltd.3e6942ef6a6addc571164a1cda8b1718"
"308","Fuzhou Youjin Fire Protection Engineerin...","Residential Building Construction","Subsidiary","Fuzhou, Fujian, China","https://dnb.com/business-directory/company-profiles/fuzhou-youjin-fire-protection-engineering-co-ltd.27f5ffc3c3b00f7cbb0ec69711216511"
"309","BEENEE FIRE PROTECTION","Metal and Mineral (except Petroleum) Merchant Wholesalers","Independent","Mumbai, Maharashtra, India","https://dnb.com/business-directory/company-profiles/beenee-fire-protection.3d13cdf1a74b438a2d420562bd1d968f"
"310","Hunan Police Safety Co., Ltd","Machinery, Equipment, and Supplies Merchant Wholesalers","Subsidiary","Changsha, Hunan, China","https://dnb.com/business-directory/company-profiles/hunan-police-safety-co-ltd.542fec43868d22a90ecfa399c686c3f9"
"311","Northeast Ambulance and Fire Protection ...","Justice, Public Order, and Safety Activities","Independent","Saint Louis, MO, United States","https://dnb.com/business-directory/company-profiles/northeast-ambulance-and-fire-protection-district.e4fa2089d112dc09532c5cfaf9c8a2f7"
"312","Superior Welding Supply Co.","Machinery, Equipment, and Supplies Merchant Wholesalers","Parent","Waterloo, IA, United States","https://dnb.com/business-directory/company-profiles/superior-welding-supply-co.76a7e669ff84102a50665d6045afcf22"
"313","TAN LONG HAI FIRE PROTECTION TRADING AND...","Miscellaneous Durable Goods Merchant Wholesalers","Parent","Cho Quan Ward, Ho Chi Minh, Vietnam","https://dnb.com/business-directory/company-profiles/tan-long-hai-fire-protection-trading-and-service-company-limited.41fb9ada147832f12ecb8aff97bea088"
"314","PHOENIX FIRE PROTECTION, INC.","Building Equipment Contractors","Independent","Upper Marlboro, MD, United States","https://dnb.com/business-directory/company-profiles/phoenix-fire-protection-inc.fc4882449efbf980fb73f8e6911bb12d"
"315","Liheng Fire Protection Decoration Engine...","Architectural, Engineering, and Related Services","Parent","Shenzhen, Guangdong, China","https://dnb.com/business-directory/company-profiles/liheng-fire-protection-decoration-engineering-co-ltd.8719c279ac456458784c70018d48f6bb"
"316","BARRIER FIRE PROTECTION LIMITED","Other Specialty Trade Contractors","Subsidiary","WALLSEND, England, United Kingdom","https://dnb.com/business-directory/company-profiles/barrier-fire-protection-limited.723c4c4a031610acac26985668d8b44b"
"317","Manhattan Fire Protection District","Justice, Public Order, and Safety Activities","Independent","Manhattan, IL, United States","https://dnb.com/business-directory/company-profiles/manhattan-fire-protection-district.7d575ece3352db06444d36141796456c"
"318","Victory Fire Protection, Inc.","Building Equipment Contractors","Independent","Pottstown, PA, United States","https://dnb.com/business-directory/company-profiles/victory-fire-protection-inc.2264476ad6197ff947ebcca3064ae9e7"
"319","Wolf Fire Protection, Inc.","Building Equipment Contractors","Independent","Baltimore, MD, United States","https://dnb.com/business-directory/company-profiles/wolf-fire-protection-inc.b02692e7022d4a0c9af58c1f6aa04a40"
"320","EVOLUTION","Business Support Services","Parent","Zhengzhou, Henan, China","https://dnb.com/business-directory/company-profiles/evolution.d1eb880259d7125eee081dff7b1e6601"
"321","Jiangsu Shuangjia Fire Protection Engine...","Nonresidential Building Construction","Parent","Rugao, Jiangsu, China","https://dnb.com/business-directory/company-profiles/jiangsu-shuangjia-fire-protection-engineering-co-ltd.3b3f6074b825b8947ac1dcdb74c52134"
"322","Rustic Fire Protection, Inc.","Building Equipment Contractors","Independent","Norton, MA, United States","https://dnb.com/business-directory/company-profiles/rustic-fire-protection-inc.8ce319e7e9cd4b327eac46955fc49b21"
"323","INTERNATIONAL THERMAL INSULATION & FIRE ...","Support Activities for Mining","Independent","Manama, Al Asimah, Bahrain","https://dnb.com/business-directory/company-profiles/international-thermal-insulation--fire-protection-company---intherpro-wll.08bcc5f5f6652c862edad4b77dfe3365"
"324","Delta Fire Sprinklers, Inc.","Building Equipment Contractors","Parent","Sanford, FL, United States","https://dnb.com/business-directory/company-profiles/delta-fire-sprinklers-inc.ef5eddd525414405726f94724aa75c51"
"325","Shandong Xiang'an Construction Group Co....","Residential Building Construction","Parent","Zaozhuang, Shandong, China","https://dnb.com/business-directory/company-profiles/shandong-xiangan-construction-group-co-ltd.faa400975bd15d345c43bf1c3d1fb3ea"
"326","Guangshengyuan Group Co., Ltd","Residential Building Construction","Subsidiary","Qingdao, Shandong, China","https://dnb.com/business-directory/company-profiles/guangshengyuan-group-co-ltd.71edbf41194ed978188a739d3aaf3f6f"
"327","Shanxi Fangsheng Fire Protection Enginee...","Other Specialty Trade Contractors","Parent","Taiyuan, Shanxi, China","https://dnb.com/business-directory/company-profiles/shanxi-fangsheng-fire-protection-engineering-co-ltd.231f43197abe4bdc359ab4d9a1f92f6c"
"328","BHAWANI FIRE PROTECTION PRIVATE LIMITED","Architectural and Structural Metals Manufacturing","Parent","Ghaziabad, Uttar Pradesh, India","https://dnb.com/business-directory/company-profiles/bhawani-fire-protection-private-limited.15c456e3603cc8595506014c793932b9"
"329","Orange Beach Water Sewer And Fire Protec...","Water, Sewage and Other Systems","Independent","Orange Beach, AL, United States","https://dnb.com/business-directory/company-profiles/orange-beach-water-sewer-and-fire-protection-authority.19bf19318e296130e3f0fab48b90362c"
"330","Henan Anzhu Fire Protection Parts Techno...","Clay Product and Refractory Manufacturing","Subsidiary","Jiaozuo, Henan, China","https://dnb.com/business-directory/company-profiles/henan-anzhu-fire-protection-parts-technology-co-ltd.97838da75595c375ea6a0a0129a31431"
"331","Coastal Fire Protection, L.L.C.","Building Equipment Contractors","Parent","La Place, LA, United States","https://dnb.com/business-directory/company-profiles/coastal-fire-protection-llc.053ebdfadad12e8fe02159eb2a875c71"
"332","HAI LAP FIRE PROTECTION CONSTRUCTION AND...","Building Equipment Contractors","Parent","Viet Tri Ward, Phu Tho, Vietnam","https://dnb.com/business-directory/company-profiles/hai-lap-fire-protection-construction-and-design-consultant-company-limited.e29b20d9baab1c0faf74d0e1a5982dc7"
"333","WAYGD, INC.","Household Appliances and Electrical and Electronic Goods Merchant Wholesalers","Independent","Rochester, NY, United States","https://dnb.com/business-directory/company-profiles/waygd-inc.f94ad5f57314990445988c419d39dc33"
"334","DOR SAFETY AND FIRE PROTECTION LTD","Other Professional, Scientific, and Technical Services","Independent","KIRYAT GAT, Southern District, Israel","https://dnb.com/business-directory/company-profiles/dor-safety-and-fire-protection-ltd.c0f0dffa89cfd9aca1cd8bccbdb48e30"
"335","VARDI - ADVANCED FIRE PROTECTION INSTITU...","Other Professional, Scientific, and Technical Services","Independent","CAESAREA, Northern District, Israel","https://dnb.com/business-directory/company-profiles/vardi---advanced-fire-protection-institute-ltd.e1fe3b0a543006d6f1d3d27234c927f0"
"336","Y. YANKOVICH FIRE PROTECTION ENGINEERING...","Other Professional, Scientific, and Technical Services","Independent","HOD HASHARON, Central District, Israel","https://dnb.com/business-directory/company-profiles/y-yankovich-fire-protection-engineering-ltd.c5f678cfc5f5c60d96e6049276492d88"
"337","PROTECTION EYE TRADE INSTALLATION & MAIN...","Business Support Services","Independent","Mansour, Baghdad, Iraq","https://dnb.com/business-directory/company-profiles/protection-eye-trade-installation--maintenance-of-cameras-early-warning-systems-theft--fire--internet-systems.3bbe70e5673911d639b8abbff20e17ab"
"338","ARAPAHOE FIRE PROTECTION, LLC","Architectural, Engineering, and Related Services","Parent","Aurora, CO, United States","https://dnb.com/business-directory/company-profiles/arapahoe-fire-protection-llc.5f1630f01f3cc1b3f05d5415be7ec97f"
"339","BRYLAND FIRE PROTECTION LIMITED","Machinery, Equipment, and Supplies Merchant Wholesalers","Subsidiary","DUDLEY, England, United Kingdom","https://dnb.com/business-directory/company-profiles/bryland-fire-protection-limited.7cd763dc5add94386e9ddfe0b74fc1d1"
"340","DEBASISH FIRE PROTECTION SYSTEMS","Miscellaneous Durable Goods Merchant Wholesalers","Independent","New Delhi, Delhi, India","https://dnb.com/business-directory/company-profiles/debasish-fire-protection-systems.86957cc6835d0ccb42a04f7bbe2cd070"
"341","Wuhan Hengji Fire Protection Engineering...","Other Fabricated Metal Product Manufacturing","Branch","Xiangyang, Hubei, China","https://dnb.com/business-directory/company-profiles/wuhan-hengji-fire-protection-engineering-co-ltd-xiangyang-branch.28d9c8ffc13a55e02f10f6dd7e229e41"
"342","Shanghai Huanyu Fire Fighting Group Co.,...","Architectural, Engineering, and Related Services","Parent","Shanghai, Shanghai, China","https://dnb.com/business-directory/company-profiles/shanghai-huanyu-fire-fighting-group-co-ltd.692e8acefb513330c8ee6e2991116704"
"343","Shenyang Daliao Construction Group Co., ...","Residential Building Construction","Parent","Shenyang, Liaoning, China","https://dnb.com/business-directory/company-profiles/shenyang-daliao-construction-group-co-ltd.e1d28c0136ad3c808b95f0a8146b9e69"
"344","Shanxi Yisheng Shuzhi Fire Protection Co...","Residential Building Construction","Parent","Taiyuan, Shanxi, China","https://dnb.com/business-directory/company-profiles/shanxi-yisheng-shuzhi-fire-protection-coltd.94da230395b77a4c2312eb07f6418609"
"345","SPARK FIRE PROTECTION PRIVATE LIMITED","Support Activities for Air Transportation","Independent","Gwalior, Madhya Pradesh, India","https://dnb.com/business-directory/company-profiles/spark-fire-protection-private-limited.7ad92b8f0594528cca32fb2dfc389d70"
"346","CALEDONIA FIRE AND SECURITY LIMITED","Furniture and Home Furnishings Retailers","Subsidiary","KIRKCALDY, Scotland, United Kingdom","https://dnb.com/business-directory/company-profiles/caledonia-fire-and-security-limited.296be831f4dc04088932c8f8a8391818"
"347","Jilin Jili Fire Fighting Engineering Co....","Foundation, Structure, and Building Exterior Contractors","Parent","Jilin, Jilin, China","https://dnb.com/business-directory/company-profiles/jilin-jili-fire-fighting-engineering-co-ltd.5054615f97e43d9c5c5160c3a72d3ca5"
"348","Prospect Heights Fire Protection Distric...","Justice, Public Order, and Safety Activities","Independent","Prospect Heights, IL, United States","https://dnb.com/business-directory/company-profiles/prospect-heights-fire-protection-district.28bdbec261e591110b88efaa37a9ff6b"
"349","Zhongyi Jian'an Technology Co., Ltd.","Architectural, Engineering, and Related Services","Parent","Yixing, Jiangsu, China","https://dnb.com/business-directory/company-profiles/zhongyi-jianan-technology-co-ltd.48b8acba5ad1d594d5a75143acf5b9b2"
"350","ESCAPE FIRE PROTECTION INC","Building Equipment Contractors","Independent","Saint Paul, MN, United States","https://dnb.com/business-directory/company-profiles/escape-fire-protection-inc.7d93c07850fb9a41dd5aa107177ab5d6"
"351","Qingyuan Guosheng Firefighting Engineeri...","Building Finishing Contractors","Subsidiary","Qingyuan, Guangdong, China","https://dnb.com/business-directory/company-profiles/qingyuan-guosheng-firefighting-engineering-co-ltd.c1bbf3fd456e3bc5f8f5d3c782feab64"
"352","Shenzhen Zhonggong Jianye Construction G...","Building Finishing Contractors","Subsidiary","Shenzhen, Guangdong, China","https://dnb.com/business-directory/company-profiles/shenzhen-zhonggong-jianye-construction-group-co-ltd.d5113656c37345a4ecf6e04b8fcae220"
"353","Jiangsu Yunshang Chen'an Fire Protection...","Building Finishing Contractors","Subsidiary","Suzhou, Jiangsu, China","https://dnb.com/business-directory/company-profiles/jiangsu-yunshang-chenan-fire-protection-engineering-co-ltd.8cb209ad4e451af2387b8f55266681ca"
"354","Shandong Ju'an Fire Protection Technolog...","Building Finishing Contractors","Subsidiary","Qingdao, Shandong, China","https://dnb.com/business-directory/company-profiles/shandong-juan-fire-protection-technology-co-ltd.5ebb60320a8ff38febe051d7d7500f08"
"355","SNOWMASS WILDCAT FIRE PROTECTION DISTRIC...","Justice, Public Order, and Safety Activities","Independent","Snowmass Village, CO, United States","https://dnb.com/business-directory/company-profiles/snowmass-wildcat-fire-protection-district.1b88e4f75b04fbc059c757a7cc4db63c"
"356","Baotou Second Metallurgical Mechanical A...","Residential Building Construction","Independent","Baotou, Inner Mongolia, China","https://dnb.com/business-directory/company-profiles/baotou-second-metallurgical-mechanical-and-electrical-fire-protection-engineering-co-ltd.91b4d607611cf114806d8d404511fe16"
"357","Inner Mongolia Huawei Fire Protection En...","Nonresidential Building Construction","Independent","Hohhot, Inner Mongolia, China","https://dnb.com/business-directory/company-profiles/inner-mongolia-huawei-fire-protection-engineering-coltd.3083f453789c7231260e96887e41189e"
"358","SUN FIRE PROTECTION SYSTEMS","Miscellaneous Durable Goods Merchant Wholesalers","Independent","Chennai, Tamil Nadu, India","https://dnb.com/business-directory/company-profiles/sun-fire-protection-systems.ab4f0dbc0e4900198b4e7bfb73d819a9"
"359","Millennium Fire Protection Corporation","Building Equipment Contractors","Independent","Carlsbad, CA, United States","https://dnb.com/business-directory/company-profiles/millennium-fire-protection-corporation.c051745a0a9585fe558e7bf6fcd0af08"
"360","Hunan Shengheng Environmental Protection...","Commercial and Service Industry Machinery Manufacturing","Independent","Changsha, Hunan, China","https://dnb.com/business-directory/company-profiles/hunan-shengheng-environmental-protection-fireproof-technology-coltd.d9ec8aa6a54dee5675e0c4017c6776a1"
"361","Guangxi Liuzhou Lingzhi Fire Protection ...","Residential Building Construction","Independent","Liuzhou, Guangxi, China","https://dnb.com/business-directory/company-profiles/guangxi-liuzhou-lingzhi-fire-protection-engineering-co-ltd.a500145cd420ff673ebce380e1a9a047"
"362","Hangzhou Hengji Fire Protection Engineer...","Residential Building Construction","Independent","Hangzhou, Zhejiang, China","https://dnb.com/business-directory/company-profiles/hangzhou-hengji-fire-protection-engineering-co-ltd.31a708d4ded46a3b5f1172f7eb548a4a"
"363","Baotou Fuyuan Fire Protection Engineerin...","Residential Building Construction","Independent","Baotou, Inner Mongolia, China","https://dnb.com/business-directory/company-profiles/baotou-fuyuan-fire-protection-engineering-installation-and-maintenance-service-co-ltd.e68d1c01bfdd5ac9efa0332dd796dd78"
"364","ENGINEERED FIRE PROTECTION INC.","Building Equipment Contractors","Independent","Ballwin, MO, United States","https://dnb.com/business-directory/company-profiles/engineered-fire-protection-inc.3ebda6797729f500fd8451f05790a33f"
"365","Boston Fire Sprinkler Protection Company...","Building Equipment Contractors","Independent","Hanover, MA, United States","https://dnb.com/business-directory/company-profiles/boston-fire-sprinkler-protection-company-inc.d9413c3f77d6fd7212600b8d08879543"
"366","Gongyi Jixing Environmental Protection F...","Clay Product and Refractory Manufacturing","Independent","Gongyi, Henan, China","https://dnb.com/business-directory/company-profiles/gongyi-jixing-environmental-protection-fire-proof-materials-coltd.724ae1a5a022a702c59079adb78eaa9b"
"367","Deschutes County Rural Fire Protection D...","Justice, Public Order, and Safety Activities","Independent","Bend, OR, United States","https://dnb.com/business-directory/company-profiles/deschutes-county-rural-fire-protection-district--2.9997e23ccbffc9e431fe04c5a57692d0"
"368","Fujian Minxiao Tianxin Fire Fighting Tec...","Other Specialty Trade Contractors","Subsidiary","Fuzhou, Fujian, China","https://dnb.com/business-directory/company-profiles/fujian-minxiao-tianxin-fire-fighting-technology-co-ltd.f01f93428caee48be516f8e451eeaec1"
"369","Shanghai Yingshuo Fire Protection Engine...","Building Equipment Contractors","Parent","Shanghai, Shanghai, China","https://dnb.com/business-directory/company-profiles/shanghai-yingshuo-fire-protection-engineering-co-ltd.359423bfa4737da2e2ca15a864c2af17"
"370","Zhejiang Yinxiang Fire Fighting Engineer...","Architectural, Engineering, and Related Services","Parent","Taizhou, Zhejiang, China","https://dnb.com/business-directory/company-profiles/zhejiang-yinxiang-fire-fighting-engineering-co-ltd.41246c70c34773d1f42c753504db92a8"
"371","Ishank Fire Protection System","Miscellaneous Nondurable Goods Merchant Wholesalers","Independent","New Delhi, Delhi, India","https://dnb.com/business-directory/company-profiles/ishank-fire-protection-system.c6c83985ce96cb5099a0b4cc9ea48483"
"372","BRIGHT FIRE PROTECTION SDN. BHD.","Support Activities for Mining","Independent","Kuala Lumpur, Wilayah Persekutuan Kuala Lumpur, Malaysia","https://dnb.com/business-directory/company-profiles/bright-fire-protection-sdn-bhd.52d5b3d6a3e751d6f4a95a6fb890993c"
"373","Henan Liucheng Fire Fighting Installatio...","Residential Building Construction","Parent","Zhengzhou, Henan, China","https://dnb.com/business-directory/company-profiles/henan-liucheng-fire-fighting-installation-engineering-co-ltd.beb9ccede59a54ba901c10243a4fa1c8"
"374","ABCO Fire Protection Inc.","Building Equipment Contractors","Parent","Pittsburgh, PA, United States","https://dnb.com/business-directory/company-profiles/abco-fire-protection-inc.09264f56e1ab926c0322cc757ba4ac0f"
"375","ORLY FIRE PROTECTION AND SAFETY LTD.","Electric Power Generation, Transmission and Distribution","Independent","RISHON LEZION, Central District, Israel","https://dnb.com/business-directory/company-profiles/orly-fire-protection-and-safety-ltd.310b7bcdf1237b992e94bfbea1889c1f"
"376","Guangdong Jian'an Fire Protection Electr...","Building Equipment Contractors","Parent","Foshan, Guangdong, China","https://dnb.com/business-directory/company-profiles/guangdong-jianan-fire-protection-electromechanical-engineering-co-ltd.ef2060c0c6b9f7fe67e143992b9b15ea"
"377","Chengdu Akepu Mechanical & Electrical In...","Machinery, Equipment, and Supplies Merchant Wholesalers","Parent","Chengdu, Sichuan, China","https://dnb.com/business-directory/company-profiles/chengdu-akepu-mechanical--electrical-installation-engineering-co-ltd.f8ad7cd51b2d5d618596883d2f8835fb"
"378","Jinan No.4 Construction Group Intelligen...","Building Equipment Contractors","Subsidiary","Jinan, Shandong, China","https://dnb.com/business-directory/company-profiles/jinan-no4-construction-group-intelligent-fire-protection-engineeringco-ltd.d857e7712ea9305b219bb81e676fa1fa"
"379","Blivex Energy Technology Co., Ltd","Other Electrical Equipment and Component Manufacturing","Parent","Xi'an, Shaanxi, China","https://dnb.com/business-directory/company-profiles/blivex-energy-technology-co-ltd.345c3c7ff0ed151685009906a0ef8c0e"
"380","PRECISION FIRE PROTECTION, INC.","Building Equipment Contractors","Independent","Reinholds, PA, United States","https://dnb.com/business-directory/company-profiles/precision-fire-protection-inc.c364c11dee4f7bfb8d3cf51b02dc9436"
"381","SOYUZ FIRE PROTECTION SYSTEMS AFRICA (PT...","Water, Sewage and Other Systems","Independent","WALKERVILLE, GAUTENG, South Africa","https://dnb.com/business-directory/company-profiles/soyuz-fire-protection-systems-africa-(pty)-ltd.47cd1cb855f6ce8d9fb587032811359c"
"382","Controx-Fire Protection AG in Liquidatio...","Architectural, Engineering, and Related Services","Independent","Winterthur, ZÜRICH, Switzerland","https://dnb.com/business-directory/company-profiles/controx-fire-protection-ag-in-liquidation.0ffafa17a0eb45b3265dd79d4b475225"
"383","ALPHNAT CONSTRUCTION AND FIRE PROTECTION...","Nonresidential Building Construction","Independent","JOHANNESBURG, GAUTENG, South Africa","https://dnb.com/business-directory/company-profiles/alphnat-construction-and-fire-protection-(pty)-ltd.da08b65d4f71933431d8add0bee3bbe2"
"384","EUNIX FIRE PROTECTION PTE. LTD.","Household Appliances and Electrical and Electronic Goods Merchant Wholesalers","Independent","Singapore, Singapore","https://dnb.com/business-directory/company-profiles/eunix-fire-protection-pte-ltd.7dc79645da5b01293a8925215d066df1"
"385","Shanghai Keyi Intelligent Technology Co....","Residential Building Construction","Subsidiary","Shanghai, Shanghai, China","https://dnb.com/business-directory/company-profiles/shanghai-keyi-intelligent-technology-co-ltd.1ba02a4be872ddee12efd86148ecb9a0"
"386","Total Fire Protection, LLC.","Building Equipment Contractors","Independent","Alabaster, AL, United States","https://dnb.com/business-directory/company-profiles/total-fire-protection-llc.b59861215824fe1dd6f37574b6d40780"
"387","Vavenby Fire Hall Non Emrgncy","Other Support Services","Independent","Vavenby, BC, Canada","https://dnb.com/business-directory/company-profiles/vavenby-fire-hall-non-emrgncy.0abac434b97381e476c6723157fafb37"
"388","Advanced Fire Protection Systems, LLC","Building Equipment Contractors","Subsidiary","Baltimore, MD, United States","https://dnb.com/business-directory/company-profiles/advanced-fire-protection-systems-llc.b376f627ef9c3ac4b5cc7bceee3ccdc9"
"389","Rockridge LLC","Residential Building Construction","Independent","Las Vegas, NV, United States","https://dnb.com/business-directory/company-profiles/rockridge-llc.1f63c1408bdeda6cc55e930cb3e39487"
"390","Henan Fu'Erdun Fire-Fighting Technology ...","Commercial and Service Industry Machinery Manufacturing","Subsidiary","Zhengzhou, Henan, China","https://dnb.com/business-directory/company-profiles/henan-fuerdun-fire-fighting-technology-co-ltd.9b120e9c006d5246d84d2e48470e2c88"
"391","Chongqing Quanming Construction Engineer...","Residential Building Construction","Parent","Chongqing, Chongqing, China","https://dnb.com/business-directory/company-profiles/chongqing-quanming-construction-engineering-co-ltd.f6c2a1ac11f40415806aabb499a5b142"
"392","THIEN PHUC FIRE PROTECTION CONSTRUCTION ...","Residential Building Construction","Independent","Ho Chi Minh, Ho Chi Minh, Vietnam","https://dnb.com/business-directory/company-profiles/thien-phuc-fire-protection-construction-trading-company-limited.ea24dbcae028091eab7e6d68921fda58"
"393","Genesis Fire Protection, Inc.","Building Equipment Contractors","Independent","Seagoville, TX, United States","https://dnb.com/business-directory/company-profiles/genesis-fire-protection-inc.b7a83f93654b3154c4151bfcdbf153a7"
"394","F.E. MORAN, INC. FIRE PROTECTION EAST CO...","Building Equipment Contractors","Subsidiary","Northbrook, IL, United States","https://dnb.com/business-directory/company-profiles/fe-moran-inc-fire-protection-east-coast.60fbcdbd781ccc38fd6eb80ddf708572"
"395","Kazal Fire Protection, Inc.","Building Equipment Contractors","Independent","Tucson, AZ, United States","https://dnb.com/business-directory/company-profiles/kazal-fire-protection-inc.2b04568d1d0da182f85d48f94735c5c6"
"396","Zhengyu Construction Group Co., Ltd.","Other Specialty Trade Contractors","Subsidiary","Hefei, Anhui, China","https://dnb.com/business-directory/company-profiles/zhengyu-construction-group-co-ltd.844d505967200ce3d98f3503eaa07832"
"397","Hainan DAKAI Intelligent Fire Protection...","Other Specialty Trade Contractors","Subsidiary","Haikou, Hainan, China","https://dnb.com/business-directory/company-profiles/hainan-dakai-intelligent-fire-protection-coltd.9291ef20d3e7d76d1fea080fc273ee97"
"398","Industrial/Commercial Fire Protection, I...","Building Equipment Contractors","Independent","Lucedale, MS, United States","https://dnb.com/business-directory/company-profiles/industrial-commercial-fire-protection-inc.402f2126ab567e1ceb776bf488363078"
"399","KULSWAMINI FIRE PROTECTION","Support Activities for Air Transportation","Independent","Thane, Maharashtra, India","https://dnb.com/business-directory/company-profiles/kulswamini-fire-protection.67e7d66aa196b05db5b9c17b34d3d1bb"
"400","DAKSH FIRE SAFETY AND PROTECTION SERVICE","Support Activities for Air Transportation","Independent","Ghaziabad, Uttar Pradesh, India","https://dnb.com/business-directory/company-profiles/daksh-fire-safety-and-protection-service.bbc45f178b1cc83690393ba9d6c54313"
"401","PERFECT FIRE PROTECTION SYSTEMS","Support Activities for Air Transportation","Independent","Nashik, Maharashtra, India","https://dnb.com/business-directory/company-profiles/perfect-fire-protection-systems.35827029ea9bfb8cde19a146a39cc199"
"402","MARQUEE FIRE PROTECTION, LLC","Building Equipment Contractors","Parent","Rocklin, CA, United States","https://dnb.com/business-directory/company-profiles/marquee-fire-protection-llc.1a71e89166f18340ad8046690a8d8cc3"
"403","Jiurui Jian'an Industry Co., Ltd.","Building Finishing Contractors","Subsidiary","Chengdu, Sichuan, China","https://dnb.com/business-directory/company-profiles/jiurui-jianan-industry-co-ltd.1b9b422ffa866f49a4fa9be9f2b0f978"
"404","Regional Fire Protection, LLC","Building Equipment Contractors","Independent","Williamsport, MD, United States","https://dnb.com/business-directory/company-profiles/regional-fire-protection-llc.3d9ba729e8dc1ea17fe210ef82505a3b"
"405","HC Services Inc","Residential Building Construction","Parent","Laurel, MS, United States","https://dnb.com/business-directory/company-profiles/hc-services-inc.8ea58abffc84793831b7e29a6ac52da2"
"406","RK FIRE PROTECTION","Metal and Mineral (except Petroleum) Merchant Wholesalers","Independent","Surat, Gujarat, India","https://dnb.com/business-directory/company-profiles/rk-fire-protection.2fffdd886001be56cb246d486e6326e2"
"407","UNIQUE FIRE PROTECTION EQUIPMENTS","Metal and Mineral (except Petroleum) Merchant Wholesalers","Independent","New Delhi, Delhi, India","https://dnb.com/business-directory/company-profiles/unique-fire-protection-equipments.231f94c99e88a378f1eb9faba7845b13"
"408","SS FIRE PROTECTION","Metal and Mineral (except Petroleum) Merchant Wholesalers","Independent","Gurugram, Haryana, India","https://dnb.com/business-directory/company-profiles/ss-fire-protection.4e5aecd009c32dc020e77457b2100b4b"
"409","ADITYA FIRE PROTECTION SYSTEMS","Metal and Mineral (except Petroleum) Merchant Wholesalers","Independent","Ranchi, Jharkhand, India","https://dnb.com/business-directory/company-profiles/aditya-fire-protection-systems.cc8de6f1c5f8f1460f74fac5e4abe4a2"
"410","FOGTEC FIRE PROTECTION PRIVATE LIMITED","Machinery, Equipment, and Supplies Merchant Wholesalers","Subsidiary","Mumbai, Maharashtra, India","https://dnb.com/business-directory/company-profiles/fogtec-fire-protection-private-limited.8ca552da70adb4e5c7729a79b4e7cb25"
"411","Hailongsheng Fire-fighting Engineering C...","Residential Building Construction","Parent","Liaocheng, Shandong, China","https://dnb.com/business-directory/company-profiles/hailongsheng-fire-fighting-engineering-co-ltd.aa216169678492e0597b4d58e3da242b"
"412","Boyiheng Fire Fighting Mechanical & Elec...","Residential Building Construction","Subsidiary","Wuhan, Hubei, China","https://dnb.com/business-directory/company-profiles/boyiheng-fire-fighting-mechanical--electrical-engineering-group-co-ltd.7f8ff6a212864ef83e3cadb42d43de02"
"413","Hangzhou Hongtai Fire Engineering Co., L...","Residential Building Construction","Subsidiary","Hangzhou, Zhejiang, China","https://dnb.com/business-directory/company-profiles/hangzhou-hongtai-fire-engineering-co-ltd.aa93b656c71963820ed26dc6f18c514d"
"414","Zhejiang Xinyuan Fire Protection Technol...","Residential Building Construction","Subsidiary","Ningbo, Zhejiang, China","https://dnb.com/business-directory/company-profiles/zhejiang-xinyuan-fire-protection-technology-co-ltd.2cac53372b8874621c9e17a74339df59"
"415","Daewoo Fire Protection Ind. Co., Ltd.","Building Equipment Contractors","Independent","Pohang, Gyeongbuk, Republic Of Korea","https://dnb.com/business-directory/company-profiles/daewoo-fire-protection-ind-co-ltd.e3af0a114b919f781fe00792d9930784"
"416","Mid County Fire Protection District of S...","Justice, Public Order, and Safety Activities","Independent","Saint Louis, MO, United States","https://dnb.com/business-directory/company-profiles/mid-county-fire-protection-district-of-st-louis-county.8ad8a27c119e67e7e90226b315f412d0"
"417","FIREMARK LTD","Machinery, Equipment, and Supplies Merchant Wholesalers","Parent","BRIDGWATER, England, United Kingdom","https://dnb.com/business-directory/company-profiles/firemark-ltd.b4a16f6421dc26b4ed1f3bee7f622384"
"418","CANNON FIRE PROTECTION LIMITED","Business Support Services","Subsidiary","NEWARK, England, United Kingdom","https://dnb.com/business-directory/company-profiles/cannon-fire-protection-limited.9ca13b62e7dcda35c83f5b911ad06073"
"419","A.A FIRE PROTECTION LTD","Navigational, Measuring, Electromedical, and Control Instruments Manufacturing","Independent","GILAT, Southern District, Israel","https://dnb.com/business-directory/company-profiles/aa-fire-protection-ltd.df4847ae5966df5e061f6a8f52363047"
"420","Guangdong Jinli Construction Engineering...","Other Specialty Trade Contractors","Subsidiary","Shenzhen, Guangdong, China","https://dnb.com/business-directory/company-profiles/guangdong-jinli-construction-engineering-co-ltd.d60074889aee7cc922b0fd1a0e5943f4"
"421","Kraico Mechanical Ltd","Building Equipment Contractors","Independent","Port Coquitlam, BC, Canada","https://dnb.com/business-directory/company-profiles/kraico-mechanical-ltd.37c2333dddc9e743829e2adc704cc700"
"422","Spira Fire Protection Ltd","Building Equipment Contractors","Independent","Guelph, ON, Canada","https://dnb.com/business-directory/company-profiles/spira-fire-protection-ltd.b6318b3e44169ab14e59636edcb05505"
"423","Zhejiang Liandun Fire Fighting Safety Te...","Residential Building Construction","Parent","Jiaxing, Zhejiang, China","https://dnb.com/business-directory/company-profiles/zhejiang-liandun-fire-fighting-safety-technology-co-ltd.430fea92a5ec6e72ff8af0e5a68abc78"
"424","Central Fire Protection Co., Inc.","Building Equipment Contractors","Independent","Springfield, OH, United States","https://dnb.com/business-directory/company-profiles/central-fire-protection-co-inc.4c0e4cbf52998051348d87a846c49d70"
"425","POLYTECH MOULDINGS LIMITED","Personal and Household Goods Repair and Maintenance","Independent","WAKEFIELD, England, United Kingdom","https://dnb.com/business-directory/company-profiles/polytech-mouldings-limited.fc87c04086eaf03a706f86eb16264919"
"426","Anhui Xiangyi Construction Co., Ltd.","Residential Building Construction","Parent","Wuhu, Anhui, China","https://dnb.com/business-directory/company-profiles/anhui-xiangyi-construction-co-ltd.97536a507136630f6c3a49695e83fbac"
"427","AN BAO PHAT FIRE PROTECTION TECHNICAL TR...","Residential Building Construction","Parent","Da Nang, Da Nang, Vietnam","https://dnb.com/business-directory/company-profiles/an-bao-phat-fire-protection-technical-trading-and-service-company-limited.d127d8227891f7bd7333aee4d8186854"
"428","TITAN FIRE PROTECTION, INC.","Building Equipment Contractors","Parent","Green Bay, WI, United States","https://dnb.com/business-directory/company-profiles/titan-fire-protection-inc.555d437f9695ad5f96d12e0365c06f3a"
"429","Shanghai Shenxin Fire Protection Enginee...","Industrial Machinery Manufacturing","Independent","Shanghai, Shanghai, China","https://dnb.com/business-directory/company-profiles/shanghai-shenxin-fire-protection-engineering-coltd.5567015688b40c6e92392d581fd82350"
"430","FIRE X, INC","Household Appliances and Electrical and Electronic Goods Merchant Wholesalers","Independent","Atlanta, GA, United States","https://dnb.com/business-directory/company-profiles/fire-x-inc.f5b9e78b63b9dfafe816c10205823bd7"
"431","Shenzhen Jiatai Fire Protection Technolo...","Other Miscellaneous Retailers","Subsidiary","Shenzhen, Guangdong, China","https://dnb.com/business-directory/company-profiles/shenzhen-jiatai-fire-protection-technology-co-ltd.f8d0b7b1e163d5678c146cf712c90815"
"432","Shandong Huasen Construction Fire Fighti...","Building Equipment Contractors","Parent","Jinan, Shandong, China","https://dnb.com/business-directory/company-profiles/shandong-huasen-construction-fire-fighting-project-management-coltd.1313ea4cf73503170198d0e941e47ce0"
"433","Essential Fire Protection Systems, Inc.","Building Equipment Contractors","Independent","El Paso, TX, United States","https://dnb.com/business-directory/company-profiles/essential-fire-protection-systems-inc.31644a59517f84bcebbfdd0a28e7fbae"
"434","A.L.Fire Protection Ltd","Other Chemical Product and Preparation Manufacturing","Independent","KIRYAT GAT, Southern District, Israel","https://dnb.com/business-directory/company-profiles/alfire-protection-ltd.bcb944897000b64a3be8db82a16f6dd9"
"435","RISE AND SHINE INSULATION AND FIRE PROTE...","Other Chemical Product and Preparation Manufacturing","Independent","Dubai, Dubai, United Arab Emirates","https://dnb.com/business-directory/company-profiles/rise-and-shine-insulation-and-fire-protection-l-l-c---dubai-branch.3e2eb0f7a1bd2df0323b9f384c8dc32e"
"436","JAVA FIRE PROTECTION SAL","Other Chemical Product and Preparation Manufacturing","Independent","Sin El Fil, Mount Lebanon, Lebanon","https://dnb.com/business-directory/company-profiles/java-fire-protection-sal.98f759a12ed046e37ff3d40ee4d894d7"
"437","PHOENIX FIRE PROTECTION ASIA LIMITED BRA...","Lumber and Other Construction Materials Merchant Wholesalers","Independent","Dubai, Dubai, United Arab Emirates","https://dnb.com/business-directory/company-profiles/phoenix-fire-protection-asia-limited-branch.4118e39a23f7831c52870058daeae9e6"
"438","Associated Fire Protection Corp.","Building Equipment Contractors","Independent","Syracuse, NY, United States","https://dnb.com/business-directory/company-profiles/associated-fire-protection-corp.373ebccbbc67a5c43144e812dd1532c3"
"439","JiangSu Hengan Fire Technology Co., Ltd.","Architectural, Engineering, and Related Services","Parent","Changzhou, Jiangsu, China","https://dnb.com/business-directory/company-profiles/jiangsu-hengan-fire-technology-co-ltd.52d9b9f54e98fae5a9c5c2556a217fde"
"440","Hebei Junchen Construction Engineering C...","Residential Building Construction","Parent","Shijiazhuang, Hebei, China","https://dnb.com/business-directory/company-profiles/hebei-junchen-construction-engineering-co-ltd.0af38fc29ff9ced3d50b2fec9a7c8b8e"
"441","Xintu Construction Group Co., Ltd.","Residential Building Construction","Subsidiary","Zhengzhou, Henan, China","https://dnb.com/business-directory/company-profiles/xintu-construction-group-co-ltd.b154b78300296466ee823c4a071c5c5c"
"442","Shandong Yilonglian Fire Protection Tech...","Residential Building Construction","Parent","Rizhao, Shandong, China","https://dnb.com/business-directory/company-profiles/shandong-yilonglian-fire-protection-technology-co-ltd.4b912e704cfb005b2142128b315409a2"
"443","V3M FIRE PROTECTION SERVICES L.L.C","Residential Building Construction","Independent","Dubai, Dubai, United Arab Emirates","https://dnb.com/business-directory/company-profiles/v3m-fire-protection-services-llc.babc5b6e624531197fdaa406075e46ab"
"444","STOP FIRE PROTECTION LLC - DUBAI BRANCH","Residential Building Construction","Independent","Dubai, Dubai, United Arab Emirates","https://dnb.com/business-directory/company-profiles/stop-fire-protection-llc---dubai-branch.c8e6c47759acf07d7dc27b0bc23be7a6"
"445","FIRE PROTECTION CENTER INC.","Business Support Services","Independent","OTA-KU, TOKYO, Japan","https://dnb.com/business-directory/company-profiles/fire-protection-center-inc.bc852694d426afba1b2ed1d341fdd225"
"446","Sichuan Guojin Construction Co., Ltd","Other Specialty Trade Contractors","Parent","Chengdu, Sichuan, China","https://dnb.com/business-directory/company-profiles/sichuan-guojin-construction-co-ltd.8c11de41a98ba6bb96d40b6103232010"
"447","TAN DUC PHAT FIRE PROTECTION ONE MEMBER ...","Other Miscellaneous Manufacturing","Parent","Tran Bien Ward, Dong Nai, Vietnam","https://dnb.com/business-directory/company-profiles/tan-duc-phat-fire-protection-one-member-company-limited.d120c9ea212b25b7c7646c81d601a826"
"448","Panjin (liaohe) Fire Engineering Technol...","Building Finishing Contractors","Parent","Panjin, Liaoning, China","https://dnb.com/business-directory/company-profiles/panjin-(liaohe)-fire-engineering-technology-co-ltd.fb9ce79e7d0eac2c347b2a2f3a07429d"
"449","J W KENNEDY FIRE PROTECTION, LLC","Machinery, Equipment, and Supplies Merchant Wholesalers","Independent","Trenton, NJ, United States","https://dnb.com/business-directory/company-profiles/j-w-kennedy-fire-protection-llc.1a823b4946c55146623b3478756e5749"
"450","Remal Al Mansourah Fire Protection Devic...","Hardware, and Plumbing and Heating Equipment and Supplies Merchant Wholesalers","Independent","Sharjah, Sharjah, United Arab Emirates","https://dnb.com/business-directory/company-profiles/remal-al-mansourah-fire-protection-devices-fix-(llc).6cab34099d4aac936748360d2506e1ed"
"451","Winsupply Denver Fire Protection","Machinery, Equipment, and Supplies Merchant Wholesalers","Independent","Denver, CO, United States","https://dnb.com/business-directory/company-profiles/winsupply-denver-fire-protection.ab747f5be6a620f8e6d121f63b7ce797"
"452","Hunan Ziqiang Construction Engineering C...","Residential Building Construction","Parent","Changsha, Hunan, China","https://dnb.com/business-directory/company-profiles/hunan-ziqiang-construction-engineering-co-ltd.cecced3212ffb221ebadcd0be3749743"
"453","Guangxi Fudijia Fire Protection Equipmen...","Machinery, Equipment, and Supplies Merchant Wholesalers","Parent","Guilin, Guangxi, China","https://dnb.com/business-directory/company-profiles/guangxi-fudijia-fire-protection-equipment-maintenance-co-ltd.63459634429b8f5dab7ed1d0187af57a"
"454","D.T. Fire Protection Systems Ltd","Other Support Services","Independent","Calgary, AB, Canada","https://dnb.com/business-directory/company-profiles/dt-fire-protection-systems-ltd.82af52bd502b6f4da4510ffebd397b42"
"455","KORSMEYER FIRE PROTECTION, L.L.C.","Miscellaneous Durable Goods Merchant Wholesalers","Independent","Jefferson City, MO, United States","https://dnb.com/business-directory/company-profiles/korsmeyer-fire-protection-llc.0d3fbe911d55dd60a481a5c8453fc2ac"
"456","Jiangxi Jian'an Fire Fighting Technology...","Other Chemical Product and Preparation Manufacturing","Parent","Xinyu, Jiangxi, China","https://dnb.com/business-directory/company-profiles/jiangxi-jianan-fire-fighting-technology-co-ltd.1cb615fa4013133f2d277efe9a9d34ae"
"457","Olympic Fire Protection Corp.","Building Equipment Contractors","Independent","Owatonna, MN, United States","https://dnb.com/business-directory/company-profiles/olympic-fire-protection-corp.77e8038128260486da95b61bc948fd57"
"458","PD Industries, Inc.","Building Equipment Contractors","Independent","Bangor, ME, United States","https://dnb.com/business-directory/company-profiles/pd-industries-inc.ff4a4a54b94fc5ee59d4a763b2eaa2f5"
"459","Triangle Fire Protection, Inc.","Building Equipment Contractors","Independent","Carlisle, PA, United States","https://dnb.com/business-directory/company-profiles/triangle-fire-protection-inc.a131d9eaa991c6c08515ebd8f37e9d4c"
"460","ACE TURNKEY FIRE PROTECTION PRIVATE LIMI...","Other Heavy and Civil Engineering Construction","Independent","New Delhi, Delhi, India","https://dnb.com/business-directory/company-profiles/ace-turnkey-fire-protection-private-limited.b45180903dc4ef79fbce13c694501472"
"461","Wenzhou Huichun Valve Co., Ltd","Motor Vehicle Parts Manufacturing","Subsidiary","Wenzhou, Zhejiang, China","https://dnb.com/business-directory/company-profiles/wenzhou-huichun-valve-co-ltd.fcfbe390ff6d050cd08c88b1ba7e7c69"
"462","Jiangsu Zheng'an Fire Fighting Engineeri...","Personal and Household Goods Repair and Maintenance","Parent","Changzhou, Jiangsu, China","https://dnb.com/business-directory/company-profiles/jiangsu-zhengan-fire-fighting-engineering-technology-co-ltdng-technology-co-ltd.2bfe5530dceb9f391cbbd5fc69519414"
"463","Linxiang Xueting Fire Protection Enginee...","Residential Building Construction","Independent","Linxiang, Hunan, China","https://dnb.com/business-directory/company-profiles/linxiang-xueting-fire-protection-engineering-co-ltd.bc657236c037bf91ed5ffaaad6eb6d17"
"464","Anchor Fire Protection Company","Building Equipment Contractors","Independent","Perkiomenville, PA, United States","https://dnb.com/business-directory/company-profiles/anchor-fire-protection-company.86da2ff4589ac62d2ba26d34bc1f2184"
"465","Shanghai Lingang Jinghong Safety & Defen...","Business Support Services","Subsidiary","Shanghai, Shanghai, China","https://dnb.com/business-directory/company-profiles/shanghai-lingang-jinghong-safety--defense-science--technology-development-co.3d80a40cf60e0e6ec6356916a66adc82"
"466","Wuhan Junhuang Fire Protection Technolog...","Clay Product and Refractory Manufacturing","Independent","Wuhan, Hubei, China","https://dnb.com/business-directory/company-profiles/wuhan-junhuang-fire-protection-technology-co-ltd.81be7db2ef701a2bb911345b4a7fc023"
"467","Guangdong Andun Construction Development...","Residential Building Construction","Parent","Guangzhou, Guangdong, China","https://dnb.com/business-directory/company-profiles/guangdong-andun-construction-development-co-ltd.e4d14df64570a17648f75a586cb6798c"
"468","Triple A Fire Protection, Inc.","Building Equipment Contractors","Independent","Semmes, AL, United States","https://dnb.com/business-directory/company-profiles/triple-a-fire-protection-inc.664d6e986ec7a052c96f46160566f72a"
"469","AN SINH FIRE PROTECTION CONSTRUCTION TRA...","Securities and Commodity Contracts Intermediation and Brokerage","Independent","Ho Chi Minh, Ho Chi Minh, Vietnam","https://dnb.com/business-directory/company-profiles/an-sinh-fire-protection-construction-trading-company-limited.006dfd75dcf166f4399c65a30bf1c452"
"470","FIRE PROTECTION COATINGS AUSTRALIA LIMIT...","Coating, Engraving, Heat Treating, and Allied Activities","Independent","BEAUMARIS, VICTORIA, Australia","https://dnb.com/business-directory/company-profiles/fire-protection-coatings-australia-limited.ca0d99a6902d90016425d8512422abad"
"471","Guangdong Andun Fire Protection Electrom...","Building Finishing Contractors","Parent","Dongguan, Guangdong, China","https://dnb.com/business-directory/company-profiles/guangdong-andun-fire-protection-electromechanical-group-co-ltd.b26f08196304c287303ae83903d47b50"
"472","Samsung Fire Protection Co.,Ltd.","Building Equipment Contractors","Independent","Suwon, Gyeonggi, Republic Of Korea","https://dnb.com/business-directory/company-profiles/samsung-fire-protection-coltd.2625da2b59d487650b8a3924a8aab156"
"473","Foshan South Fire Protection Power Engin...","Building Equipment Contractors","Parent","Foshan, Guangdong, China","https://dnb.com/business-directory/company-profiles/foshan-south-fire-protection-power-engineering-co-ltd.75838927f6acf7591feb0a6cd8a1bcff"
"474","PHOENIX FIRE PROTECTION, INC.","Building Equipment Contractors","Independent","Sanford, NC, United States","https://dnb.com/business-directory/company-profiles/phoenix-fire-protection-inc.0a4656cbdb3c2d2013f0336fa8e70527"
"475","BMC GULF FIRE PROTECTION ONE PERSON CO L...","Other Electrical Equipment and Component Manufacturing","Independent","Dubai, Dubai, United Arab Emirates","https://dnb.com/business-directory/company-profiles/bmc-gulf-fire-protection-one-person-co-llc.46ea0682d7ec2b26b446090e6148db0f"
"476","Star Fire Protection Co., Inc.","Building Equipment Contractors","Subsidiary","Queens Village, NY, United States","https://dnb.com/business-directory/company-profiles/star-fire-protection-co-inc.fefdc10a5fd3da8e1028634a055b7adf"
"477","Shandong Shitong Fire Fighting Engineeri...","Residential Building Construction","Parent","Jining, Shandong, China","https://dnb.com/business-directory/company-profiles/shandong-shitong-fire-fighting-engineering-co-ltd.811d28c4302dae3363635fa74525eef1"
"478","Beian Technology (shanxi) Co., Ltd","Residential Building Construction","Subsidiary","Beian, Shanxi, China","https://dnb.com/business-directory/company-profiles/beian-technology-(shanxi)-co-ltd.78b03b60456ddd3249045162ff881493"
"479","TOTAL FIRE PROTECTION CC","Gasoline Stations","Independent","JOHANNESBURG, GAUTENG, South Africa","https://dnb.com/business-directory/company-profiles/total-fire-protection-cc.897ddc2e4b9d35609dc66b521bcee59e"
"480","K & M Fire Protection Services, Inc.","Utility System Construction","Subsidiary","Plantsville, CT, United States","https://dnb.com/business-directory/company-profiles/k--m-fire-protection-services-inc.1960219300a1e09aedd06608ff1f4e7c"
"481","Noel's Fire Protection, LLC","Building Equipment Contractors","Independent","Williamsport, MD, United States","https://dnb.com/business-directory/company-profiles/noels-fire-protection-llc.f1dd25a82689a4638dd3d0ae528fa7c0"
"482","PLUMBING, GAS & FIRE PROTECTION PTY. LTD...","Natural Gas Distribution","Subsidiary","QUEENSLAND, Australia","https://dnb.com/business-directory/company-profiles/plumbing-gas--fire-protection-pty-ltd.2b26aadc64adc1f7cd450efdf9b7c83b"
"483","Allegiant Fire Protection LLC","Other Support Services","Subsidiary","Aurora, IL, United States","https://dnb.com/business-directory/company-profiles/allegiant-fire-protection-llc.b21e9aec090cc23df611f64733f853d8"
"484","Yixing Chengxin Fire Protection Equipmen...","Architectural and Structural Metals Manufacturing","Independent","Yixing, Jiangsu, China","https://dnb.com/business-directory/company-profiles/yixing-chengxin-fire-protection-equipment-coltd.049fec481a992eafe9c270051360b0fd"
"485","Shandong Yuchen Construction Engineering...","Foundation, Structure, and Building Exterior Contractors","Parent","Jinan, Shandong, China","https://dnb.com/business-directory/company-profiles/shandong-yuchen-construction-engineering-co-ltd.744ce46d1daec514fa53e84f76a4c079"
"486","Junhui Technology Group Co., Ltd.","Computer Systems Design and Related Services","Subsidiary","Guangzhou, Guangdong, China","https://dnb.com/business-directory/company-profiles/junhui-technology-group-co-ltd.ecd184a1e4125586cd85b8856e81e22d"
"487","K & E Fire Protection Corp","Building Equipment Contractors","Independent","Manalapan, NJ, United States","https://dnb.com/business-directory/company-profiles/k--e-fire-protection-corp.3780531edfa8fea8fb65a0769b87cf1f"
"488","Houying Group Haicheng Environmental Pro...","Lime and Gypsum Product Manufacturing","Parent","Anshan, Liaoning, China","https://dnb.com/business-directory/company-profiles/houying-group-haicheng-environmental-protection-fire-proof-materials-coltd.6bd302da220270ad22956419a7fb3e81"
"489","Ningbo Anxin Future New Energy Co., Ltd","Residential Building Construction","Independent","Ningbo, Zhejiang, China","https://dnb.com/business-directory/company-profiles/ningbo-anxin-future-new-energy-co-ltd.ed181487f71353b49ec13d11de4dcb8d"
"490","Lianyungang Zhipeng Fire Protection Inst...","Private Households","Independent","Lianyungang, Jiangsu, China","https://dnb.com/business-directory/company-profiles/lianyungang-zhipeng-fire-protection-installation-engineering-co-ltd.829a90b49355cf683998e568c54d7eb0"
"491","Frontline Fire Protection, Inc.","Machinery, Equipment, and Supplies Merchant Wholesalers","Independent","Dallas, TX, United States","https://dnb.com/business-directory/company-profiles/frontline-fire-protection-inc.350f833883f906b141221c1e1ea8551b"
"492","OPT FIRE PROTECTION LIMITED","Other Specialty Trade Contractors","Parent","WOKINGHAM, England, United Kingdom","https://dnb.com/business-directory/company-profiles/opt-fire-protection-limited.01ddc3c51e637e4888c28d72cb59ec9b"
"493","Huizhou Shengtuo Fire Protection Technol...","Private Households","Independent","Huizhou, Guangdong, China","https://dnb.com/business-directory/company-profiles/huizhou-shengtuo-fire-protection-technology-co-ltd.a8f3269e7e4f6609e25404ba9ec99639"
"494","ASIA FIRE PROTECTION CO,.LTD.","Building Equipment Contractors","Independent","Seoul, Seoul, Republic Of Korea","https://dnb.com/business-directory/company-profiles/asia-fire-protection-coltd.70b58683f8f9d1f816c2a9aa0efb8b6d"
"495","AGNICE FIRE PROTECTION PRIVATE LIMITED","Building Equipment Contractors","Parent","Chennai, Tamil Nadu, India","https://dnb.com/business-directory/company-profiles/agnice-fire-protection-private-limited.31094f308fc0aea8755a9b8528d865a1"
"496","Rodel Fire Protection Systems Inc","Building Equipment Contractors","Parent","Miami, FL, United States","https://dnb.com/business-directory/company-profiles/rodel-fire-protection-systems-inc.705121f0ceaca0d399dd4dca3c437eab"
"497","Dalian Feitian Construction Co., Ltd.","Residential Building Construction","Parent","Zhuanghe, Liaoning, China","https://dnb.com/business-directory/company-profiles/dalian-feitian-construction-co-ltd.5b920207bd72a75ccea3ffa1b730ed4e"
"498","Beijing Zhonglun Xinheng Fire Protection...","Residential Building Construction","Parent","Beijing, Beijing, China","https://dnb.com/business-directory/company-profiles/beijing-zhonglun-xinheng-fire-protection-engineering-co-ltd.981d4540c4672a61a1e85125557eb0d1"
"499","Telluride Fire Protection District","Justice, Public Order, and Safety Activities","Independent","Telluride, CO, United States","https://dnb.com/business-directory/company-profiles/telluride-fire-protection-district.002fff65ca27d772a384b3dbec131436"
"500","FACILITIES FIRE PROTECTION LIMITED","Building Equipment Contractors","Subsidiary","HENLEY-ON-THAMES, England, United Kingdom","https://dnb.com/business-directory/company-profiles/facilities-fire-protection-limited.7f3394e7cf3cb938d7f6f94ad7b96c74"
"501","YOOSUN FIRE PROTECTION INC.","Building Equipment Contractors","Independent","Seoul, Seoul, Republic Of Korea","https://dnb.com/business-directory/company-profiles/yoosun-fire-protection-inc.bfd88cf14cd95a30814717cf87c9859f"
"502","Valor Fire Protection, LLC","Investigation and Security Services","Subsidiary","Waco, TX, United States","https://dnb.com/business-directory/company-profiles/valor-fire-protection-llc.d4d4edede50ac4fe7625b3b828c4ce48"
"503","Fujian Xiaoyi Control Intelligent Fire P...","Other Financial Investment Activities","Independent","Xiamen, Fujian, China","https://dnb.com/business-directory/company-profiles/fujian-xiaoyi-control-intelligent-fire-protection-technology-co-ltd.726d0d1f0ec1f28c1b52a8b71911be94"
"504","RUSHIL FIRE PROTECTION SYSTEMS","Miscellaneous Durable Goods Merchant Wholesalers","Independent","Mumbai, Maharashtra, India","https://dnb.com/business-directory/company-profiles/rushil-fire-protection-systems.8a5051f43b5258deead84e20c51fda27"
"505","GIA HUNG GROUP FIRE PROTECTION TRADING A...","Residential Building Construction","Independent","Nhi Chieu Ward, Hai Phong, Vietnam","https://dnb.com/business-directory/company-profiles/gia-hung-group-fire-protection-trading-and-service-joint-stock-company.e96db47b4bee9734d3866e3856507059"
"506","MINH PHONG FIRE PROTECTION WORKS CONSULT...","Residential Building Construction","Independent","Nam Sach Commune, Hai Phong, Vietnam","https://dnb.com/business-directory/company-profiles/minh-phong-fire-protection-works-consultant-and-construction-joint-stock-company.5518c8a87c6a79e42b9c30baca46d4bc"
"507","THANH BINH FIRE PROTECTION CONSTRUCTION ...","Residential Building Construction","Independent","Phu Duc Commune, Hung Yen, Vietnam","https://dnb.com/business-directory/company-profiles/thanh-binh-fire-protection-construction-joint-stock-company.c1c4f46c4069185b0fdec7aa2f324cb2"
"508","SONG HONG FIRE PROTECTION CONSULTANT DES...","Residential Building Construction","Independent","Cam Pha Ward, Quang Ninh, Vietnam","https://dnb.com/business-directory/company-profiles/song-hong-fire-protection-consultant-design-construction-joint-stock-company.6a73f1c5d0e754cbb220fc1de8851408"
"509","GLOBAL FIRE PROTECTION AND FIGHTING CONS...","Residential Building Construction","Independent","Soc Son Commune, Ha Noi, Vietnam","https://dnb.com/business-directory/company-profiles/global-fire-protection-and-fighting-construction-joint-stock-company.d2c9ffab02fcf55728f5e78e4922815f"
"510","Shandong Ruihai Construction Engineering...","Residential Building Construction","Subsidiary","Rizhao, Shandong, China","https://dnb.com/business-directory/company-profiles/shandong-ruihai-construction-engineering-co-ltd.ce70b0c824b0c50142098cb9f4b073ae"
"511","HA NOI CONSTRUCTION ENVIRONMENTAL PROTEC...","Residential Building Construction","Independent","Ha Noi, Ha Noi, Vietnam","https://dnb.com/business-directory/company-profiles/ha-noi-construction-environmental-protection-establishing-fire-prevention-extinguishment-joint-stock-company.d67feb28f6761484882b76540bc3111b"
"512","Guangdong Zhigu Mechanical & Electrical ...","Residential Building Construction","Parent","Shenzhen, Guangdong, China","https://dnb.com/business-directory/company-profiles/guangdong-zhigu-mechanical--electrical-fire-fighting-engineering-co-ltd.128ea3b31103ce103b6c0776a1a8c56e"
"513","TRUONG AN FIRE PROTECTION JOINT STOCK CO...","Residential Building Construction","Independent","Kinh Mon Township,, Hai Duong, Vietnam","https://dnb.com/business-directory/company-profiles/truong-an-fire-protection-joint-stock-company.939021ced938338dd5bdc836d42b0a3c"
"514","Xi'an Ruian Fire Protection Engineering ...","Building Equipment Contractors","Parent","Xi'an, Shaanxi, China","https://dnb.com/business-directory/company-profiles/xian-ruian-fire-protection-engineering-co-ltd.29def392b64544e90387de309ae9851c"
"515","Gansu Dongfang Mechanical & Electrical E...","Building Equipment Contractors","Subsidiary","Lanzhou, Gansu, China","https://dnb.com/business-directory/company-profiles/gansu-dongfang-mechanical--electrical-engineering-co-ltd.72aead17728053e9b8c9702a815cacb1"
"516","Xi'an Huazhong Fire Protection Equipment...","Architectural and Structural Metals Manufacturing","Independent","Xi'an, Shaanxi, China","https://dnb.com/business-directory/company-profiles/xian-huazhong-fire-protection-equipment-co-ltd.c30c3641114abe178dfa994e40ae68ae"
"517","Lida (shaanxi) Fire Protection Technolog...","Machinery, Equipment, and Supplies Merchant Wholesalers","Subsidiary","Xi'an, Shaanxi, China","https://dnb.com/business-directory/company-profiles/lida-(shaanxi)-fire-protection-technology-co-ltd.94505e601bc5f4e7ce34f3a2617e2808"
"518","Fujian Jinhuaxia Construction Developmen...","Other Specialty Trade Contractors","Parent","Fuzhou, Fujian, China","https://dnb.com/business-directory/company-profiles/fujian-jinhuaxia-construction-development-co-ltd.8a0db8c1885ab8f24f61647b36fdd65a"
"519","Xi'an Fire Protection Equipment Factory","Other General Purpose Machinery Manufacturing","Independent","Xi'an, Shaanxi, China","https://dnb.com/business-directory/company-profiles/xian-fire-protection-equipment-factory.ddb1d4a151fabc2e9946fc5ef14fd387"
"520","Beijing Shenwei Jingxiang Fire Protectio...","Automobile Dealers","Independent","Beijing, Beijing, China","https://dnb.com/business-directory/company-profiles/beijing-shenwei-jingxiang-fire-protection-engineering-co-ltd.5780f30d8559d9814aebf635ff2aaac0"
"521","Liaoning Zhonghai Firefighting Engineeri...","Residential Building Construction","Independent","Shenyang, Liaoning, China","https://dnb.com/business-directory/company-profiles/liaoning-zhonghai-firefighting-engineering-coltd.72e50fd86361f471e0cdc4f63bd4d14d"
"522","Aqueduct Fire Protection Systems Limited...","Building Equipment Contractors","Independent","Williamstown, NJ, United States","https://dnb.com/business-directory/company-profiles/aqueduct-fire-protection-systems-limited-liability-company.f4cd5f051be40542a6c51bee9cb790f2"
"523","ALLEGIANT FIRE PROTECTION PRIVATE LIMITE...","Electrical Equipment Manufacturing","Parent","Panchkula, Haryana, India","https://dnb.com/business-directory/company-profiles/allegiant-fire-protection-private-limited.14d0787f7c7476afdcaed02b736db001"
"524","Kunkook Fire Protection Engineering Co, ...","Other Specialty Trade Contractors","Independent","Seoul, Seoul, Republic Of Korea","https://dnb.com/business-directory/company-profiles/kunkook-fire-protection-engineering-co-ltd.102574bd5fee7df4408c8f1f13a3e049"
"525","Wuhan Nan'An Fire Protection Equipment F...","Other General Purpose Machinery Manufacturing","Independent","Wuhan, Hubei, China","https://dnb.com/business-directory/company-profiles/wuhan-nanan-fire-protection-equipment-factory.16bee9f39579866d3c6ac87aad271860"
"526","Nanjing Shengtai Fire Door Co., Ltd","Clay Product and Refractory Manufacturing","Independent","Nanjing, Jiangsu, China","https://dnb.com/business-directory/company-profiles/nanjing-shengtai-fire-door-co-ltd.4e49692088ba449725963250a2e5e7d1"
"527","Wuxue Mingyao Security And Surveillance ...","Residential Building Construction","Independent","Wuxue, Hubei, China","https://dnb.com/business-directory/company-profiles/wuxue-mingyao-security-and-surveillance-system-engineering-co-ltd.7198cb25a1b53e501876fd7e25e48e54"
"528","Tianjin Longshui Fire-fighting Engineeri...","Residential Building Construction","Independent","Tianjin, Tianjin, China","https://dnb.com/business-directory/company-profiles/tianjin-longshui-fire-fighting-engineering-co-ltd.5cbd290b5c9cbb9d39635eb49f7f8d4e"
"529","Jiangmen Xinhui Public Yuenan Municipal ...","Architectural, Engineering, and Related Services","Subsidiary","Jiangmen, Guangdong, China","https://dnb.com/business-directory/company-profiles/jiangmen-xinhui-public-yuenan-municipal-engineering-co-ltd.c4ee5170806fac2c26933a101a926b88"
"530","Chongqing Zhineng Fire Protection Engine...","Other Specialty Trade Contractors","Independent","Chongqing, Chongqing, China","https://dnb.com/business-directory/company-profiles/chongqing-zhineng-fire-protection-engineering-co-ltd.8b7126fe6ecbaef110036d0402f55f18"
"531","Zhejiang Jindun Fire Fighting Equipment ...","Other General Purpose Machinery Manufacturing","Parent","Shaoxing, Zhejiang, China","https://dnb.com/business-directory/company-profiles/zhejiang-jindun-fire-fighting-equipment-co-ltd.abac187841c4d79c09eeeb9e1100482b"
"532","Bayside Fire Protection Company Inc","Building Equipment Contractors","Independent","Salisbury, MD, United States","https://dnb.com/business-directory/company-profiles/bayside-fire-protection-company-inc.289a6657534725e8c2669c7757730abd"
"533","Shiyan Chenxin Engineering Co., Ltd","Residential Building Construction","Independent","Shiyan, Hubei, China","https://dnb.com/business-directory/company-profiles/shiyan-chenxin-engineering-co-ltd.33cece9417eb848e583d044449c56133"
"534","Molalla Rural Fire Protection District #...","Other Support Services","Independent","Molalla, OR, United States","https://dnb.com/business-directory/company-profiles/molalla-rural-fire-protection-district--73.5807c6c20659721e2e79a7dfefffc0a9"
"535","Qinhuangdao Zhong'an Fire Protection Eng...","Other Specialty Trade Contractors","Independent","Qinhuangdao, Hebei, China","https://dnb.com/business-directory/company-profiles/qinhuangdao-zhongan-fire-protection-engineering-co-ltd.e0a261df6c958c91a598f90adfff934d"
"536","Dongguan Li'an Fire Protection Hydropowe...","Other Specialty Trade Contractors","Independent","Dongguan, Guangdong, China","https://dnb.com/business-directory/company-profiles/dongguan-lian-fire-protection-hydropower-engineering-co-ltd.50856d2a677cdbffdcbaa118e897bf1f"
"537","Liaoning Wote Fire Fighting Engineering ...","Other Specialty Trade Contractors","Independent","Fuxin, Liaoning, China","https://dnb.com/business-directory/company-profiles/liaoning-wote-fire-fighting-engineering-co-ltd.187e83f2a2f20ebb880b1f6ab4f37521"
"538","Fuyang Gengxin Fire Protection Engineeri...","Department Stores","Independent","Fuyang, Anhui, China","https://dnb.com/business-directory/company-profiles/fuyang-gengxin-fire-protection-engineering-co-ltd.8c9e6f21b820638a5addfd9b8c33326b"
"539","Fujian Quanzhou Jiachuang Fire Protectio...","Residential Building Construction","Independent","Quanzhou, Fujian, China","https://dnb.com/business-directory/company-profiles/fujian-quanzhou-jiachuang-fire-protection-co-ltd.7a37477dc0fde5915b17ad7a16d5143d"
"540","Beijing Hualian Chengxin Fire Protection...","Other Specialty Trade Contractors","Independent","Beijing, Beijing, China","https://dnb.com/business-directory/company-profiles/beijing-hualian-chengxin-fire-protection-products-development-co-ltd.8f8795476387b38b82b82cc44149b585"
"541","CENTER FOR APPLICATION OF SCIENCE AND TE...","Business, Professional, Labor, Political, and Similar Organizations","Subsidiary","Vinh, Nghe An, Vietnam","https://dnb.com/business-directory/company-profiles/center-for-application-of-science-and-technology-on-fire-protection-and-rescue.c87620587fb37f17382ad98c85d82266"
"542","Jiuzhou Yongtai Construction Engineering...","Other Specialty Trade Contractors","Parent","Yancheng, Jiangsu, China","https://dnb.com/business-directory/company-profiles/jiuzhou-yongtai-construction-engineering-jiangsu-co-ltd.734068bfc3b534397cbb7760f5aef454"
"543","FISK FIRE PROTECTION LIMITED.","Architectural, Engineering, and Related Services","Independent","CHELMSFORD, England, United Kingdom","https://dnb.com/business-directory/company-profiles/fisk-fire-protection-limited.a85b1cd14699b47c28ff92dada8d59d7"
"544","Kuna Rural Fire Protection District","Justice, Public Order, and Safety Activities","Independent","Kuna, ID, United States","https://dnb.com/business-directory/company-profiles/kuna-rural-fire-protection-district.bc88aeeda79983104daabfbd8f6b1a24"
"545","Best Defense Fire Protection & Security,...","Household Appliances and Electrical and Electronic Goods Merchant Wholesalers","Parent","Waunakee, WI, United States","https://dnb.com/business-directory/company-profiles/best-defense-fire-protection--security-inc.378b8fc88add2b07f45b290f472b2210"
"546","Hangzhou Guangming Fire Protection Engin...","Other Specialty Trade Contractors","Independent","Hangzhou, Zhejiang, China","https://dnb.com/business-directory/company-profiles/hangzhou-guangming-fire-protection-engineering-co-ltd.4a5bd8a0131261a2b6b17fea8962f624"
"547","Ningxia Fengheng Environmental Protectio...","Building Equipment Contractors","Independent","Yinchuan, Ningxia, China","https://dnb.com/business-directory/company-profiles/ningxia-fengheng-environmental-protection-fire-fighting-engineering-co-ltd.d3c6ce80abfe557524c64b277255b840"
"548","Wuhan Zhongnan Fire Protection Engineeri...","Building Equipment Contractors","Independent","Wuhan, Hubei, China","https://dnb.com/business-directory/company-profiles/wuhan-zhongnan-fire-protection-engineering-company.cbbf7050654943ff02e4e415a8df1686"
"549","Xusheng Fire-fighting Engineering Co., L...","Lawn and Garden Equipment and Supplies Retailers","Independent","Shangqiu, Henan, China","https://dnb.com/business-directory/company-profiles/xusheng-fire-fighting-engineering-co-ltd.4db47de5497d5d22c4e244091cf0d771"
"550","A. W. Crisp Fire Sprinkler, Inc.","Building Equipment Contractors","Independent","Fort Worth, TX, United States","https://dnb.com/business-directory/company-profiles/a-w-crisp-fire-sprinkler-inc.0907a3f729a629c9b42a4cb9245c79da"
"551","Shandong Fu'an Fire Fighting Engineering...","Residential Building Construction","Independent","Rizhao, Shandong, China","https://dnb.com/business-directory/company-profiles/shandong-fuan-fire-fighting-engineering-co-ltd.dfa342b41e39e78b0c802f8aa7a79445"
"552","Qingdao Juteshun Fire Protection Enginee...","Residential Building Construction","Independent","Jiaozhou, Shandong, China","https://dnb.com/business-directory/company-profiles/qingdao-juteshun-fire-protection-engineering-co-ltd.509a1bb70780508fd3fa69509aaccf00"
"553","Yunnan Anjian Fire Fighting Engineering ...","Residential Building Construction","Independent","Kunming, Yunnan, China","https://dnb.com/business-directory/company-profiles/yunnan-anjian-fire-fighting-engineering-co-ltd.8fbeb413ce2d4c0507330edf2d388e3f"
"554","Passive Fire Protection Partners","Other Chemical Product and Preparation Manufacturing","Independent","Delta, BC, Canada","https://dnb.com/business-directory/company-profiles/passive-fire-protection-partners.83567344f13469290f3072477de686d1"
"555","FIRE PROTECTION SPECIALISTS LIMITED","Apparel, Piece Goods, and Notions Merchant Wholesalers","Subsidiary","DUBLIN, Ireland","https://dnb.com/business-directory/company-profiles/fire-protection-specialists-limited.8cdac814921030e98a1ed2cb20680d97"
"556","A1 Fire Protection Industry Co.,Ltd.","Building Equipment Contractors","Independent","Gunpo, Gyeonggi, Republic Of Korea","https://dnb.com/business-directory/company-profiles/a1-fire-protection-industry-coltd.85ed5565bc588de73b148ec2e2b8a08d"
"557","DENLAR FIRE PROTECTION LLC","Architectural and Structural Metals Manufacturing","Subsidiary","Chester, CT, United States","https://dnb.com/business-directory/company-profiles/denlar-fire-protection-llc.6710528243bdfd4bd1278349e4818bf7"
"558","Fujian Lisheng Fire Protection Technolog...","Residential Building Construction","Parent","Fuzhou, Fujian, China","https://dnb.com/business-directory/company-profiles/fujian-lisheng-fire-protection-technology-co-ltd.639c32ff39f682eab1358b6af0ec5a57"
"559","Qingyang Department Ruitai Oil & Gas Eng...","Residential Building Construction","Independent","Qingyang, Gansu, China","https://dnb.com/business-directory/company-profiles/qingyang-department-ruitai-oil--gas-engineering-technical-service-co-ltd.6202a7bcaa41f30ea9580a9373aa04a7"
"560","ADDHIRA FIRE PROTECTION PRIVATE LIMITED","Other Miscellaneous Retailers","Independent","Pune, Maharashtra, India","https://dnb.com/business-directory/company-profiles/addhira-fire-protection-private-limited.61885ecf65a3ab89c79a672bc05dc12e"
"561","Shaanxi Yilingyang Fire Protection Techn...","Department Stores","Independent","Xi'an, Shaanxi, China","https://dnb.com/business-directory/company-profiles/shaanxi-yilingyang-fire-protection-technology-co-ltd.10ab6174248e896c27130788d95180b6"
"562","Shandong Hongzhan Fire-fighting Engineer...","Residential Building Construction","Parent","Binzhou, Shandong, China","https://dnb.com/business-directory/company-profiles/shandong-hongzhan-fire-fighting-engineering-co-ltd.4af9f62412934a17ea56e3a0d8daa530"
"563","KORIN FIRE PROTECTION SDN. BHD.","Residential Building Construction","Independent","Kuala Lumpur, Wilayah Persekutuan Kuala Lumpur, Malaysia","https://dnb.com/business-directory/company-profiles/korin-fire-protection-sdn-bhd.e9abd979e5557ab2aa12167e79809428"
"564","Zhejiang Changrong Fire Protection Techn...","Residential Building Construction","Parent","Ningbo, Zhejiang, China","https://dnb.com/business-directory/company-profiles/zhejiang-changrong-fire-protection-technology-co-ltd.d0d8d024a5adb53ac7e1efbcdc89d9bf"
"565","Guangdong Zhongwei Architecture Technolo...","Residential Building Construction","Subsidiary","Shenzhen, Guangdong, China","https://dnb.com/business-directory/company-profiles/guangdong-zhongwei-architecture-technology-co-ltd.b2e6441eaf37a77fb33c03ece719f318"
"566","TEXAS FIRE SERVICES, LLC","Building Equipment Contractors","Independent","New Braunfels, TX, United States","https://dnb.com/business-directory/company-profiles/texas-fire-services-llc.b17d60f7b231aea4860a6278c88c2941"
"567","Blazeguard Partners, Inc.","Building Equipment Contractors","Independent","Sykesville, MD, United States","https://dnb.com/business-directory/company-profiles/blazeguard-partners-inc.af2391162f7a70ad045261e3c1981f2a"
"568","Heze Andun Zhilian Fire Protection Techn...","Department Stores","Independent","Heze, Shandong, China","https://dnb.com/business-directory/company-profiles/heze-andun-zhilian-fire-protection-technology-co-ltd.289c4158ac2385a2421f4e658c391a70"
"569","Guangdong Wenhua Fire-fighting Engineeri...","Other Specialty Trade Contractors","Parent","Guangzhou, Guangdong, China","https://dnb.com/business-directory/company-profiles/guangdong-wenhua-fire-fighting-engineering-co-ltd.b92f1d92cdedbe7fe29bb1d9152b1dc1"
"570","Zhuhai Xiangzhou District Zhuzhou Fire P...","Other Specialty Trade Contractors","Parent","Zhuhai, Guangdong, China","https://dnb.com/business-directory/company-profiles/zhuhai-xiangzhou-district-zhuzhou-fire-protection-engineering-co-ltd.058a56744473ce2d0ab74ca37efa444f"
"571","Monmouth Controls & Instrument Co Inc","Building Equipment Contractors","Independent","Raritan, NJ, United States","https://dnb.com/business-directory/company-profiles/monmouth-controls--instrument-co-inc.06d00a53e442a36609791fdf55beacdd"
"572","Sichuan Shuxing Niuniu Commerce And Trad...","Building Equipment Contractors","Parent","Chengdu, Sichuan, China","https://dnb.com/business-directory/company-profiles/sichuan-shuxing-niuniu-commerce-and-trade-co-ltd.3ffdb8d50fa485b454934ec02aceac52"
"573","Premier Fire Protection, Inc.","Miscellaneous Durable Goods Merchant Wholesalers","Independent","Bristol, TN, United States","https://dnb.com/business-directory/company-profiles/premier-fire-protection-inc.3e59d483efa19b7c0f624ebfceffc5c0"
"574","Odyssey Fire Protection, LLC","Other Support Services","Subsidiary","Wilmington, NC, United States","https://dnb.com/business-directory/company-profiles/odyssey-fire-protection-llc.eac744b579ebd0f7e2fd68ec12103715"
"575","PHILIPPINE INTEGRATED FIRE PROTECTION OR...","Architectural, Engineering, and Related Services","Independent","Caloocan City, Metro Manila, Philippines","https://dnb.com/business-directory/company-profiles/philippine-integrated-fire-protection-organization-inc.a613e66684c8058802f5a0a635fef75c"
"576","Guangzhou Panyu District Fan'en Fire-fig...","Residential Building Construction","Independent","Guangzhou, Guangdong, China","https://dnb.com/business-directory/company-profiles/guangzhou-panyu-district-fanen-fire-fighting-engineering-co-ltd.82894b701cd7c0ae4f4aca37fbddb0f2"
"577","Langfang Shuanglan Fire Protection Techn...","Residential Building Construction","Independent","Langfang, Hebei, China","https://dnb.com/business-directory/company-profiles/langfang-shuanglan-fire-protection-technology-co-ltd.3a7de907ae38b69c0a5e8a38aa5f17ed"
"578","Sichuan Baishun Petroleum Engineering Te...","Residential Building Construction","Independent","Suining, Sichuan, China","https://dnb.com/business-directory/company-profiles/sichuan-baishun-petroleum-engineering-technology-co-ltd.b4ec7769298f20e954aeb043e8193af4"
"579","Shouguang Longsheng Fire Fighting Engine...","Residential Building Construction","Independent","Shouguang, Shandong, China","https://dnb.com/business-directory/company-profiles/shouguang-longsheng-fire-fighting-engineering-co-ltd.c890abd59e18c2a3e2b562a8a23a5c37"
"580","MULLER FIRE PROTECTION INC.","Other General Purpose Machinery Manufacturing","Independent","Miami, FL, United States","https://dnb.com/business-directory/company-profiles/muller-fire-protection-inc.fda51f70467acfd4d89ac8d0394573c2"
"581","Eagle Fire Protection, Inc.","Building Equipment Contractors","Independent","Sunny Isles Beach, FL, United States","https://dnb.com/business-directory/company-profiles/eagle-fire-protection-inc.5bdbda49b426fef0f1f401db5a2a3e9c"
"582","J.G. Tate Fire Protection Systems, Inc.","Building Equipment Contractors","Independent","Poway, CA, United States","https://dnb.com/business-directory/company-profiles/jg-tate-fire-protection-systems-inc.0d482155089493d3e7a6b86781c97213"
"583","Tianjin Fire Protection Hospital","General Medical and Surgical Hospitals","Independent","Tianjin, Tianjin, China","https://dnb.com/business-directory/company-profiles/tianjin-fire-protection-hospital.9c07616f191b59a40f0e60349655f90a"
"584","Shenyang Wanxinhong Technology Co., Ltd","Residential Building Construction","Independent","Shenyang, Liaoning, China","https://dnb.com/business-directory/company-profiles/shenyang-wanxinhong-technology-co-ltd.59ecb1d60c371b58fd61def5dbcad2f6"
"585","Linqu County Xinkongjian Construction En...","Residential Building Construction","Independent","Weifang, Shandong, China","https://dnb.com/business-directory/company-profiles/linqu-county-xinkongjian-construction-engineering-co-ltd.02060fdf621f60c8eb12d3da507c853c"
"586","Chongqing Weitian Construction Engineeri...","Other Specialty Trade Contractors","Parent","Chongqing, Chongqing, China","https://dnb.com/business-directory/company-profiles/chongqing-weitian-construction-engineering-technology-co-ltd.12f78881418e0409d40a12122e07d3c7"
"587","Cascade Fire Protection Co.","Building Equipment Contractors","Parent","Kennewick, WA, United States","https://dnb.com/business-directory/company-profiles/cascade-fire-protection-co.4af3e2c293aa482d98b61f3173b61b03"
"588","Hebei Heheng Fire Protection Technology ...","Machinery, Equipment, and Supplies Merchant Wholesalers","Subsidiary","Shijiazhuang, Hebei, China","https://dnb.com/business-directory/company-profiles/hebei-heheng-fire-protection-technology-co-ltd.f9fba803a02fded646e07e2a65f64824"
"589","Yulin Hongruqiao Fire Fighting Technolog...","Specialty Food Retailers","Independent","Yulin, Shaanxi, China","https://dnb.com/business-directory/company-profiles/yulin-hongruqiao-fire-fighting-technology-co-ltd.fdb79a3b915c3ff63ba358adef511b91"
"590","Hankook Fire-Protection Engineering Co.,...","Architectural, Engineering, and Related Services","Independent","Incheon, Incheon, Republic Of Korea","https://dnb.com/business-directory/company-profiles/hankook-fire-protection-engineering-co-ltd.6cfea298dad16f00f6908231759e1a98"
"591","Vulcan Enterprises, Inc.","Building Equipment Contractors","Independent","Carey, OH, United States","https://dnb.com/business-directory/company-profiles/vulcan-enterprises-inc.9b62e33935b520e6f83f538f17588659"
"592","JC FIRE PROTECTION SDN. BHD.","Justice, Public Order, and Safety Activities","Independent","Puchong, Selangor, Malaysia","https://dnb.com/business-directory/company-profiles/jc-fire-protection-sdn-bhd.4021502624a9e26fb6e0b9765bc98781"
"593","PRO-FIRE PROTECTION SDN. BHD.","Justice, Public Order, and Safety Activities","Independent","Kuala Lumpur, Wilayah Persekutuan Kuala Lumpur, Malaysia","https://dnb.com/business-directory/company-profiles/pro-fire-protection-sdn-bhd.c9b33da61a77ddfa341ed6be0f21dfe6"
"594","DRAGON FIRE PROTECTION SERVICES SDN. BHD...","Justice, Public Order, and Safety Activities","Independent","Klang, Selangor, Malaysia","https://dnb.com/business-directory/company-profiles/dragon-fire-protection-services-sdn-bhd.1861f6a8834080eadffa149a78123327"
"595","NEW TECH FIRE PROTECTION SDN. BHD.","Justice, Public Order, and Safety Activities","Independent","Klang, Selangor, Malaysia","https://dnb.com/business-directory/company-profiles/new-tech-fire-protection-sdn-bhd.a68243c1b5eb1fbf05c8c614f197d1b2"
"596","NOBEL POWER FIRE PROTECTION & ENGINEERIN...","Justice, Public Order, and Safety Activities","Independent","Kuala Lumpur, Wilayah Persekutuan Kuala Lumpur, Malaysia","https://dnb.com/business-directory/company-profiles/nobel-power-fire-protection--engineering-sdn-bhd.cd69b26d833ae41774e94a4b5785b574"
"597","MILLENNIUM FIRE PROTECTION SDN. BHD.","Justice, Public Order, and Safety Activities","Independent","Puchong, Selangor, Malaysia","https://dnb.com/business-directory/company-profiles/millennium-fire-protection--sdn-bhd.ce711507b70388836f8be0cfa2e0ed45"
"598","AEGIS FIRE PROTECTION SDN. BHD.","Justice, Public Order, and Safety Activities","Independent","Kamunting, Perak, Malaysia","https://dnb.com/business-directory/company-profiles/aegis-fire-protection-sdn-bhd.1cc38f53662cb6af64893aae27c281ee"
"599","M&L Sprinkler Inc.","Building Equipment Contractors","Independent","Lawrenceville, GA, United States","https://dnb.com/business-directory/company-profiles/ml-sprinkler-inc.87270b13d3dacb200c91142a1db5fcd0"
"600","Henan Zhongwo Fire Protection Technology...","Architectural and Structural Metals Manufacturing","Independent","Zhengzhou, Henan, China","https://dnb.com/business-directory/company-profiles/henan-zhongwo-fire-protection-technology-co-ltd.73f0d48d95663e2e41c41624ad2b73fe"
"601","Rui'an Jindun Fire Protection Equipment ...","Miscellaneous Nondurable Goods Merchant Wholesalers","Independent","Wenzhou, Zhejiang, China","https://dnb.com/business-directory/company-profiles/ruian-jindun-fire-protection-equipment-business-department.0a3a55fd17d0d8b98df731bd1c5a27b1"
"602","Jilin Shengtai Fire Fighting Engineering...","Other Support Services","Parent","Changchun, Jilin, China","https://dnb.com/business-directory/company-profiles/jilin-shengtai-fire-fighting-engineering-co-ltd.f0bf8cd3999e1fd9cd3a07e72b320c45"
"603","PHOENIX FIRE PROTECTION, INC.","Other Support Services","Independent","Tallahassee, FL, United States","https://dnb.com/business-directory/company-profiles/phoenix-fire-protection-inc.5961fcc3be7aae492f47877113ad9e02"
"604","North American Fire Protection LLC","Building Equipment Contractors","Independent","Fort Wayne, IN, United States","https://dnb.com/business-directory/company-profiles/north-american-fire-protection-llc.e15b727d744b0f2e7696e02fb26fc290"
"605","AMERICAN EAGLE FIRE PROTECTION, INC.","Building Equipment Contractors","Independent","Boca Raton, FL, United States","https://dnb.com/business-directory/company-profiles/american-eagle-fire-protection-inc.fc1c8944892ba804f21728739df706f4"
"606","NICKELL FIRE PROTECTION INC","Building Equipment Contractors","Independent","San Jose, CA, United States","https://dnb.com/business-directory/company-profiles/nickell-fire-protection-inc.cdc053f75c034eb95a31cbf15d2fe02f"
"607","Yulin Qianbaiwan Commerce And Trade Co.,...","Specialty Food Retailers","Independent","Yulin, Shaanxi, China","https://dnb.com/business-directory/company-profiles/yulin-qianbaiwan-commerce-and-trade-co-ltd.5f1f185870491886890240ac0447fd55"
"608","Chongqing Qigang Construction Engineerin...","Residential Building Construction","Parent","Chongqing, Chongqing, China","https://dnb.com/business-directory/company-profiles/chongqing-qigang-construction-engineering-co-ltd.9505572e8141b3de240792034b84ba6c"
"609","Unlimited Sprinkler Fire Protection, Inc...","Building Equipment Contractors","Independent","Wylie, TX, United States","https://dnb.com/business-directory/company-profiles/unlimited-sprinkler-fire-protection-inc.34ad096d6c5ecb2ac21160f36c638de8"
"610","UV FIRE PROTECTION SYSTEMS, INC","Building Equipment Contractors","Independent","Hialeah, FL, United States","https://dnb.com/business-directory/company-profiles/uv-fire-protection-systems-inc.67bead6f681dfc4fd0fcbba02e566fbc"
"611","ABC Fire Protection Inc.","Miscellaneous Durable Goods Merchant Wholesalers","Independent","Newark, CA, United States","https://dnb.com/business-directory/company-profiles/abc-fire-protection-inc.9900b94311383fc0638808538354a8a0"
"612","Carter Fire Protection, Inc.","Machinery, Equipment, and Supplies Merchant Wholesalers","Independent","Ventura, CA, United States","https://dnb.com/business-directory/company-profiles/carter-fire-protection-inc.f1b8bbcc33932c6da187db3d16a4922b"
"613","H.J. Pertzborn Plumbing And Fire Protect...","Building Equipment Contractors","Independent","Madison, WI, United States","https://dnb.com/business-directory/company-profiles/hj-pertzborn-plumbing-and-fire-protection-corporation.e66ec2907d3293a0f2a5f28898c3019b"
"614","Rudd Contracting Co., Inc.","Building Equipment Contractors","Parent","Tyler, TX, United States","https://dnb.com/business-directory/company-profiles/rudd-contracting-co-inc.8ac055c12af0a605805f19b9e0a5cf33"
"615","Qujing Qilin District Changyu Fire Fight...","Residential Building Construction","Independent","Qujing, Yunnan, China","https://dnb.com/business-directory/company-profiles/qujing-qilin-district-changyu-fire-fighting-installation-engineering-co-ltd.dd0ea1282847d80f4df760108869a0d0"
"616","Sprinklermatic Fire Protection Systems, ...","Building Equipment Contractors","Independent","Davie, FL, United States","https://dnb.com/business-directory/company-profiles/sprinklermatic-fire-protection-systems-inc.e8579842a4e1eede5150a749c3bce962"
"617","Guangdong Baichang Yongbang Communicatio...","Business Support Services","Subsidiary","Guangzhou, Guangdong, China","https://dnb.com/business-directory/company-profiles/guangdong-baichang-yongbang-communications-equipment-co-ltd.6ba0592c7ea09b75063e4174c7ec2f07"
"618","Inland Fire Protection, Inc.","Building Equipment Contractors","Parent","Yakima, WA, United States","https://dnb.com/business-directory/company-profiles/inland-fire-protection-inc.c8116063e5a1eda44e7f5049f8fa9c2a"
"619","Fort Osage Fire Protection District","Other Support Services","Independent","Buckner, MO, United States","https://dnb.com/business-directory/company-profiles/fort-osage-fire-protection-district.f2b0ed06b735bcdb5bedd16d88d2cc99"
"620","BFP Fire Protection, Inc.","Building Equipment Contractors","Independent","Scotts Valley, CA, United States","https://dnb.com/business-directory/company-profiles/bfp-fire-protection-inc.a5c166e0811b2bdab6935ca58dca65f8"
"621","Liberty Fire Protection Services, LLC","Miscellaneous Durable Goods Merchant Wholesalers","Independent","Claysburg, PA, United States","https://dnb.com/business-directory/company-profiles/liberty-fire-protection-services-llc.189e359df4d30286b1aa87ad14ebc212"
"622","Fairview Construction, Inc.","Nonresidential Building Construction","Independent","Troy, MI, United States","https://dnb.com/business-directory/company-profiles/fairview-construction-inc.72530c8a79e912461e520c19baef1d01"
"623","ALUMOT ESH FIRE PROTECTION TECHNOLOGIES ...","Navigational, Measuring, Electromedical, and Control Instruments Manufacturing","Parent","PETAH TIKVA, Central District, Israel","https://dnb.com/business-directory/company-profiles/alumot-esh-fire-protection-technologies-ltd.19f46ac73c123385a37ae2842ca2a638"
"624","Dalian Hongan Mechanical & Electrical In...","Residential Building Construction","Independent","Dalian, Liaoning, China","https://dnb.com/business-directory/company-profiles/dalian-hongan-mechanical--electrical-installation-engineering-co-ltd.f8251b08b784a11ff9ed7aa405bc1919"
"625","Guangdong Kaian Construction Co., Ltd.","Residential Building Construction","Independent","Shenzhen, Guangdong, China","https://dnb.com/business-directory/company-profiles/guangdong-kaian-construction-co-ltd.287fc7c7e112c7109b6f56187574e608"
"626","CFP DESIGNS, INC.","Building Equipment Contractors","Independent","Bakersfield, CA, United States","https://dnb.com/business-directory/company-profiles/cfp-designs-inc.28f527d4f8912a38fa2949851f106a9a"
"627","HUNG PHAT FIRE PROTECTION EQUIPMENT COMP...","Building Equipment Contractors","Parent","Tan Hiep Ward, Ho Chi Minh, Vietnam","https://dnb.com/business-directory/company-profiles/hung-phat-fire-protection-equipment-company-limited.b8b673b4c460c1748b872e205e4575f2"
"628","Megacity Fire Protection Inc","Other Support Services","Parent","Dayton, OH, United States","https://dnb.com/business-directory/company-profiles/megacity-fire-protection-inc.c4937a967a929bf9224d8ff5925e55fd"
"629","ARK FIRE PROTECTION LTD","Land Subdivision","Subsidiary","PETERBOROUGH, England, United Kingdom","https://dnb.com/business-directory/company-profiles/ark-fire-protection-ltd.50a5978239861a5e16fec4db03762b76"
"630","FIRE PROTECTION CHEMICALS (PTY) LTD","Pesticide, Fertilizer, and Other Agricultural Chemical Manufacturing","Independent","KRUGERSDORP, GAUTENG, South Africa","https://dnb.com/business-directory/company-profiles/fire-protection-chemicals-(pty)-ltd.6ccd264e223fdcb5b77807f0782eea49"
"631","SAFETY & PROTECTION FAaCTORY FOR MANUFAC...","Electric Lighting Equipment Manufacturing","Subsidiary","Dammam, Ash Sharqiyah, Saudi Arabia","https://dnb.com/business-directory/company-profiles/safety--protection-faactory-for-manufacture-of-electrical-materials-and-resistance-for-explosion-and-fire.013ef4a205c3000d3a3ec900d5179ab6"
"632","Xining Yinrun Fire Protection Technology...","Professional and Commercial Equipment and Supplies Merchant Wholesalers","Parent","Xining, Qinghai, China","https://dnb.com/business-directory/company-profiles/xining-yinrun-fire-protection-technology-co-ltd.dd9409349b71d34122ee1862fd8d44b0"
"633","NATIONAL FIRE PROTECTION AND SAFETY ENGI...","Support Activities for Air Transportation","Independent","Pune, Maharashtra, India","https://dnb.com/business-directory/company-profiles/national-fire-protection-and-safety-engineers.eec685ad99b26d5300396cfab404cff9"
"634","SRI RENGA FIRE PROTECTION SYSTEMS","Support Activities for Air Transportation","Independent","Tiruchirappalli, Tamil Nadu, India","https://dnb.com/business-directory/company-profiles/sri-renga-fire-protection-systems.9143f82c439784dc6359fd20289f1dee"
"635","SANGEETA FIRE PROTECTION","Support Activities for Air Transportation","Independent","Thane, Maharashtra, India","https://dnb.com/business-directory/company-profiles/sangeeta-fire-protection.5e61894a72973535468c8741b09ae260"
"636","AST Fire Protection Company","Management, Scientific, and Technical Consulting Services","Independent","Minneapolis, MN, United States","https://dnb.com/business-directory/company-profiles/ast-fire-protection-company.fd77db2ef0752de77eac41b5719fe1fb"
"637","ADELAIDE FIRE DOORS PTY. LTD.","Architectural and Structural Metals Manufacturing","Subsidiary","GEPPS CROSS, SOUTH AUSTRALIA, Australia","https://dnb.com/business-directory/company-profiles/adelaide-fire-doors-pty-ltd.c8e6dd1e11d974d14334e3f6d11f2ee4"
"638","TAI CHOU FIRE PROTECTION EQUIPMENTS CO.,...","Electronics and Appliance Retailers","Independent","Taipei City, Taipei, Taiwan","https://dnb.com/business-directory/company-profiles/tai-chou-fire-protection-equipments-co-ltd.ce75a51c3c0be2295fb99163b1a46c40"
"639","Fritz Fire Protection Co., Inc.","Building Equipment Contractors","Parent","Harrisburg, PA, United States","https://dnb.com/business-directory/company-profiles/fritz-fire-protection-co-inc.b61e9bfe19600677d1eae14b833dd378"
"640","Anhui Ze'an Xinchen Construction And Ins...","Machinery, Equipment, and Supplies Merchant Wholesalers","Parent","Anqing, Anhui, China","https://dnb.com/business-directory/company-profiles/anhui-zean-xinchen-construction-and-installation-co-ltd.d0379d717fde57fec65c37300f288f3a"
"641","GMW Fire Protection, Inc.","Building Equipment Contractors","Independent","Anchorage, AK, United States","https://dnb.com/business-directory/company-profiles/gmw-fire-protection-inc.beaed9b75459ee01a1e91dc26fb08175"
"642","Foothills Fire Protection, Inc.","Building Equipment Contractors","Independent","Scottsdale, AZ, United States","https://dnb.com/business-directory/company-profiles/foothills-fire-protection-inc.2ac70909c4c12f961e31fa88c1928178"
"643","Edge Fire Protection Inc.","Other Support Services","Subsidiary","Pelham, AL, United States","https://dnb.com/business-directory/company-profiles/edge-fire-protection-inc.2b96ff36e8ef447d1fc4a13f2096c35c"
"644","Shasta Fire Protection, Inc.","Building Equipment Contractors","Independent","Thousand Palms, CA, United States","https://dnb.com/business-directory/company-profiles/shasta-fire-protection-inc.8ff9ca9997befe76e6263ad899d19f37"
"645","Focus Fire Protection LLC","Building Equipment Contractors","Independent","Las Vegas, NV, United States","https://dnb.com/business-directory/company-profiles/focus-fire-protection-llc.b6b78f80c2e240df10eca3f26ee4f500"
"646","Boyer Fire Protection, LLC","Building Equipment Contractors","Independent","Saint Louis, MO, United States","https://dnb.com/business-directory/company-profiles/boyer-fire-protection-llc.c4c19d45a00d7cff2670ea1f01f24cf5"
"647","Sichuan Zhongji Zhihui Fire-Fighting Tec...","Services to Buildings and Dwellings","Subsidiary","Chengdu, Sichuan, China","https://dnb.com/business-directory/company-profiles/sichuan-zhongji-zhihui-fire-fighting-technology-co-ltd.d5deb7025ef8ee86b0f537b1f2109959"
"648","360 Fire Protection, LLC","Other General Purpose Machinery Manufacturing","Independent","Springfield, MO, United States","https://dnb.com/business-directory/company-profiles/360-fire-protection-llc.5af08e51e86b1095544de89232f8d465"
"649","Knight Fire Protection, Inc.","Building Equipment Contractors","Parent","Olympia, WA, United States","https://dnb.com/business-directory/company-profiles/knight-fire-protection-inc.9d5bd9c6a537601a61e60f4901bc9885"
"650","Yunnan Hongchuang Fire Protection Techno...","Residential Building Construction","Independent","Kunming, Yunnan, China","https://dnb.com/business-directory/company-profiles/yunnan-hongchuang-fire-protection-technology-co-ltd.8b7b4cccf8c160e22d21111e36456421"
"651","Tri State Fire Protection (inc)","Household Appliances and Electrical and Electronic Goods Merchant Wholesalers","Independent","Sewell, NJ, United States","https://dnb.com/business-directory/company-profiles/tri-state-fire-protection-(inc).a7eb1fe45c660de19fbfe81d6dd184cb"
"652","Northstar Fire Protection Ltd","Other Support Services","Independent","Calgary, AB, Canada","https://dnb.com/business-directory/company-profiles/northstar-fire-protection-ltd.889a6b6436bdc754abd2f6477c12c84c"
"653","AMMO FIRE PROTECTION CC","Investigation and Security Services","Parent","JOHANNESBURG, GAUTENG, South Africa","https://dnb.com/business-directory/company-profiles/ammo-fire-protection-cc.69f38a72956aaafc3c084864eaa75200"
"654","Qi'An Fire Fighting Engineering (Group) ...","Building Equipment Contractors","Parent","Hohhot, Inner Mongolia, China","https://dnb.com/business-directory/company-profiles/qian-fire-fighting-engineering-(group)-co-ltd.62e4122e71e27940a8fb2e2c92845152"
"655","Fujian Wangshun Fire Fighting Technology...","Residential Building Construction","Independent","Zhangzhou, Fujian, China","https://dnb.com/business-directory/company-profiles/fujian-wangshun-fire-fighting-technology-co-ltd.adfb53e18bb6e2511a74b3ffd85f5edc"
"656","Zhejiang Yuanbang E-commerce Co., Ltd","Residential Building Construction","Independent","Jiangshan, Zhejiang, China","https://dnb.com/business-directory/company-profiles/zhejiang-yuanbang-e-commerce-co-ltd.571b272216a1bbd422fe885c13924188"
"657","Shanghai Duotang Property Management Co....","Residential Building Construction","Independent","Shanghai, Shanghai, China","https://dnb.com/business-directory/company-profiles/shanghai-duotang-property-management-co-ltd.0ea810c74a9063ab0789dae1d8c6a246"
"658","Basic Fire Protection, Inc.","Building Equipment Contractors","Independent","Portland, OR, United States","https://dnb.com/business-directory/company-profiles/basic-fire-protection-inc.b1e3bc4d056be3f8bd4bc0a4c1c40993"
"659","Shanghai Anning Fire Protection Engineer...","Other Specialty Trade Contractors","Parent","Shanghai, Shanghai, China","https://dnb.com/business-directory/company-profiles/shanghai-anning-fire-protection-engineering-co-ltd.53afe636a64f3444e2c0ce180c850b88"
"660","ALL AMERICAN FIRE PROTECTION OF FAYETTEV...","Other Support Services","Independent","Spring Lake, NC, United States","https://dnb.com/business-directory/company-profiles/all-american-fire-protection-of-fayetteville-inc.8d13bee55b467b0a308f975261ff4580"
"661","Urban Fire Protection, Inc.","Building Equipment Contractors","Parent","Rockwall, TX, United States","https://dnb.com/business-directory/company-profiles/urban-fire-protection-inc.7260fe16361b64f213e3317c3f778038"
"662","Shandong Xingze Fire Fighting Engineerin...","Residential Building Construction","Independent","Rizhao, Shandong, China","https://dnb.com/business-directory/company-profiles/shandong-xingze-fire-fighting-engineering-co-ltd.e7dfddf2a74bd97e5ece37a7caebd16f"
"663","Nanjing Nanxiao Fire Fighting Technical ...","Machinery, Equipment, and Supplies Merchant Wholesalers","Subsidiary","Nanjing, Jiangsu, China","https://dnb.com/business-directory/company-profiles/nanjing-nanxiao-fire-fighting-technical-service-co-ltd.29a7d5879677d57c7333ea5f873a6ddd"
"664","RELIABLE FIRE PROTECTION, INC.","Building Equipment Contractors","Parent","Lewiston, ME, United States","https://dnb.com/business-directory/company-profiles/reliable-fire-protection-inc.260ddbe1489825d4a9988f74066e3aab"
"665","Tangshan Zeyuan Fire Fighting Engineerin...","Residential Building Construction","Independent","Tangshan, Hebei, China","https://dnb.com/business-directory/company-profiles/tangshan-zeyuan-fire-fighting-engineering-co-ltd.b316867ba2ab6dc629ed9dd7b439dbe8"
"666","Hebei Basike Technology Co., Ltd.","Residential Building Construction","Independent","Shijiazhuang, Hebei, China","https://dnb.com/business-directory/company-profiles/hebei-basike-technology-co-ltd.65ebe55bb8cf432aba4c828182049169"
"667","Yongxiu County Hui'an Fire Protection In...","Residential Building Construction","Independent","Jiujiang, Jiangxi, China","https://dnb.com/business-directory/company-profiles/yongxiu-county-huian-fire-protection-installation-engineering-co-ltd.01c79128de0836d0cc282a869bacc04c"
"668","GFP Enterprises, LLC","Support Activities for Forestry","Parent","Sisters, OR, United States","https://dnb.com/business-directory/company-profiles/gfp-enterprises-llc.11e94d7a1020924638838d0e6923c196"
"669","SR FIRE PROTECTION PTE. LTD.","Metal and Mineral (except Petroleum) Merchant Wholesalers","Independent","Singapore, Singapore","https://dnb.com/business-directory/company-profiles/sr-fire-protection-pte-ltd.bcec983a69b7eb6cf4cdc4b310ee81dc"
"670","PSG Fire Protection Ltd","Utility System Construction","Independent","ZARZIR, Northern District, Israel","https://dnb.com/business-directory/company-profiles/psg-fire-protection-ltd.204a66391d98380dd2374b272dc19474"
"671","GALA WATER SYSTEMS AND FIRE PROTECTION L...","Utility System Construction","Independent","PETAH TIKVA, Central District, Israel","https://dnb.com/business-directory/company-profiles/gala-water-systems-and-fire-protection-ltd.6b5f1e881540ec786d804abb243d43cb"
"672","FLOW FIRE PROTECTION, INC.","Building Equipment Contractors","Independent","Fort Collins, CO, United States","https://dnb.com/business-directory/company-profiles/flow-fire-protection-inc.9725f4b6c01fa89d713db1dd2efdc818"
"673","Preferred Fire Protection, Inc.","Building Equipment Contractors","Independent","Pittsburgh, PA, United States","https://dnb.com/business-directory/company-profiles/preferred-fire-protection-inc.d0885c14806ded9ca17a984554306d87"
"674","Shandong Lida Firefighting Equipment Co....","Household Appliances and Electrical and Electronic Goods Merchant Wholesalers","Subsidiary","Yantai, Shandong, China","https://dnb.com/business-directory/company-profiles/shandong-lida-firefighting-equipment-co-ltd.28adc943ccdc5ec2353ccfa433905c25"
"675","Transbay Fire Protection, Inc.","Building Equipment Contractors","Parent","Pleasanton, CA, United States","https://dnb.com/business-directory/company-profiles/transbay-fire-protection-inc.f6d122befc009b42dba07b89d45e65d2"
"676","C&L Hendrix Enterprises, Inc.","Household Appliances and Electrical and Electronic Goods Merchant Wholesalers","Independent","Statesboro, GA, United States","https://dnb.com/business-directory/company-profiles/cl-hendrix-enterprises-inc.f73634e6dcda17d68f672a6dacd8dbd4"
"677","Inner Mongolia Hong'an Fire Protection T...","Grocery and Convenience Retailers","Independent","Hohhot, Inner Mongolia, China","https://dnb.com/business-directory/company-profiles/inner-mongolia-hongan-fire-protection-technology-co-ltd.dcb715ec3ce3ca8db72ceb11e5765bd5"
"678","LIFESAVER FIRE PROTECTION, INC","Building Equipment Contractors","Independent","Minneapolis, MN, United States","https://dnb.com/business-directory/company-profiles/lifesaver-fire-protection-inc.454c52eb45786f02c2cccf8ac9a6734a"
"679","Guangdong Jiatai Fire Protection Technol...","Chemical and Allied Products Merchant Wholesalers","Parent","Guangzhou, Guangdong, China","https://dnb.com/business-directory/company-profiles/guangdong-jiatai-fire-protection-technology-co-ltd.bc5361b9b5473ba428913b6a9e46cf0c"
"680","Arena Fire Protection, Inc.","Building Equipment Contractors","Independent","Moss Point, MS, United States","https://dnb.com/business-directory/company-profiles/arena-fire-protection-inc.ca6fe520cbaad3b921a111d513d1315c"
"681","POLARIS FIRE PROTECTION INC","Other Support Services","Independent","Plantation, FL, United States","https://dnb.com/business-directory/company-profiles/polaris-fire-protection-inc.b0c8b71c02ff64b9b512d8a111c6d76e"
"682","Pangzhan Construction Engineering Co., L...","Building Equipment Contractors","Subsidiary","Shijiazhuang, Hebei, China","https://dnb.com/business-directory/company-profiles/pangzhan-construction-engineering-co-ltd.626e5d6eec118ad2c985f8a853165aa2"
"683","Zhongjian Construction Group Co., Ltd.","Residential Building Construction","Subsidiary","Nanjing, Jiangsu, China","https://dnb.com/business-directory/company-profiles/zhongjian-construction-group-co-ltd.05ac5603bf886dd9c2c309991e597368"
"684","Daedong Fire Protection Doors Co., Ltd.","Architectural and Structural Metals Manufacturing","Independent","Pocheon, Gyeonggi, Republic Of Korea","https://dnb.com/business-directory/company-profiles/daedong-fire-protection-doors-co-ltd.267bf3ad55d50606b6ba957e6e1620d2"
"685","Dehn Holding Inc.","Building Equipment Contractors","Independent","Loveland, CO, United States","https://dnb.com/business-directory/company-profiles/dehn-holding-inc.e72884c50b65fe7a9cf8c77befc433b5"
"686","KJ Assests, Inc","Other Support Services","Independent","Oklahoma City, OK, United States","https://dnb.com/business-directory/company-profiles/kj-assests-inc.7707aa710f9ea581c42c427c9defa1f3"
"687","Shanghai Huanyu Jiuyang Fire Fighting Te...","Other Miscellaneous Retailers","Subsidiary","Shanghai, Shanghai, China","https://dnb.com/business-directory/company-profiles/shanghai-huanyu-jiuyang-fire-fighting-technology-co-ltd.4fb4f7ddbc5c5f36ccd3eb4c9a73f29b"
"688","Jerric Corp","Building Equipment Contractors","Independent","Poland, ME, United States","https://dnb.com/business-directory/company-profiles/jerric-corp.16b663aae2fb77ed04ee0d1b2e9d9acc"
"689","Valley Suburban Fire Protection District...","Justice, Public Order, and Safety Activities","Independent","Valley, NE, United States","https://dnb.com/business-directory/company-profiles/valley-suburban-fire-protection-district-no-5.954b408e91d144b8526c7e24eaaa6f5b"
"690","Cornet, Inc.","Building Equipment Contractors","Parent","Sterling, VA, United States","https://dnb.com/business-directory/company-profiles/cornet-inc.cb534677b7ae43b5ac9967f2cbf42bd6"
"691","Tier 1 Fire Protection LLC","Other Support Services","Independent","Brownsville, TN, United States","https://dnb.com/business-directory/company-profiles/tier-1-fire-protection-llc.05a2aed71d7e7f841520ff93a8e78a47"
"692","Foshan Dun'an Fire Protection Technology...","Architectural and Structural Metals Manufacturing","Independent","Foshan, Guangdong, China","https://dnb.com/business-directory/company-profiles/foshan-dunan-fire-protection-technology-co-ltd.804c4310e56fa17f462f03418161f0a4"
"693","Five Star Automatic Fire Protection LLC.","Building Equipment Contractors","Independent","El Paso, TX, United States","https://dnb.com/business-directory/company-profiles/five-star-automatic-fire-protection-llc.d7288e8cdbaca441787f9111481f458c"
"694","NGUYEN NGOC BAO FIRE PROTECTION TRADING ...","Residential Building Construction","Independent","Hoa Loi Ward, Ho Chi Minh, Vietnam","https://dnb.com/business-directory/company-profiles/nguyen-ngoc-bao-fire-protection-trading-service-company-limited.8e1149a9adc8f447529c2fea20f9501b"
"695","19/5 FIRE PROTECTION TRADING SERVICE PRO...","Residential Building Construction","Independent","An Phu Ward, Ho Chi Minh, Vietnam","https://dnb.com/business-directory/company-profiles/19-5-fire-protection-trading-service-production-company-limited.919878b8cf6d74cbebf67702fd1d3a00"
"696","KHANH AN FIRE PROTECTION AND TECHNICAL C...","Residential Building Construction","Independent","Dien Khanh Commune, Khanh Hoa, Vietnam","https://dnb.com/business-directory/company-profiles/khanh-an-fire-protection-and-technical-company-limited.77b7d945ac29f956626979f9f567fbf7"
"697","VINH KIM FIRE PROTECTION AND HOA AUTOMAT...","Residential Building Construction","Independent","Vinh Tuong Commune, Nghe An, Vietnam","https://dnb.com/business-directory/company-profiles/vinh-kim-fire-protection-and-hoa-automation-technology-company-limited.824f9383ce3114909cc0e83e11d0a621"
"698","BAO AN PHAT FIRE PROTECTION ENGINEERING ...","Residential Building Construction","Independent","Yen Hoa Ward, Ha Noi, Vietnam","https://dnb.com/business-directory/company-profiles/bao-an-phat-fire-protection-engineering-company-limited.c21569b8359693b66bb2f899e7a44285"
"699","HUY HOANG FIRE PROTECTION TECHNOLOGY AND...","Residential Building Construction","Independent","Yen Hoa Ward, Ha Noi, Vietnam","https://dnb.com/business-directory/company-profiles/huy-hoang-fire-protection-technology-and-solutions-company-limited.96aeb89822e69083df8bfd20295f3a42"
"700","HUONG SON FIRE PROTECTION AND CONSTRUCTI...","Residential Building Construction","Independent","Cho Lon Ward, Ho Chi Minh, Vietnam","https://dnb.com/business-directory/company-profiles/huong-son-fire-protection-and-construction-trading-company-limited.96a2005808cb6e1874a61541fa72ca86"
"701","DAO GIA THINH FIRE PROTECTION COMPANY LI...","Residential Building Construction","Independent","Di An Ward, Ho Chi Minh, Vietnam","https://dnb.com/business-directory/company-profiles/dao-gia-thinh-fire-protection-company-limited.cc5ea2a7e833f63ac10aed62a914176b"
"702","AN PHUONG NAM 272 FIRE PROTECTION TECHNO...","Residential Building Construction","Independent","Lang Giang Commune, Bac Ninh, Vietnam","https://dnb.com/business-directory/company-profiles/an-phuong-nam-272-fire-protection-technology-development-company-limited.f41e59a26b8e116c9dc2b2a7321563f6"
"703","UY DUNG FIRE PROTECTION SERVICE AND CONS...","Residential Building Construction","Independent","Thoi An Ward, Ho Chi Minh, Vietnam","https://dnb.com/business-directory/company-profiles/uy-dung-fire-protection-service-and-construction-installation-company-limited.edb8ec49eb55bef6b400ea8715e38f4e"
"704","HOANG ANH FIRE PROTECTION ONE MEMBER COM...","Residential Building Construction","Independent","Thoi Hoa Ward, Ho Chi Minh, Vietnam","https://dnb.com/business-directory/company-profiles/hoang-anh-fire-protection-one-member-company-limited.bedb40a44c33dc7afac48aa62cb96ca4"
"705","AN PHAT FIRE PROTECTION TRADING SERVICE ...","Residential Building Construction","Independent","Linh Xuan Ward, Ho Chi Minh, Vietnam","https://dnb.com/business-directory/company-profiles/an-phat-fire-protection-trading-service-company-limited.25519aa98a38828d4f1f03ff62fd9ca9"
"706","THANG LONG SAFETY SOLUTIONS FIRE PROTECT...","Residential Building Construction","Independent","Cua Nam Ward, Ha Noi, Vietnam","https://dnb.com/business-directory/company-profiles/thang-long-safety-solutions-fire-protection-company-limited.f9564890dbf6b8a539d4bcd3f0a0e32a"
"707","DAI HAI FIRE PROTECTION COMPANY LIMITED","Residential Building Construction","Independent","Thuan Hoa Ward, Hue, Vietnam","https://dnb.com/business-directory/company-profiles/dai-hai-fire-protection-company-limited.1a5d75398b0aedc5d6181ba2cdadc9fe"
"708","FIRETECH VIET NAM FIRE PROTECTION EQUIPM...","Residential Building Construction","Independent","Yen Hoa Ward, Ha Noi, Vietnam","https://dnb.com/business-directory/company-profiles/firetech-viet-nam-fire-protection-equipment-company-limited.be0572cd382fd6380680913a4b11c526"
"709","TOAN PHAT FIRE PROTECTION INVESTMENT CON...","Residential Building Construction","Independent","Trang Dai Ward, Dong Nai, Vietnam","https://dnb.com/business-directory/company-profiles/toan-phat-fire-protection-investment-construction-company-limited.f53cd3198eebdd598888a6f1e5a7d65d"
"710","DAI PHAT FIRE PROTECTION TECHNICAL AND C...","Residential Building Construction","Independent","Dinh Cong Ward, Ha Noi, Vietnam","https://dnb.com/business-directory/company-profiles/dai-phat-fire-protection-technical-and-consultant-company-limited.d6b71e79d25cbf3a400dfcc3d6ce9010"
"711","AI QUOC FIRE PROTECTION CONSTRUCTION INS...","Residential Building Construction","Independent","Ai Quoc Commune, Hung Yen, Vietnam","https://dnb.com/business-directory/company-profiles/ai-quoc-fire-protection-construction-installation-trading-company-limited.148e032ddede0b39c4d4aeb5e8b93623"
"712","DUC AN PHAT FIRE PROTECTION AND CONSTRUC...","Residential Building Construction","Independent","Kien Hung Ward, Ha Noi, Vietnam","https://dnb.com/business-directory/company-profiles/duc-an-phat-fire-protection-and-construction-company-limited.a2437de176f9bf26d03045aea564e9dd"
"713","TRUNG THANH GIA PHAT FIRE PROTECTION TRA...","Residential Building Construction","Independent","My Hanh Commune, Tay Ninh, Vietnam","https://dnb.com/business-directory/company-profiles/trung-thanh-gia-phat-fire-protection-trading-service-company-limited.517467a3fd86506ffa038a1bcc82c055"
"714","HUNG THINH FIRE PROTECTION TRADING AND S...","Residential Building Construction","Independent","Khoai Chau Commune, Hung Yen, Vietnam","https://dnb.com/business-directory/company-profiles/hung-thinh-fire-protection-trading-and-service-company-limited.cc445dc2ec18b4b9c27cb78bc0ed10a4"
"715","TUAN MINH 114 FIRE PROTECTION ENGINEERIN...","Residential Building Construction","Independent","Hoang Mai Ward, Ha Noi, Vietnam","https://dnb.com/business-directory/company-profiles/tuan-minh-114-fire-protection-engineering-company-limited.495776f939d42dc4e37df4a5446d0b93"
"716","AN TAM PHAT FIRE PROTECTION COMPANY LIMI...","Residential Building Construction","Independent","Yet Kieu Commune, Hai Phong, Vietnam","https://dnb.com/business-directory/company-profiles/an-tam-phat-fire-protection-company-limited.dbadb05026ffd6bba9ddcc99ba42cf80"
"717","THINH VUONG FIRE PROTECTION AND ELECTROM...","Residential Building Construction","Independent","Dien Ban Dong Ward, Da Nang, Vietnam","https://dnb.com/business-directory/company-profiles/thinh-vuong-fire-protection-and-electromechanical-construction-installation-company-limited.6997ca6adb19193bb64e688512d3d7b8"
"718","PHUONG NAM FIRE PROTECTION TECHNOLOGY CO...","Residential Building Construction","Independent","Lang Giang Commune, Bac Ninh, Vietnam","https://dnb.com/business-directory/company-profiles/phuong-nam-fire-protection-technology-company-limited.1c1a40893d6932ae91d84435d6fceae6"
"719","THANH HUNG FIRE PROTECTION AND CONSTRUCT...","Residential Building Construction","Independent","Yen Lac Commune, Phu Tho, Vietnam","https://dnb.com/business-directory/company-profiles/thanh-hung-fire-protection-and-construction-company-limited.81c481e715e299f4cfab326be3ffb3d0"
"720","HD GROUP FIRE FIGHTING FIRE PROTECTION S...","Residential Building Construction","Independent","Bo De Ward, Ha Noi, Vietnam","https://dnb.com/business-directory/company-profiles/hd-group-fire-fighting-fire-protection-service-and-commerce-company-limited.50a440f003c0d9bab4dfa806924868b6"
"721","LAM KHANG FIRE PROTECTION & ELECTRIC COM...","Residential Building Construction","Independent","Quy Nhon Nam Ward, Gia Lai, Vietnam","https://dnb.com/business-directory/company-profiles/lam-khang-fire-protection--electric-company-limited.a668ac1127cfa5ce56178ea1a8f8b63b"
"722","VAN XUAN HP FIRE PROTECTION COMPANY LIMI...","Residential Building Construction","Independent","Thanh Dong Ward, Hai Phong, Vietnam","https://dnb.com/business-directory/company-profiles/van-xuan-hp-fire-protection-company-limited.5163b3da61f74ec027dbc13b0e3117f0"
"723","HTC FIRE PROTECTION COMPANY LIMITED","Residential Building Construction","Independent","Binh Loi Trung Ward, Ho Chi Minh, Vietnam","https://dnb.com/business-directory/company-profiles/htc-fire-protection-company-limited.a95b2dc7bbc9be3bfb1198b9fe5a2c66"
"724","HAI HA FIRE PROTECTION ELECTROMECHANICAL...","Residential Building Construction","Independent","Vo Cuong Ward, Bac Ninh, Vietnam","https://dnb.com/business-directory/company-profiles/hai-ha-fire-protection-electromechanical--construction-company-limited.ea99484cafdb3eb45a901eae088eeb43"
"725","NGOC HAI FIRE PROTECTION TECHNICAL TRADI...","Residential Building Construction","Independent","Tuy Phuoc Tay Commune, Gia Lai, Vietnam","https://dnb.com/business-directory/company-profiles/ngoc-hai-fire-protection-technical-trading-service-company-limited.e91cda8049f29355d5801624447a0a36"
"726","TRAN DUY FIRE PROTECTION AND CONSTRUCTIO...","Residential Building Construction","Independent","Tan Phong Ward, Lai Chau, Vietnam","https://dnb.com/business-directory/company-profiles/tran-duy-fire-protection-and-construction-company-limited.2b06f7cfbb7449d64cd15385a7c5fb18"
"727","THIEN AN FIRE PROTECTION TRADING AND SER...","Residential Building Construction","Independent","Yen Phong Commune, Bac Ninh, Vietnam","https://dnb.com/business-directory/company-profiles/thien-an-fire-protection-trading-and-service-company-limited.cdf3471d824c1e689ce161db1eb2887f"
"728","Qingdao Huamai Sheng'an Fire Protection ...","Residential Building Construction","Subsidiary","Qingdao, Shandong, China","https://dnb.com/business-directory/company-profiles/qingdao-huamai-shengan-fire-protection-technology-engineering-co-ltd.3b26456fc8f75127587a06efbe2524e1"
"729","Qingdao Zhenhua Huiyuan Fire Protection ...","Residential Building Construction","Parent","Qingdao, Shandong, China","https://dnb.com/business-directory/company-profiles/qingdao-zhenhua-huiyuan-fire-protection-engineering-co-ltd.49bc3ef9d7f7bebee3d36b2b24132fe4"
"730","Fuyang Jieling Fire Protection Engineeri...","Residential Building Construction","Subsidiary","Fuyang, Anhui, China","https://dnb.com/business-directory/company-profiles/fuyang-jieling-fire-protection-engineering-co-ltd.cb8814177d3b2a2afc93f7b36c452562"
"731","Wuhan Zhiwu Pig Fire Protection Engineer...","Residential Building Construction","Subsidiary","Wuhan, Hubei, China","https://dnb.com/business-directory/company-profiles/wuhan-zhiwu-pig-fire-protection-engineering-co-ltd.71ffb54ffb98e4e0b6ad2e20c78cea0e"
"732","Guangzhou Lingshi Fire Protection Engine...","Residential Building Construction","Subsidiary","Guangzhou, Guangdong, China","https://dnb.com/business-directory/company-profiles/guangzhou-lingshi-fire-protection-engineering-co-ltd.d951568815f8121f39a2b5ed1f5a938d"
"733","Henan Leirong Fire Protection Engineerin...","Residential Building Construction","Subsidiary","Zhengzhou, Henan, China","https://dnb.com/business-directory/company-profiles/henan-leirong-fire-protection-engineering-co-ltd.ff18447566fcd4625b9d5650b749b43f"
"734","Hubei Zhaotai Fire Protection Engineerin...","Residential Building Construction","Subsidiary","Xiangyang, Hubei, China","https://dnb.com/business-directory/company-profiles/hubei-zhaotai-fire-protection-engineering-co-ltd.0bdbe352691a2fa37bb921cbb1187667"
"735","Weifang Xinzhi Fire Protection Engineeri...","Residential Building Construction","Subsidiary","Weifang, Shandong, China","https://dnb.com/business-directory/company-profiles/weifang-xinzhi-fire-protection-engineering-co-ltd.8584dc97367c1cd4ff21063f16f02cbf"
"736","Wuhan Zhonghui Fire Protection Engineeri...","Residential Building Construction","Subsidiary","Wuhan, Hubei, China","https://dnb.com/business-directory/company-profiles/wuhan-zhonghui-fire-protection-engineering-co-ltd.da6949adf3d7dbe795d20f65c7ceed69"
"737","Chongqing Jianxing Fire Protection Engin...","Residential Building Construction","Subsidiary","Chongqing, Chongqing, China","https://dnb.com/business-directory/company-profiles/chongqing-jianxing-fire-protection-engineering-co-ltd.f32ac7428c42c4df5168dfa00f7c7161"
"738","Anhui Zhiyan Fire Protection Engineering...","Residential Building Construction","Subsidiary","Bozhou, Anhui, China","https://dnb.com/business-directory/company-profiles/anhui-zhiyan-fire-protection-engineering-co-ltd.94d855cb5ce5c40c0911d3948bcbe3ff"
"739","Anhui Chi'an Fire Protection Engineering...","Residential Building Construction","Parent","Anqing, Anhui, China","https://dnb.com/business-directory/company-profiles/anhui-chian-fire-protection-engineering-co-ltd.6800cb548a759b41af00ecb1bb0af525"
"740","Chongqing Nawenlan Fire Protection Engin...","Residential Building Construction","Parent","Chongqing, Chongqing, China","https://dnb.com/business-directory/company-profiles/chongqing-nawenlan-fire-protection-engineering-co-ltd.0b1358f558348cd82abb3e7c4ba4cefe"
"741","Wuhan Haihuisi Fire Protection Engineeri...","Residential Building Construction","Subsidiary","Wuhan, Hubei, China","https://dnb.com/business-directory/company-profiles/wuhan-haihuisi-fire-protection-engineering-co-ltd.2b7349f3be7f3e012c9e6df0dc23888d"
"742","Henan Eastward Fire Protection Engineeri...","Residential Building Construction","Subsidiary","Zhengzhou, Henan, China","https://dnb.com/business-directory/company-profiles/henan-eastward-fire-protection-engineering-co-ltd.ef4838c18cb78671cbd3c7b87e04c199"
"743","Qingdao Taidun Fire Protection Engineeri...","Residential Building Construction","Subsidiary","Qingdao, Shandong, China","https://dnb.com/business-directory/company-profiles/qingdao-taidun-fire-protection-engineering-co-ltd.9d751382e39132b82165e4a52465da11"
"744","Liaoning Taida'an Fire Protection Engine...","Residential Building Construction","Subsidiary","Shenyang, Liaoning, China","https://dnb.com/business-directory/company-profiles/liaoning-taidaan-fire-protection-engineering-co-ltd.d41452d3465c1806b467ffd5831cdfb7"
"745","Bozhou Huozheng Fire Protection Engineer...","Residential Building Construction","Subsidiary","Bozhou, Anhui, China","https://dnb.com/business-directory/company-profiles/bozhou-huozheng-fire-protection-engineering-co-ltd.bd9bf3f1cd11eca7034655209f0e6c0d"
"746","Shandong Tewang Fire Protection Engineer...","Residential Building Construction","Subsidiary","Liaocheng, Shandong, China","https://dnb.com/business-directory/company-profiles/shandong-tewang-fire-protection-engineering-co-ltd.338d33171d8271297bdae851266970a2"
"747","Jiangxi Zhongwen Zhicun Fire Protection ...","Residential Building Construction","Subsidiary","Jiujiang, Jiangxi, China","https://dnb.com/business-directory/company-profiles/jiangxi-zhongwen-zhicun-fire-protection-engineering-co-ltd.a7c80feefb9b9ff83f3279ae60ba4aec"
"748","Fangcheng Xinghong Fire Protection Engin...","Residential Building Construction","Subsidiary","Nanyang, Henan, China","https://dnb.com/business-directory/company-profiles/fangcheng-xinghong-fire-protection-engineering-co-ltd.bd05a6c1f2ac13d49fc8680606815fd0"
"749","Anhui Wenyu Fire Protection Technology C...","Residential Building Construction","Subsidiary","Bozhou, Anhui, China","https://dnb.com/business-directory/company-profiles/anhui-wenyu-fire-protection-technology-co-ltd.6ef1b2c5dff5e03eb8960bd588e7e3f8"
"750","Hunan Pingze Fire Protection Engineering...","Residential Building Construction","Subsidiary","Lengshuijiang, Hunan, China","https://dnb.com/business-directory/company-profiles/hunan-pingze-fire-protection-engineering-co-ltd.a4fe52b1f5573e2805e2bbb790a6bbea"
"751","Jiujiang Xunke Fire Protection Engineeri...","Residential Building Construction","Subsidiary","Jiujiang, Jiangxi, China","https://dnb.com/business-directory/company-profiles/jiujiang-xunke-fire-protection-engineering-co-ltd.5af9d315bca6dda5bcecaa1483a524a7"
"752","Zhongji Tianyun Fire Protection Engineer...","Residential Building Construction","Subsidiary","Yichun, Jiangxi, China","https://dnb.com/business-directory/company-profiles/zhongji-tianyun-fire-protection-engineering-co-ltd-tangdu-branch.a2ce327d3060aa21cdd06a8ef1a4578e"
"753","Qingdao Huamai Zhiyuan Fire Protection E...","Residential Building Construction","Subsidiary","Qingdao, Shandong, China","https://dnb.com/business-directory/company-profiles/qingdao-huamai-zhiyuan-fire-protection-electromechanical-engineering-co-ltd.620f5f81073a263c90fe33e26df52257"
"754","Zhongji Tianyun Fire Protection Engineer...","Residential Building Construction","Subsidiary","Suining, Sichuan, China","https://dnb.com/business-directory/company-profiles/zhongji-tianyun-fire-protection-engineering-co-ltd-suining-branch.511114dc8163ece21e472c80f5e7491c"
"755","Chongqing Jiapeng Fire Protection Engine...","Residential Building Construction","Subsidiary","Chongqing, Chongqing, China","https://dnb.com/business-directory/company-profiles/chongqing-jiapeng-fire-protection-engineering-co-ltd.e06d4cd2fb6bc9566cd52888f2193bb7"
"756","Zhongji Tianyun Fire Protection Engineer...","Residential Building Construction","Subsidiary","Heze, Shandong, China","https://dnb.com/business-directory/company-profiles/zhongji-tianyun-fire-protection-engineering-co-ltd-heze-branch.6783946773da0c2b81ec4aea06ff55b9"
"757","Shandong Huiyuan Fire Protection Enginee...","Residential Building Construction","Subsidiary","Jinan, Shandong, China","https://dnb.com/business-directory/company-profiles/shandong-huiyuan-fire-protection-engineering-co-ltd.3ef0d8f255241b2db04708e11cc2396e"
"758","Shandong Hongjie Jianye Fire Protection ...","Residential Building Construction","Parent","Rushan, Shandong, China","https://dnb.com/business-directory/company-profiles/shandong-hongjie-jianye-fire-protection-engineering-co-ltd.595fd347495f3a4e79d0d3edbcbc77ff"
"759","Hebei Qinhua Fire Protection Engineering...","Residential Building Construction","Subsidiary","Shijiazhuang, Hebei, China","https://dnb.com/business-directory/company-profiles/hebei-qinhua-fire-protection-engineering-co-ltd-yuanshi-branch.b0a70c0a960b0e03832c15fe87f6af84"
"760","Weihai Zhanhua Fire Protection Engineeri...","Residential Building Construction","Subsidiary","Qingdao, Shandong, China","https://dnb.com/business-directory/company-profiles/weihai-zhanhua-fire-protection-engineering-co-ltd-qingdao-branch.00fd0edf40f95d2b01784a50cb074c12"
"761","Hunan Darui Fire Protection Engineering ...","Residential Building Construction","Subsidiary","Changsha, Hunan, China","https://dnb.com/business-directory/company-profiles/hunan-darui-fire-protection-engineering-co-ltd-changsha-branch.8c3856821b4f020b05efcb15b52b2e5d"
"762","Zhongji Tianyun Fire Protection Engineer...","Residential Building Construction","Subsidiary","Chengdu, Sichuan, China","https://dnb.com/business-directory/company-profiles/zhongji-tianyun-fire-protection-engineering-co-ltd-chengdu-chenghua-branch.e922e72024812d23040192f89dcf49d6"
"763","Zhongji Tianyun Fire Protection Engineer...","Residential Building Construction","Subsidiary","Pu'er, Yunnan, China","https://dnb.com/business-directory/company-profiles/zhongji-tianyun-fire-protection-engineering-co-ltd-puer-branch.b03fb9ac4317bba89c59a971a4297c96"
"764","Hubei E'an Fire Protection System Engine...","Residential Building Construction","Subsidiary","Xianning, Hubei, China","https://dnb.com/business-directory/company-profiles/hubei-ean-fire-protection-system-engineering-co-ltd-xianning-branch.b86f1e4c7f886b7649e7584b5b556a12"
"765","Zhongji Tianyun Fire Protection Engineer...","Residential Building Construction","Subsidiary","Taizhou, Zhejiang, China","https://dnb.com/business-directory/company-profiles/zhongji-tianyun-fire-protection-engineering-co-ltd-taizhou-branch.44eae85e1efbcf07b3d62477615ad7b0"
"766","Zhongheng Fire Protection Engineering (g...","Residential Building Construction","Subsidiary","Shenzhen, Guangdong, China","https://dnb.com/business-directory/company-profiles/zhongheng-fire-protection-engineering-(guangdong)-co-ltd-longhua-branch.e09fc18e918d019eb3c2214095b29aa8"
"767","Zhongji Tianyun Fire Protection Engineer...","Residential Building Construction","Subsidiary","Xining, Qinghai, China","https://dnb.com/business-directory/company-profiles/zhongji-tianyun-fire-protection-engineering-co-ltd-qinghai-branch.35be83c31b7b767179e13ac5dfdb1eae"
"768","Shandong Jinxuan Fire Protection Enginee...","Residential Building Construction","Subsidiary","Huantai County, Shandong, China","https://dnb.com/business-directory/company-profiles/shandong-jinxuan-fire-protection-engineering-co-ltd.8368e4856517b8f0eb92eef2f6ae5b82"
"769","Wanjing Fire Protection Engineering (wuh...","Residential Building Construction","Subsidiary","Wuhan, Hubei, China","https://dnb.com/business-directory/company-profiles/wanjing-fire-protection-engineering-(wuhan)-co-ltd.707edff391cf52819cd04b0ec661a90c"
"770","Shandong Baicai Fire Protection Engineer...","Residential Building Construction","Subsidiary","Zibo, Shandong, China","https://dnb.com/business-directory/company-profiles/shandong-baicai-fire-protection-engineering-co-ltd.aa77dc488d1e03dd0ae8c2d13fb57bcc"
"771","Zhongji Tianyun Fire Protection Engineer...","Residential Building Construction","Subsidiary","Yumen, Gansu, China","https://dnb.com/business-directory/company-profiles/zhongji-tianyun-fire-protection-engineering-co-ltd-yumen-branch.da1346992f46be83aaf5bfd9a62f3900"
"772","Guangxi Teng'an Fire Protection Engineer...","Residential Building Construction","Subsidiary","Yangjiang, Guangdong, China","https://dnb.com/business-directory/company-profiles/guangxi-tengan-fire-protection-engineering-co-ltd-yangjiang-branch.6d023a2a2a5956a1d2713c05e2baf367"
"773","Chongqing Zhenfei Fire Protection Engine...","Residential Building Construction","Subsidiary","Chongqing, Chongqing, China","https://dnb.com/business-directory/company-profiles/chongqing-zhenfei-fire-protection-engineering-co-ltd.27eb6af12287cc306ad919198380a723"
"774","Wuhan Runyang Smart Fire Protection Co.,...","Residential Building Construction","Subsidiary","Wuhan, Hubei, China","https://dnb.com/business-directory/company-profiles/wuhan-runyang-smart-fire-protection-co-ltd.734bce6215def28014ba1181729c4cd1"
"775","Hefei Zhongbao Jinhong Fire Protection E...","Residential Building Construction","Subsidiary","Hefei, Anhui, China","https://dnb.com/business-directory/company-profiles/hefei-zhongbao-jinhong-fire-protection-engineering-co-ltd.5bd8556968e79caf431babf21b474bb3"
"776","Zhongji Tianyun Fire Protection Engineer...","Residential Building Construction","Subsidiary","Nanchong, Sichuan, China","https://dnb.com/business-directory/company-profiles/zhongji-tianyun-fire-protection-engineering-co-ltd-southern-county-branch.9674e7e2c65b358dc647cb8b40c7b673"
"777","Bozhou Luxin Fire Protection Engineering...","Residential Building Construction","Subsidiary","Bozhou, Anhui, China","https://dnb.com/business-directory/company-profiles/bozhou-luxin-fire-protection-engineering-co-ltd-lixin-branch.79d12bc98524614b296d8c661a8adb07"
"778","Zhongji Tianyun Fire Protection Engineer...","Residential Building Construction","Subsidiary","Guangzhou, Guangdong, China","https://dnb.com/business-directory/company-profiles/zhongji-tianyun-fire-protection-engineering-co-ltd-guangzhou-branch.251acbb02f933bfd22c91ea1d3020b3b"
"779","Hunan Rongxiang Fire Protection Co., Ltd","Residential Building Construction","Subsidiary","Changsha, Hunan, China","https://dnb.com/business-directory/company-profiles/hunan-rongxiang-fire-protection-co-ltd.8bb7890f1efeee324ba5b09efd743b18"
"780","Zhejiang Zhongtian Construction Manageme...","Residential Building Construction","Parent","Huzhou, Zhejiang, China","https://dnb.com/business-directory/company-profiles/zhejiang-zhongtian-construction-management-co-ltd.cffcc0736cb3525a73df383c1a421941"
"781","Anhui Jinwen Electromechanical Engineeri...","Residential Building Construction","Parent","Chuzhou, Anhui, China","https://dnb.com/business-directory/company-profiles/anhui-jinwen-electromechanical-engineering-co-ltd.8ae1ef14eff1e435b76f748d605f479a"
"782","ANH KHOA FIRE PROTECTION ELECTROMECHANIC...","Residential Building Construction","Independent","Ho Chi Minh, Ho Chi Minh, Vietnam","https://dnb.com/business-directory/company-profiles/anh-khoa-fire-protection-electromechanical-company-limited.adbf8519769bb58d11ddc8dbed608ea2"
"783","Chongqing Yinchangwang Fire Protection E...","Residential Building Construction","Subsidiary","Chongqing, Chongqing, China","https://dnb.com/business-directory/company-profiles/chongqing-yinchangwang-fire-protection-engineering-co-ltd.7edb9e97b4422383e0985f72bf069ed9"
"784","Shijiazhuang Chenxiang Cultural Media Co...","Residential Building Construction","Subsidiary","Shijiazhuang, Hebei, China","https://dnb.com/business-directory/company-profiles/shijiazhuang-chenxiang-cultural-media-co-ltd.ab724a7cf6c8d18374d83fe15cb68854"
"785","Henan Taiji Automobile Service Co., Ltd","Residential Building Construction","Parent","Xinyang, Henan, China","https://dnb.com/business-directory/company-profiles/henan-taiji-automobile-service-co-ltd.5cfa6ea2a89634b11033a92de2e44200"
"786","LINH DAN PHAT FIRE PROTECTION CONSTRUCTI...","Residential Building Construction","Independent","Binh Hoa Ward, Ho Chi Minh, Vietnam","https://dnb.com/business-directory/company-profiles/linh-dan-phat-fire-protection-construction-company-limited.e0da15a012c18609a7156b3a081df167"
"787","VAN AN FIRE PROTECTION & CONSTRUCTION CO...","Residential Building Construction","Independent","Van An Commune, Nghe An, Vietnam","https://dnb.com/business-directory/company-profiles/van-an-fire-protection--construction-company-limited.bd844eb10899a6a35daaaace14b2d44d"
"788","DHPP FIRE PROTECTION AND CONSTRUCTION CO...","Residential Building Construction","Independent","Hiep Binh Ward, Ho Chi Minh, Vietnam","https://dnb.com/business-directory/company-profiles/dhpp-fire-protection-and-construction-company-limited.db51aab3a0020acabe24349e5a614ea3"
"789","CENTRAL FIRE PROTECTION & ELECTROMECHANI...","Residential Building Construction","Independent","Thanh Vinh Ward, Nghe An, Vietnam","https://dnb.com/business-directory/company-profiles/central-fire-protection--electromechanical-company-limited.f00f4cf1e952ca87904f980596b27d1e"
"790","247 FIRE PROTECTION AND ELECTRIC CONSTRU...","Residential Building Construction","Independent","Vi Tan Ward, Can Tho, Vietnam","https://dnb.com/business-directory/company-profiles/247-fire-protection-and-electric-construction-installation-company-limited.1a0a92d295397a979fec2f1bb64484b9"
"791","AN PHAT ELECTRICAL AND FIRE PROTECTION E...","Residential Building Construction","Independent","Nam Sach Commune, Hai Phong, Vietnam","https://dnb.com/business-directory/company-profiles/an-phat-electrical-and-fire-protection-equipment-company-limited.bc6fd2c36dce91c304fb79c57f79e054"
"792","DT FIRE PROTECTION TRADING AND SERVICE C...","Residential Building Construction","Independent","Quang Phu Ward, Thanh Hoa, Vietnam","https://dnb.com/business-directory/company-profiles/dt-fire-protection-trading-and-service-company-limited.4cda2927f4981fbf654d8118adb025f7"
"793","PHU VU KHANG FIRE PROTECTION CONSTRUCTIO...","Residential Building Construction","Independent","Thong Nhat Ward, Gia Lai, Vietnam","https://dnb.com/business-directory/company-profiles/phu-vu-khang-fire-protection-construction-company-limited.130675f7963ea6c1124197786f449a42"
"794","XUAN DANG FIRE PROTECTION COMPANY LIMITE...","Residential Building Construction","Independent","Hai Hau Commune, Ninh Binh, Vietnam","https://dnb.com/business-directory/company-profiles/xuan-dang-fire-protection-company-limited.addda94f8839fbfbabd985c454edae01"
"795","QUANG HUNG FIRE PROTECTION AND ELECTROME...","Residential Building Construction","Independent","Nenh Ward, Bac Ninh, Vietnam","https://dnb.com/business-directory/company-profiles/quang-hung-fire-protection-and-electromechanical-company-limited.04cfd7d433d283fd88fe20337f94739a"
"796","THANH NHAN FIRE PROTECTION TECHNICAL TRA...","Residential Building Construction","Independent","Tan Thanh Ward, Ho Chi Minh, Vietnam","https://dnb.com/business-directory/company-profiles/thanh-nhan-fire-protection-technical-trading-service-company-limited.0c789b580529ad84c6d44bdd812153e3"
"797","Anhui Shengshi Jing'an Fire-fighting Eng...","Residential Building Construction","Subsidiary","Maanshan, Anhui, China","https://dnb.com/business-directory/company-profiles/anhui-shengshi-jingan-fire-fighting-engineering-co-ltd.673b22dcb007fd211f6ad8a9b91c307d"
"798","Hunan Taiyue Intelligent Technology Co.,...","Residential Building Construction","Parent","Changsha, Hunan, China","https://dnb.com/business-directory/company-profiles/hunan-taiyue-intelligent-technology-co-ltd.4e2c69331691d4b63afc05ed143b39be"
"799","Shandong Xurui Information Technology Co...","Residential Building Construction","Parent","Yantai, Shandong, China","https://dnb.com/business-directory/company-profiles/shandong-xurui-information-technology-co-ltd.e4fe32386b05451e358589e0e9a824c4"
"800","Hunan Yixuan Household Products Co., Ltd","Residential Building Construction","Subsidiary","Changsha, Hunan, China","https://dnb.com/business-directory/company-profiles/hunan-yixuan-household-products-co-ltd.f80c0163a5db179b32d0edb1152047c7"
"801","Yongxi Fire Protection Engineering (xi'a...","Residential Building Construction","Parent","Xi'an, Shaanxi, China","https://dnb.com/business-directory/company-profiles/yongxi-fire-protection-engineering-(xian)-co-ltd.2bec08d6e72ba28cd31f77c42f8ff587"
"802","Zhejiang Gangtou Fire Protection Enginee...","Residential Building Construction","Subsidiary","Shaoxing, Zhejiang, China","https://dnb.com/business-directory/company-profiles/zhejiang-gangtou-fire-protection-engineering-co-ltd.83fb7f62e0fda00d707be4d63e9ded0f"
"803","Wuhan Xiangbian Fire Protection Engineer...","Residential Building Construction","Subsidiary","Wuhan, Hubei, China","https://dnb.com/business-directory/company-profiles/wuhan-xiangbian-fire-protection-engineering-co-ltd.53ffd4f12f786fde97de18929418a7a0"
"804","Hubei Youdalai Fire Protection Electrome...","Residential Building Construction","Subsidiary","Wuhan, Hubei, China","https://dnb.com/business-directory/company-profiles/hubei-youdalai-fire-protection-electromechanical-engineering-co-ltd.297f96a4427f2f6647298eb797ab3994"
"805","Xianning Heng'an Fire Protection Enginee...","Residential Building Construction","Subsidiary","Qiandongnan Miao and Dong Autonomous Prefecture, Guizhou, China","https://dnb.com/business-directory/company-profiles/xianning-hengan-fire-protection-engineering-co-ltd-rongjiang-branch.1aabdff7e261322c9accb069d0ec63dc"
"806","Guangxi Dahong Fire Fighting Technology ...","Residential Building Construction","Subsidiary","Nanning, Guangxi, China","https://dnb.com/business-directory/company-profiles/guangxi-dahong-fire-fighting-technology-co-ltd.84b4a17e5f60d0777e561bb354cb7cd1"
"807","Anhui Minyu Fire Fighting Engineering Co...","Residential Building Construction","Subsidiary","Hefei, Anhui, China","https://dnb.com/business-directory/company-profiles/anhui-minyu-fire-fighting-engineering-co-ltd.9e7a1c2d5286a5da93a36585c1e8e9ac"
"808","Hunan Yandun Construction Engineering Co...","Residential Building Construction","Parent","Changsha, Hunan, China","https://dnb.com/business-directory/company-profiles/hunan-yandun-construction-engineering-co-ltd.cf36a02699a00bea6ce6cb2f89906484"
"809","Hangzhou Guming Fire Protection Engineer...","Residential Building Construction","Subsidiary","Ningbo, Zhejiang, China","https://dnb.com/business-directory/company-profiles/hangzhou-guming-fire-protection-engineering-co-ltd.c98252c2fd94ccdd46c0c0c6b068c8cd"
"810","Hubei Xianglong Automobile Trading Co., ...","Residential Building Construction","Subsidiary","Shiyan, Hubei, China","https://dnb.com/business-directory/company-profiles/hubei-xianglong-automobile-trading-co-ltd.29ea1f9bf31f70fab29e50f7916c97f0"
"811","Hanwei Fire Protection (guangdong) Co., ...","Residential Building Construction","Parent","Shenzhen, Guangdong, China","https://dnb.com/business-directory/company-profiles/hanwei-fire-protection-(guangdong)-co-ltd.db8d0ae4af8be95cc91393d66f77cc68"
"812","INDEN FIRE PROTECTION","Support Activities for Air Transportation","Independent","Nagpur, Maharashtra, India","https://dnb.com/business-directory/company-profiles/inden-fire-protection.cce9f55e7d231506f18f20b1935a972e"
"813","NISHA FIRE PROTECTION & ENGG. WORKS","Support Activities for Air Transportation","Independent","New Delhi, Delhi, India","https://dnb.com/business-directory/company-profiles/nisha-fire-protection--engg-works.58c3a79aa88ed054241b5b27524d0b4d"
"814","Rizhao Yuejun Fire Protection Engineerin...","Residential Building Construction","Independent","Rizhao, Shandong, China","https://dnb.com/business-directory/company-profiles/rizhao-yuejun-fire-protection-engineering-co-ltd.6235f596ae78e967632a713605a2441f"
"815","Ma'anshan Andong Property Management Ser...","Residential Building Construction","Independent","Maanshan, Anhui, China","https://dnb.com/business-directory/company-profiles/maanshan-andong-property-management-service-co-ltd.e096cec214c66a2947cfcdfc5d68f433"
"816","Shahe Yuankuan Fasteners Co., Ltd","Residential Building Construction","Independent","Xingtai, Hebei, China","https://dnb.com/business-directory/company-profiles/shahe-yuankuan-fasteners-co-ltd.fa9a1df43138333cee52441be939bd02"
"817","Sichuan Jingcheng Zhishang Construction ...","Residential Building Construction","Independent","Suining, Sichuan, China","https://dnb.com/business-directory/company-profiles/sichuan-jingcheng-zhishang-construction-labor-services-co-ltd.71a61d5ab7c267208c9d2b16dc257906"
"818","Hubei Jianzhirui Fire Protection Technol...","Residential Building Construction","Independent","Wuhan, Hubei, China","https://dnb.com/business-directory/company-profiles/hubei-jianzhirui-fire-protection-technology-co-ltd.236bd511b5601d500b2d33ccd63adc5b"
"819","Weifang Wanying Culture Media Co., Ltd","Residential Building Construction","Independent","Weifang, Shandong, China","https://dnb.com/business-directory/company-profiles/weifang-wanying-culture-media-co-ltd.ca2c096b4e5a312359b8e1802e5cc144"
"820","QUANG NINH FIRE PROTECTION TRADING SUPPL...","Machinery, Equipment, and Supplies Merchant Wholesalers","Independent","Ha Long, Quang Ninh, Vietnam","https://dnb.com/business-directory/company-profiles/quang-ninh-fire-protection-trading-supply-joint-stock-company.39c557b6c30624ddd7c4da797928fd04"
"821","Carpet Capital Fire Protection Inc","Building Equipment Contractors","Parent","Dalton, GA, United States","https://dnb.com/business-directory/company-profiles/carpet-capital-fire-protection-inc.beb0fa97fcf63d399bcf1003f8f994e6"
"822","Northern California Fire Protection Serv...","Building Equipment Contractors","Independent","Gilroy, CA, United States","https://dnb.com/business-directory/company-profiles/northern-california-fire-protection-services.ff1449f5cb939df9ace0ee51c7963148"
"823","Zhongjian Hua'an Construction Group Co.,...","Other Specialty Trade Contractors","Parent","Zhuhai, Guangdong, China","https://dnb.com/business-directory/company-profiles/zhongjian-huaan-construction-group-co-ltd.f8ef8d570581c2426a06872b5e4f222d"
"824","Liaocheng Kaifaqu Xiang'An Fire Fighting...","Residential Building Construction","Independent","Liaocheng, Shandong, China","https://dnb.com/business-directory/company-profiles/liaocheng-kaifaqu-xiangan-fire-fighting-engineering-co-ltd.3d9643aa2205e1c1607ed6036abae73c"
"825","Sni Valley Fire Protection District","Justice, Public Order, and Safety Activities","Independent","Oak Grove, MO, United States","https://dnb.com/business-directory/company-profiles/sni-valley-fire-protection-district.3c45a58aae0e178ad3823b15c2a3d8e6"
"826","TRUESERVE FIRE PROTECTION SYSTEMS","Building Equipment Contractors","Independent","Umm Salal, Umm Salal, Qatar","https://dnb.com/business-directory/company-profiles/trueserve-fire-protection-systems.dbb0e68176cc0793e683aa59da794403"
"827","M.A. Fire Protection Ltd.","Building Equipment Contractors","Independent","KIRYAT GAT, Southern District, Israel","https://dnb.com/business-directory/company-profiles/ma-fire-protection-ltd.d7662f5c39504c9f359ea31f3e7bff1b"
"828","Yahav Fire Protection Ltd.","Other Specialty Trade Contractors","Independent","TIRAT YEHUDA, Central District, Israel","https://dnb.com/business-directory/company-profiles/yahav-fire-protection-ltd.6cc018cf656b64595e2be0066ac97750"
"829","BAR - Industrial Insulation, Scaffolding...","Other Specialty Trade Contractors","Independent","SHACHAR, Southern District, Israel","https://dnb.com/business-directory/company-profiles/bar---industrial-insulation-scaffolding-and-fire-protection-ltd.96a908bb247015bf235d1689b349f698"
"830","FIRESEAL ACTIVE AND PASSIVE FIRE PROTECT...","Building Equipment Contractors","Independent","Manama, Al Asimah, Bahrain","https://dnb.com/business-directory/company-profiles/fireseal-active-and-passive-fire-protection-wll.fe48f80883307f605782e54d4b632608"
"831","Chengdu Kuai'anjie Security Testing Serv...","Residential Building Construction","Independent","Chengdu, Sichuan, China","https://dnb.com/business-directory/company-profiles/chengdu-kuaianjie-security-testing-service-co-ltd.8c7ea462c83beee223b619dd5898d056"
"832","Senju Fire Protection Corporation","Other General Purpose Machinery Manufacturing","Independent","Irvine, CA, United States","https://dnb.com/business-directory/company-profiles/senju-fire-protection-corporation.dcf72c0cbca227abf20ce9e0204a9640"
"833","ATLANTIS FIRE PROTECTION LLC","Other Support Services","Parent","Dallas, TX, United States","https://dnb.com/business-directory/company-profiles/atlantis-fire-protection-llc.d61a95e6c35d5e80d05aad4338e77ce7"
"834","PYROTEC FIRE PROTECTION LIMITED","Justice, Public Order, and Safety Activities","Subsidiary","LEWES, England, United Kingdom","https://dnb.com/business-directory/company-profiles/pyrotec-fire-protection-limited.d139bf19561721c6beb0133bdd571a60"
"835","Oneida Fire Protection, Incorporated","Other Support Services","Independent","Philadelphia, PA, United States","https://dnb.com/business-directory/company-profiles/oneida-fire-protection-incorporated.7895e3ec93c16959cd762ec5df5faf43"
"836","D B MCLARNON FIRE PROTECTION AGENCY LTD","Justice, Public Order, and Safety Activities","Subsidiary","BELFAST, Northern Ireland, United Kingdom","https://dnb.com/business-directory/company-profiles/d-b-mclarnon-fire-protection-agency-ltd.d27a67e7ac3c7c8f070b5a33038ad76d"
"837","Shenzhen Jianbao Construction Engineerin...","Foundation, Structure, and Building Exterior Contractors","Parent","Shenzhen, Guangdong, China","https://dnb.com/business-directory/company-profiles/shenzhen-jianbao-construction-engineering-co-ltd.cb68264641039a759f00f26e9a605bcc"
"838","JR & BM PTY LTD","Other Investment Pools and Funds","Independent","KINCUMBER, NEW SOUTH WALES, Australia","https://dnb.com/business-directory/company-profiles/jr--bm-pty-ltd.d026c7e4df1d7d4de721a19eb1b06ffa"
"839","Nanle County Weidun Fire And Security Sy...","Residential Building Construction","Independent","Puyang, Henan, China","https://dnb.com/business-directory/company-profiles/nanle-county-weidun-fire-and-security-system-engineering-co-ltd.6cf6a17a49eed8820cab35cebfefee2a"
"840","Gansu Peng'an Fire Fighting Security Sys...","Residential Building Construction","Independent","Tianshui, Gansu, China","https://dnb.com/business-directory/company-profiles/gansu-pengan-fire-fighting-security-system-engineering-co-ltd.9d9ff69e823b06d85c6ceb4472e5bae2"
"841","SECURITY & FIRE SAFETY ENTERPRISES","Furniture and Home Furnishing Merchant Wholesalers","Independent","Mumbai, Maharashtra, India","https://dnb.com/business-directory/company-profiles/security--fire-safety-enterprises.cb2621f70f77c686f9138e118d0b211c"
"842","TYCO INTERNATIONAL SECURITY GROUP PTY LI...","Miscellaneous Durable Goods Merchant Wholesalers","Independent","MACQUARIE PARK, NEW SOUTH WALES, Australia","https://dnb.com/business-directory/company-profiles/tyco-international-security-group-pty-limited.9461d9bc93852e0340e17777d2a5ed01"
"843","SIMPLEX FIRE & SECURITY SDN BHD","Household Appliances and Electrical and Electronic Goods Merchant Wholesalers","Independent","Kuala Lumpur, Wilayah Persekutuan Kuala Lumpur, Malaysia","https://dnb.com/business-directory/company-profiles/simplex-fire--security-sdn-bhd.5ef30589ccd036e83af7e50c58e38577"
"844","Gold Coast Fire And Security Inc","Building Equipment Contractors","Independent","Fort Myers, FL, United States","https://dnb.com/business-directory/company-profiles/gold-coast-fire-and-security-inc.e6e0e6f3185d819e391a745e71ad7a33"
"845","Snowdonia Fire & Security","Architectural, Engineering, and Related Services","Independent","CAERNARFON, Wales, United Kingdom","https://dnb.com/business-directory/company-profiles/snowdonia-fire--security.b52779993a9f3a40c0a74bc05338979c"
"846","Lazerbeam Fire & Security","Architectural, Engineering, and Related Services","Independent","SURBITON, England, United Kingdom","https://dnb.com/business-directory/company-profiles/lazerbeam-fire--security.e3b93745e31b95eb978249532c331f0a"
"847","M P ELECTRONIC FIRE & SECURITY LTD","Building Equipment Contractors","Independent","WIRRAL, England, United Kingdom","https://dnb.com/business-directory/company-profiles/m-p-electronic-fire--security-ltd.ba592997aaf8629d0cfa6a9354a9270d"
"848","TERRY EAMES FIRE & SECURITY LIMITED","Building Equipment Contractors","Subsidiary","MAIDENHEAD, England, United Kingdom","https://dnb.com/business-directory/company-profiles/terry-eames-fire--security-limited.6e0f086c3bbf487b62a09390834837f1"
"849","R. K. FIRE SECURITY","Petroleum and Petroleum Products Merchant Wholesalers","Independent","New Delhi, Delhi, India","https://dnb.com/business-directory/company-profiles/r-k-fire-security.d98026c25a4831f746c9e4b5f4a46e9a"
"850","BISAFE(BHAIRAVI INDUSTRIAL SAFETY SECURI...","Investigation and Security Services","Independent","Pune, Maharashtra, India","https://dnb.com/business-directory/company-profiles/bisafe(bhairavi-industrial-safety-security--fire-engineering-services)-llp.0cd39640d696c5504723112a059611dd"
"851","Shaanxi Baiwei Fire Fighting Security En...","Building Equipment Contractors","Parent","Xi'an, Shaanxi, China","https://dnb.com/business-directory/company-profiles/shaanxi-baiwei-fire-fighting-security-engineering-co-ltd.08da7fba6e3df02abb83370042810563"
"852","MMP FIRE & SECURITY LIMITED","Building Equipment Contractors","Subsidiary","BLACKBURN, England, United Kingdom","https://dnb.com/business-directory/company-profiles/mmp-fire--security-limited.61f6ef04348e29c2da82a42b58ef7ed7"
"853","Shangqiu Zhongxiao Fire Fighting Securit...","Machinery, Equipment, and Supplies Merchant Wholesalers","Parent","Shangqiu, Henan, China","https://dnb.com/business-directory/company-profiles/shangqiu-zhongxiao-fire-fighting-security-equipment-co-ltd.4b8adacfafa92e9899f090b9738c9f8f"
"854","FIRST CITY FIRE AND SECURITY LIMITED","Services to Buildings and Dwellings","Independent","SALE, England, United Kingdom","https://dnb.com/business-directory/company-profiles/first-city-fire-and-security-limited.bb851dc205cb4504aecc5db9720e6e7b"
"855","REDBLUE FLAME FIRE SAFETY AND SECURITY S...","Household Appliances and Electrical and Electronic Goods Merchant Wholesalers","Independent","Dubai, Dubai, United Arab Emirates","https://dnb.com/business-directory/company-profiles/redblue-flame-fire-safety-and-security-systems-llc.685382b5b09878c2b04aeb9d366717bf"
"856","NOVUS FIRE AND SECURITY LLC","Household Appliances and Electrical and Electronic Goods Merchant Wholesalers","Independent","Dubai, Dubai, United Arab Emirates","https://dnb.com/business-directory/company-profiles/novus-fire-and-security-llc.20e358036c777081f9adfe2098f93634"
"857","SOLINOR FIRE SAFETY & SECURITY S A R L","Household Appliances and Electrical and Electronic Goods Merchant Wholesalers","Independent","Beirut, Beirut, Lebanon","https://dnb.com/business-directory/company-profiles/solinor-fire-safety--security-s-a-r-l.bebb06a3c7db715f05c293e2b5790b33"
"858","VIJAY ARABIA FIRE AND SECURITY SYSTEMS -...","Household Appliances and Electrical and Electronic Goods Merchant Wholesalers","Independent","Al Daayen, Al Daayen, Qatar","https://dnb.com/business-directory/company-profiles/vijay-arabia-fire-and-security-systems---vass.164cfa0cf79fc1846062e168962b2fd6"
"859","AL-MULLA GENRAL TRADING. FOR SECURITY, S...","Household Appliances and Electrical and Electronic Goods Merchant Wholesalers","Independent","Kuwait","https://dnb.com/business-directory/company-profiles/al-mulla-genral-trading-for-security-safety-and-fire-equipment--systems-co-wll.979da80e06f6f32667ea6ad20ceb95eb"
"860","JOHN DAVID HOLDINGS PTY LTD","Architectural and Structural Metals Manufacturing","Independent","COLEBEE, NEW SOUTH WALES, Australia","https://dnb.com/business-directory/company-profiles/john-david-holdings-pty-ltd.e0d749e26f5c3bc507c7ad95ce3e7c2f"
"861","TERAH FIRE & SECURITY","Miscellaneous Durable Goods Merchant Wholesalers","Independent","Hyderabad, Telangana, India","https://dnb.com/business-directory/company-profiles/terah-fire--security.87b0252c4be436864e0b1aae27ca3b5d"
"862","CHURCHES FIRE SECURITY LTD.","Building Equipment Contractors","Subsidiary","EASTLEIGH, England, United Kingdom","https://dnb.com/business-directory/company-profiles/churches-fire-security-ltd.ccf97361e3d35b9eff07c81d17baea3d"
"863","TYCO INTEGRATED FIRE & SECURITY FRANCE","Other General Purpose Machinery Manufacturing","Subsidiary","MONTIGNY-LE-BRETONNEUX, ILE DE FRANCE, France","https://dnb.com/business-directory/company-profiles/tyco-integrated-fire--security-france.776bfd00382323c8e46e4a0e8037815e"
"864","Rapid Fire Safety & Security LLC","Building Equipment Contractors","Parent","Saint Louis, MO, United States","https://dnb.com/business-directory/company-profiles/rapid-fire-safety--security-llc.be3dc5a82d8e1f557c22242d20c4cb8e"
"865","Zeus Fire and Security LLC","Investigation and Security Services","Parent","Paoli, PA, United States","https://dnb.com/business-directory/company-profiles/zeus-fire-and-security-llc.c875de81bdcb2af41a6b8187c077a597"
"866","METRO FIRE EQUIPMENT, INC.","Miscellaneous Durable Goods Merchant Wholesalers","Independent","Gilbert, AZ, United States","https://dnb.com/business-directory/company-profiles/metro-fire-equipment-inc.0f6fd686deef672c595ad8cfc982e53e"
"867","JLA FIRE & SECURITY LIMITED","Justice, Public Order, and Safety Activities","Subsidiary","SOWERBY BRIDGE, England, United Kingdom","https://dnb.com/business-directory/company-profiles/jla-fire--security-limited.ad6ff92ea590253383327c1986c1616e"
"868","Beijing Zhongxiao Great Wall Fire Fighti...","Nonresidential Building Construction","Parent","Beijing, Beijing, China","https://dnb.com/business-directory/company-profiles/beijing-zhongxiao-great-wall-fire-fighting-security-engineering-coltd.865eca8a23fce64da6f8c3fd340aacb1"
"869","KIDDE FIRE & SECURITY FRANCE SAS","Household Appliances and Electrical and Electronic Goods Merchant Wholesalers","Parent","NEUILLY-PLAISANCE, ILE DE FRANCE, France","https://dnb.com/business-directory/company-profiles/kidde-fire--security-france-sas.f38bfb116b2f0264800a7edad06e26fc"
"870","Vancouver Fire Prevention Service Co. Lt...","Investigation and Security Services","Subsidiary","Richmond, BC, Canada","https://dnb.com/business-directory/company-profiles/vancouver-fire-prevention-service-co-ltd.0ac2de94ead72ef8e285cba1e798ac68"
"871","Qingdao Topscomm Communication Fire Secu...","Building Equipment Contractors","Subsidiary","Qingdao, Shandong, China","https://dnb.com/business-directory/company-profiles/qingdao-topscomm-communication-fire-security-coltd.0fe3d7c9d163a20313ce75529f80c789"
"872","FIRE AND SECURITY HOLDINGS LIMITED","Management of Companies and Enterprises","Subsidiary","GILLINGHAM, England, United Kingdom","https://dnb.com/business-directory/company-profiles/fire-and-security-holdings-limited.21d5adbcaf50f20fb24b8ca9c89d873e"
"873","Star Asset Security, LLC","Investigation and Security Services","Subsidiary","Altamonte Springs, FL, United States","https://dnb.com/business-directory/company-profiles/star-asset-security-llc.445414ab1011469ce32675f4231d9ce7"
"874","ZENER FIRE AND SECURITY L L C","Investigation and Security Services","Parent","Abu Dhabi, Abu Dhabi, United Arab Emirates","https://dnb.com/business-directory/company-profiles/zener-fire-and-security--l-l-c.94605e9fd1558266c16d9d181f8c231e"
"875","ZENER FIRE AND SECURITY L L C","","Branch","Dubai, Dubai, United Arab Emirates","https://dnb.com/business-directory/company-profiles/zener-fire-and-security--l-l-c.8564304726eb0bb8199a8318ae5d40ae"
"876","Life Safety Engineered Systems, Inc.","Household Appliances and Electrical and Electronic Goods Merchant Wholesalers","Parent","Cheektowaga, NY, United States","https://dnb.com/business-directory/company-profiles/life-safety-engineered-systems-inc.75b03deb4e634882b281a8b41bfe92b4"
"877","Ed M. Feld Equipment Co., Inc.","Machinery, Equipment, and Supplies Merchant Wholesalers","Parent","Carroll, IA, United States","https://dnb.com/business-directory/company-profiles/ed-m-feld-equipment-co-inc.9d6bdcfbadc73bae6c744e9b9106e8b5"
"878","KGS FIRE & SECURITY SINGAPORE PTE. LTD.","Household Appliances and Electrical and Electronic Goods Merchant Wholesalers","Subsidiary","Singapore, Singapore","https://dnb.com/business-directory/company-profiles/kgs-fire--security-singapore-pte-ltd.9d7ca2ed04fd93fcc982048e8c21e689"
"879","Taike Fire Security (tianjin) Co., Ltd","Other Electrical Equipment and Component Manufacturing","Subsidiary","Tianjin, Tianjin, China","https://dnb.com/business-directory/company-profiles/taike-fire-security-(tianjin)-co-ltd.cd64701bc408edf5a605fbb44e3cf550"
"880","FIRE & SECURITY ELECTRONICS SYSTEMS CO. ...","Machinery, Equipment, and Supplies Merchant Wholesalers","Independent","Amman, Amman, Jordan","https://dnb.com/business-directory/company-profiles/fire--security-electronics-systems-co-ltd.0b5126aa54541a0484d1fdec80f5d4c4"
"881","Panasonic Fire & Security Europe AB","Machinery, Equipment, and Supplies Merchant Wholesalers","Subsidiary","Malmö, Skåne, Sweden","https://dnb.com/business-directory/company-profiles/panasonic-fire--security-europe-ab.30c1d2a937f5ce46f55bd8cb8c2c49ed"
"882","INDUSTRIAL SECURITY FIRE EQUIPMENT AND A...","Other Financial Investment Activities","Independent","Ahilyanagar, Maharashtra, India","https://dnb.com/business-directory/company-profiles/industrial-security-fire-equipment-and-allied-services.0472530e42d2735b46706e829401cc57"
"883","KRISHNA INDUSTRIAL SECURITY & FIRE SERVI...","Other Financial Investment Activities","Independent","Kheda, Gujarat, India","https://dnb.com/business-directory/company-profiles/krishna-industrial-security--fire-services.f71b46229290bb1a1cb847df5e356704"
"884","Security Signal Devices, Inc.","Investigation and Security Services","Parent","Anaheim, CA, United States","https://dnb.com/business-directory/company-profiles/security-signal-devices-inc.0dcc95636c6e5e7c5c2bc39df6e28471"
"885","FIRE & SECURITY (GROUP) LIMITED","Business Support Services","Subsidiary","LONDON, England, United Kingdom","https://dnb.com/business-directory/company-profiles/fire--security-(group)-limited.3e06b4f8e247642712b32456e61e1e26"
"886","Evergreen Fire Alarms, LLC","Investigation and Security Services","Parent","Tacoma, WA, United States","https://dnb.com/business-directory/company-profiles/evergreen-fire-alarms-llc.68254946db3db9ecee846294249e4b2b"
"887","ALBERTA FIRE & SECURITY EQUIPMENT LIMITE...","Machinery, Equipment, and Supplies Merchant Wholesalers","Subsidiary","Birkirkara, Malta","https://dnb.com/business-directory/company-profiles/alberta-fire--security-equipment-limited.0c9c2c1d0f47aaa2d353952587309d30"
"888","Arkansas Automatic Sprinklers, Inc.","Building Equipment Contractors","Subsidiary","Cabot, AR, United States","https://dnb.com/business-directory/company-profiles/arkansas-automatic-sprinklers-inc.5db3462c5a847d4acf717fe21e92d250"
"889","Zener Fire and Security FZE","Other General Purpose Machinery Manufacturing","Subsidiary","Dubai, Dubai, United Arab Emirates","https://dnb.com/business-directory/company-profiles/zener-fire-and-security-fze.b8eab7f016f41849230040a85335cb03"
"890","Integrated Fire & Security Solutions Inc...","Investigation and Security Services","Subsidiary","Schaumburg, IL, United States","https://dnb.com/business-directory/company-profiles/integrated-fire--security-solutions-inc.e3fe293da4f144b8c6fd130912d6b25a"
"891","EA-RS SOLUTIONS LTD","Building Equipment Contractors","Subsidiary","BIRMINGHAM, England, United Kingdom","https://dnb.com/business-directory/company-profiles/ea-rs-solutions-ltd.cf2c0f42a5c46ed28422df64b2254294"
"892","KGS FIRE & SECURITY ITALIA SRL","Office Administrative Services","Subsidiary","MILANO, MILANO, Italy","https://dnb.com/business-directory/company-profiles/kgs-fire--security-italia-srl.c6b97b77b3951b5546c0cb9aa867ce34"
"893","JPR FIRE SECURITY & DATA LIMITED","Management of Companies and Enterprises","Subsidiary","STOKE-ON-TRENT, England, United Kingdom","https://dnb.com/business-directory/company-profiles/jpr-fire-security--data-limited.9868d700549ad6060511652da71ad130"
"894","TYCO FIRE AND SECURITY INDIA PRIVATE LIM...","Household Appliances and Electrical and Electronic Goods Merchant Wholesalers","Subsidiary","Bengaluru, Karnataka, India","https://dnb.com/business-directory/company-profiles/tyco-fire-and-security-india-private-limited.ac398f70377c22d8b6d631e46d36b22d"
"895","Tyco Safety Products (Shanghai) Co., Ltd...","Communications Equipment Manufacturing","Subsidiary","Shanghai, Shanghai, China","https://dnb.com/business-directory/company-profiles/tyco-safety-products-(shanghai)-co-ltd.07a091c841b4bbf5cc6ae0516ccb908d"
"896","KGS Fire & Security B.V.","Hardware, and Plumbing and Heating Equipment and Supplies Merchant Wholesalers","Subsidiary","Weert, Limburg, Netherlands","https://dnb.com/business-directory/company-profiles/kgs-fire--security-bv.93823096c4f30d7167e9b9f73efe4e25"
"897","Optimum Low Voltage LLC","Building Equipment Contractors","Independent","Wilmington, NC, United States","https://dnb.com/business-directory/company-profiles/optimum-low-voltage-llc.0117ae08906eea30fa2408a90cce25a7"
"898","BASS-UNITED FIRE & SECURITY SYSTEMS, INC...","Household Appliances and Electrical and Electronic Goods Merchant Wholesalers","Subsidiary","Pompano Beach, FL, United States","https://dnb.com/business-directory/company-profiles/bass-united-fire--security-systems-inc.7ff7f9d8f5a66f31e0b2ea046e52df4c"
"899","KEEMEE SECURITY & FIRE SERVICES","Investigation and Security Services","Parent","Kolkata, West Bengal, India","https://dnb.com/business-directory/company-profiles/keemee-security--fire-services.f173dd51ebe90762092d287064679cf2"
"900","KGS FIRE & SECURITY POLSKA SP Z O O","Communications Equipment Manufacturing","Subsidiary","Gdańsk, pomorskie, Poland","https://dnb.com/business-directory/company-profiles/kgs-fire--security-polska-sp-z-o-o.108b2e610ec04c41c886316a50e912ac"
"901","Reliable Fire Equipment Co.","Household Appliances and Electrical and Electronic Goods Merchant Wholesalers","Parent","Alsip, IL, United States","https://dnb.com/business-directory/company-profiles/reliable-fire-equipment-co.20b2883c308f30614522b62adc4c0207"
"902","Advantage Interests, Inc.","Building Equipment Contractors","Independent","Houston, TX, United States","https://dnb.com/business-directory/company-profiles/advantage-interests-inc.f8b172766b4d3249b421f96ef63f6dfd"
"903","CHOICE FIRE & SECURITY SOLUTIONS LIMITED","Business Support Services","Independent","LEIGH-ON-SEA, England, United Kingdom","https://dnb.com/business-directory/company-profiles/choice-fire--security-solutions-limited.de974153b3f14dbddec6bcf88eee9235"
"904","Wuhan Kehai Fire Fighting Security Engin...","Building Equipment Contractors","Parent","Wuhan, Hubei, China","https://dnb.com/business-directory/company-profiles/wuhan-kehai-fire-fighting-security-engineering-co-ltd.d7ab73412a7f7511bd43fd27f3f734dd"
"905","FIRED UP CORPORATION LIMITED","Furniture and Home Furnishings Retailers","Parent","HUDDERSFIELD, England, United Kingdom","https://dnb.com/business-directory/company-profiles/fired-up-corporation-limited.27ca6a7a29b3a75dbc40868ce83344c6"
"906","NEW PATH FIRE AND SECURITY LTD","Investigation and Security Services","Parent","EASTLEIGH, England, United Kingdom","https://dnb.com/business-directory/company-profiles/new-path-fire-and-security-ltd.5e36474abea967c566a9c4be43168bab"
"907","KGS FIRE & SECURITY ESPAÑA S.L.","Other Electrical Equipment and Component Manufacturing","Subsidiary","ESPLUGUES DE LLOBREGAT, Barcelona, Spain","https://dnb.com/business-directory/company-profiles/kgs-fire--security-espa%C3%B1a-sl.7fe488bef1b0a5be3f0e02520b3aa900"
"908","TYCO FIRE, SECURITY & SERVICES MALAYSIA ...","Building Equipment Contractors","Independent","Petaling Jaya, Selangor, Malaysia","https://dnb.com/business-directory/company-profiles/tyco-fire-security--services-malaysia-sdn-bhd.c6ede79b2decfd42633eda1d70c15a20"
"909","TYCO FIRE AND SECURITY PAKISTAN PRIVATE ...","Investigation and Security Services","Subsidiary","Karachi, Sindh, Pakistan","https://dnb.com/business-directory/company-profiles/tyco-fire-and-security-pakistan-private-limited.2b3171fe5878c917da008471d0b43d8e"
"910","FIRE RISK CONTROL AND SECURITY SYSYTEMS ...","Securities and Commodity Contracts Intermediation and Brokerage","Independent","GABORONE, SOUTH-EAST DISTRICT, Botswana","https://dnb.com/business-directory/company-profiles/fire-risk-control-and-security-sysytems-pty-ltd.4b8840eb58c37de04d974a6ddd953724"
"911","FIRE SECURITY TECHNOLOGY CC","Securities and Commodity Contracts Intermediation and Brokerage","Independent","WINDHOEK, KHOMAS, Namibia","https://dnb.com/business-directory/company-profiles/fire-security-technology-cc.62ae75296a999c736258ab9f8661126f"
"912","MC FIRE AND SECURITY TECHNOLOGIES CC","Securities and Commodity Contracts Intermediation and Brokerage","Independent","PRETORIA, South Africa","https://dnb.com/business-directory/company-profiles/mc-fire-and-security-technologies-cc.230450eab09e6663d607922c2e0808f1"
"913","IN2SECURITY AND FIRE (PTY) LTD","Securities and Commodity Contracts Intermediation and Brokerage","Independent","BENONI, GAUTENG, South Africa","https://dnb.com/business-directory/company-profiles/in2security-and-fire-(pty)-ltd.396b03447cafba8adbc1318815f4d6f7"
"914","A RE FIRE AND SECURITY INSTALLATION PTY","Securities and Commodity Contracts Intermediation and Brokerage","Independent","PRETORIA, GAUTENG, South Africa","https://dnb.com/business-directory/company-profiles/a-re-fire-and-security-installation-pty.a599662213e088e844a3294edb7fadbd"
"915","FIRE LOGISTICS AND SECURITY SYSTEMS","Securities and Commodity Contracts Intermediation and Brokerage","Independent","GABORONE, SOUTH-EAST DISTRICT, Botswana","https://dnb.com/business-directory/company-profiles/fire-logistics-and-security-systems.bb477318709793998462284946085e90"
"916","FIRE RISK CONTROL & SECURITY SYSTEM","Securities and Commodity Contracts Intermediation and Brokerage","Independent","GABORONE, Botswana","https://dnb.com/business-directory/company-profiles/fire-risk-control--security-system.49e40feedd3e55b17f2610f0d0e08a38"
"917","KUSELA FIRE SECURITY (PTY) LTD","Securities and Commodity Contracts Intermediation and Brokerage","Independent","MITCHELLS PLAIN, WESTERN CAPE, South Africa","https://dnb.com/business-directory/company-profiles/kusela-fire-security-(pty)-ltd.28f2a52b4ed0754d498058f102005647"
"918","UPT FIRE AND SECURITY TECHNOLOGIES (PTY)...","Securities and Commodity Contracts Intermediation and Brokerage","Independent","UPINGTON, NORTHERN CAPE, South Africa","https://dnb.com/business-directory/company-profiles/upt-fire-and-security-technologies-(pty)-ltd.5c5209da5a4efd9b3ae7f8b33fb0b2af"
"919","MTC GROUP FIRE AND SECURITY (PTY) LTD","Securities and Commodity Contracts Intermediation and Brokerage","Independent","GERMISTON, GAUTENG, South Africa","https://dnb.com/business-directory/company-profiles/mtc-group-fire-and-security-(pty)-ltd.e533c5b09ce00720ae7fb58cc7fa67fe"
"920","NATIONAL SAFE FIRE AND ALARM SECURITY HO...","Securities and Commodity Contracts Intermediation and Brokerage","Independent","JOHANNESBURG, GAUTENG, South Africa","https://dnb.com/business-directory/company-profiles/national-safe-fire-and-alarm-security-holdings-(pty)-ltd.2a1a8397c402689dbe11b6ef3f28217b"
"921","GROSS-FIRE SECURITY SERVICES CC","Securities and Commodity Contracts Intermediation and Brokerage","Independent","JOHANNESBURG, GAUTENG, South Africa","https://dnb.com/business-directory/company-profiles/gross-fire-security-services-cc.8bb044968e7984ca7d9934e096edaa13"
"922","RABBIT MOON FIRE AND SECURITY CC","Securities and Commodity Contracts Intermediation and Brokerage","Independent","FLORIDA, GAUTENG, South Africa","https://dnb.com/business-directory/company-profiles/rabbit-moon-fire-and-security-cc.5a358e44e591c2600c5392fa6069562b"
"923","LESEDI EARLY VISION FIRE SECURITY SYSTEM...","Securities and Commodity Contracts Intermediation and Brokerage","Independent","MUSINA, LIMPOPO, South Africa","https://dnb.com/business-directory/company-profiles/lesedi-early-vision-fire-security-system-cc.b22ed54b29b5b13f7a86944eb3fa96ab"
"924","AMALINDA FIRE AND SECURITY SERVICES CC","Securities and Commodity Contracts Intermediation and Brokerage","Independent","RICHARDS BAY, KWA-ZULU NATAL, South Africa","https://dnb.com/business-directory/company-profiles/amalinda-fire-and-security-services-cc.0e4a9a383b91ad340c127703fadf369c"
"925","DESSERT FIRE AND SECURITY CC","Securities and Commodity Contracts Intermediation and Brokerage","Independent","JOHANNESBURG, GAUTENG, South Africa","https://dnb.com/business-directory/company-profiles/dessert-fire-and-security-cc.6507bdd380dc7434a80d151108f70f86"
"926","LSB FIRE AND SECURITY SERVICES CC","Securities and Commodity Contracts Intermediation and Brokerage","Independent","MAMELODI, GAUTENG, South Africa","https://dnb.com/business-directory/company-profiles/lsb-fire-and-security-services-cc.92a5e79b27f8da6656ea4ca87ad305af"
"927","TWILIGHT FIRE AND SECURITY SERVICES CC","Securities and Commodity Contracts Intermediation and Brokerage","Independent","JOHANNESBURG, GAUTENG, South Africa","https://dnb.com/business-directory/company-profiles/twilight-fire-and-security-services-cc.6b43897871b22495ca510b816e0aac01"
"928","FIREFOX SECURITY AND RISK MANAGEMENT (PT...","Securities and Commodity Contracts Intermediation and Brokerage","Independent","GERMISTON, GAUTENG, South Africa","https://dnb.com/business-directory/company-profiles/firefox-security-and-risk-management-(pty)-ltd.7b976cdc109aa3e7b374cd0ac3d4d71f"
"929","LYMIN FIRE SECURITY SERVICES (PTY) LTD","Securities and Commodity Contracts Intermediation and Brokerage","Independent","ELSIES RIVER, WESTERN CAPE, South Africa","https://dnb.com/business-directory/company-profiles/lymin-fire-security-services-(pty)-ltd.fb67b49785eeba26b79b2f1951c78402"
"930","C J FIRE AND SECURITY SYSTEMS (PTY) LTD","Securities and Commodity Contracts Intermediation and Brokerage","Independent","JOHANNESBURG, GAUTENG, South Africa","https://dnb.com/business-directory/company-profiles/c-j-fire-and-security-systems-(pty)-ltd.155d8f9c6200fccf976051e5d39a74ab"
"931","FEST FIRE SECURITY MINING 1 (PTY) LTD","Securities and Commodity Contracts Intermediation and Brokerage","Independent","POTCHEFSTROOM, NORTHWEST PROVINCE, South Africa","https://dnb.com/business-directory/company-profiles/fest-fire-security-mining-1-(pty)-ltd.98922a052c3f00988173e95582be6e0c"
"932","L B J ACADEMIC FIRE ARM AND SECURITY (PT...","Securities and Commodity Contracts Intermediation and Brokerage","Independent","VEREENIGING, GAUTENG, South Africa","https://dnb.com/business-directory/company-profiles/l-b-j-academic-fire-arm-and-security-(pty)-ltd.48f17caa346760f956fd26474f53b16f"
"933","YESHOUA FIRE AND SECURITY SERVICES (PTY)...","Securities and Commodity Contracts Intermediation and Brokerage","Independent","KUILS RIVER, WESTERN CAPE, South Africa","https://dnb.com/business-directory/company-profiles/yeshoua-fire-and-security-services-(pty)-ltd.3d078bbb9faed6fc7ad147eec715aa9a"
"934","R G K FIRE SERVICES AND SECURITY (PTY) L...","Securities and Commodity Contracts Intermediation and Brokerage","Independent","ORANGE FARM, GAUTENG, South Africa","https://dnb.com/business-directory/company-profiles/r-g-k-fire-services-and-security-(pty)-ltd.086dfda2c6bcca9084b51c1077afcbca"
"935","SHIELD AND PROTECT FIRE AND SECURITY SYS...","Securities and Commodity Contracts Intermediation and Brokerage","Independent","JOHANNESBURG, GAUTENG, South Africa","https://dnb.com/business-directory/company-profiles/shield-and-protect-fire-and-security-systems-(pty)-ltd.60e93d68495285c4acfcb2a3c4d48b64"
"936","LEEROY FIRE AND SECURITY (PTY) LTD","Securities and Commodity Contracts Intermediation and Brokerage","Independent","CAPE TOWN, WESTERN CAPE, South Africa","https://dnb.com/business-directory/company-profiles/leeroy-fire-and-security-(pty)-ltd.37b11d52b241383978d061cd713f8711"
"937","A C K FIRE AND SECURITY (PTY) LTD","Securities and Commodity Contracts Intermediation and Brokerage","Independent","MAFATSANA, GAUTENG, South Africa","https://dnb.com/business-directory/company-profiles/a-c-k-fire-and-security-(pty)-ltd.c7c33f7256c2aec9d35e33e9df0c9bd1"
"938","GEMINI FIRE AND SECURITY (PTY) LTD","Securities and Commodity Contracts Intermediation and Brokerage","Independent","JOHANNESBURG, GAUTENG, South Africa","https://dnb.com/business-directory/company-profiles/gemini-fire-and-security-(pty)-ltd.4490dbfbeb35bec66a6483fac5050726"
"939","TWINNET FIRE AND SECURITY SERVICES (PTY)...","Securities and Commodity Contracts Intermediation and Brokerage","Independent","JOHANNESBURG, GAUTENG, South Africa","https://dnb.com/business-directory/company-profiles/twinnet-fire-and-security-services-(pty)-ltd.969dc6c61aae3e8676bebcea7550cae5"
"940","SIBBS FIRE AND SECURITY (PTY) LTD","Securities and Commodity Contracts Intermediation and Brokerage","Independent","PRETORIA, GAUTENG, South Africa","https://dnb.com/business-directory/company-profiles/sibbs-fire-and-security-(pty)-ltd.aa8624d6de9ebb3653b7fb90f97d880a"
"941","ULTRA FIRE AND SECURITY SYSTEMS (PTY) LT...","Securities and Commodity Contracts Intermediation and Brokerage","Independent","JOHANNESBURG, GAUTENG, South Africa","https://dnb.com/business-directory/company-profiles/ultra-fire-and-security-systems-(pty)-ltd.3d86bdbbe867c1479c97352a60cd52a6"
"942","FIRE EAGLES SECURITY SERVICES (PTY) LTD","Securities and Commodity Contracts Intermediation and Brokerage","Independent","PRETORIA, GAUTENG, South Africa","https://dnb.com/business-directory/company-profiles/fire-eagles-security-services-(pty)-ltd.3271fa3b16bcbf77f7031dbe7f577827"
"943","INKOSI FIRE SECURITY (PTY) LTD","Securities and Commodity Contracts Intermediation and Brokerage","Independent","WALKERVILLE, GAUTENG, South Africa","https://dnb.com/business-directory/company-profiles/inkosi-fire-security-(pty)-ltd.ccc296777f457e11b2ad38711e1061c4"
"944","JTS FIRE SECURITY SERVICES (SA) (PTY) LT...","Securities and Commodity Contracts Intermediation and Brokerage","Independent","JOHANNESBURG, GAUTENG, South Africa","https://dnb.com/business-directory/company-profiles/jts-fire-security-services-(sa)-(pty)-ltd.2ce161ee5dde44ba81468a15cc891673"
"945","FIRE AND SECURITY INTEGRATION (PTY) LTD","Securities and Commodity Contracts Intermediation and Brokerage","Independent","DURBANVILLE, WESTERN CAPE, South Africa","https://dnb.com/business-directory/company-profiles/fire-and-security-integration-(pty)-ltd.eb3b8c4e80989bbb8a4c3cae8a2d58f9"
"946","THT FIRE SECURITY SERVICES (PTY) LTD","Securities and Commodity Contracts Intermediation and Brokerage","Independent","JOHANNESBURG, GAUTENG, South Africa","https://dnb.com/business-directory/company-profiles/tht-fire-security-services-(pty)-ltd.6e0ed038665cde254b28b4ef83387bc1"
"947","A R E FIRE AND SECURITY INSTALLATIONS (P...","Securities and Commodity Contracts Intermediation and Brokerage","Independent","KEMPTON PARK, GAUTENG, South Africa","https://dnb.com/business-directory/company-profiles/a-r-e-fire-and-security-installations-(pty)-ltd.aeb2c6bc014939a160af06aee70eef45"
"948","FIRE SECURITY AND TRAINING ACADEMY (PTY)...","Securities and Commodity Contracts Intermediation and Brokerage","Independent","MTHATHA, EASTERN CAPE, South Africa","https://dnb.com/business-directory/company-profiles/fire-security-and-training-academy-(pty)-ltd.5063d1fab441e2709126dbd4e942d69f"
"949","TYAFU FIRE AND SECURITY SYSTEMS (PTY) LT...","Securities and Commodity Contracts Intermediation and Brokerage","Independent","JOHANNESBURG, GAUTENG, South Africa","https://dnb.com/business-directory/company-profiles/tyafu-fire-and-security-systems-(pty)-ltd.800aec90324ffbadfdab45648311d76f"
"950","QUICK ATTENDANCE FIRE SECURITY SERVICES ...","Securities and Commodity Contracts Intermediation and Brokerage","Independent","HOWICK, KWA-ZULU NATAL, South Africa","https://dnb.com/business-directory/company-profiles/quick-attendance-fire-security-services-(pty)-ltd.bfef6e20f518ada9d8b1d3bbdc993140"
"951","BLACKSTONE FIRE AND SECURITY SERVICE (PT...","Securities and Commodity Contracts Intermediation and Brokerage","Independent","PHOENIX, KWA-ZULU NATAL, South Africa","https://dnb.com/business-directory/company-profiles/blackstone-fire-and-security-service-(pty)-ltd.3b7b69bf768120da97151151b6bdca00"
"952","FIRE STARS SECURITY GROUP (PTY) LTD","Securities and Commodity Contracts Intermediation and Brokerage","Independent","DOORNKOP, GAUTENG, South Africa","https://dnb.com/business-directory/company-profiles/fire-stars-security-group-(pty)-ltd.5d4d234174e9fcdfd3455d130748b1a3"
"953","ITEMBA FIRE SAFETY AND SECURITY (PTY) LT...","Securities and Commodity Contracts Intermediation and Brokerage","Independent","LANSDOWNE, WESTERN CAPE, South Africa","https://dnb.com/business-directory/company-profiles/itemba-fire-safety-and-security-(pty)-ltd.9a51d7d959a58cea9001876353d26f0d"
"954","SR FIRE AND SECURITY SYSTEMS (PTY) LTD","Securities and Commodity Contracts Intermediation and Brokerage","Independent","QUEENSBURGH, KWA-ZULU NATAL, South Africa","https://dnb.com/business-directory/company-profiles/sr-fire-and-security-systems-(pty)-ltd.19add3867413e161575656e67e06dd65"
"955","ISIBAYA FIRE AND SECURITY (PTY) LTD","Securities and Commodity Contracts Intermediation and Brokerage","Independent","DURBAN, KWA-ZULU NATAL, South Africa","https://dnb.com/business-directory/company-profiles/isibaya-fire-and-security-(pty)-ltd.d783bb7c85d7ee7c57924ee3015bce65"
"956","X FIRE SECURITY SERVICES (PTY) LTD","Securities and Commodity Contracts Intermediation and Brokerage","Independent","WHITE RIVER, MPUMALANGA, South Africa","https://dnb.com/business-directory/company-profiles/x-fire-security-services-(pty)-ltd.1ac293214803f77b6ef89ba2bf5d6ace"
"957","FIRE SECURITY AND COMMUNICATION SYSTEMS ...","Securities and Commodity Contracts Intermediation and Brokerage","Independent","KRUGERSDORP, GAUTENG, South Africa","https://dnb.com/business-directory/company-profiles/fire-security-and-communication-systems-(pty)-ltd.96425ac2c8bcb7f005d01f301766251c"
"958","AJB ELECTRONIC FIRE AND SECURITY (PTY) L...","Securities and Commodity Contracts Intermediation and Brokerage","Independent","OTHONGATHI, KWA-ZULU NATAL, South Africa","https://dnb.com/business-directory/company-profiles/ajb-electronic-fire-and-security-(pty)-ltd.dc4f312705e8f244159fd0736a125fc9"
"959","BRIMSTONE FIRE SECURITY SERVICES (PTY) L...","Securities and Commodity Contracts Intermediation and Brokerage","Independent","QUEENSTOWN, EASTERN CAPE, South Africa","https://dnb.com/business-directory/company-profiles/brimstone-fire-security-services-(pty)-ltd.ee5f13b2605afccadafe626999023802"
"960","MK FIRE AND SECURITY (PTY) LTD","Securities and Commodity Contracts Intermediation and Brokerage","Independent","BELLVILLE, WESTERN CAPE, South Africa","https://dnb.com/business-directory/company-profiles/mk-fire-and-security-(pty)-ltd.207d2fe004af9c0688cc0f8bf070b377"
"961","EDISON FIRE EXTINGUISHER AND SECURITY SE...","Securities and Commodity Contracts Intermediation and Brokerage","Independent","MAMELODI, GAUTENG, South Africa","https://dnb.com/business-directory/company-profiles/edison-fire-extinguisher-and-security-services-(pty)-ltd.ca792b47327876bea5f7d3539ff4d4bc"
"962","CK FIRE AND SECURITY SERVICES (PTY) LTD","Securities and Commodity Contracts Intermediation and Brokerage","Independent","PRETORIA, GAUTENG, South Africa","https://dnb.com/business-directory/company-profiles/ck-fire-and-security-services-(pty)-ltd.00ac1902052d49cb13ce2f559219af1b"
"963","CROSS FIRE SECURITY AND TRAINING SERVICE...","Securities and Commodity Contracts Intermediation and Brokerage","Independent","MALAMULELE, LIMPOPO, South Africa","https://dnb.com/business-directory/company-profiles/cross-fire-security-and-training-services-(pty)-ltd.2db403f9656c94107e7e424818f39729"
"964","A TO Z FIRE AND SECURITY (PTY) LTD","Securities and Commodity Contracts Intermediation and Brokerage","Independent","DURBAN, KWA-ZULU NATAL, South Africa","https://dnb.com/business-directory/company-profiles/a-to-z-fire-and-security-(pty)-ltd.847467b31530e433437df4c037332f3e"
"965","MILLENIUM FIRE AND SECURITY SOLUTIONS (P...","Securities and Commodity Contracts Intermediation and Brokerage","Independent","SOMERSET WEST, WESTERN CAPE, South Africa","https://dnb.com/business-directory/company-profiles/millenium-fire-and-security-solutions-(pty)-ltd.f8aa3caab5fe548aa419df6db0c68067"
"966","LWANDANATHI FIRE SAFETY AND SECURITY SPE...","Securities and Commodity Contracts Intermediation and Brokerage","Independent","DURBAN, KWA-ZULU NATAL, South Africa","https://dnb.com/business-directory/company-profiles/lwandanathi-fire-safety-and-security-specialist-(pty)-ltd.79da8afcb5d3efa731608f1b1078bc9b"
"967","BINGA FIRE SYSTEM AND SECURITY (PTY) LTD","Securities and Commodity Contracts Intermediation and Brokerage","Independent","BOKSBURG, GAUTENG, South Africa","https://dnb.com/business-directory/company-profiles/binga-fire-system-and-security-(pty)-ltd.45aa1453c3edc381413d9ced308b0ba1"
"968","SOLID PLATFORM FIRE AND SECURITY (PTY) L...","Securities and Commodity Contracts Intermediation and Brokerage","Independent","BRACKENFELL, WESTERN CAPE, South Africa","https://dnb.com/business-directory/company-profiles/solid-platform-fire-and-security-(pty)-ltd.300ab1f011670d235063e813b384c94d"
"969","N MOSES FIRE AND SECURITY (PTY) LTD","Securities and Commodity Contracts Intermediation and Brokerage","Independent","GRASSY PARK, WESTERN CAPE, South Africa","https://dnb.com/business-directory/company-profiles/n-moses-fire-and-security-(pty)-ltd.87f275371c10f97e010f6286c47ea3a1"
"970","M AND M FIRE AND SECURITY (PTY) LTD","Securities and Commodity Contracts Intermediation and Brokerage","Independent","SEBOKENG, GAUTENG, South Africa","https://dnb.com/business-directory/company-profiles/m-and-m-fire-and-security-(pty)-ltd.a007e8cf417276dcc4a94feb16eb5244"
"971","SAFETY FIRE SECURITY SOLUTIONS (PTY) LTD","Securities and Commodity Contracts Intermediation and Brokerage","Independent","CAPE TOWN, WESTERN CAPE, South Africa","https://dnb.com/business-directory/company-profiles/safety-fire-security-solutions-(pty)-ltd.8692fcc092bd3d00317f2b763646f5dd"
"972","N1 FIRE AND SECURITY 1475 (PTY) LTD","Securities and Commodity Contracts Intermediation and Brokerage","Independent","PRETORIA, GAUTENG, South Africa","https://dnb.com/business-directory/company-profiles/n1-fire-and-security-1475-(pty)-ltd.f756e3cefb19dc25dfe9a9f426349257"
"973","A S FIRE AND SECURITY SYSTEMS (PTY) LTD","Securities and Commodity Contracts Intermediation and Brokerage","Independent","KEMPTON PARK, GAUTENG, South Africa","https://dnb.com/business-directory/company-profiles/a-s-fire-and-security-systems-(pty)-ltd.7100ee91453cf3bf4e744b7aa36d0fa8"
"974","STALLION FIRE ARM AND SECURITY TRAINING ...","Securities and Commodity Contracts Intermediation and Brokerage","Independent","MAMELODI, GAUTENG, South Africa","https://dnb.com/business-directory/company-profiles/stallion-fire-arm-and-security-training-(pty)-ltd.1248e18b5e53aac106d40dd1a5d52a72"
"975","FIRE STRICKEN AND SECURITY SYSTEMS (PTY)...","Securities and Commodity Contracts Intermediation and Brokerage","Independent","TSHIAWELO, GAUTENG, South Africa","https://dnb.com/business-directory/company-profiles/fire-stricken-and-security-systems-(pty)-ltd.26783092662046ab5158936afce9e491"
"976","SB FIRE SAFETY AND SECURITY (PTY) LTD","Securities and Commodity Contracts Intermediation and Brokerage","Independent","KWAXUMA, GAUTENG, South Africa","https://dnb.com/business-directory/company-profiles/sb-fire-safety-and-security-(pty)-ltd.dab30c9507692819c5d0b8b8cc9d76f6"
"977","BLACK FIRE SECURITY (PTY) LTD","Securities and Commodity Contracts Intermediation and Brokerage","Independent","LOUIS TRICHARDT, LIMPOPO, South Africa","https://dnb.com/business-directory/company-profiles/black-fire-security-(pty)-ltd.acb8f0eb8699c45dc2985b609d0a96ee"
"978","ECONOMIC FIRE AND SECURITY (PTY) LTD","Securities and Commodity Contracts Intermediation and Brokerage","Independent","CAPE TOWN, WESTERN CAPE, South Africa","https://dnb.com/business-directory/company-profiles/economic-fire-and-security-(pty)-ltd.42ced24e82b9beef90709d311cc51eba"
"979","PLS FIRE AND SECURITY (PTY) LTD","Securities and Commodity Contracts Intermediation and Brokerage","Independent","PRETORIA, GAUTENG, South Africa","https://dnb.com/business-directory/company-profiles/pls-fire-and-security-(pty)-ltd.b027b3b680dbd453fb93d73128d20764"
"980","FIRE AND SECURITY INDUSTRIES (PTY) LTD","Securities and Commodity Contracts Intermediation and Brokerage","Independent","JOHANNESBURG, GAUTENG, South Africa","https://dnb.com/business-directory/company-profiles/fire-and-security-industries-(pty)-ltd.647b18808510bc2d1f52152cac4f67ef"
"981","OK FIRE AND SECURITY (PTY) LTD","Securities and Commodity Contracts Intermediation and Brokerage","Independent","LANSDOWNE, WESTERN CAPE, South Africa","https://dnb.com/business-directory/company-profiles/ok-fire-and-security-(pty)-ltd.5e9710eb67099d209b90684c273613b8"
"982","MTK FIRE AND SECURITY SERVICES (PTY) LTD","Securities and Commodity Contracts Intermediation and Brokerage","Independent","TEMBA, LIMPOPO, South Africa","https://dnb.com/business-directory/company-profiles/mtk-fire-and-security-services-(pty)-ltd.f4c5c6e6f38877429f84cf6ace5c2d79"
"983","ELIMTHENDE ELECTRICAL FIRE AND SECURITY ...","Securities and Commodity Contracts Intermediation and Brokerage","Independent","JOHANNESBURG, GAUTENG, South Africa","https://dnb.com/business-directory/company-profiles/elimthende-electrical-fire-and-security-technology-(pty)-ltd.fb2f3481b92e13b1f872b8f8c32b0c1a"
"984","FIRE SECURITY GROUP (PTY) LTD","Securities and Commodity Contracts Intermediation and Brokerage","Independent","JOHANNESBURG, GAUTENG, South Africa","https://dnb.com/business-directory/company-profiles/fire-security-group-(pty)-ltd.b4ee44a27de592c7d2425782826ac350"
"985","ARCH OF FIRE SECURITY SERVICES (PTY) LTD","Securities and Commodity Contracts Intermediation and Brokerage","Independent","SOSHANGUVE, GAUTENG, South Africa","https://dnb.com/business-directory/company-profiles/arch-of-fire-security-services-(pty)-ltd.180c22ff4af17b73bd09b7c2eaf93905"
"986","G FORCE SECURITY (PTY) LTD","Securities and Commodity Contracts Intermediation and Brokerage","Independent","PIETERMARITZBURG, KWA-ZULU NATAL, South Africa","https://dnb.com/business-directory/company-profiles/g-force-security-(pty)-ltd.164d95f680da5067579d2feafe698460"
"987","A TO Y FIRE AND SECURITY (PTY) LTD","Securities and Commodity Contracts Intermediation and Brokerage","Independent","PRETORIA, GAUTENG, South Africa","https://dnb.com/business-directory/company-profiles/a-to-y-fire-and-security-(pty)-ltd.d22020b07122acfb1dbeb72a241c3cb4"
"988","AFRICA FIRE SECURITY AND PROJECTS (PTY) ...","Securities and Commodity Contracts Intermediation and Brokerage","Independent","KEMPTON PARK, GAUTENG, South Africa","https://dnb.com/business-directory/company-profiles/africa-fire-security-and-projects-(pty)-ltd.89bd6a644b469d3ebbb5f26d19d82184"
"989","MBHATINI FIRE AND SECURITY SERVICES (PTY...","Securities and Commodity Contracts Intermediation and Brokerage","Independent","PRETORIA, GAUTENG, South Africa","https://dnb.com/business-directory/company-profiles/mbhatini-fire-and-security-services-(pty)-ltd.cfc2c6938ec423aae3fe23fb474df935"
"990","MEAGERLEAGUE FIRE AN D SECURITY PROJECT ...","Securities and Commodity Contracts Intermediation and Brokerage","Independent","ROODEPOORT, GAUTENG, South Africa","https://dnb.com/business-directory/company-profiles/meagerleague-fire-an-d-security-project-(pty)-ltd.3353b356c8bdda41acaeed50b36d03a6"
"991","RIVER FIRE SECURITY AND CLEANING (PTY) L...","Securities and Commodity Contracts Intermediation and Brokerage","Independent","GAUTENG, South Africa","https://dnb.com/business-directory/company-profiles/river-fire-security-and-cleaning-(pty)-ltd.c0fde3f4109875ab1bf3625da06e9069"
"992","PROTECH FIRE AND SECURITY SERVICES (PTY)...","Securities and Commodity Contracts Intermediation and Brokerage","Independent","EAST LONDON, EASTERN CAPE, South Africa","https://dnb.com/business-directory/company-profiles/protech-fire-and-security-services-(pty)-ltd.a630d7cace9d78545b997cd8355e3d91"
"993","OSMO FIRE AND SECURITY SERVICES (PTY) LT...","Securities and Commodity Contracts Intermediation and Brokerage","Independent","PRETORIA, GAUTENG, South Africa","https://dnb.com/business-directory/company-profiles/osmo-fire-and-security-services-(pty)-ltd.afd4cfd662fb66b0e4f147049ecdb97c"
"994","RTG FIRE AND SECURITY (PTY) LTD","Securities and Commodity Contracts Intermediation and Brokerage","Independent","DURBAN, KWA-ZULU NATAL, South Africa","https://dnb.com/business-directory/company-profiles/rtg-fire-and-security-(pty)-ltd.0b7511d385263eb3ca29c44b4d24bfc8"
"995","ENOJOE FIRE AND SECURITY (PTY) LTD","Securities and Commodity Contracts Intermediation and Brokerage","Independent","DUNDEE, KWA-ZULU NATAL, South Africa","https://dnb.com/business-directory/company-profiles/enojoe-fire-and-security-(pty)-ltd.28be27fa6588747ac3955de3b6b2a74e"
"996","VN SECURITY AND FIRE SERVICES (PTY) LTD","Securities and Commodity Contracts Intermediation and Brokerage","Independent","NTHORWANE, MPUMALANGA, South Africa","https://dnb.com/business-directory/company-profiles/vn-security-and-fire-services-(pty)-ltd.c1833c74f84f70c9ba89db79120803c5"
"997","DISCOVER FIRE SECURITY AND MAINTENANCE S...","Securities and Commodity Contracts Intermediation and Brokerage","Independent","GERMISTON, GAUTENG, South Africa","https://dnb.com/business-directory/company-profiles/discover-fire-security-and-maintenance-services-cc.526c1b9e4a6f8b79aa233ecddb9b94e8"
"998","TOP FIRE KANANA SECURITY","Securities and Commodity Contracts Intermediation and Brokerage","Independent","VEREENIGING, GAUTENG, South Africa","https://dnb.com/business-directory/company-profiles/top-fire-kanana-security.93c4249a3b61a81653e5c553dde443f9"
"999","EAGLE EYE FIRE AND SECURITY SYSTEMS (PTY...","Securities and Commodity Contracts Intermediation and Brokerage","Independent","PINETOWN, KWA-ZULU NATAL, South Africa","https://dnb.com/business-directory/company-profiles/eagle-eye-fire-and-security-systems-(pty)-ltd.49cbe957ee404dc4c64f5c4dd0ed943d"
"1000","UTHINGO LWENKOSAZANE SECURITY AND FIRE S...","Securities and Commodity Contracts Intermediation and Brokerage","Independent","INDUSTRIA, South Africa","https://dnb.com/business-directory/company-profiles/uthingo-lwenkosazane-security-and-fire-services-cc.5e563d041b244f2759b2db8436a081b4"
"1001","AMALGAMATED SECURITY AND FIRE SYSTEMS (P...","Securities and Commodity Contracts Intermediation and Brokerage","Independent","PRETORIA, GAUTENG, South Africa","https://dnb.com/business-directory/company-profiles/amalgamated-security-and-fire-systems-(pty)-ltd.e44d634c377a07c65551fc496c6e53aa"
"1002","SECURITY FIRE AND SAFETY EXHIBITION CENT...","Securities and Commodity Contracts Intermediation and Brokerage","Independent","PRETORIA, GAUTENG, South Africa","https://dnb.com/business-directory/company-profiles/security-fire-and-safety-exhibition-centre-s-a-(pty)-ltd.ed9c233edd10d3a734e2b75494b7b5e7"
"1003","FIRE FIGHTING SECURITY SYSTEMS (PTY) LTD","Securities and Commodity Contracts Intermediation and Brokerage","Independent","GABORONE, SOUTH-EAST DISTRICT, Botswana","https://dnb.com/business-directory/company-profiles/fire-fighting-security-systems-(pty)-ltd.9b60545a308503bc8777274d6b99641c"
"1004","GPSA SECURITY CC","Securities and Commodity Contracts Intermediation and Brokerage","Independent","JOHANNESBURG, GAUTENG, South Africa","https://dnb.com/business-directory/company-profiles/gpsa-security-cc.fdf4eddf0162efd9efaa017fb1d10280"
"1005","MARKS AND MARALA SECURITY AND FIRE ARM T...","Securities and Commodity Contracts Intermediation and Brokerage","Independent","GQEBERHA, EASTERN CAPE, South Africa","https://dnb.com/business-directory/company-profiles/marks-and-marala-security-and-fire-arm-training-academy-(pty)-ltd.14f23ccfafdcbaa9d0d209ae33b91aee"
"1006","REDBOX LEEROY ONEILL FIRE AND SECURITY C...","Securities and Commodity Contracts Intermediation and Brokerage","Independent","PRETORIA, South Africa","https://dnb.com/business-directory/company-profiles/redbox-leeroy-oneill-fire-and-security-consultants-(pty)-ltd.55d1c4306c31dc457e6f0f0ad09901dd"
"1007","T I E FIRE AND SECURITY SYSTEMS (PTY) LT...","Securities and Commodity Contracts Intermediation and Brokerage","Independent","JOHANNESBURG, GAUTENG, South Africa","https://dnb.com/business-directory/company-profiles/t-i-e-fire-and-security-systems-(pty)-ltd.0455e2c208d5a4152f23b9c0ee45012f"
"1008","KSFP FIRE AND SECURITY (PTY) LTD","Securities and Commodity Contracts Intermediation and Brokerage","Independent","PINETOWN, KWA-ZULU NATAL, South Africa","https://dnb.com/business-directory/company-profiles/ksfp-fire-and-security-(pty)-ltd.aa16f9958379878287bbb431f286eb36"
"1009","ELLIOTS FIRE AND SECURITY SYSTEMS (PTY) ...","Securities and Commodity Contracts Intermediation and Brokerage","Independent","EDENVALE, GAUTENG, South Africa","https://dnb.com/business-directory/company-profiles/elliots-fire-and-security-systems-(pty)-ltd.8d05bec2660b07253c5a96485402e756"
"1010","NITRO FIRE SECURITY SERVICES (PTY) LTD","Securities and Commodity Contracts Intermediation and Brokerage","Independent","LIMPOPO, South Africa","https://dnb.com/business-directory/company-profiles/nitro-fire-security-services-(pty)-ltd.183f355ab236cc661a95e71678160fb7"
"1011","FEND FIRE AND SECURITY FFS (PTY) LTD","Securities and Commodity Contracts Intermediation and Brokerage","Independent","KWAXUMA, GAUTENG, South Africa","https://dnb.com/business-directory/company-profiles/fend-fire-and-security-ffs-(pty)-ltd.50a2c053a50d1236b775fb6d818a777d"
"1012","MARDEK FIRE AND SECURITY SYSTEMS (PTY) L...","Securities and Commodity Contracts Intermediation and Brokerage","Independent","JOHANNESBURG, GAUTENG, South Africa","https://dnb.com/business-directory/company-profiles/mardek-fire-and-security-systems-(pty)-ltd.3712c05eff1b7c25a87fa6d178b36eb7"
"1013","STANTOK FIRE AND SECURITY SERVICES (PTY)...","Securities and Commodity Contracts Intermediation and Brokerage","Independent","DUNDEE, KWA-ZULU NATAL, South Africa","https://dnb.com/business-directory/company-profiles/stantok-fire-and-security-services-(pty)-ltd.c1ea2d51d3fb5feb84f875fa76bbccd1"
"1014","IMAGE FIRE AND SECURITY (PTY) LTD","Securities and Commodity Contracts Intermediation and Brokerage","Independent","MOUNT EDGECOMBE, KWA-ZULU NATAL, South Africa","https://dnb.com/business-directory/company-profiles/image-fire-and-security-(pty)-ltd.cc51f8fc221bfbe476679a56af7cedd2"
"1015","S M FIRE AND SECURITY SERVICES (PTY) LTD","Securities and Commodity Contracts Intermediation and Brokerage","Independent","PRETORIA, GAUTENG, South Africa","https://dnb.com/business-directory/company-profiles/s-m-fire-and-security-services-(pty)-ltd.a77cca20ec8e73993910c2f8d23d3a8c"
"1016","INNOVATION FIRE AND SECURITY TECHNOLOGIE...","Securities and Commodity Contracts Intermediation and Brokerage","Independent","SOSHANGUVE, GAUTENG, South Africa","https://dnb.com/business-directory/company-profiles/innovation-fire-and-security-technologies-(pty)-ltd.9ce32de8619de85c38d12e4eaac2e440"
"1017","SPEED FIRE SECURITY SERVICES","Securities and Commodity Contracts Intermediation and Brokerage","Independent","NCORHA, EASTERN CAPE, South Africa","https://dnb.com/business-directory/company-profiles/speed-fire-security-services.bfca6852217b90561abf3a8de5caa7af"
"1018","KHARON FIRE AND SECURITY SOLUTIONS (PTY)...","Securities and Commodity Contracts Intermediation and Brokerage","Independent","CAPE TOWN, WESTERN CAPE, South Africa","https://dnb.com/business-directory/company-profiles/kharon-fire-and-security-solutions-(pty)-ltd.66fe3a2c1ad014895efe3c0ff9c5bafb"
"1019","FIRE AND SECURITY MAINTENANCE SYSTEMS CC","Securities and Commodity Contracts Intermediation and Brokerage","Independent","ALBERTON, GAUTENG, South Africa","https://dnb.com/business-directory/company-profiles/fire-and-security-maintenance-systems-cc.c15785ae30ddb2b454ee99869736dec1"
"1020","PADONS FIRE SECURITY SERVICES (PTY) LTD","Securities and Commodity Contracts Intermediation and Brokerage","Independent","BRAKPAN, GAUTENG, South Africa","https://dnb.com/business-directory/company-profiles/padons-fire-security-services-(pty)-ltd.9578b2328596e4210bf705647246c8e9"
"1021","NDAPUKA FIRE AND SECURITY PROJECTS CC","Securities and Commodity Contracts Intermediation and Brokerage","Independent","KUILS RIVER, WESTERN CAPE, South Africa","https://dnb.com/business-directory/company-profiles/ndapuka-fire-and-security-projects-cc.6eb4cb314383652b30c888f4473370da"
"1022","DOLPHIN FIRE AND SECURITY (PTY) LTD","Securities and Commodity Contracts Intermediation and Brokerage","Independent","CATO RIDGE, KWA-ZULU NATAL, South Africa","https://dnb.com/business-directory/company-profiles/dolphin-fire-and-security-(pty)-ltd.4beb170f3674678b5ee40a9ab1529456"
"1023","INFRA FIRE AND SECURITY (PTY) LTD","Securities and Commodity Contracts Intermediation and Brokerage","Independent","DURBANVILLE, WESTERN CAPE, South Africa","https://dnb.com/business-directory/company-profiles/infra-fire-and-security-(pty)-ltd.90851041c054f73080346b0562c10e99"
"1024","FAST FIRE AND SECURITY FREE STATE (PTY) ...","Securities and Commodity Contracts Intermediation and Brokerage","Independent","BLOEMFONTEIN, FREE STATE, South Africa","https://dnb.com/business-directory/company-profiles/fast-fire-and-security-free-state-(pty)-ltd.94b4f3e05d90b7321dd1a7a54e37b64a"
"1025","THE FIRE AND SECURITY DUO (PTY) LTD","Securities and Commodity Contracts Intermediation and Brokerage","Independent","CAPE TOWN, WESTERN CAPE, South Africa","https://dnb.com/business-directory/company-profiles/the-fire-and-security-duo-(pty)-ltd.d756e09baee580d08054866db0720afb"
"1026","KEMS FIRE AND SECURITY (PTY) LTD","Securities and Commodity Contracts Intermediation and Brokerage","Independent","CENTURION, GAUTENG, South Africa","https://dnb.com/business-directory/company-profiles/kems-fire-and-security-(pty)-ltd.8152a9563c0a670a466a7010c5b037e4"
"1027","QUIVER SECURITY AND FIRE GROUP (PTY) LTD","Securities and Commodity Contracts Intermediation and Brokerage","Independent","WIERDAPARK, GAUTENG, South Africa","https://dnb.com/business-directory/company-profiles/quiver-security-and-fire-group-(pty)-ltd.dffd8449c118aa81f72118056d4de305"
"1028","KHOMELO FIRE AND SECURITY (PTY) LTD","Securities and Commodity Contracts Intermediation and Brokerage","Independent","KEMPTON PARK, GAUTENG, South Africa","https://dnb.com/business-directory/company-profiles/khomelo-fire-and-security-(pty)-ltd.681a2cc70ff4e8327feec0fb67add352"
"1029","MNS FIRE AND SECURITY (PTY) LTD","Securities and Commodity Contracts Intermediation and Brokerage","Independent","HERCULES, GAUTENG, South Africa","https://dnb.com/business-directory/company-profiles/mns-fire-and-security-(pty)-ltd.2cd9922815765cb3f7481ac903fa006b"
"1030","ETHEKWENI SECURITY AND FIRE DISTRIBUTORS...","Securities and Commodity Contracts Intermediation and Brokerage","Independent","DURBAN, KWA-ZULU NATAL, South Africa","https://dnb.com/business-directory/company-profiles/ethekweni-security-and-fire-distributors-(pty)-ltd.e32da1c1b0c8e0caadcb08790be42be5"
"1031","MADIBA FIRE AND SECURITY SYSTEMS (PTY) L...","Securities and Commodity Contracts Intermediation and Brokerage","Independent","PHOENIX, KWA-ZULU NATAL, South Africa","https://dnb.com/business-directory/company-profiles/madiba-fire-and-security-systems-(pty)-ltd.43cd47ab619c6cf3889b376037e7d73c"
"1032","ELITE FIRE HEALTH SAFETY AND SECURITY SO...","Securities and Commodity Contracts Intermediation and Brokerage","Independent","SOSHANGUVE, GAUTENG, South Africa","https://dnb.com/business-directory/company-profiles/elite-fire-health-safety-and-security-solutions-(pty)-ltd.b77a72b45234a4b6ed9eb1ebdb41ffae"
"1033","THE DEW FIRE ENGINEERING SECURITY (PTY) ...","Securities and Commodity Contracts Intermediation and Brokerage","Independent","WITBANK, MPUMALANGA, South Africa","https://dnb.com/business-directory/company-profiles/the-dew-fire-engineering-security-(pty)-ltd.a6d1ae83d1b437fc3ca2956492ac502f"
"1034","HAWUKANI MHAYISE SECURITY AND FIRE ARM T...","Securities and Commodity Contracts Intermediation and Brokerage","Independent","UMLAZI, KWA-ZULU NATAL, South Africa","https://dnb.com/business-directory/company-profiles/hawukani-mhayise-security-and-fire-arm-training-(pty)-ltd.d935952afa5fef857f0bf9239018d606"
"1035","MATLOBE FIRE SAFETY AND SECURITY (PTY) L...","Securities and Commodity Contracts Intermediation and Brokerage","Independent","POTCHEFSTROOM, NORTHWEST PROVINCE, South Africa","https://dnb.com/business-directory/company-profiles/matlobe-fire-safety-and-security-(pty)-ltd.f96a2905ef41cfd5b0b00fa56b1432a0"
"1036","JH FIRE AND SECURITY PROJECTS (PTY) LTD","Securities and Commodity Contracts Intermediation and Brokerage","Independent","ENNERDALE, GAUTENG, South Africa","https://dnb.com/business-directory/company-profiles/jh-fire-and-security-projects-(pty)-ltd.2259e505b0927d3e64d5e885b84baa3e"
"1037","MOEKIES FIRE AND SECURITY (PTY) LTD","Securities and Commodity Contracts Intermediation and Brokerage","Independent","FOURWAYS, GAUTENG, South Africa","https://dnb.com/business-directory/company-profiles/moekies-fire-and-security-(pty)-ltd.60f1e15aa5f2b76ba198ccded7cc4daa"
"1038","T SQUARED FIRE AND SECURITY SERVICES (PT...","Securities and Commodity Contracts Intermediation and Brokerage","Independent","VEREENIGING, GAUTENG, South Africa","https://dnb.com/business-directory/company-profiles/t-squared-fire-and-security-services-(pty)-ltd.961ac2b7533cd2363adc71a7b1b93215"
"1039","RASSCOTEK FIRE AND SECURITY (PTY) LTD","Securities and Commodity Contracts Intermediation and Brokerage","Independent","ELSIES RIVER, WESTERN CAPE, South Africa","https://dnb.com/business-directory/company-profiles/rasscotek-fire-and-security-(pty)-ltd.76f567e69e1f56fefe01d5b15ddb1443"
"1040","ACE FIRE AND SECURITY SYSTEMS LIMITED IN...","Securities and Commodity Contracts Intermediation and Brokerage","Independent","CAPE TOWN, WESTERN CAPE, South Africa","https://dnb.com/business-directory/company-profiles/ace-fire-and-security-systems-limited-incorporated-in-united-kingdom.fdd03cab9ea75dc66740deb04d18fb99"
"1041","BENCOR FIRE AND SECURITY SERVICES (PTY) ...","Securities and Commodity Contracts Intermediation and Brokerage","Independent","EAST LONDON, EASTERN CAPE, South Africa","https://dnb.com/business-directory/company-profiles/bencor-fire-and-security-services-(pty)-ltd.25cedec633a84d76b36eead2b3da6e0e"
"1042","BURNING FIRE SECURITY (PTY) LTD","Securities and Commodity Contracts Intermediation and Brokerage","Independent","VOLKSRUST, MPUMALANGA, South Africa","https://dnb.com/business-directory/company-profiles/burning-fire-security-(pty)-ltd.1e7fb2e7e32dcdda0c1da384ebda892e"
"1043","MOOT FIRE AND SECURITY (PTY) LTD","Securities and Commodity Contracts Intermediation and Brokerage","Independent","MOOT, GAUTENG, South Africa","https://dnb.com/business-directory/company-profiles/moot-fire-and-security-(pty)-ltd.fd9365db1ae6f12270fa7e7f188f3ecf"
"1044","PRO SECURE FIRE AND SECURITY EASTERN CAP...","Securities and Commodity Contracts Intermediation and Brokerage","Independent","BIZANA, KWA-ZULU NATAL, South Africa","https://dnb.com/business-directory/company-profiles/pro-secure-fire-and-security-eastern-cape-(pty)-ltd.d030f83722b412f54f0e0246568178b1"
"1045","PRO SECURE FIRE AND SECURITY POLOKWANE (...","Securities and Commodity Contracts Intermediation and Brokerage","Independent","EMALAHLENI, MPUMALANGA, South Africa","https://dnb.com/business-directory/company-profiles/pro-secure-fire-and-security-polokwane-(pty)-ltd.7dc6ca02dc102f7d8af6e1135b622e61"
"1046","MONYAKS FIRE SECURITY AND ENGINEERING SE...","Securities and Commodity Contracts Intermediation and Brokerage","Independent","ATTERIDGEVILLE, GAUTENG, South Africa","https://dnb.com/business-directory/company-profiles/monyaks-fire-security-and-engineering-services-(pty)-ltd.c54b767a22fdedd749a5c865477f1bd1"
"1047","PDA FIRE SECURITY (PTY) LTD","Securities and Commodity Contracts Intermediation and Brokerage","Independent","BRITS, GAUTENG, South Africa","https://dnb.com/business-directory/company-profiles/pda-fire-security-(pty)-ltd.0fdece840093bfea0592555abae24abf"
"1048","PRO SECURE FIRE AND SECURITY MPUMALANGA ...","Securities and Commodity Contracts Intermediation and Brokerage","Independent","EMALAHLENI, MPUMALANGA, South Africa","https://dnb.com/business-directory/company-profiles/pro-secure-fire-and-security-mpumalanga-(pty)-ltd.0220019b13e78bbcb65a66879dae8e94"
"1049","PRO SECURE FIRE AND SECURITY NORTH WEST ...","Securities and Commodity Contracts Intermediation and Brokerage","Independent","EMPANGENI, KWA-ZULU NATAL, South Africa","https://dnb.com/business-directory/company-profiles/pro-secure-fire-and-security-north-west-(pty)-ltd.1d4c2e672f957eee44b241698e1cd4d2"
"1050","PRO SECURE FIRE AND SECURITY GAUTENG (PT...","Securities and Commodity Contracts Intermediation and Brokerage","Independent","DURBAN, KWA-ZULU NATAL, South Africa","https://dnb.com/business-directory/company-profiles/pro-secure-fire-and-security-gauteng-(pty)-ltd.4093d43c6d0f4c4b36e08fce94b47fa9"
"1051","PRO SECURE FIRE AND SECURITY LIMPOPO (PT...","Securities and Commodity Contracts Intermediation and Brokerage","Independent","EMALAHLENI, MPUMALANGA, South Africa","https://dnb.com/business-directory/company-profiles/pro-secure-fire-and-security-limpopo-(pty)-ltd.b60aa5612cb6eb6bb3986174b42abf1e"
"1052","ZIKODE FIRE AND SECURITY CONTROL (PTY) L...","Securities and Commodity Contracts Intermediation and Brokerage","Independent","PINETOWN, KWA-ZULU NATAL, South Africa","https://dnb.com/business-directory/company-profiles/zikode-fire-and-security-control-(pty)-ltd.db77ca78dfc8cadb11d2cac1f5818dad"
"1053","AFRI FIRE AND SECURITY SERVICES (PTY) LT...","Securities and Commodity Contracts Intermediation and Brokerage","Independent","VEREENIGING, GAUTENG, South Africa","https://dnb.com/business-directory/company-profiles/afri-fire-and-security-services-(pty)-ltd.a5413a6e8bf0dcbedc0ed59e9959996a"
"1054","N FIRE AND SECURITY (PTY) LTD","Securities and Commodity Contracts Intermediation and Brokerage","Independent","CAPE TOWN, WESTERN CAPE, South Africa","https://dnb.com/business-directory/company-profiles/n-fire-and-security-(pty)-ltd.38498d4348263601a8a8ade39d3eb399"
"1055","P AND N SECURITY AND FIRE (PTY) LTD","Securities and Commodity Contracts Intermediation and Brokerage","Independent","VANDERBIJLPARK, GAUTENG, South Africa","https://dnb.com/business-directory/company-profiles/p-and-n-security-and-fire-(pty)-ltd.3733352e13747b8c49a15796d379cd9d"
"1056","AUSTIN SECURITY AND FIRE (PTY) LTD","Securities and Commodity Contracts Intermediation and Brokerage","Independent","LADYSMITH, KWA-ZULU NATAL, South Africa","https://dnb.com/business-directory/company-profiles/austin-security-and-fire-(pty)-ltd.45cf61984931ada625fca559cd20ed6d"
"1057","FIRE SECURITY CONCEPTS (PTY) LTD","Securities and Commodity Contracts Intermediation and Brokerage","Independent","MABOPANE, South Africa","https://dnb.com/business-directory/company-profiles/fire-security-concepts-(pty)-ltd.f6fb0bb9529d0489003aadb807f8a7d5"
"1058","ESGODLENI SECURITY AND FIRE ARM (PTY) LT...","Securities and Commodity Contracts Intermediation and Brokerage","Independent","BLOEMFONTEIN, FREE STATE, South Africa","https://dnb.com/business-directory/company-profiles/esgodleni-security-and-fire-arm-(pty)-ltd.3d0764b3d961dd547c6188b4d8664f3a"
"1059","CUMI SECURITY AND FIRE SYSTEMS (PTY) LTD","Securities and Commodity Contracts Intermediation and Brokerage","Independent","TEMBISA, GAUTENG, South Africa","https://dnb.com/business-directory/company-profiles/cumi-security-and-fire-systems-(pty)-ltd.6c1570a59f750674b760c04696a9fce3"
"1060","RAINBOW FIRE SYSTEM AND SECURITY (PTY) L...","Securities and Commodity Contracts Intermediation and Brokerage","Independent","DAVEYTON, GAUTENG, South Africa","https://dnb.com/business-directory/company-profiles/rainbow-fire-system-and-security-(pty)-ltd.46398c5c2d31c050b9d7269b3b1e76a0"
"1061","W2K EMUNAH FIRE SECURITY SYSTEM (PTY) LT...","Securities and Commodity Contracts Intermediation and Brokerage","Independent","BOKSBURG, GAUTENG, South Africa","https://dnb.com/business-directory/company-profiles/w2k-emunah-fire-security-system-(pty)-ltd.931f0d2e1dc6f9581b26c9aedeab7cda"
"1062","FIRE AND SECURITY PARTNERS SOUTH AFRICA ...","Securities and Commodity Contracts Intermediation and Brokerage","Independent","DURBAN, KWA-ZULU NATAL, South Africa","https://dnb.com/business-directory/company-profiles/fire-and-security-partners-south-africa-(pty)-ltd.df9017452dbeca2e695c33174c13b20b"
"1063","SUPPRESS FIRE AND SECURITY PROJECTS (PTY...","Securities and Commodity Contracts Intermediation and Brokerage","Independent","MEYERTON, GAUTENG, South Africa","https://dnb.com/business-directory/company-profiles/suppress-fire-and-security-projects-(pty)-ltd.ed7956d4b6f90bb40592f4170edb930d"
"1064","RIGO FIRE AND SECURITY SERVICES (PTY) LT...","Securities and Commodity Contracts Intermediation and Brokerage","Independent","GERMISTON, GAUTENG, South Africa","https://dnb.com/business-directory/company-profiles/rigo-fire-and-security-services-(pty)-ltd.469fd510c7b83416e8f6fa4121343b04"
"1065","GUARDCO FIRE AND SECURITY (PTY) LTD","Securities and Commodity Contracts Intermediation and Brokerage","Independent","DURBAN, KWA-ZULU NATAL, South Africa","https://dnb.com/business-directory/company-profiles/guardco-fire-and-security-(pty)-ltd.d507151e79c83f6a0b461d3db2da058b"
"1066","SA FIRE AND SECURITY DISTRIBUTORS (PTY) ...","Securities and Commodity Contracts Intermediation and Brokerage","Independent","MITCHELLS PLAIN, WESTERN CAPE, South Africa","https://dnb.com/business-directory/company-profiles/sa-fire-and-security-distributors-(pty)-ltd.e910ee42423cda1d2ca3e8a7afb12d94"
"1067","ARIZON TECHNICAL AND FIRE SECURITY SERVI...","Securities and Commodity Contracts Intermediation and Brokerage","Independent","ELSIES RIVER, WESTERN CAPE, South Africa","https://dnb.com/business-directory/company-profiles/arizon-technical-and-fire-security-services-(pty)-ltd.4e7ce66de0152ec47ef7d1b426ea2973"
"1068","PD FIRE AND SECURITY SOLUTIONS (PTY) LTD","Securities and Commodity Contracts Intermediation and Brokerage","Independent","BOKSBURG, GAUTENG, South Africa","https://dnb.com/business-directory/company-profiles/pd-fire-and-security-solutions-(pty)-ltd.c2a4df9659e3a9006ad52bed26dd0a94"
"1069","C4 FIRE AND SECURITY NATIONAL (PTY) LTD","Securities and Commodity Contracts Intermediation and Brokerage","Independent","PAARL, WESTERN CAPE, South Africa","https://dnb.com/business-directory/company-profiles/c4-fire-and-security-national-(pty)-ltd.159048e7a1ab816c778cc78c5f32e89b"
"1070","INTACT SECURITY AND FIRE EVOLUTIONS (PTY...","Securities and Commodity Contracts Intermediation and Brokerage","Independent","TEMBISA, GAUTENG, South Africa","https://dnb.com/business-directory/company-profiles/intact-security-and-fire-evolutions-(pty)-ltd.84c6b9c7ad439bacd7484fe62e2305d4"
"1071","DOBA FIRE AND SECURITY (PTY) LTD","Securities and Commodity Contracts Intermediation and Brokerage","Independent","MOOT, GAUTENG, South Africa","https://dnb.com/business-directory/company-profiles/doba-fire-and-security-(pty)-ltd.ee6fb03843c9a72fa70478c5760ccd10"
"1072","V A R FIRE SECURITY AND NETWORK SERVICES...","Securities and Commodity Contracts Intermediation and Brokerage","Independent","CAPE TOWN, WESTERN CAPE, South Africa","https://dnb.com/business-directory/company-profiles/v-a-r-fire-security-and-network-services-(pty)-ltd.c1c21f8a35fec7cbbd1e97fce9e1ecbf"
"1073","NALEDI FIRE AND SECURITY (PTY) LTD","Securities and Commodity Contracts Intermediation and Brokerage","Independent","VANDERBIJLPARK, GAUTENG, South Africa","https://dnb.com/business-directory/company-profiles/naledi-fire-and-security-(pty)-ltd.a88e5a60124062cf216f524d7135800c"
"1074","JD JUWAWA FIRE AND SECURITY INTEGRATED A...","Securities and Commodity Contracts Intermediation and Brokerage","Independent","PROTEA GLEN, GAUTENG, South Africa","https://dnb.com/business-directory/company-profiles/jd-juwawa-fire-and-security-integrated-and-bricks-(pty)-ltd.db2ddb9f9f5b06bb627a0668aa7e7318"
"1075","PREMIUM FIRE AND SECURITY SOLUTIONS (PTY...","Securities and Commodity Contracts Intermediation and Brokerage","Independent","MITCHELLS PLAIN, WESTERN CAPE, South Africa","https://dnb.com/business-directory/company-profiles/premium-fire-and-security-solutions-(pty)-ltd.d0886c45e09591ae336f1ba82872d95b"
"1076","YALUZILE FIRE AND SECURITY SYSTEMS (PTY)...","Securities and Commodity Contracts Intermediation and Brokerage","Independent","MELMOTH, KWA-ZULU NATAL, South Africa","https://dnb.com/business-directory/company-profiles/yaluzile-fire-and-security-systems-(pty)-ltd.1bcfa86fead7c0a0338980abcc96c507"
"1077","VAJ FIRE AND SECURITY PROJECTS (PTY) LTD","Securities and Commodity Contracts Intermediation and Brokerage","Independent","JOHANNESBURG, GAUTENG, South Africa","https://dnb.com/business-directory/company-profiles/vaj-fire-and-security-projects-(pty)-ltd.b837d5dfc11e7d909bcbf921369182cf"
"1078","VNV SECURITY AND FIRE ARM (PTY) LTD","Securities and Commodity Contracts Intermediation and Brokerage","Independent","JOHANNESBURG, GAUTENG, South Africa","https://dnb.com/business-directory/company-profiles/vnv-security-and-fire-arm-(pty)-ltd.94b9d6ed606b6a0d5d871ecaddcfc4cb"
"1079","IDUBE FIRE AND SECURITY SYSTEM (PTY) LTD","Securities and Commodity Contracts Intermediation and Brokerage","Independent","DURBAN, KWA-ZULU NATAL, South Africa","https://dnb.com/business-directory/company-profiles/idube-fire-and-security-system-(pty)-ltd.0afa7396e458c7aaab119657ff68f8c8"
"1080","UKUQALA FIRE AND SECURITY (PTY) LTD","Securities and Commodity Contracts Intermediation and Brokerage","Independent","DUNDEE, KWA-ZULU NATAL, South Africa","https://dnb.com/business-directory/company-profiles/ukuqala-fire-and-security-(pty)-ltd.d4a8bdfd31d3c3355ca58c21208353a0"
"1081","FIRE AND SPEAR SECURITY (PTY) LTD","Securities and Commodity Contracts Intermediation and Brokerage","Independent","FOURIESBURG, FREE STATE, South Africa","https://dnb.com/business-directory/company-profiles/fire-and-spear-security-(pty)-ltd.ce4793b39af6a825172b44355a2bee61"
"1082","BEE TECH FIRE AND SECURITY ELECTRONICS (...","Securities and Commodity Contracts Intermediation and Brokerage","Independent","KUILS RIVER, WESTERN CAPE, South Africa","https://dnb.com/business-directory/company-profiles/bee-tech-fire-and-security-electronics-(pty)-ltd.3722ecc0242d079188329afc9306b4e0"
"1083","BASHUMI FIRE AND SECURITY SERVICES (PTY)...","Securities and Commodity Contracts Intermediation and Brokerage","Independent","POLOKWANE, South Africa","https://dnb.com/business-directory/company-profiles/bashumi-fire-and-security-services-(pty)-ltd.d75c575a7836dc1e400af12205d597b8"
"1084","MOLOPI FIRE ARM SECURITY SERVICES (PTY) ...","Securities and Commodity Contracts Intermediation and Brokerage","Independent","KURUMAN, NORTHERN CAPE, South Africa","https://dnb.com/business-directory/company-profiles/molopi-fire-arm-security-services-(pty)-ltd.0931d38e6ec2eb5875a7c3f5e82e92ae"
"1085","FASCA FIRE ARM SECURITY CONSULTING AND A...","Securities and Commodity Contracts Intermediation and Brokerage","Independent","YELLOWWOOD PARK, KWA-ZULU NATAL, South Africa","https://dnb.com/business-directory/company-profiles/fasca-fire-arm-security-consulting-and-assessment-cc.8179fc86c83e603998f8739027280b32"
"1086","MSHENGU AND SONS FIRE AND SECURITY CC","Securities and Commodity Contracts Intermediation and Brokerage","Independent","ENNERDALE, GAUTENG, South Africa","https://dnb.com/business-directory/company-profiles/mshengu-and-sons-fire-and-security-cc.f9bdd1908963f0d6b10e69e3db20aa95"
"1087","PROCON FIRE AND SECURITY CC","Securities and Commodity Contracts Intermediation and Brokerage","Independent","PRETORIA, GAUTENG, South Africa","https://dnb.com/business-directory/company-profiles/procon-fire-and-security-cc.67a4b044db26fc86a9d2094ce6a3d704"
"1088","L M K FIRE SECURITY AND PROJECTS CC","Securities and Commodity Contracts Intermediation and Brokerage","Independent","PRETORIA, GAUTENG, South Africa","https://dnb.com/business-directory/company-profiles/l-m-k-fire-security-and-projects-cc.f00db93bccee0165da89672a925918ed"
"1089","MAKEM FIRE AND SECURITY CC","Securities and Commodity Contracts Intermediation and Brokerage","Independent","KATLEHONG, GAUTENG, South Africa","https://dnb.com/business-directory/company-profiles/makem-fire-and-security-cc.2a1ac599efc31075fc22fd0070c22c7c"
"1090","MARULANENG FIRE AND SECURITY SYSTEMS (PT...","Securities and Commodity Contracts Intermediation and Brokerage","Independent","PRETORIA, GAUTENG, South Africa","https://dnb.com/business-directory/company-profiles/marulaneng-fire-and-security-systems-(pty)-ltd.a5b6ba51bfef4c672062451902905052"
"1091","H AND B FIRE AND SECURITY CC","Securities and Commodity Contracts Intermediation and Brokerage","Independent","FLORIDA, GAUTENG, South Africa","https://dnb.com/business-directory/company-profiles/h-and-b-fire-and-security-cc.1de5f09d8b4d9df5d14a6c51a784c9cd"
"1092","STAR FIRE CONTROL SECURITY TECHNOLOGIES ...","Securities and Commodity Contracts Intermediation and Brokerage","Independent","KWENZEKILE, GAUTENG, South Africa","https://dnb.com/business-directory/company-profiles/star-fire-control-security-technologies-cc.e336b6a58bd0a34ee4e940d707ae64f4"
"1093","DANIELS FIRE AND SECURITY TECHNOLOGIES C...","Securities and Commodity Contracts Intermediation and Brokerage","Independent","CAPE TOWN, WESTERN CAPE, South Africa","https://dnb.com/business-directory/company-profiles/daniels-fire-and-security-technologies-cc.50305c93fbbf5cfbd0aa525b7184da36"
"1094","LIFO FIRE AND SECURITY (PTY) LTD","Securities and Commodity Contracts Intermediation and Brokerage","Independent","EERSTE RIVER, WESTERN CAPE, South Africa","https://dnb.com/business-directory/company-profiles/lifo-fire-and-security-(pty)-ltd.c0ce8269573d2c85aa708c4a569ab229"
"1095","BAHWADUBA FIRE AND SECURITY (PTY) LTD","Securities and Commodity Contracts Intermediation and Brokerage","Independent","JOHANNESBURG, GAUTENG, South Africa","https://dnb.com/business-directory/company-profiles/bahwaduba-fire-and-security-(pty)-ltd.28b7603608bfbca4345915cefd84a32a"
"1096","USIZO ELECTRONIC SECURITY AND FIRE PROJE...","Securities and Commodity Contracts Intermediation and Brokerage","Independent","BRYANSTON, GAUTENG, South Africa","https://dnb.com/business-directory/company-profiles/usizo-electronic-security-and-fire-projects.641c04b4e8b5e5405c8728aac899a24f"
"1097","FIRE SECURITY DOORS SA (PTY) LTD","Securities and Commodity Contracts Intermediation and Brokerage","Independent","CAPE TOWN, WESTERN CAPE, South Africa","https://dnb.com/business-directory/company-profiles/fire-security-doors-sa-(pty)-ltd.a5ea92c1a4d57a3bd251cc20d4359bfd"
"1098","EBILE FIRE SECURITY SERVICES (PTY) LTD","Securities and Commodity Contracts Intermediation and Brokerage","Independent","LADYSMITH, KWA-ZULU NATAL, South Africa","https://dnb.com/business-directory/company-profiles/ebile-fire-security-services-(pty)-ltd.e1afc9778192199c43e5f75a3fb1e2b5"
"1099","KEA FIRE AND SECURITY (PTY) LTD","Securities and Commodity Contracts Intermediation and Brokerage","Independent","JOHANNESBURG, GAUTENG, South Africa","https://dnb.com/business-directory/company-profiles/kea-fire-and-security-(pty)-ltd.8586435fc52e6d340ab0549429da7ea8"
"1100","M AND N FIRE AND SECURITY (PTY) LTD","Securities and Commodity Contracts Intermediation and Brokerage","Independent","JOHANNESBURG, GAUTENG, South Africa","https://dnb.com/business-directory/company-profiles/m-and-n-fire-and-security-(pty)-ltd.ff385a1d5bd60941f32cff3dd12b96fb"
"1101","F M K FIRE AND SECURITY (PTY) LTD","Securities and Commodity Contracts Intermediation and Brokerage","Independent","UMHLANGA, KWA-ZULU NATAL, South Africa","https://dnb.com/business-directory/company-profiles/f-m-k-fire-and-security-(pty)-ltd.c7426158e56ccfd2c07b97c4ff27112b"
"1102","BENNETT M AND N FIRE AND SECURITY (PTY) ...","Securities and Commodity Contracts Intermediation and Brokerage","Independent","JOHANNESBURG, GAUTENG, South Africa","https://dnb.com/business-directory/company-profiles/bennett-m-and-n-fire-and-security-(pty)-ltd.67be77d1ddc5c99e706ac535543f7cb4"
"1103","DANTE FS GROUP LTD","Building Equipment Contractors","Subsidiary","LIVERPOOL, England, United Kingdom","https://dnb.com/business-directory/company-profiles/dante-fs-group-ltd.b4a51ec1b427a7ee09fb18a742190afa"
"1104","SECURITY AND FIRE EXPERTS LIMITED","Building Equipment Contractors","Subsidiary","BURY, England, United Kingdom","https://dnb.com/business-directory/company-profiles/security-and-fire-experts-limited.a3679ad84104eb78e212ea50e1378560"
"1105","KGS FIRE & SECURITY UK LIMITED","Semiconductor and Other Electronic Component Manufacturing","Subsidiary","EDINBURGH, Scotland, United Kingdom","https://dnb.com/business-directory/company-profiles/kgs-fire--security-uk-limited.242208fb717b940d3239744a9623bd74"
"1106","SHARP ALARMS LIMITED","Business Support Services","Subsidiary","RATHCOOLE, Ireland","https://dnb.com/business-directory/company-profiles/sharp-alarms-limited.e9f362917643f0ff27e2e19b99d03901"
"1107","ACORN FIRE & SECURITY LTD","Justice, Public Order, and Safety Activities","Independent","BLACKBURN, England, United Kingdom","https://dnb.com/business-directory/company-profiles/acorn-fire--security-ltd.1f539e08b911ad104c372efb10f25e31"
"1108","AMAG TECHNOLOGY PARENT LIMITED","Building Equipment Contractors","Parent","TEWKESBURY, England, United Kingdom","https://dnb.com/business-directory/company-profiles/amag-technology-parent-limited.fe29d33338aa38840b235967a4d8efbe"
"1109","Beijing Huaqiyang Fire Security Co., Ltd...","Other Specialty Trade Contractors","Parent","Beijing, Beijing, China","https://dnb.com/business-directory/company-profiles/beijing-huaqiyang-fire-security-co-ltd.71977516d45896d5a4731766d95550b9"
"1110","AL-MAMOON GENERAL CONTRACTING COMPANY LT...","Nonresidential Building Construction","Independent","Baghdad, Baghdad, Iraq","https://dnb.com/business-directory/company-profiles/al-mamoon-general-contracting-company-ltd.5e5b2fb16c97ae74121e7934b6657e31"
"1111","FIRE SAFE SECURITY & SAFETY EQUIPMENT ME...","Nonresidential Building Construction","Independent","Ajman, Ajman, United Arab Emirates","https://dnb.com/business-directory/company-profiles/fire-safe-security--safety-equipment-ment-installation-contracting-llc.adf453415ac80005f85a5eb6f99279b8"
"1112","IFSAS OLOKLIROMENES LYSEIS PYRASFALEIAS ...","Architectural, Engineering, and Related Services","Subsidiary","Kifissia, Attica, Greece","https://dnb.com/business-directory/company-profiles/ifsas-olokliromenes-lyseis-pyrasfaleias-asfaleias--aftomatismou-idiotiki-epicheirisi-paro.8bae02a26f676564e14b4a58cda2d3c6"
"1113","MERIDIAN FIRE & SECURITY, LLC","Hardware, and Plumbing and Heating Equipment and Supplies Merchant Wholesalers","Subsidiary","Centennial, CO, United States","https://dnb.com/business-directory/company-profiles/meridian-fire--security-llc.b925e4133cc454c5dbfffe36493e20d7"
"1114","Porges Electrical Group, Inc.","Building Equipment Contractors","Independent","Oceanside, CA, United States","https://dnb.com/business-directory/company-profiles/porges-electrical-group-inc.90571882a29732312c8adbf3e417fdb9"
"1115","DAEMON FIRE & SECURITY LIMITED","Other Specialty Trade Contractors","Subsidiary","TAMWORTH, England, United Kingdom","https://dnb.com/business-directory/company-profiles/daemon-fire--security-limited.30238172b0be7e0d4b9303647736d71d"
"1116","SEBINO SERVICE SRL","Building Equipment Contractors","Subsidiary","CASALE MONFERRATO, ALESSANDRIA, Italy","https://dnb.com/business-directory/company-profiles/sebino-service-srl.e24415d806312296f49dc432eb25ee2f"
"1117","CHUBB FIRE LIMITED","Justice, Public Order, and Safety Activities","Subsidiary","BLACKBURN, England, United Kingdom","https://dnb.com/business-directory/company-profiles/chubb-fire-limited.492962efba55d41c01b28aba4b06663d"
"1118","TAKACHIHO FIRE SECURITY & SERVICES (THAI...","Household Appliances and Electrical and Electronic Goods Merchant Wholesalers","Subsidiary","BANG NA, BANGKOK, Thailand","https://dnb.com/business-directory/company-profiles/takachiho-fire-security--services-(thailand)-limited.d04a823ceaff2e141f664197804de168"
"1119","Zhengzhou Jingping Fire Fighting Securit...","Other Specialty Trade Contractors","Parent","Zhengzhou, Henan, China","https://dnb.com/business-directory/company-profiles/zhengzhou-jingping-fire-fighting-security-engineering-co-ltd.bea2da972976181eaa524a07aeb2ade9"
"1120","Tyco Integrated Fire & Security (Schweiz...","Communications Equipment Manufacturing","Subsidiary","Pfäffikon SZ, SCHWYZ, Switzerland","https://dnb.com/business-directory/company-profiles/tyco-integrated-fire--security-(schweiz)-ag.71ecb7a8cd87dde72bdae516ca74af18"
"1121","Shenzhen Nanyou Fire Fighting Security E...","Nonresidential Building Construction","Parent","Shenzhen, Guangdong, China","https://dnb.com/business-directory/company-profiles/shenzhen-nanyou-fire-fighting-security-engineering-co-ltd.6dc80634c47978e6686ea0a425aedf60"
"1122","FMS FIRE AND SECURITY LTD.","Building Equipment Contractors","Subsidiary","LOANHEAD, Scotland, United Kingdom","https://dnb.com/business-directory/company-profiles/fms-fire-and-security-ltd.25304edc1074667b51bbad5c3095e1fa"
"1123","Kgs Fire & Security Belgium","Miscellaneous Durable Goods Merchant Wholesalers","Subsidiary","Machelen, Vlaams Brabant, Belgium","https://dnb.com/business-directory/company-profiles/kgs-fire--security-belgium.3e3a2279a4134a32d028f6cd07f51b0d"
"1124","TP FIRE & SECURITY LTD","Architectural, Engineering, and Related Services","Parent","NORWICH, England, United Kingdom","https://dnb.com/business-directory/company-profiles/tp-fire--security-ltd.96d28f75b9b0b87881e755cb3f6b1c39"
"1125","Knight Electric Company, Inc.","Building Equipment Contractors","Independent","West Palm Beach, FL, United States","https://dnb.com/business-directory/company-profiles/knight-electric-company-inc.951a9fd5f5110fd1dfc4fb433ad043ed"
"1126","Autronica Fire And Security ApS","Household Appliances and Electrical and Electronic Goods Merchant Wholesalers","Subsidiary","Hvidovre, Hovedstaden, Denmark","https://dnb.com/business-directory/company-profiles/autronica-fire-and-security-aps.ce3fd898fda294ccbab1224a8b98cdc4"
"1127","DRAGON FIRE SYSTEMS CC","Investigation and Security Services","Parent","DURBAN, KWA-ZULU NATAL, South Africa","https://dnb.com/business-directory/company-profiles/dragon-fire-systems-cc.bf2ff9f5f6768e2f9d37bb9ce28bf1e7"
"1128","BWS SECURITY SYSTEMS LIMITED","Investigation and Security Services","Subsidiary","BATH, England, United Kingdom","https://dnb.com/business-directory/company-profiles/bws-security-systems-limited.0910b3ee067c923276a66353f654fade"
"1129","INDUSTRIAL SECURITY (FIRE EQUIPMENT & AL...","Other Financial Investment Activities","Independent","Ahmednagar, Maharashtra, India","https://dnb.com/business-directory/company-profiles/industrial-security-(fire-equipment--allied-services).0fbacf5b905784256497c58f1c69f92c"
"1130","Globaltech Group Ltd","Other Miscellaneous Retailers","Independent","Edmonton, AB, Canada","https://dnb.com/business-directory/company-profiles/globaltech-group-ltd.d5eb5aaa5f664f8325db59d12510f386"
"1131","G4S IDIOTIKI EPICHEIRISI PAROCHIS YPIRES...","Household Appliances and Electrical and Electronic Goods Merchant Wholesalers","Subsidiary","Metamorfosi Attikis, Attica, Greece","https://dnb.com/business-directory/company-profiles/g4s-idiotiki-epicheirisi-parochis-ypiresion-asfaleias-kai-systimaton-epitirisis-kai-asfale.5790c12982c52e26758c75fef7cd9a54"
"1132","CHRIS LEWIS FIRE & SECURITY LIMITED","Other Specialty Trade Contractors","Subsidiary","OXFORD, England, United Kingdom","https://dnb.com/business-directory/company-profiles/chris-lewis-fire--security-limited.bf6dd7abc1650c44be1c714bbfa461ca"
"1133","Carrier Fire & Security Emea","Navigational, Measuring, Electromedical, and Control Instruments Manufacturing","Subsidiary","Wommelgem, Antwerpen, Belgium","https://dnb.com/business-directory/company-profiles/carrier-fire--security-emea.0b46d5bd52adcbbbfce2dc5f0027288b"
"1134","SOVEREIGN FIRE & SECURITY LIMITED","Building Equipment Contractors","Subsidiary","BRISTOL, England, United Kingdom","https://dnb.com/business-directory/company-profiles/sovereign-fire--security-limited.22d9eaf233b2d4a78ddd6708fd3c6e83"
"1135","PLEXUS FIRE & SECURITY LIMITED","Investigation and Security Services","Subsidiary","SWANSEA, Wales, United Kingdom","https://dnb.com/business-directory/company-profiles/plexus-fire--security-limited.5b82ebe6e4cacdd1a92ddfebd91c87ce"
"1136","IGNITO FIRE SAFETY AND SECURITY LLP","Miscellaneous Durable Goods Merchant Wholesalers","Independent","Thane, Maharashtra, India","https://dnb.com/business-directory/company-profiles/ignito-fire-safety-and-security-llp.06c189bd50af0d42bd67f49c5926aea0"
"1137","OSCAR SECURITY & FIRE SERVICES","Investigation and Security Services","Independent","Chandigarh, Chandigarh, India","https://dnb.com/business-directory/company-profiles/oscar-security--fire-services.f774e04aa741844d61df9c294eae44ec"
"1138","ACE FIRE & SECURITY SYSTEMS LTD","Investigation and Security Services","Subsidiary","BEDFORD, England, United Kingdom","https://dnb.com/business-directory/company-profiles/ace-fire--security-systems-ltd.36272335ce51b161ed6d6d8baaddfc99"
"1139","OSCAR SECURITY & FIRE SERVICE","Employment Services","Independent","Panipat, Haryana, India","https://dnb.com/business-directory/company-profiles/oscar-security--fire-service.9ce3ee3aaeb26b6dc5cb6442535c5581"
"1140","STARS FIRE FIGHTING SAFETY AND SECURITY ...","Personal and Household Goods Repair and Maintenance","Independent","Dubai, Dubai, United Arab Emirates","https://dnb.com/business-directory/company-profiles/stars-fire-fighting-safety-and-security-equio-est.1c2771559b18f38f5fa1529e38216200"
"1141","SPIE AGIS Fire & Security Fővállalkozói ...","Architectural, Engineering, and Related Services","Subsidiary","Budapest, Budapest főváros, Hungary","https://dnb.com/business-directory/company-profiles/spie-agis-fire--security-f%C5%91v%C3%A1llalkoz%C3%B3i-%C3%A9s-m%C3%A9rn%C3%B6ki-korl%C3%A1tolt-felel%C5%91ss%C3%A9g%C5%B1-t%C3%A1rsas%C3%A1g.c2236b0f2fb5e47ffcb3f807beecc65d"
"1142","INTRUDER DETECTION & SURVEILLANCE LTD.","Building Equipment Contractors","Subsidiary","GATESHEAD, England, United Kingdom","https://dnb.com/business-directory/company-profiles/intruder-detection--surveillance-ltd.261c6218a9eb26e9cf98ea1273b2fc1a"
"1143","CLEARWAY FIRE AND SECURITY LIMITED","Building Equipment Contractors","Subsidiary","HALESOWEN, England, United Kingdom","https://dnb.com/business-directory/company-profiles/clearway-fire-and-security-limited.f4116f7303178b04160de79e1276730c"
"1144","KIDDE FIRE AND SECURITY SOUTH AFRICA (PT...","Business Support Services","Subsidiary","EDENVALE, GAUTENG, South Africa","https://dnb.com/business-directory/company-profiles/kidde-fire-and-security-south-africa-(pty)-ltd.6dc29e3bccf17e744e2691feae1d65a5"
"1145","INDUSTRIAL SECURITY AND FIRE SERVICES RE...","Other Financial Investment Activities","Independent","Rewa, Madhya Pradesh, India","https://dnb.com/business-directory/company-profiles/industrial-security-and-fire-services-rewa.6323202a3328c9c94d488ba94bea3a96"
"1146","TRUSTEE FIRE AND SECURITY LIMITED","Building Equipment Contractors","Independent","LONDON, England, United Kingdom","https://dnb.com/business-directory/company-profiles/trustee-fire-and-security-limited.c93fbb1424be960cf14a961d5892b0d6"
"1147","ALPHA SECURITY TRAINING LIMITED","Investigation and Security Services","Independent","DURHAM, England, United Kingdom","https://dnb.com/business-directory/company-profiles/alpha-security-training-limited.c11946a5917ab6d80c2d7436f6aca8aa"
"1148","International Equipment Company, Inc.","Household Appliances and Electrical and Electronic Goods Merchant Wholesalers","Parent","Chattanooga, TN, United States","https://dnb.com/business-directory/company-profiles/international-equipment-company-inc.449d530fc740f5ba4bc23081596404b9"
"1149","QR SAFETY SECURITY FIRE EQUIPMENTS & SER...","Inland Water Transportation","Independent","Mumbai, Maharashtra, India","https://dnb.com/business-directory/company-profiles/qr-safety-security-fire-equipments--services-llp.f6ac64f005e580e1c72454769bc6e375"
"1150","POWER SECURITY & FIRE SAFETY","Household Appliances and Electrical and Electronic Goods Merchant Wholesalers","Independent","Hisar, Haryana, India","https://dnb.com/business-directory/company-profiles/power-security--fire-safety.ac0b3bfee427cbdfca48890b55e6e310"
"1151","KNIGHT FIRE & SECURITY PRODUCTS LIMITED","Plastics Product Manufacturing","Subsidiary","CARDIFF, Wales, United Kingdom","https://dnb.com/business-directory/company-profiles/knight-fire--security-products-limited.704d709610baab0f2c7bfc94f6ef1d3d"
"1152","Tyco Fire & Security GmbH","Machinery, Equipment, and Supplies Merchant Wholesalers","Subsidiary","Neuhausen am Rheinfall, SCHAFFHAUSEN, Switzerland","https://dnb.com/business-directory/company-profiles/tyco-fire--security-gmbh.fb9c6aedd339cbd895118c9be04a4611"
"1153","Ideal Fire & Security, LLC","Miscellaneous Durable Goods Merchant Wholesalers","Independent","Fort Worth, TX, United States","https://dnb.com/business-directory/company-profiles/ideal-fire--security-llc.8ce9c32f6bd17eba739d2ae660198a69"
"1154","Shanghai Zhiyuan Security Fire-fighting ...","Architectural, Engineering, and Related Services","Subsidiary","Shanghai, Shanghai, China","https://dnb.com/business-directory/company-profiles/shanghai-zhiyuan-security-fire-fighting-engineering-co-ltd.37f207e7526f3101d4d922bb0e62bfe1"
"1155","Beijing Chubb Fire Security Systems Co.,...","Building Equipment Contractors","Subsidiary","Beijing, Beijing, China","https://dnb.com/business-directory/company-profiles/beijing-chubb-fire-security-systems-co-ltd.4c9cbf74b5f2d90545f883d988fd0786"
"1156","RedGuard Fire & Security Inc.","Investigation and Security Services","Independent","Plymouth, MI, United States","https://dnb.com/business-directory/company-profiles/redguard-fire--security-inc.1698b20f1b892d41235ed0b0e1a88c3c"
"1157","Lobeco Fire + Security","Communications Equipment Manufacturing","Subsidiary","Wevelgem, West-Vlaanderen, Belgium","https://dnb.com/business-directory/company-profiles/lobeco-fire--security.e29b55e4785cedf934c3a78d342c7065"
"1158","Fire Security AS","Architectural, Engineering, and Related Services","Subsidiary","KRISTIANSAND S, AGDER, Norway","https://dnb.com/business-directory/company-profiles/fire-security-as.a23cbb15dfc7a28219184d38e53ca500"
"1159","Rand Enterprises, Inc.","Highway, Street, and Bridge Construction","Parent","Newport News, VA, United States","https://dnb.com/business-directory/company-profiles/rand-enterprises-inc.add554c80c91d6f5f5ca813d42425c1b"
"1160","BLAKE CONTRACTORS LIMITED","Residential Building Construction","Subsidiary","SOUTHEND-ON-SEA, England, United Kingdom","https://dnb.com/business-directory/company-profiles/blake-contractors-limited.d6dc72139c25d764d89a330c0fca44f7"
"1161","AZTEC FIRE AND SECURITY INC.","Household Appliances and Electrical and Electronic Goods Merchant Wholesalers","Parent","Riverside, CA, United States","https://dnb.com/business-directory/company-profiles/aztec-fire-and-security-inc.05c078ce41c7944c3d6faea50e481acc"
"1162","MIES FACILITIES MANAGEMENT LTD","Business Support Services","Subsidiary","NOTTINGHAM, England, United Kingdom","https://dnb.com/business-directory/company-profiles/mies-facilities-management-ltd.9ed1b68cd797ef4c9fa8eb0729ab0c03"
"1163","SUPERIOR FIRE AND SECURITY SERVICES PRIV...","Investigation and Security Services","Parent","New Delhi, Delhi, India","https://dnb.com/business-directory/company-profiles/superior-fire-and-security-services-private-limited.02df5c4139a8ec889dcec906784fefe5"
"1164","Jiangmen Hydro Power Fire Fighting Secur...","Nonresidential Building Construction","Parent","Jiangmen, Guangdong, China","https://dnb.com/business-directory/company-profiles/jiangmen-hydro-power-fire-fighting-security-engineering-co-ltd.498683386589307c23229f622e2958a1"
"1165","WESSEX FIRE AND SECURITY LIMITED","Building Equipment Contractors","Subsidiary","SHAFTESBURY, England, United Kingdom","https://dnb.com/business-directory/company-profiles/wessex-fire-and-security-limited.78a1ca0835292793c12f4ff7e4844ee0"
"1166","Shield Fire, Safety and Security Ltd.","Motor Vehicle Parts Manufacturing","Independent","Dubai, Dubai, United Arab Emirates","https://dnb.com/business-directory/company-profiles/shield-fire-safety-and-security-ltd.a9a54ce8ad3bfbf663af9a8e4f07e9d3"
"1167","ONYX FIRE AND SECURITY LTD","Architectural, Engineering, and Related Services","Independent","KENDAL, England, United Kingdom","https://dnb.com/business-directory/company-profiles/onyx-fire-and-security-ltd.a01a28866baff9554afa51cdac4c4b44"
"1168","WILEC (FIRE & SECURITY) LIMITED","Investigation and Security Services","Subsidiary","WICKLOW, Ireland","https://dnb.com/business-directory/company-profiles/wilec-(fire--security)-limited.ba7c12c3ee352ec24a9a3161b128941a"
"1169","COBRA PRO TECH SECURITY SERVICES & FIRE ...","Other Financial Investment Activities","Independent","Margao, Goa, India","https://dnb.com/business-directory/company-profiles/cobra-pro-tech-security-services--fire-safe.f71ab794479a72bb7f78fc1bb2aa923b"
"1170","FIRE TECH SECURITY & SAFETY EQUIPMENT","Support Activities for Mining","Independent","Abu Dhabi, Abu Dhabi, United Arab Emirates","https://dnb.com/business-directory/company-profiles/fire-tech-security--safety-equipment.b36b020e598182835456786192a96bef"
"1171","Nichols Fire And Security LLC","Household Appliances and Electrical and Electronic Goods Merchant Wholesalers","Independent","Memphis, TN, United States","https://dnb.com/business-directory/company-profiles/nichols-fire-and-security-llc.57e6b50618f70cd1d71c88a27c9c0537"
"1172","FREEDOM FIRE & SECURITY MAINTENANCE LIMI...","Investigation and Security Services","Subsidiary","LINCOLN, England, United Kingdom","https://dnb.com/business-directory/company-profiles/freedom-fire--security-maintenance-limited.faa0ddac4f0c264c04846b5d490ff6db"
"1173","Tumen Railway Security Fire Fighting Equ...","Electronic and Precision Equipment Repair and Maintenance","Independent","Tumen, Jilin, China","https://dnb.com/business-directory/company-profiles/tumen-railway-security-fire-fighting-equipment-maintenance-factory.d903648e5c43e145f97f17dcd29fc7e8"
"1174","LAZERBEAM FIRE & SECURITY LTD","Other Personal Services","Parent","SURBITON, England, United Kingdom","https://dnb.com/business-directory/company-profiles/lazerbeam-fire--security-ltd.09124b13417904b452c084826808b5ea"
"1175","SAFE SHIELD FIRE SAFETY AND SECURITY SER...","Metal and Mineral (except Petroleum) Merchant Wholesalers","Independent","Goa, Goa, India","https://dnb.com/business-directory/company-profiles/safe-shield-fire-safety-and-security-services.2ceb8380eece2107460e0007beea17eb"
"1176","ACROPOLIS FIRE SECURITY & SAFETY SYSTEMS","Metal and Mineral (except Petroleum) Merchant Wholesalers","Independent","Sonitpur, Assam, India","https://dnb.com/business-directory/company-profiles/acropolis-fire-security--safety-systems.d9b0ea0fb8cbd9e62a648f98387085aa"
"1177","UTC BAHRAIN S.P.C OWNED BY UTC FIRE AND ...","Other Professional, Scientific, and Technical Services","Independent","Seef, Al Asimah, Bahrain","https://dnb.com/business-directory/company-profiles/utc-bahrain-spc-owned-by-utc-fire-and-security-americas-corporation-inc.92df8ca2e71656844d330013b339c4db"
"1178","FIRE SAFETY RAAM AND SECURITY LTD","Other Professional, Scientific, and Technical Services","Independent","NETANYA, Sharon Area, Israel","https://dnb.com/business-directory/company-profiles/fire-safety-raam-and-security-ltd.0bf4fcfbf1a3edf720218b13896c93d5"
"1179","AL-THIQA FOR MACHINERY AND EQUIPMENT TRA...","Business Support Services","Independent","Kirkuk, Kirkuk, Iraq","https://dnb.com/business-directory/company-profiles/al-thiqa-for-machinery-and-equipment-trade-fire-systems-and-security-and-safety-devices-limited-liability-company.bd9f39ec187856f86b4e98f28d03ab9f"
"1180","HIGH SECURITY INSTALLATION & PREPARATION...","Business Support Services","Independent","Baghdad, Baghdad, Iraq","https://dnb.com/business-directory/company-profiles/high-security-installation--preparation--maintenance-of-fire-extinguishing--early-warning-systems.84a1875e380e7d660f3aeb759909e53a"
"1181","Utc Fire & Security (shanghai) Trading C...","Household Appliances and Electrical and Electronic Goods Merchant Wholesalers","Subsidiary","Shanghai, Shanghai, China","https://dnb.com/business-directory/company-profiles/utc-fire--security-(shanghai)-trading-co-ltd.6a2a22785fc2c7f22d4455822718d288"
"1182","Jiangxi Xiyingte Fire-fighting Security ...","Industrial Machinery Manufacturing","Subsidiary","Nanchang, Jiangxi, China","https://dnb.com/business-directory/company-profiles/jiangxi-xiyingte-fire-fighting-security-guard-engineering-co-ltd.9d8f24a3e4d31161b6ef97219f2cca09"
"1183","ATLAS FIRE & SECURITY (NI) LIMITED","Other Personal Services","Subsidiary","BELFAST, Northern Ireland, United Kingdom","https://dnb.com/business-directory/company-profiles/atlas-fire--security-(ni)-limited.cf0b76fad56f0e7e2b9c2817af79a3e2"
"1184","Tyco Fire & Security LLC","Investigation and Security Services","Subsidiary","Boca Raton, FL, United States","https://dnb.com/business-directory/company-profiles/tyco-fire--security-llc.ad96bb9cea21f1504683956ba180923b"
"1185","Fire Security Electronics & Communicatio...","Building Equipment Contractors","Independent","Phoenix, AZ, United States","https://dnb.com/business-directory/company-profiles/fire-security-electronics--communications-inc.dc8efbeb6b2aee8b1c35e711c77553e5"
"1186","Vanguard Fire Systems, L.P.","Other Support Services","Independent","Pflugerville, TX, United States","https://dnb.com/business-directory/company-profiles/vanguard-fire-systems-lp.1a7ca4b80c39ba0e7cb15c842ec03575"
"1187","SENTINEL FIRE AND SECURITY SOLUTIONS LIM...","Architectural, Engineering, and Related Services","Independent","POOLE, England, United Kingdom","https://dnb.com/business-directory/company-profiles/sentinel-fire-and-security-solutions-limited.cfd883752ac9054522d382a53db606fd"
"1188","AMTHAL FIRE & SECURITY LIMITED","Investigation and Security Services","Subsidiary","ST. ALBANS, England, United Kingdom","https://dnb.com/business-directory/company-profiles/amthal-fire--security-limited.b92427bcd89d1398a8e52e9f6fe4ba92"
"1189","CIA FIRE & SECURITY LIMITED","Investigation and Security Services","Subsidiary","CIRENCESTER, England, United Kingdom","https://dnb.com/business-directory/company-profiles/cia-fire--security-limited.ef773774c158e274e964c9efa18db4d0"
"1190","KGS Fire & Security Deutschland GmbH","Household Appliances and Electrical and Electronic Goods Merchant Wholesalers","Subsidiary","Neuss, Nordrhein-Westfalen, Germany","https://dnb.com/business-directory/company-profiles/kgs-fire--security-deutschland-gmbh.8fe83755cd3e2b79292aa014e3afee04"
"1191","Anhui Guweite Trade Co., Ltd.","Professional and Commercial Equipment and Supplies Merchant Wholesalers","Independent","Hefei, Anhui, China","https://dnb.com/business-directory/company-profiles/anhui-guweite-trade-co-ltd.3ccb78378b9644f11c7015f462be62ab"
"1192","Beijing Jingdu Fire Fighting Security En...","Nonresidential Building Construction","Independent","Beijing, Beijing, China","https://dnb.com/business-directory/company-profiles/beijing-jingdu-fire-fighting-security-engineering-coltd.199b692759aff1c299e12ff498da2196"
"1193","LOGIC FIRE AND SECURITY LTD","Investigation and Security Services","Subsidiary","BICESTER, England, United Kingdom","https://dnb.com/business-directory/company-profiles/logic-fire-and-security-ltd.b18193f851c5a03fe3c652677bbe94a3"
"1194","A&E FIRE AND SECURITY LTD","Architectural, Engineering, and Related Services","Subsidiary","CHELTENHAM, England, United Kingdom","https://dnb.com/business-directory/company-profiles/ae-fire-and-security-ltd.06117e42fb13ea29f56f7d89cfaa39b7"
"1195","LLORET FIRE SOLUTIONS LIMITED","Building Equipment Contractors","Subsidiary","COULSDON, England, United Kingdom","https://dnb.com/business-directory/company-profiles/lloret-fire-solutions-limited.cf8d211836eeff35af1f91fdba1a5e62"
"1196","SPG FIRE & SECURITY LIMITED","Building Equipment Contractors","Subsidiary","GALASHIELS, Scotland, United Kingdom","https://dnb.com/business-directory/company-profiles/spg-fire--security-limited.a042ce6cfe39327534deb9369df4fe33"
"1197","KGS Fire & Security Sverige AB","Machinery, Equipment, and Supplies Merchant Wholesalers","Subsidiary","Kista, Stockholm, Sweden","https://dnb.com/business-directory/company-profiles/kgs-fire--security-sverige-ab.1808a577f69a8075f58289292a080911"
"1198","ALANIS (FIRE & SECURITY) PRODUCTS LTD","Wired and Wireless Telecommunications (except Satellite)","Independent","Beau Bassin-Rose Hill, Plaines Wilhems, Mauritius","https://dnb.com/business-directory/company-profiles/alanis-(fire--security)-products-ltd.72663e198d9b3283de5743dcfd6cfb25"
"1199","AERO SECURITY AND FIRE SAFETY SERVICES","Other Miscellaneous Retailers","Independent","Virudhunagar, Tamil Nadu, India","https://dnb.com/business-directory/company-profiles/aero-security-and-fire-safety-services.6e3f6ae893c52ccbf1579bed46a1ff2b"
"1200","LANTERN FIRE AND SECURITY LIMITED","Building Equipment Contractors","Independent","STOKE-ON-TRENT, England, United Kingdom","https://dnb.com/business-directory/company-profiles/lantern-fire-and-security-limited.ae5105e7b7a7eb96babd51b3a86efdcd"
"1201","WATCHDOG FIRE & SECURITY LIMITED","Building Equipment Contractors","Subsidiary","LONDON, England, United Kingdom","https://dnb.com/business-directory/company-profiles/watchdog-fire--security--limited.16abb692ff4a9f43e354d0dac82fd9e0"
"1202","DOUBLE SS FIRE AND SECURITY SYSTEM AND B...","Nonresidential Building Construction","Independent","PORT SHEPSTONE, KWA-ZULU NATAL, South Africa","https://dnb.com/business-directory/company-profiles/double-ss-fire-and-security-system-and-builders-construction-(pty)-ltd.be44ae79a157ba2c293daaf30476b51a"
"1203","RB Operating, LLC","Building Equipment Contractors","Independent","Royse City, TX, United States","https://dnb.com/business-directory/company-profiles/rb-operating-llc.f32e75f480fd596564864e235d9e7846"
"1204","Security And Fire Electronics, Inc.","Other Electrical Equipment and Component Manufacturing","Parent","Saint Augustine, FL, United States","https://dnb.com/business-directory/company-profiles/security-and-fire-electronics-inc.417261ada86d57972befac4211467478"
"1205","Fuller Fire & Safety Equipment Inc","Building Equipment Contractors","Independent","Columbus, GA, United States","https://dnb.com/business-directory/company-profiles/fuller-fire--safety-equipment-inc.96aa0872a78f0d0e1bda462ffa9c466a"
"1206","Heritage Life Safety, Inc.","Building Equipment Contractors","Subsidiary","Coppell, TX, United States","https://dnb.com/business-directory/company-profiles/heritage-life-safety-inc.6e45c9449ea347c90f9d6a30316dc734"
"1207","Red Hawk Fire & Security (CA), Inc.","Building Equipment Contractors","Subsidiary","Los Angeles, CA, United States","https://dnb.com/business-directory/company-profiles/red-hawk-fire--security-(ca)-inc.b0a3dbee7722b678b2ea7d7bf95539cb"
"1208","NEW PHOENIX FIRE AND SECURITY SOLUTIONS","Metal and Mineral (except Petroleum) Merchant Wholesalers","Independent","Chennai, Tamil Nadu, India","https://dnb.com/business-directory/company-profiles/new-phoenix-fire-and-security-solutions.acde572be5752a79f2aa05b5e60d208f"
"1209","IC FIRE & SECURITY LIMITED","Building Equipment Contractors","Independent","DUNDEE, Scotland, United Kingdom","https://dnb.com/business-directory/company-profiles/ic-fire--security-limited.44a9d1a180e77a4e686b03b708b9d1b1"
"1210","Fire Team Security Inc","Building Equipment Contractors","Independent","Grand Junction, CO, United States","https://dnb.com/business-directory/company-profiles/fire-team-security-inc.94336a28c4c84259321fcf17231dcc93"
"1211","MIDLAND FIRE SECURITY SERVICES LIMITED","Architectural, Engineering, and Related Services","Independent","BURTON-ON-TRENT, England, United Kingdom","https://dnb.com/business-directory/company-profiles/midland-fire-security-services-limited.6f915f8a316c3c20c46cedbf63447acb"
"1212","Chubb Csc Vendor Ap","Household Appliances and Electrical and Electronic Goods Merchant Wholesalers","Independent","Ottawa, ON, Canada","https://dnb.com/business-directory/company-profiles/chubb-csc-vendor-ap.a625e43db172c464937796fb47ed71c3"
"1213","SYGMA (FIRE, SECURITY & ELECTRICAL) LTD","Building Equipment Contractors","Independent","HAVERHILL, England, United Kingdom","https://dnb.com/business-directory/company-profiles/sygma-(fire-security--electrical)-ltd.8d28a9c1cd5aaad60332bed6476133e3"
"1214","SECURITY AND FIRE EQUIPMENT L L C","Commercial and Service Industry Machinery Manufacturing","Independent","Riyadh, Riyadh, Saudi Arabia","https://dnb.com/business-directory/company-profiles/security-and-fire-equipment-l-l-c.c62f05b7b2ebf485e6b9639154e1171d"
"1215","Capital Fire & Security Inc","Household Appliances and Electrical and Electronic Goods Merchant Wholesalers","Independent","Concord, ON, Canada","https://dnb.com/business-directory/company-profiles/capital-fire--security-inc.8dd9e264b3c833dd691ad3bbd3993bc4"
"1216","Four-O-One Security Systems Ltd","Building Equipment Contractors","Independent","Brockville, ON, Canada","https://dnb.com/business-directory/company-profiles/four-o-one-security-systems-ltd.9ab7624ad0db616cae9284c826aa9e77"
"1217","INTECH FIRE & SECURITY PRIVATE LIMITED","Household Appliances and Electrical and Electronic Goods Merchant Wholesalers","Parent","Navi Mumbai, Maharashtra, India","https://dnb.com/business-directory/company-profiles/intech-fire--security-private-limited.409f68c5ce4707cc0f8f8b0c6d99b662"
"1218","Reliable Fire and Security Solutions Inc...","Other Electrical Equipment and Component Manufacturing","Independent","Madera, CA, United States","https://dnb.com/business-directory/company-profiles/reliable-fire-and-security-solutions-inc.8f93898915d483bea49fddafd4d75357"
"1219","MAJESTIC GROUP OF SECURITY & FIRE SAFETY","Other Financial Investment Activities","Independent","Sirsa, Haryana, India","https://dnb.com/business-directory/company-profiles/majestic-group-of-security--fire-safety.73ac8f37d43b9b3daa8cd0c3aad2ffea"
"1220","Tyco Integrated Fire & Security (Schweiz...","Communications Equipment Manufacturing","Branch","Le Mont-sur-Lausanne, VAUD, Switzerland","https://dnb.com/business-directory/company-profiles/tyco-integrated-fire--security-(schweiz)-ag-succursale-de-le-mont-sur-lausanne.86b5d6811c96214aee64c47750e5dd2a"
"1221","Luxlion Incorporated","Building Equipment Contractors","Independent","Boca Raton, FL, United States","https://dnb.com/business-directory/company-profiles/luxlion-incorporated.251675b0b498190f6c950ec277728666"
"1222","AMAL SECURITY AND FIRE SERVICE","Other Financial Investment Activities","Parent","Kolkata, West Bengal, India","https://dnb.com/business-directory/company-profiles/amal-security-and-fire-service.91af66cba67b027d0ab3ab7f89b9e00a"
"1223","Daqing Public Security Fire-Fighting Hos...","Outpatient Care Centers","Independent","Daqing, Heilongjiang, China","https://dnb.com/business-directory/company-profiles/daqing-public-security-fire-fighting-hospital.2d660f6ae63b6427b157e1961f2ecbc7"
"1224","OSCAR SECURITY AND FIRE SERVICES","Other Financial Investment Activities","Independent","Panipat, Haryana, India","https://dnb.com/business-directory/company-profiles/oscar-security-and-fire-services.bb8fbf995ea9bf612614c6d49585157d"
"1225","Hospital of Chongqing Public Security Fi...","General Medical and Surgical Hospitals","Independent","Chongqing, Chongqing, China","https://dnb.com/business-directory/company-profiles/hospital-of-chongqing-public-security-fire-fighting-corps.8f82f6db6876184537c5984b16d42569"
"1226","Heilongjiang Public Security Fire Fighti...","Nonresidential Building Construction","Subsidiary","Harbin, Heilongjiang, China","https://dnb.com/business-directory/company-profiles/heilongjiang-public-security-fire-fighting-engineering-co-ltd.f2d8bab19504fba06a1cc4f7f134e5cc"
"1227","FIRE SECURITY SYSTEM","Metal and Mineral (except Petroleum) Merchant Wholesalers","Independent","Kamrup, Assam, India","https://dnb.com/business-directory/company-profiles/fire-security-system.93895461dbf2e7ef1b351faab8db09d9"
"1228","Fire Tec Security & Safety Equip Llc","Machinery, Equipment, and Supplies Merchant Wholesalers","Independent","Sharjah, Sharjah, United Arab Emirates","https://dnb.com/business-directory/company-profiles/fire-tec-security--safety-equip-llc.3e333f23dea4866cf337f47ebbe7d2d0"
"1229","CONTROLFS LLC","Household Appliances and Electrical and Electronic Goods Merchant Wholesalers","Independent","Brea, CA, United States","https://dnb.com/business-directory/company-profiles/controlfs-llc.0284732b4208ccf2bf8da0d24ce9cb38"
"1230","FIREMAN CO FOR SAFETY AND SECURITY TOOLS...","Household Appliance Manufacturing","Independent","Hawalli, Hawalli, Kuwait","https://dnb.com/business-directory/company-profiles/fireman-co-for-safety-and-security-tools-and-equipments-and-fire-fighting.3fd6058c27cebe87fe10015f81012ef8"
"1231","Wuhan Baicheng Industry Co., Ltd.","Residential Building Construction","Independent","Wuhan, Hubei, China","https://dnb.com/business-directory/company-profiles/wuhan-baicheng-industry-co-ltd.599a4f4f2a92caf17236b98f1e2dfa77"
"1232","Electric Fire & Security, Inc.","Investigation and Security Services","Subsidiary","Saint Paul, MN, United States","https://dnb.com/business-directory/company-profiles/electric-fire--security-inc.69e08eafd73c57d65135359ecf0ccd85"
"1233","El Paso J.A.G., Inc.","Building Equipment Contractors","Independent","El Paso, TX, United States","https://dnb.com/business-directory/company-profiles/el-paso-jag-inc.5ac83743e583e34e766de531a6c88dc8"
"1234","Guizhou Fuhaodan Fire Fighting Security ...","Specialty Food Retailers","Independent","Guiyang, Guizhou, China","https://dnb.com/business-directory/company-profiles/guizhou-fuhaodan-fire-fighting-security-equipment-co-ltd.c23d1a42f20d4080300941b8734b8922"
"1235","Chongqing Shangshang Fire Fighting Secur...","Other Transportation Equipment Manufacturing","Independent","Chongqing, Chongqing, China","https://dnb.com/business-directory/company-profiles/chongqing-shangshang-fire-fighting-security-equipment-co-ltd.7dbd46792d5c1b0bc8fa243eafd24543"
"1236","GRIFFIN FIRE FIGHTING AND SECURITY COMPA...","Other Electrical Equipment and Component Manufacturing","Independent","Dubai, Dubai, United Arab Emirates","https://dnb.com/business-directory/company-profiles/griffin-fire-fighting-and-security-company-llc.99ec41f43a268fe41519397afdf6789a"
"1237","Jinhong'an (Huizhou) Fire Fighting and S...","Architectural and Structural Metals Manufacturing","Independent","Huizhou, Guangdong, China","https://dnb.com/business-directory/company-profiles/jinhongan-(huizhou)-fire-fighting-and-security-equipment-co-ltd.d427c1aae5f32b23362b576d6537aec4"
"1238","BP FIRE SECURITY AND SUPPLY CC","Gasoline Stations","Independent","WALKERFRUIT FARM, GAUTENG, South Africa","https://dnb.com/business-directory/company-profiles/bp-fire-security-and-supply-cc.cc71a76aa2832d09acbe3a10badfb8fa"
"1239","U T C Carrier","Machinery, Equipment, and Supplies Merchant Wholesalers","Independent","MILTON KEYNES, England, United Kingdom","https://dnb.com/business-directory/company-profiles/u-t-c-carrier.d116ad1bea42bbc6687cbfe495888cdc"
"1240","Fireproof Door Factory, Changchun Fire-f...","Architectural and Structural Metals Manufacturing","Independent","Changchun, Jilin, China","https://dnb.com/business-directory/company-profiles/fireproof-door-factory-changchun-fire-fighting-factory.2cc738ea64299ea7c403bff80ff76d59"
"1241","HON Security and Fire Distribution GmbH","Household Appliances and Electrical and Electronic Goods Merchant Wholesalers","Subsidiary","Leverkusen, Nordrhein-Westfalen, Germany","https://dnb.com/business-directory/company-profiles/hon-security-and-fire-distribution-gmbh.c4f6d7c4e4b52ff696293c9ceff06b86"
"1242","TECHNO FIRE AND SECURITY SRL","Machinery, Equipment, and Supplies Merchant Wholesalers","Independent","CORMANO, MILANO, Italy","https://dnb.com/business-directory/company-profiles/techno-fire-and-security-srl.d921cd13ef867fcec8f4a70868f254b0"
"1243","N W FIRE SECURITY AND PROJECTS CC","Highway, Street, and Bridge Construction","Independent","POTCHEFSTROOM, NORTHWEST PROVINCE, South Africa","https://dnb.com/business-directory/company-profiles/n-w-fire-security-and-projects-cc.6d2f8e8aa1f2710327d20cfa2eeac1f7"
"1244","Dyezz Surveillance and Security, Inc.","Investigation and Security Services","Parent","Pflugerville, TX, United States","https://dnb.com/business-directory/company-profiles/dyezz-surveillance-and-security-inc.f3e06d71468ae2ca7910e2e153b53ef7"
"1245","Master Fire and Security Systems","Machinery, Equipment, and Supplies Merchant Wholesalers","Independent","Erie, PA, United States","https://dnb.com/business-directory/company-profiles/master-fire-and-security-systems.c1e15e7b7dd13cfce141d9df09f41b10"
"1246","SECURITAS Fire & Safety GmbH & Co. KG","Investigation and Security Services","Subsidiary","Berlin, Berlin, Germany","https://dnb.com/business-directory/company-profiles/securitas-fire--safety-gmbh--co-kg.060f2eed8ede3007ca13dad18a7df96f"
"1247","National Security Fire And Casualty Co.","Insurance Carriers","Subsidiary","Elba, AL, United States","https://dnb.com/business-directory/company-profiles/national-security-fire-and-casualty-co.cf37045455479c6942000b2a540eb7ca"
"1248","Shanghai Changxiao Fire Engineering & Se...","Architectural, Engineering, and Related Services","Parent","Shanghai, Shanghai, China","https://dnb.com/business-directory/company-profiles/shanghai-changxiao-fire-engineering--security-equipment-co-ltd.16e7b09390fee8b25d9e5f10d422645b"
"1249","RDS FIRE AND SECURITY LTD","Investigation and Security Services","Independent","BRAINTREE, England, United Kingdom","https://dnb.com/business-directory/company-profiles/rds-fire-and-security-ltd.a08899693874b2417717255282ce33d0"
"1250","PROTECH FIRE & SECURITY, L.L.C.","Investigation and Security Services","Independent","Magnolia, TX, United States","https://dnb.com/business-directory/company-profiles/protech-fire--security-llc.5ecc8043aa96c2c45535ce9a31aa6a4f"
"1251","TYCO FIRE, SECURITY & SERVICES (MACAU) L...","Building Equipment Contractors","Independent","Macao","https://dnb.com/business-directory/company-profiles/tyco-fire-security--services-(macau)-limited.bc19d6b15e86b167c558efae35cb03ee"
"1252","Siziwang Wulanhua Town Jishun Security F...","Specialty Food Retailers","Independent","Siziwang Banner, Inner Mongolia, China","https://dnb.com/business-directory/company-profiles/siziwang-wulanhua-town-jishun-security-fire-fighting-equipment-center.fe517c3560a55581fb86ebf93bfcb007"
"1253","COCHIN SURAKSHA FIRE AND SECURITY","Support Activities for Air Transportation","Independent","Ernakulam, Kerala, India","https://dnb.com/business-directory/company-profiles/cochin-suraksha-fire-and-security.485730068ca1fdadc8dcf516345ba5e1"
"1254","LIMRA FIRE & SECURITY PRIVATE LIMITED","Investigation and Security Services","Parent","New Delhi, Delhi, India","https://dnb.com/business-directory/company-profiles/limra-fire--security-private-limited.d0f47b1cfd5ef755298b637f4485b232"
"1255","Heilongjiang Public Security Fire Fighti...","General Medical and Surgical Hospitals","Independent","Harbin, Heilongjiang, China","https://dnb.com/business-directory/company-profiles/heilongjiang-public-security-fire-fighting-hospital.683cb29f70e418efb27bb5b1f0c1999e"
"1256","Shanghai Public Security Fire-Fighting C...","General Medical and Surgical Hospitals","Independent","Shanghai, Shanghai, China","https://dnb.com/business-directory/company-profiles/shanghai-public-security-fire-fighting-corps-hospital-for-staff-and-workers.888c04dd43f2748ae56e4dc23290a1b5"
"1257","Zhenjiang Public Security Fire-Fighting ...","Specialty (except Psychiatric and Substance Abuse) Hospitals","Independent","Zhenjiang, Jiangsu, China","https://dnb.com/business-directory/company-profiles/zhenjiang-public-security-fire-fighting-burning-hospital.63d5cfe80847cbd175b5576fb30b9900"
"1258","Patriot Fire and Security, LLC","Building Equipment Contractors","Independent","Winchester, VA, United States","https://dnb.com/business-directory/company-profiles/patriot-fire-and-security-llc.198d63bdcf21f357448c512e18db14e6"
"1259","PROTECTOR SECURITY & FIRE FIGHTING SERVI...","Miscellaneous Nondurable Goods Merchant Wholesalers","Independent","Mumbai, Maharashtra, India","https://dnb.com/business-directory/company-profiles/protector-security--fire-fighting-services.b56f3fa66631daca70af6a193319b255"
"1260","COASTAL EMPIRE FIRE AND SECURITY INC.","Investigation and Security Services","Independent","Savannah, GA, United States","https://dnb.com/business-directory/company-profiles/coastal-empire-fire-and-security-inc.b6b8f284a64ed3330a349ec4bfd0c0cd"
"1261","Federal Fire and Security LLC","Investigation and Security Services","Independent","Owensboro, KY, United States","https://dnb.com/business-directory/company-profiles/federal-fire-and-security-llc.73893e816b52120da4c20c57b79dfe35"
"1262","1743180 Ontario Inc","Household Appliances and Electrical and Electronic Goods Merchant Wholesalers","Independent","Kitchener, ON, Canada","https://dnb.com/business-directory/company-profiles/1743180-ontario-inc.b9fa59aee6e44ccaac5a10b804032739"
"1263","A ONE TECHNOLOGY FIRE SAFETY & SECURITY ...","Support Activities for Forestry","Independent","Abu Dhabi, Abu Dhabi, United Arab Emirates","https://dnb.com/business-directory/company-profiles/a-one-technology-fire-safety--security-systems-llc.3c4e9ff5b4555905ca8191fef96bd904"
"1264","Dongying Zhongyuan Fire Fighting Securit...","Nonresidential Building Construction","Independent","Dongying, Shandong, China","https://dnb.com/business-directory/company-profiles/dongying-zhongyuan-fire-fighting-security-equipment-co-ltd.6cb834a89968194a3af219fa92b81f74"
"1265","PREMIER SECURITY BALLISTIC & BLAST LTD","Architectural and Structural Metals Manufacturing","Subsidiary","LONDON, England, United Kingdom","https://dnb.com/business-directory/company-profiles/premier-security-ballistic--blast-ltd.c4134b8744a25a881e02313a1e44a562"
"1266","IMPERIAL FIRE & SECURITY LIMITED","Building Equipment Contractors","Independent","BRISTOL, England, United Kingdom","https://dnb.com/business-directory/company-profiles/imperial-fire--security-limited.23a28a7d991e9af231b36a99e49ea186"
"1267","VRTL (HOLDINGS) LIMITED","Building Equipment Contractors","Parent","MANCHESTER, England, United Kingdom","https://dnb.com/business-directory/company-profiles/vrtl-(holdings)-limited.475713d546f4e06e30ebf5e8b0c00165"
"1268","Tianjin Security & Surveillance Fire Ret...","Other Chemical Product and Preparation Manufacturing","Independent","Tianjin, Tianjin, China","https://dnb.com/business-directory/company-profiles/tianjin-security--surveillance-fire-retardation-materials-coltd.10f548ceaacb453b169c142242697f0e"
"1269","SCUTUM NORTH LIMITED","Building Equipment Contractors","Subsidiary","DARWEN, England, United Kingdom","https://dnb.com/business-directory/company-profiles/scutum-north-limited.864c77ab95bb35256be4bf37fd878086"
"1270","BRIGGS FIRE AND SECURITY LIMITED","Investigation and Security Services","Subsidiary","PLYMOUTH, England, United Kingdom","https://dnb.com/business-directory/company-profiles/briggs-fire-and-security-limited.1c467c1a4aa5f074f2c6ee0a624cdd45"
"1271","HONEYWELL LTD","Semiconductor and Other Electronic Component Manufacturing","Parent","NORTH RYDE, NEW SOUTH WALES, Australia","https://dnb.com/business-directory/company-profiles/honeywell-ltd.50bc52c61d553757bf42792ef522786b"
"1272","Shanghai Rongzhou Fire Fighting And Secu...","Other Specialty Trade Contractors","Parent","Shanghai, Shanghai, China","https://dnb.com/business-directory/company-profiles/shanghai-rongzhou-fire-fighting-and-security-engineering-co-ltd.b72fb7c68921644f7c6d2139174c5840"
"1273","NEW OM FIRE SECURITY SERVICE","Support Activities for Air Transportation","Independent","Thane, Maharashtra, India","https://dnb.com/business-directory/company-profiles/new-om-fire-security-service.ed817ecbe301e450ebff15c227cab557"
"1274","Advanced Compatible Solutions, Inc.","Household Appliances and Electrical and Electronic Goods Merchant Wholesalers","Independent","Winter Park, FL, United States","https://dnb.com/business-directory/company-profiles/advanced-compatible-solutions-inc.96e1bdee3b032c46d0c6eca8fefc92d9"
"1275","BRITANNIA FIRE & SECURITY LIMITED","Building Equipment Contractors","Subsidiary","PETERBOROUGH, England, United Kingdom","https://dnb.com/business-directory/company-profiles/britannia-fire--security-limited.ca0f8c5862e4ef587e2288eb23632237"
"1276","Quzhou Qujiang District Security Fire Fi...","Specialty Food Retailers","Independent","Quzhou, Zhejiang, China","https://dnb.com/business-directory/company-profiles/quzhou-qujiang-district-security-fire-fighting-equipment-business-department.1c528bb4b541efa877c697f7b91dc31b"
"1277","Qingtian County Public Security Fire Fig...","Specialty Food Retailers","Independent","Qingtian County, Zhejiang, China","https://dnb.com/business-directory/company-profiles/qingtian-county-public-security-fire-fighting-equipment-store.f76dcdd44eaba1a7fffa9a174256ca56"
"1278","Fire Security & Sound Systems, LLC","Building Equipment Contractors","Subsidiary","Latham, NY, United States","https://dnb.com/business-directory/company-profiles/fire-security--sound-systems-llc.10d373fd813e407706db6ff9c238d22c"
"1279","BLACK EAGLE FIRE & SECURITY INC","Investigation and Security Services","Independent","Santa Clara, CA, United States","https://dnb.com/business-directory/company-profiles/black-eagle-fire--security-inc.b2dc4b9f784ca063811eb31a93462da3"
"1280","NATIONAL SECURITY AND FIRE (PTY) LTD","Investigation and Security Services","Parent","ROODEPOORT, GAUTENG, South Africa","https://dnb.com/business-directory/company-profiles/national-security-and-fire-(pty)-ltd.5323c86ef44c3d8575b0d64eec6a29c4"
"1281","MZANSI FIRE AND SECURITY (PTY) LTD","Investigation and Security Services","Parent","DURBAN, KWA-ZULU NATAL, South Africa","https://dnb.com/business-directory/company-profiles/mzansi-fire-and-security-(pty)-ltd.5eae3433d2428d423d3abf2f15f203a1"
"1282","M.E.C.E. FIRE & SECURITY LIMITED","Building Equipment Contractors","Independent","ROCHESTER, England, United Kingdom","https://dnb.com/business-directory/company-profiles/mece-fire--security-limited.912b03c138d39bad863a6ddf8e279688"
"1283","TOTAL FIRE & SECURITY, INC.","Investigation and Security Services","Independent","Fremont, NE, United States","https://dnb.com/business-directory/company-profiles/total-fire--security-inc.47a92277361aed9c1f9160a0d0a8c4cb"
"1284","PROFESSIONAL FIRE & SECURITY LLC","Household Appliances and Electrical and Electronic Goods Merchant Wholesalers","Independent","Huntsville, AL, United States","https://dnb.com/business-directory/company-profiles/professional-fire--security-llc.b4b72ef20d900898f7328c03fa77ad76"
"1285","Atech Fire And Security, Inc.","Building Equipment Contractors","Parent","Pompano Beach, FL, United States","https://dnb.com/business-directory/company-profiles/atech-fire-and-security-inc.e1e6b74a664e78bbeafef750e549c12b"
"1286","Surf Fire Security System, Inc","Investigation and Security Services","Independent","Wall Township, NJ, United States","https://dnb.com/business-directory/company-profiles/surf-fire-security-system-inc.a55c41bf5b5bf03d9cd4c5a795e16389"
"1287","Mayfair Security","Building Equipment Contractors","Independent","SELBY, England, United Kingdom","https://dnb.com/business-directory/company-profiles/mayfair-security.70b9224c8d4fce0b8d4268d270dbfec9"
"1288","Maximum Fire and Security, Inc.","Investigation and Security Services","Independent","Kannapolis, NC, United States","https://dnb.com/business-directory/company-profiles/maximum-fire-and-security-inc.8cba4c94a06ab8ae30b96e6dd6ae1ed0"
"1289","Kgs Fire & Security Danmark ApS","Machinery, Equipment, and Supplies Merchant Wholesalers","Subsidiary","Herlev, Hovedstaden, Denmark","https://dnb.com/business-directory/company-profiles/kgs-fire--security-danmark-aps.034981446ae3b4b494175b7a4dedb7f1"
"1290","CSS TOTAL SECURITY LIMITED","Investigation and Security Services","Parent","FAREHAM, England, United Kingdom","https://dnb.com/business-directory/company-profiles/css-total-security-limited.8e561b73a9512fb634e7ab9771b560b3"
"1291","GRANTFEN FIRE & SECURITY LIMITED","Building Equipment Contractors","Independent","PRESTON, England, United Kingdom","https://dnb.com/business-directory/company-profiles/grantfen-fire--security-limited.e2f6edec7482c998c7149003a8c6efd6"
"1292","Taizhou Landun Fire Fighting Security In...","Other Specialty Trade Contractors","Parent","Taizhou, Zhejiang, China","https://dnb.com/business-directory/company-profiles/taizhou-landun-fire-fighting-security-industry-co-ltd.983879e24cd730c772e3fd90f45da687"
"1293","UNIQUE FIRE AND SECURITY LTD","Justice, Public Order, and Safety Activities","Subsidiary","POOLE, England, United Kingdom","https://dnb.com/business-directory/company-profiles/unique-fire-and-security-ltd.62637859487dcebb1157440dd07d74d8"
"1294","Complete Power Solutions Ltd","Building Equipment Contractors","Independent","St. Albert, AB, Canada","https://dnb.com/business-directory/company-profiles/complete-power-solutions-ltd.530ad15280f8a7cdabbe3adaca5a3dbc"
"1295","Henan Langshuo Fire And Security System ...","Residential Building Construction","Subsidiary","Zhengzhou, Henan, China","https://dnb.com/business-directory/company-profiles/henan-langshuo-fire-and-security-system-engineering-co-ltd.0df41283bfc71eca01af69780f5e43ef"
"1296","SAFEX FIRE AND SECURITY SYSTEMS L.L.C","Other Specialty Trade Contractors","Independent","Dubai, Dubai, United Arab Emirates","https://dnb.com/business-directory/company-profiles/safex-fire-and-security-systems-llc.e928207d08bdebdc0a60042081264adc"
"1297","Yongshan Xinding Fire Fighting Security ...","Specialty Food Retailers","Independent","Zhaotong, Yunnan, China","https://dnb.com/business-directory/company-profiles/yongshan-xinding-fire-fighting-security-services-co-ltd.30fd2da07fd5998bec83ca17a434b355"
"1298","Linfen Jicheng Tongchuang Fire Fighting ...","Specialty Food Retailers","Independent","Linfen, Shanxi, China","https://dnb.com/business-directory/company-profiles/linfen-jicheng-tongchuang-fire-fighting-security-equipment-engineering-co-ltd.b015fbce93f6efdaab66250a8b80de9d"
"1299","ATLAS FIRE & SECURITY LIMITED","Building Equipment Contractors","Parent","BIRKENHEAD, England, United Kingdom","https://dnb.com/business-directory/company-profiles/atlas-fire--security-limited.cfc8139e98932fd21fe96973552ba21c"
"1300","AF&SS, INC.","Household Appliances and Electrical and Electronic Goods Merchant Wholesalers","Independent","Alsip, IL, United States","https://dnb.com/business-directory/company-profiles/afss-inc.6c10b626d4937b1c08f85e86726c3d8a"
"1301","ABSOLUTE FIRE AND SECURITY SYSTEMS LTD","Investigation and Security Services","Subsidiary","GODALMING, England, United Kingdom","https://dnb.com/business-directory/company-profiles/absolute-fire-and-security-systems-ltd.b0bd562f34c5c0e2a97d147f1ddb8872"
"1302","FIRE DEFENCE SAFETY AND SECURITY SYSTEM ...","Investigation and Security Services","Independent","Dubai, Dubai, United Arab Emirates","https://dnb.com/business-directory/company-profiles/fire-defence-safety-and-security-system-company-llc.959a9aa313eff82ef6d2528d37c789d1"
"1303","FIRE TECH SECURITY DI TOSELLO MIRCO","Gasoline Stations","Parent","CAVARZERE, VENEZIA, Italy","https://dnb.com/business-directory/company-profiles/fire-tech-security-di-tosello-mirco.bb818eb26bc671d36287f57e7d5d9dfb"
"1304","FIRE SECURITY SOLUTINS ( SMC-PRIVATE ) L...","Warehouse Clubs, Supercenters, and Other General Merchandise Retailers","Independent","Lahore, Punjab, Pakistan","https://dnb.com/business-directory/company-profiles/fire-security-solutins-(-smc-private-)-limited.8c4f7d68446f9d45c48874cbe31ed9a6"
"1305","VIGILANTE SECURITY, INC.","Investigation and Security Services","Independent","Troy, MI, United States","https://dnb.com/business-directory/company-profiles/vigilante-security-inc.976f9e342e5a692dd727ad6b2b39f603"
"1306","EFFICIENT FIRE AND SECURITY SOLUTIONS LI...","Machinery, Equipment, and Supplies Merchant Wholesalers","Independent","Pune, Maharashtra, India","https://dnb.com/business-directory/company-profiles/efficient-fire-and-security-solutions-limited.2ea592c58dbbaf44da16167c49895e91"
"1307","Custom Creations, Inc. Of MS","Household Appliances and Electrical and Electronic Goods Merchant Wholesalers","Independent","Pearl, MS, United States","https://dnb.com/business-directory/company-profiles/custom-creations-inc-of-ms.603c44a54946579d6ba3944c74cba51c"
"1308","Beijing Luhe Fire Fighting Security Equi...","Other General Purpose Machinery Manufacturing","Independent","Beijing, Beijing, China","https://dnb.com/business-directory/company-profiles/beijing-luhe-fire-fighting-security-equipment-co-ltd.9d56b8bd1d931e44b617d1c80792bb9a"
"1309","Wuhan Dali Fire-fighting Security Guard ...","Machinery, Equipment, and Supplies Merchant Wholesalers","Independent","Wuhan, Hubei, China","https://dnb.com/business-directory/company-profiles/wuhan-dali-fire-fighting-security-guard-devices-and-materials-company.85d191b0769a0d4194abd31601a152ad"
"1310","Shenyang Security Fire-Fighting Sales Ou...","Professional and Commercial Equipment and Supplies Merchant Wholesalers","Independent","Shenyang, Liaoning, China","https://dnb.com/business-directory/company-profiles/shenyang-security-fire-fighting-sales-outlet.23ab2b2bd98457b014be2e62e7b1a59b"
"1311","A & A FIRE AND SECURITY SOLUTIONS LLC","Other Support Services","Independent","Houston, TX, United States","https://dnb.com/business-directory/company-profiles/a--a-fire-and-security-solutions-llc.e288df66dcb5376ac9309ee63d2e77c1"
"1312","NEW LIFE FIRE & SECURITY SYSTEM","Support Activities for Air Transportation","Independent","Mumbai, Maharashtra, India","https://dnb.com/business-directory/company-profiles/new-life-fire--security-system.363f07d487e9bc7e317bbe08d002d0fd"
"1313","Shenzhen Bao'an District Shajing Town Se...","General Medical and Surgical Hospitals","Independent","Liangshan Yi Autonomous Prefecture, Sichuan, China","https://dnb.com/business-directory/company-profiles/shenzhen-baoan-district-shajing-town-security-guard-fire-fighting-equipment-com-mercial-firm.d1270aaa8e44ae205a724ed03eb27545"
"1314","RPS FIRE AND SECURITY","Miscellaneous Durable Goods Merchant Wholesalers","Independent","Dehradun, Uttarakhand, India","https://dnb.com/business-directory/company-profiles/rps-fire-and-security.2715dd582a10d1539d3d3d9294526223"
"1315","Gongyi Wantong Fire Fighting Security Eq...","Specialty Food Retailers","Independent","Gongyi, Henan, China","https://dnb.com/business-directory/company-profiles/gongyi-wantong-fire-fighting-security-equipment-sales-co-ltd.2f1d251caa9fc2dfba7dab7bb95939d5"
"1316","Weihui Changtai Fire-fighting Security A...","Specialty Food Retailers","Independent","Xinxiang, Henan, China","https://dnb.com/business-directory/company-profiles/weihui-changtai-fire-fighting-security-and-surveillance-devices-and-materials-co-ltd.843b23cd6af78f044963b912a4343a59"
"1317","CONNOR ELECTRIC SERVICES INC.","Other Electrical Equipment and Component Manufacturing","Independent","Schaumburg, IL, United States","https://dnb.com/business-directory/company-profiles/connor-electric-services-inc.732a2167d694f4337be8f3cfac3857ed"
"1318","Shanghai Jinguo Fire Fighting Security C...","Other Specialty Trade Contractors","Parent","Shanghai, Shanghai, China","https://dnb.com/business-directory/company-profiles/shanghai-jinguo-fire-fighting-security-co-ltd.49bf31d1ffa55024881f32db77ab88a9"
"1319","Shantou Special Economic Zone Longhu Dis...","Machinery, Equipment, and Supplies Merchant Wholesalers","Independent","Shantou, Guangdong, China","https://dnb.com/business-directory/company-profiles/shantou-special-economic-zone-longhu-district-security-guard-fire-fighting-gathe-ring.c35d4fc036659489c093a09f884084b8"
"1320","Infinite Fire & Security Solutions LLC","Household Appliances and Electrical and Electronic Goods Merchant Wholesalers","Independent","Waco, TX, United States","https://dnb.com/business-directory/company-profiles/infinite-fire--security-solutions-llc.060601c3e2a5071bb03f54c0acd2f186"
"1321","TF Electric West, LLC","Support Activities for Forestry","Parent","Grand Rapids, MI, United States","https://dnb.com/business-directory/company-profiles/tf-electric-west-llc.ee8f7c4aafa10718e3eb3b5a7e756eaa"
"1322","GUARDIAN SECURITY & FIRE LIMITED","Investigation and Security Services","Subsidiary","LONDON, England, United Kingdom","https://dnb.com/business-directory/company-profiles/guardian-security--fire-limited.ea4ff0a8f99a19b4cb575b19ba467a4f"
"1323","STRONGHOLD FIRE AND SECURITY CC","Building Material and Supplies Dealers","Independent","EDENVALE, GAUTENG, South Africa","https://dnb.com/business-directory/company-profiles/stronghold-fire-and-security-cc.413951a92ec0721d5d1498c909f314ba"
"1324","FAST FIRE AND SECURITY NATIONAL CC","Building Material and Supplies Dealers","Independent","BELLVILLE, WESTERN CAPE, South Africa","https://dnb.com/business-directory/company-profiles/fast-fire-and-security-national-cc.05779678c10ad9809b7f5d59dd9c90b2"
"1325","B E E FIRE SECURITY SYSTEMS CC","Building Material and Supplies Dealers","Independent","SOSHANGUVE, GAUTENG, South Africa","https://dnb.com/business-directory/company-profiles/b-e-e-fire-security-systems-cc.9e9ff6107424e84e217b42c3b01b2899"
"1326","PINNACLE FIRE AND SECURITY (PTY) LTD","Building Material and Supplies Dealers","Independent","KUILS RIVER, WESTERN CAPE, South Africa","https://dnb.com/business-directory/company-profiles/pinnacle-fire-and-security-(pty)-ltd.f596a7a7cf622e7f4eaef19551c2a839"
"1327","DATA TEC INTEGRATED FIRE AND SECURITY (P...","Building Material and Supplies Dealers","Independent","BENONI, GAUTENG, South Africa","https://dnb.com/business-directory/company-profiles/data-tec-integrated-fire-and-security-(pty)-ltd.f08fcb6771a88d68501fb38f7a087a85"
"1328","ALL ABOUT FIRE SAFETY AND SECURITY (PTY)...","Building Material and Supplies Dealers","Independent","CAROLINA, MPUMALANGA, South Africa","https://dnb.com/business-directory/company-profiles/all-about-fire-safety-and-security-(pty)-ltd.0be15b4c6228bf2e9ec454b8918d0ea3"
"1329","Wilson Fire Security Limited","Miscellaneous Durable Goods Merchant Wholesalers","Independent","Guelph, ON, Canada","https://dnb.com/business-directory/company-profiles/wilson-fire-security-limited.d6e799455f19ab5fdef098572f566750"
"1330","PAN GULF FIRE AND SECURITY SYSTEM","Machinery, Equipment, and Supplies Merchant Wholesalers","Subsidiary","Al Khobar, Ash Sharqiyah, Saudi Arabia","https://dnb.com/business-directory/company-profiles/pan-gulf-fire-and-security-system.5ef78ab1cf17a41c55bddf64cad7c01e"
"1331","UTC FIRE AND SECURITY AFRICA","Semiconductor and Other Electronic Component Manufacturing","Parent","CAPE TOWN, WESTERN CAPE, South Africa","https://dnb.com/business-directory/company-profiles/utc-fire-and-security-africa.3b4f0dbe096e896c4e69d151a1f24596"
"1332","KEYBURY SECURITY SYSTEMS LIMITED","Building Equipment Contractors","Parent","KEIGHLEY, England, United Kingdom","https://dnb.com/business-directory/company-profiles/keybury-security-systems-limited.d59e41f06c63f6f4b2d1ccd045a006bc"
"1333","ARGUS FIRE AND SECURITY LTD","Building Equipment Contractors","Subsidiary","MANCHESTER, United Kingdom","https://dnb.com/business-directory/company-profiles/argus-fire-and-security-ltd.3005df18b292dfee3a41df6bd6e9a0b5"
"1334","SPG FIRE & SECURITY SL.","Architectural, Engineering, and Related Services","Parent","GETAFE, Madrid, Spain","https://dnb.com/business-directory/company-profiles/spg-fire--security-sl.08f844da9156c4e0ee720839c8cb450c"
"1335","AERIAL SERVICES SCOTLAND LIMITED","Building Equipment Contractors","Independent","GLASGOW, Scotland, United Kingdom","https://dnb.com/business-directory/company-profiles/aerial-services-scotland-limited.ac339255943a907043f7c7bdde34be1f"
"1336","Shenzhen Daiser Technology Co., Ltd","Wired and Wireless Telecommunications (except Satellite)","Independent","Shenzhen, Guangdong, China","https://dnb.com/business-directory/company-profiles/shenzhen-daiser-technology-co-ltd.d4a3d9fbfe5a09bdf9897247dfa5d8b2"
"1337","GLOBAL SECURITY SYSTEMS - FIRE SERVICES ...","Justice, Public Order, and Safety Activities","Subsidiary","BUCURESTI, Bucuresti, Romania","https://dnb.com/business-directory/company-profiles/global-security-systems---fire-services-srl.b5991ac9ca2341c0cd6bdb799c10f188"
"1338","Omni Technologies, LLC","Investigation and Security Services","Independent","Oregon, WI, United States","https://dnb.com/business-directory/company-profiles/omni-technologies-llc.fc5d3234ff02bcd186d874e66b705f05"
"1339","Hengshui Yiping Fire Fighting Security E...","Other Fabricated Metal Product Manufacturing","Independent","Hengshui, Hebei, China","https://dnb.com/business-directory/company-profiles/hengshui-yiping-fire-fighting-security-equipment-co-ltd.b3b4609dc96dfa7e44bfe98b28f4b222"
"1340","REGAL SAFE FIRE SAFETY AND SECURITY SOLU...","Building Equipment Contractors","Independent","Kozhikode, Kerala, India","https://dnb.com/business-directory/company-profiles/regal-safe-fire-safety-and-security-solutions-private-limited.9d011f53e3ab16ba5a468071d774cc62"
"1341","RPS SECURITY AND FIRE PROTECTION PRIVATE...","Building Equipment Contractors","Independent","Ghaziabad, Uttar Pradesh, India","https://dnb.com/business-directory/company-profiles/rps-security-and-fire-protection-private-limited.26c1e1e4fb8d3bf75c4e3a1db2e5a8f3"
"1342","YODHA FIRE & SECURITY SYSTEMS PRIVATE LI...","Building Equipment Contractors","Independent","Patna, Bihar, India","https://dnb.com/business-directory/company-profiles/yodha-fire--security-systems-private-limited.2342713cb1a5d629a29c3d2ed3473156"
"1343","Shanxi Hongzhixiang Fire Fighting Securi...","Wired and Wireless Telecommunications (except Satellite)","Independent","Taiyuan, Shanxi, China","https://dnb.com/business-directory/company-profiles/shanxi-hongzhixiang-fire-fighting-security-technical-service-co-ltd.fb8c0cdb420b6d0c5e42ee5c5fbc47a2"
"1344","MARLOWE FIRE & SECURITY (BBC) LIMITED","Building Equipment Contractors","Subsidiary","WYMONDHAM, England, United Kingdom","https://dnb.com/business-directory/company-profiles/marlowe-fire--security-(bbc)-limited.35298e035139af2b0d541986a0a6ebec"
"1345","Sichuan Chuan'an Precision Work Fire Fig...","Other General Purpose Machinery Manufacturing","Parent","Suining, Sichuan, China","https://dnb.com/business-directory/company-profiles/sichuan-chuanan-precision-work-fire-fighting-security-equipment-co-ltd.19a98f6a74f09abbaa3b30079bf6daff"
"1346","Georgia-Florida Security and Fire, LLC","Building Equipment Contractors","Subsidiary","Thomasville, GA, United States","https://dnb.com/business-directory/company-profiles/georgia-florida-security-and-fire-llc.4fb5f2440bdc07b6f70c7a0d79930d29"
"1347","Ningxia Xinyue Fire Fighting Security En...","Other Fabricated Metal Product Manufacturing","Independent","Yinchuan, Ningxia, China","https://dnb.com/business-directory/company-profiles/ningxia-xinyue-fire-fighting-security-engineering-co-ltd.17db24da1958b63d313da6f4bfb13151"
"1348","ACE FIRE SERVICES","Services to Buildings and Dwellings","Parent","Bengaluru, Karnataka, India","https://dnb.com/business-directory/company-profiles/ace-fire-services.628b14e91a61e93bdd9040e047f2aa7d"
"1349","D.J. Enterprises, Inc. of Virginia","Investigation and Security Services","Independent","Alexandria, VA, United States","https://dnb.com/business-directory/company-profiles/dj-enterprises-inc-of-virginia.6e6b61fd8b255be70e87e37259a60f94"
"1350","Shenzhen 2022 Innovation Investment Co.,...","Other Specialty Trade Contractors","Independent","Shenzhen, Guangdong, China","https://dnb.com/business-directory/company-profiles/shenzhen-2022-innovation-investment-co-ltd.c45af4088f9a903a26141d3f3a661ad7"
"1351","SHIELD FIRE AND SECURITY LIMITED","Investigation and Security Services","Subsidiary","BRISTOL, England, United Kingdom","https://dnb.com/business-directory/company-profiles/shield-fire-and-security-limited.2c53621cc41a32065b901bc8b850c9eb"
"1352","AMBASSADOR FIRE & SECURITY LIMITED","Building Equipment Contractors","Independent","CARDIFF, Wales, United Kingdom","https://dnb.com/business-directory/company-profiles/ambassador-fire--security-limited.49e311a2b916f29e2a0b2c0a12dd92af"
"1353","Executive Security Integrators & Fire Pr...","Other Miscellaneous Retailers","Independent","Channelview, TX, United States","https://dnb.com/business-directory/company-profiles/executive-security-integrators--fire-protection-inc.d030210c7589d6d0af45d26b273680bb"
"1354","MRomm Fire & Security UG (haftungsbeschr...","Architectural, Engineering, and Related Services","Subsidiary","Düsseldorf, Nordrhein-Westfalen, Germany","https://dnb.com/business-directory/company-profiles/mromm-fire--security-ug-(haftungsbeschr%C3%A4nkt).03c616411793d19169dd394de645e9e4"
"1355","KRS SECURITY AND FIRE SAFETY SERVICES PR...","Investigation and Security Services","Independent","Alwar, Rajasthan, India","https://dnb.com/business-directory/company-profiles/krs-security-and-fire-safety-services-private-limited.0168e5067b650a234152fa3b7c1c4631"
"1356","79429 Manitoba Ltd","Other Support Services","Independent","Winnipeg, MB, Canada","https://dnb.com/business-directory/company-profiles/79429-manitoba-ltd.1bf01cd46c092619c3b30d62f29f67b5"
"1357","SAFEWISE FIRE AND SECURITY SYSTEMS LIMIT...","Miscellaneous Nondurable Goods Merchant Wholesalers","Independent","Lusaka, Lusaka, Zambia","https://dnb.com/business-directory/company-profiles/safewise-fire-and-security-systems-limited.d194b7f73cb522a2d5a7ebd4db0c50e8"
"1358","AFO FIRE TECHNOLOGY AND SECURITY","Miscellaneous Nondurable Goods Merchant Wholesalers","Independent","Ratoma, Conakry, Guinea","https://dnb.com/business-directory/company-profiles/afo-fire-technology-and-security.7310f7a0ce3792f99672d2bfcae98b26"
"1359","FIRE SECURITY","Miscellaneous Nondurable Goods Merchant Wholesalers","Independent","Cotonou, Littoral, Benin","https://dnb.com/business-directory/company-profiles/fire-security.624de2d8a8e9e732fd2b08cfb06f187e"
"1360","FULLSTOP FIRE & SECURITY LTD.","Building Equipment Contractors","Parent","EXETER, England, United Kingdom","https://dnb.com/business-directory/company-profiles/fullstop-fire--security-ltd.9c95d272cb677b6248f5f2aaadb0ea64"
"1361","Shanghai Jindi Fire Fighting Security Eq...","Building Equipment Contractors","Independent","Shanghai, Shanghai, China","https://dnb.com/business-directory/company-profiles/shanghai-jindi-fire-fighting-security-equipment-co-ltd.716e1412a01bcf1321170e6a11bbedd6"
"1362","TEES FIRE & SECURITY LTD","Building Equipment Contractors","Parent","MIDDLESBROUGH, England, United Kingdom","https://dnb.com/business-directory/company-profiles/tees-fire--security-ltd.7b68c88ba0d5c9eed4b28bebe03592ba"
"1363","Champion Fire & Security, LLC","Business Support Services","Independent","Mesquite, TX, United States","https://dnb.com/business-directory/company-profiles/champion-fire--security-llc.ea329128f55b72b7915844400e6b484d"
"1364","CONNAUGHT FENCING LIMITED","Other Specialty Trade Contractors","Subsidiary","MANCHESTER, England, United Kingdom","https://dnb.com/business-directory/company-profiles/connaught-fencing-limited.8e42e2ed7abbd22524e155efa3935828"
"1365","MINERVA FIRE & SECURITY LTD","Building Equipment Contractors","Independent","WICKFORD, England, United Kingdom","https://dnb.com/business-directory/company-profiles/minerva-fire--security-ltd.5fd7b2e1e4500c03f0e81975e4518091"
"1366","Lobeco Fire + Security B.V.","Household Appliances and Electrical and Electronic Goods Merchant Wholesalers","Subsidiary","Zoetermeer, Zuid-Holland, Netherlands","https://dnb.com/business-directory/company-profiles/lobeco-fire--security-bv.04080576ab7ddffc819fb7f255683e5f"
"1367","VA TAT HONG FIRE & SECURITY SYSTEMS COMP...","Architectural, Engineering, and Related Services","Independent","Macao","https://dnb.com/business-directory/company-profiles/va-tat-hong-fire--security-systems-company-limited.15184cd4dc28250ff50135b43ad26e87"
"1368","Farmers Mutual Telephone Company","Wired and Wireless Telecommunications (except Satellite)","Independent","Fruitland, ID, United States","https://dnb.com/business-directory/company-profiles/farmers-mutual-telephone-company.ccaf655420a618458131c30933bc72bd"
"1369","Beihai Jindun Fire-fighting Security & S...","Building Equipment Contractors","Independent","Beihai, Guangxi, China","https://dnb.com/business-directory/company-profiles/beihai-jindun-fire-fighting-security--surveillance-technology-engineering-coltd.e9685c43afbb3eac9f5c6442e528ead8"
"1370","Mudanjiang Huameier Security Fire Fighti...","Building Equipment Contractors","Independent","Mudanjiang, Heilongjiang, China","https://dnb.com/business-directory/company-profiles/mudanjiang-huameier-security-fire-fighting-facilities-property-management-co-ltd.c20025a4e5dcbf63a63bfaa0c9621483"
"1371","SECURITY FIRE AND EMERGENCY SITUAITION C...","Other Specialty Trade Contractors","Subsidiary","CAESAREA, Northern District, Israel","https://dnb.com/business-directory/company-profiles/security-fire-and-emergency-situaition-center-ltd.d486e5228cbd0291976f6ece8673c699"
"1372","Shenzhen Security Ping'an Fire Fighting ...","Professional and Commercial Equipment and Supplies Merchant Wholesalers","Independent","Shenzhen, Guangdong, China","https://dnb.com/business-directory/company-profiles/shenzhen-security-pingan-fire-fighting-equipment-salesroom.646c8831b9ab901dd98c07d8fc001019"
"1373","Harbin Huaqiang Security Guard Fire-Figh...","Hardware, and Plumbing and Heating Equipment and Supplies Merchant Wholesalers","Independent","Harbin, Heilongjiang, China","https://dnb.com/business-directory/company-profiles/harbin-huaqiang-security-guard-fire-fighting-store.02faa14e52b047e52b33040a51114ca9"
"1374","GLOBAL FIRE SECURITY SRL","Building Equipment Contractors","Parent","NOLA, NAPOLI, Italy","https://dnb.com/business-directory/company-profiles/global-fire-security-srl.25b9572038d796c531d0c210a382ac73"
"1375","Integrated Fire & Security, Inc.","Architectural, Engineering, and Related Services","Independent","Minneapolis, MN, United States","https://dnb.com/business-directory/company-profiles/integrated-fire--security-inc.1aa2bc5f0c8b874f5b9936a33994b06e"
"1376","GENERAL SECURITY FIRE SRL","Building Equipment Contractors","Parent","CASTEL GANDOLFO, ROMA, Italy","https://dnb.com/business-directory/company-profiles/general-security-fire-srl.2e91721ffe8c42b075cd093ab213d378"
"1377","JENSEN GROUP SOLUTIONS LIMITED","Building Equipment Contractors","Subsidiary","PETERBOROUGH, England, United Kingdom","https://dnb.com/business-directory/company-profiles/jensen-group-solutions-limited.6521e9cfedff8de76ccedb5affb9843b"
"1378","NATIONWIDE FIRE & SECURITY (UK) LTD","Building Equipment Contractors","Independent","HALESOWEN, England, United Kingdom","https://dnb.com/business-directory/company-profiles/nationwide-fire--security-(uk)-ltd.85e0ef39bcb92d3a6d3cfed884154352"
"1379","BELL FIRE AND SECURITY LIMITED","Investigation and Security Services","Subsidiary","GLASGOW, United Kingdom","https://dnb.com/business-directory/company-profiles/bell-fire-and-security-limited.28291ddb14d5e94d729ea95fc3279a15"
"1380","KGS Fire & Security Suomi Oy","Household Appliances and Electrical and Electronic Goods Merchant Wholesalers","Subsidiary","HELSINKI, Uusimaa, Finland","https://dnb.com/business-directory/company-profiles/kgs-fire--security-suomi-oy.8ad2e432a5e57a80ab51fd04bddc8843"
"1381","PREMIER FIRE SECURITY LIMITED","Investigation and Security Services","Subsidiary","LEICESTER, England, United Kingdom","https://dnb.com/business-directory/company-profiles/premier-fire-security-limited.a08971cc68e62d19e6277ec5ea896727"
"1382","DELTA FIRE SAFETY & SECURITY SYSTEMS","Investigation and Security Services","Independent","Karachi, Sindh, Pakistan","https://dnb.com/business-directory/company-profiles/delta-fire-safety--security-systems.b2d8aa7720f318a8908f4a753152779b"
"1383","FIRE SECURITY (SPRINKLER INSTALLATIONS) ...","Architectural, Engineering, and Related Services","Subsidiary","HAVERHILL, England, United Kingdom","https://dnb.com/business-directory/company-profiles/fire-security-(sprinkler-installations)-limited.10473a13634fceac8c07894b6608cf9b"
"1384","Jinhua Wucheng District Fuan Fire Fighti...","Machinery, Equipment, and Supplies Merchant Wholesalers","Independent","Jinhua, Zhejiang, China","https://dnb.com/business-directory/company-profiles/jinhua-wucheng-district-fuan-fire-fighting-security-equipment-business-departmen-t.3a3c543817b840b23a18e88e7e5fdcc1"
"1385","Shenzhen Baoyi'an Security Fire-Fighting...","Warehouse Clubs, Supercenters, and Other General Merchandise Retailers","Independent","Shenzhen, Guangdong, China","https://dnb.com/business-directory/company-profiles/shenzhen-baoyian-security-fire-fighting-wholesale-firm.ea421e1d39be03f494265793743d8f8d"
"1386","Zhenjiang Guo'an Security Fire Fighting ...","Residential Building Construction","Parent","Zhenjiang, Jiangsu, China","https://dnb.com/business-directory/company-profiles/zhenjiang-guoan-security-fire-fighting-engineering-co-ltd.d34dc3a3913bef72fc19d650142c1189"
"1387","Titan Low Voltage LLC","Other Electrical Equipment and Component Manufacturing","Independent","Memphis, TN, United States","https://dnb.com/business-directory/company-profiles/titan-low-voltage-llc.4ec39be2a50232e1132aa0d11d02c14e"
"1388","Shandong Xiaodun Safety Technical Servic...","Foundation, Structure, and Building Exterior Contractors","Independent","Dongying, Shandong, China","https://dnb.com/business-directory/company-profiles/shandong-xiaodun-safety-technical-service-co-ltd.7c74ea1c07ea2b4af15fd9480ee1b073"
"1389","Cangzhou Binhai Fire Fighting Security E...","Machinery, Equipment, and Supplies Merchant Wholesalers","Independent","Cangzhou, Hebei, China","https://dnb.com/business-directory/company-profiles/cangzhou-binhai-fire-fighting-security-equipment-co-ltd.e4508a18192b17f913d2dfb0a7f96292"
"1390","Daqing Guangdewei Fire Fighting Security...","Machinery, Equipment, and Supplies Merchant Wholesalers","Independent","Daqing, Heilongjiang, China","https://dnb.com/business-directory/company-profiles/daqing-guangdewei-fire-fighting-security-equipment-co-ltd.c7076207048f283d4b693de2328d0cd4"
"1391","WOODSON ELECTRIC SOLUTIONS, INC.","Building Equipment Contractors","Independent","Fort Myers, FL, United States","https://dnb.com/business-directory/company-profiles/woodson-electric-solutions-inc.c87e247cc5ae172706adf5256e17acc0"
"1392","ADVANCED SIGNAL MONITORING LTD","Other Personal Services","Subsidiary","MANCHESTER, England, United Kingdom","https://dnb.com/business-directory/company-profiles/advanced-signal-monitoring-ltd.83c07cccac20d2add9819349e90f37ce"
"1393","B & W Fire Security Systems, L.L.C.","Investigation and Security Services","Independent","Prescott Valley, AZ, United States","https://dnb.com/business-directory/company-profiles/b--w-fire-security-systems-llc.3e324bc2caae01dddd515e474ba3a7b1"
"1394","Zhuzhou Jian'an Fire Fighting Security D...","Machinery, Equipment, and Supplies Merchant Wholesalers","Independent","Zhuzhou, Hunan, China","https://dnb.com/business-directory/company-profiles/zhuzhou-jianan-fire-fighting-security-device-installation-co-ltd.817640a745b62b795cf320adc9629974"
"1395","OLS SECURITY & FIRE SERVICES PRIVATE LIM...","Investigation and Security Services","Independent","Washim, Maharashtra, India","https://dnb.com/business-directory/company-profiles/ols-security--fire-services-private-limited.0028ad5f8f6732a2dec41c64d061b322"
"1396","RELIANCE FIRE AND SECURITY LLC","Building Equipment Contractors","Independent","Temple, GA, United States","https://dnb.com/business-directory/company-profiles/reliance-fire-and-security-llc.e85f00f3eb465be75058784da777eb23"
"1397","FIRE SECURITY SYSTEMS SRL","Building Equipment Contractors","Independent","BUCURESTI, Bucuresti, Romania","https://dnb.com/business-directory/company-profiles/fire-security-systems-srl.bca8b6f02e858f201ddcd20e0700637d"
"1398","BRAVOZULU FIRE SAFETY AND SECURITY PTY L...","Justice, Public Order, and Safety Activities","Independent","DOUGLAS, QUEENSLAND, Australia","https://dnb.com/business-directory/company-profiles/bravozulu-fire-safety-and-security-pty-ltd.7824b200e0dcc78da89941c29ffbbf76"
"1399","PRATIK ACADEMY OF SECURITY AND FIRE PRIV...","Junior Colleges","Independent","New Delhi, Delhi, India","https://dnb.com/business-directory/company-profiles/pratik-academy-of-security-and-fire-private-limited.a15df683d1cbebebd629cc35cde4e4aa"
"1400","EUROSYS FOR INSTALLING FIRE AND SECURITY...","Other Electrical Equipment and Component Manufacturing","Independent","Abu Dhabi, Abu Dhabi, United Arab Emirates","https://dnb.com/business-directory/company-profiles/eurosys-for-installing-fire-and-security-equipments.928d143059ebcfd07fc4d9c7fb2c7bd6"
"1401","SD FIRE SECURITY SYSTEM & INTERIOR","Nonresidential Building Construction","Independent","Palghar, Maharashtra, India","https://dnb.com/business-directory/company-profiles/sd-fire-security-system--interior.c8230be5676b4b041e454d5abc265dd0"
"1402","ONFIEX FIRE & SECURITY","Nonresidential Building Construction","Independent","Nashik, Maharashtra, India","https://dnb.com/business-directory/company-profiles/onfiex-fire--security.f567c57d84670197d614fba182b02975"
"1403","FIRE SECURITY ZONE","Nonresidential Building Construction","Independent","Azamgarh, Uttar Pradesh, India","https://dnb.com/business-directory/company-profiles/fire-security-zone.cdb877a86dfa826f06477781f4154b06"
"1404","V & V FIRE AND SECURITY SYSTEMS","Nonresidential Building Construction","Independent","Mumbai, Maharashtra, India","https://dnb.com/business-directory/company-profiles/v--v-fire-and-security-systems.4ea47229a995af61af9161eb71888e47"
"1405","FARHAAN FIRE SECURITY SYSTEM","Nonresidential Building Construction","Independent","Bengaluru, Karnataka, India","https://dnb.com/business-directory/company-profiles/farhaan-fire-security-system.5cf8724b9701058bb38fb32bc8daedce"
"1406","NATIONAL FIRE SAFETY AND SECURITY SYSTEM...","Nonresidential Building Construction","Independent","Bengaluru, Karnataka, India","https://dnb.com/business-directory/company-profiles/national-fire-safety-and-security-systems.52e94b378a39a4c9d048aaf198195af8"
"1407","ARROWSOUL FIRE & SECURITY SOLUTIONS","Nonresidential Building Construction","Independent","New Delhi, Delhi, India","https://dnb.com/business-directory/company-profiles/arrowsoul-fire--security-solutions.1f771c604e19fac86c6e6a7cba1c99ab"
"1408","Red Hawk Fire & Security Monitoring, LLC","Building Equipment Contractors","Subsidiary","Irving, TX, United States","https://dnb.com/business-directory/company-profiles/red-hawk-fire--security-monitoring-llc.23e3e3094fb96cfdc2c902bab5f10f4c"
"1409","WILGRESS PTY LTD","Justice, Public Order, and Safety Activities","Independent","COFFS HARBOUR, NEW SOUTH WALES, Australia","https://dnb.com/business-directory/company-profiles/wilgress-pty-ltd.ae655e9b317faf193f0d83d1e35f545b"
"1410","Zhouning County Lezhong Fire Fighting Se...","Architectural and Structural Metals Manufacturing","Independent","Ningde, Fujian, China","https://dnb.com/business-directory/company-profiles/zhouning-county-lezhong-fire-fighting-security-equipment-co-ltd.25582883d5ad18d191ce83825eed208b"
"1411","Jiuquan Heng'an Fire Fighting Security E...","Miscellaneous Nondurable Goods Merchant Wholesalers","Independent","Jiuquan, Gansu, China","https://dnb.com/business-directory/company-profiles/jiuquan-hengan-fire-fighting-security-equipment-co-ltd.d1c0b2bad99d6936de74d5ba657a84e8"
"1412","BEYDOUN FIRE & SECURITY S.A.R.L.","Support Activities for Forestry","Independent","Beirut, Beirut, Lebanon","https://dnb.com/business-directory/company-profiles/beydoun-fire--security-sarl.fe12f30343590c1bb1c2fe9fe77d3146"
"1413","PARKSIDE FIRE & SECURITY, INC.","Building Equipment Contractors","Independent","Buffalo, NY, United States","https://dnb.com/business-directory/company-profiles/parkside-fire--security-inc.53a8fbd936bc3fc1fbd0bde834c1f088"
"1414","SMARTEC INTEGRATED SYSTEMS LTD","Other Personal Services","Subsidiary","MAIDSTONE, England, United Kingdom","https://dnb.com/business-directory/company-profiles/smartec-integrated-systems-ltd.2798658d3b608b1f3f44b4807d2c5716"
"1415","Zhejiang Haobo Fire-fighting Technology ...","Lumber and Other Construction Materials Merchant Wholesalers","Subsidiary","Taizhou, Zhejiang, China","https://dnb.com/business-directory/company-profiles/zhejiang-haobo-fire-fighting-technology-co-ltd.a5b799b828ad72f6de61fb2821fdbc16"
"1416","West Fire Systems, Inc.","Household Appliances and Electrical and Electronic Goods Merchant Wholesalers","Subsidiary","Rochester, NY, United States","https://dnb.com/business-directory/company-profiles/west-fire-systems-inc.c082e02f45ef63da7809de533e7f7cd0"
"1417","Shenzhen Dongya Fire Fighting Security E...","Professional and Commercial Equipment and Supplies Merchant Wholesalers","Independent","Shenzhen, Guangdong, China","https://dnb.com/business-directory/company-profiles/shenzhen-dongya-fire-fighting-security-equipment-co-ltd.39341a1b87d414144722b33959b78050"
"1418","Beijing Jingxin Yong'an Fire Fighting Se...","Machinery, Equipment, and Supplies Merchant Wholesalers","Independent","Beijing, Beijing, China","https://dnb.com/business-directory/company-profiles/beijing-jingxin-yongan-fire-fighting-security-equipment-co-ltd.92b40df6ac89b6faaf1f2244e32284bb"
"1419","CHITTICK FIRE & SECURITY CORPORATION","Building Equipment Contractors","Subsidiary","Makati, Metro Manila, Philippines","https://dnb.com/business-directory/company-profiles/chittick-fire--security-corporation.2f0e308ee3b1393f807e10dcee1be800"
"1420","Shijiazhuang Hongying Fire-Fighting Elec...","Professional and Commercial Equipment and Supplies Merchant Wholesalers","Independent","Shijiazhuang, Hebei, China","https://dnb.com/business-directory/company-profiles/shijiazhuang-hongying-fire-fighting-electronic-devices-co-ltd.5b0a2d9919a8c89952d609d8f71a029c"
"1421","Suizhou Lewanjia Security & Surveillance...","Machinery, Equipment, and Supplies Merchant Wholesalers","Independent","Suizhou, Hubei, China","https://dnb.com/business-directory/company-profiles/suizhou-lewanjia-security--surveillance-fire-fighting-engineering-coltd.09917a4f47872243e2378d515c37b99b"
"1422","YARDEN SECURITY & FIRE SYSTEMS 2004 LTD.","Household Appliances and Electrical and Electronic Goods Merchant Wholesalers","Independent","KIRYAT ATTA, Northern District, Israel","https://dnb.com/business-directory/company-profiles/yarden-security--fire-systems-2004-ltd.77e75852a343fa960f3c22722aa11c29"
"1423","UNITED FIRE & SECURITY (FZC)","Household Appliances and Electrical and Electronic Goods Merchant Wholesalers","Independent","Sharjah, Sharjah, United Arab Emirates","https://dnb.com/business-directory/company-profiles/united-fire--security-(fzc).4c16b59ae83ac67352b4d10cae5f7fa5"
"1424","Huizhou Huiyang District Public Security...","Civic and Social Organizations","Independent","Huizhou, Guangdong, China","https://dnb.com/business-directory/company-profiles/huizhou-huiyang-district-public-security-fire-brigade.e7ab0b9d439bce623ec22d037fc75582"
"1425","MISHRA SECURITY - FIRE SERVICE","Other Financial Investment Activities","Independent","Ahilyanagar, Maharashtra, India","https://dnb.com/business-directory/company-profiles/mishra-security---fire-service.5b0d9f84d019c28ced84b16d9e4ae1e4"
"1426","Trident Security Systems Incorporated","Investigation and Security Services","Independent","Longmont, CO, United States","https://dnb.com/business-directory/company-profiles/trident-security-systems-incorporated.ec4647ceede8741263e31b9dc057169f"
"1427","2270185 Ontario Inc","Other Support Services","Independent","Woodbridge, ON, Canada","https://dnb.com/business-directory/company-profiles/2270185-ontario-inc.b3c4a3ea02b6003d7a549d48186b7e05"
"1428","DIGITAL FIRE & SECURITY (NI) LIMITED","Building Equipment Contractors","Subsidiary","LISBURN, Northern Ireland, United Kingdom","https://dnb.com/business-directory/company-profiles/digital-fire--security-(ni)-limited.ba64551c8f044ee68f969c2854c79873"
"1429","Huaibei Jinlei Fire Fighting Security Eq...","Electronics and Appliance Retailers","Independent","Huaibei, Anhui, China","https://dnb.com/business-directory/company-profiles/huaibei-jinlei-fire-fighting-security-equipment-co-ltd.adcfda8f36433060ef41e4c05f270e27"
"1430","Anyang Langhua Fire-Fighting Security Co...","Metal and Mineral (except Petroleum) Merchant Wholesalers","Independent","Anyang, Henan, China","https://dnb.com/business-directory/company-profiles/anyang-langhua-fire-fighting-security-co-ltd.f153d7b9519b13e3c812b165044661f5"
"1431","Manhattan Fire & Security Electrical Co....","Investigation and Security Services","Independent","Ridgefield Park, NJ, United States","https://dnb.com/business-directory/company-profiles/manhattan-fire--security-electrical-co-llc.e31f953c509137892da7b57ab358357a"
"1432","Fire Security Sociedad Anonima de Capita...","Household Appliances and Electrical and Electronic Goods Merchant Wholesalers","Independent","San Pedro Sula, Cortes, Honduras","https://dnb.com/business-directory/company-profiles/fire-security-sociedad-anonima-de-capital-variable.0ce3708462e86dffc2be181f19868dc1"
"1433","DISTINCT FIRE & SECURITY (OPC) PRIVATE L...","Building Equipment Contractors","Independent","Pune, Maharashtra, India","https://dnb.com/business-directory/company-profiles/distinct-fire--security-(opc)-private-limited.5129c279947166263df55afaba652ff3"
"1434","CAVA SECURITY SERVICES LIMITED","Investigation and Security Services","Independent","REDDITCH, England, United Kingdom","https://dnb.com/business-directory/company-profiles/cava-security-services-limited.45b70ae9f9e4f48242ff9ef08ec122cd"
"1435","Ningxia Longhao Fire Fighting Security E...","Machinery, Equipment, and Supplies Merchant Wholesalers","Independent","Shizuishan, Ningxia, China","https://dnb.com/business-directory/company-profiles/ningxia-longhao-fire-fighting-security-equipment-co-ltd.f1b4f41c8fe58bee6fd866719ed190be"
"1436","Fire & Access Control Systems.com, Inc.","Other Miscellaneous Retailers","Independent","Waco, TX, United States","https://dnb.com/business-directory/company-profiles/fire--access-control-systemscom-inc.76150b7178dcdc350973d675fce6a839"
"1437","SHI HUA FIRE FIGHTING SECURITY EQUIPMENT...","Machinery, Equipment, and Supplies Merchant Wholesalers","Parent","Yuanlin City, Changhua, Taiwan","https://dnb.com/business-directory/company-profiles/shi-hua-fire-fighting-security-equipment-limited.d457dd11481bb560a9d8ca06f3f717f4"
"1438","VOLNEY MULTIPLEX, INC.","Building Equipment Contractors","Independent","Fulton, NY, United States","https://dnb.com/business-directory/company-profiles/volney-multiplex-inc.27a7e9d44c3f42e034abb3f46fa520f3"
"1439","UTC FIRE & SECURITY TURKEY YANGIN VE GUV...","Other Fabricated Metal Product Manufacturing","Subsidiary","Istanbul (Europe), Istanbul (Europe), Turkiye","https://dnb.com/business-directory/company-profiles/utc-fire--security-turkey-yangin-ve-guvenlik-sistemleri-ltd-sti.5a49d8677fd13c88dca4fa868eb560d2"
"1440","BHARAT INDL FIRE - SECURITY DETECTIVE BU...","Investigation and Security Services","Independent","Chennai, Tamil Nadu, India","https://dnb.com/business-directory/company-profiles/bharat-indl-fire---security-detective-bureau.119ae908bccc1fdd7d188098d87c313b"
"1441","ELECTRO GUARD FIRE & SECURITY LIMITED","Furniture and Home Furnishings Retailers","Independent","DUNDEE, Scotland, United Kingdom","https://dnb.com/business-directory/company-profiles/electro-guard-fire--security-limited.1b194df3a028ce3b2447a0ab89108741"
"1442","Jinan Xinzhong'an Fire Protection Securi...","Building Equipment Contractors","Parent","Jinan, Shandong, China","https://dnb.com/business-directory/company-profiles/jinan-xinzhongan-fire-protection-security-engineering-co-ltd.f64fe67024acd5f1f6a207ddce90dd24"
"1443","NORTEK FIRE AND SECURITY SYSTEM PRIVATE ...","Electronics and Appliance Retailers","Independent","Mumbai, Maharashtra, India","https://dnb.com/business-directory/company-profiles/nortek-fire-and-security-system-private-limited.c89a32fb5a55b5d83142a1239cda8a52"
"1444","Fire Security Panama S.A.","Investigation and Security Services","Independent","Panama, Panama, Panama","https://dnb.com/business-directory/company-profiles/fire-security-panama-sa.49416fd672585f55954b673c168f1a33"
"1445","Arctic Fire & Security, LLC.","Investigation and Security Services","Independent","Anchorage, AK, United States","https://dnb.com/business-directory/company-profiles/arctic-fire--security-llc.96ffce7f2a54ae9f7724735eac291645"
"1446","ARC FIRE SAFETY & SECURITY LTD","Building Equipment Contractors","Independent","SOUTHAMPTON, England, United Kingdom","https://dnb.com/business-directory/company-profiles/arc-fire-safety--security-ltd.61567d5ece2d39fc0e2160fc153ebe73"
"1447","JSJ Fire Inc.","Investigation and Security Services","Independent","Mission, TX, United States","https://dnb.com/business-directory/company-profiles/jsj-fire-inc.365cbd3ad69ac45f8b4ea4b92b1f4255"
"1448","Lianshui County Security And Surveillanc...","Miscellaneous Durable Goods Merchant Wholesalers","Independent","Huaian, Jiangsu, China","https://dnb.com/business-directory/company-profiles/lianshui-county-security-and-surveillance-fire-fighting-business-department.f85a2e562731666da58b85b2f7dab6af"
"1449","ANGLIAN SECURITY & FIRE LIMITED","Investigation and Security Services","Parent","IPSWICH, England, United Kingdom","https://dnb.com/business-directory/company-profiles/anglian-security--fire-limited.6d2f28c6992968f4254e34828cc27e86"
"1450","Chongqing Minxiaoan Fire Fighting Securi...","Specialty Food Retailers","Independent","Chongqing, Chongqing, China","https://dnb.com/business-directory/company-profiles/chongqing-minxiaoan-fire-fighting-security-equipment-co-ltd.e5648091222b1b7e073dc0900b2a626c"
"1451","Beijing Tailongquan Fire Fighting Securi...","Miscellaneous Durable Goods Merchant Wholesalers","Independent","Beijing, Beijing, China","https://dnb.com/business-directory/company-profiles/beijing-tailongquan-fire-fighting-security-equipment-co-ltd.0a6eb2c03ce41593f0b9d7e0b64106c0"
"1452","Inner Mongolia Security Firefighting Eng...","Professional and Commercial Equipment and Supplies Merchant Wholesalers","Independent","Hohhot, Inner Mongolia, China","https://dnb.com/business-directory/company-profiles/inner-mongolia-security-firefighting-engineering-co-ltd.3ca50f35ab39029236415b6e050ebc57"
"1453","Knight Fire & Security, Inc.","Other Electrical Equipment and Component Manufacturing","Independent","Riviera Beach, FL, United States","https://dnb.com/business-directory/company-profiles/knight-fire--security-inc.8add83f974813691d91e2759d4fa69f9"
"1454","Hubei Jingxuan Fire Fighting Security Sy...","Residential Building Construction","Independent","Wuhan, Hubei, China","https://dnb.com/business-directory/company-profiles/hubei-jingxuan-fire-fighting-security-system-engineering-co-ltd.44b083e44a2d910c31c71dfaffaf3feb"
"1455","Hillman Security & Fire Technologies Inc...","Investigation and Security Services","Independent","Luzerne, PA, United States","https://dnb.com/business-directory/company-profiles/hillman-security--fire-technologies-inc.997d1b91bce4441047ec909e966e3942"
"1456","RAMKRUPA FIRE & SECURITY SYSTEM PRIVATE ...","Building Equipment Contractors","Independent","Bengaluru, Karnataka, India","https://dnb.com/business-directory/company-profiles/ramkrupa-fire--security-system-private-limited.03011efb817965195f02fa99de55744b"
"1457","Enshi Prefecture Jinxintai Fire Fighting...","Residential Building Construction","Independent","Enshi, Hubei, China","https://dnb.com/business-directory/company-profiles/enshi-prefecture-jinxintai-fire-fighting-security-system-engineering-co-ltd.38ea3fcc1c4eaf204dfd9e13b18f8df2"
"1458","ESQUEMA FIRE AND SECURITY SL.","Building Equipment Contractors","Independent","PALMA, Balears, Illes, Spain","https://dnb.com/business-directory/company-profiles/esquema-fire-and-security-sl.578ca30ad3fa986aec834e27306e771b"
"1459","KGS FIRE & SECURITY IRELAND LIMITED","Scientific Research and Development Services","Subsidiary","DUBLIN, Ireland","https://dnb.com/business-directory/company-profiles/kgs-fire--security-ireland-limited.fe0c8b9031e36646a2783d3acf39c990"
"1460","Shenzhen Bao'an District Shajing Town Se...","Machinery, Equipment, and Supplies Merchant Wholesalers","Independent","Shenzhen, Guangdong, China","https://dnb.com/business-directory/company-profiles/shenzhen-baoan-district-shajing-town-security-guard-fire-fighting-equipment-com-mercial-firm.dc78cac7cab9ba511a28f0d0eeb1e42c"
"1461","Ningxia Chang'An Fire Fighting Security ...","Machinery, Equipment, and Supplies Merchant Wholesalers","Independent","Yinchuan, Ningxia, China","https://dnb.com/business-directory/company-profiles/ningxia-changan-fire-fighting-security-technology-co-ltd.0ccfffecc61d2469897f3ae12b060f84"
"1462","Zhenjiang New District Min'an Fire Fight...","Machinery, Equipment, and Supplies Merchant Wholesalers","Independent","Zhenjiang, Jiangsu, China","https://dnb.com/business-directory/company-profiles/zhenjiang-new-district-minan-fire-fighting-and-security-equipment-sales-center.0ce8642de4fa1ac0fe6c378b026e35e4"
"1463","Wuhan Min'anhe Fire-fighting Security An...","Lawn and Garden Equipment and Supplies Retailers","Independent","Wuhan, Hubei, China","https://dnb.com/business-directory/company-profiles/wuhan-minanhe-fire-fighting-security-and-surveillance-service-co-ltd.d8613c15b7fe92f0bd96871c1916240a"
"1464","AFASS LIMITED","Architectural, Engineering, and Related Services","Independent","NORTH SHIELDS, England, United Kingdom","https://dnb.com/business-directory/company-profiles/afass-limited.ab299c452e8022963f59bac4d22420ab"
"1465","PROTEX FIRE AND SECURITY LIMITED","Investigation and Security Services","Subsidiary","MANCHESTER, England, United Kingdom","https://dnb.com/business-directory/company-profiles/protex-fire-and-security-limited.328c29a6228ffd4b8d31b61cbca744dc"
"1466","PERTEMPS FIRE & SECURITY LIMITED","Employment Services","Subsidiary","COVENTRY, England, United Kingdom","https://dnb.com/business-directory/company-profiles/pertemps-fire--security-limited.25d71a096fe2409bb33d0e28daf6bb9b"
"1467","TECHWELL FIRE & SECURITY (INDIA) PRIVATE...","Miscellaneous Nondurable Goods Merchant Wholesalers","Parent","Thane, Maharashtra, India","https://dnb.com/business-directory/company-profiles/techwell-fire--security-(india)-private-limited.da3677a87a97e03542c8ed9512f76e53"
"1468","FTS FIRE & SECURITY LIMITED","Building Equipment Contractors","Independent","KENDAL, England, United Kingdom","https://dnb.com/business-directory/company-profiles/fts-fire--security-limited.219d5ff69d114565f9e60b13e8757315"
"1469","Buffalo Security & Fire Co., Inc.","Investigation and Security Services","Independent","Tonawanda, NY, United States","https://dnb.com/business-directory/company-profiles/buffalo-security--fire-co-inc.c2f2070d568b58a9c589a6f3c1eae476"
"1470","LEE FIRE AND SECURITY LIMITED","Investigation and Security Services","Subsidiary","LONDON, England, United Kingdom","https://dnb.com/business-directory/company-profiles/lee-fire-and-security-limited.73572a1f305cce02ac66055657efe3ec"
"1471","VORTEX FIRE SAFETY & SECURITY SYSTEMS","Household Appliances and Electrical and Electronic Goods Merchant Wholesalers","Independent","Coimbatore, Tamil Nadu, India","https://dnb.com/business-directory/company-profiles/vortex-fire-safety--security-systems.b41aff621eafae14fc256c51bdb0ed12"
"1472","Tamlite Emergency Security & Fire","Electric Lighting Equipment Manufacturing","Independent","REDDITCH, England, United Kingdom","https://dnb.com/business-directory/company-profiles/tamlite-emergency-security--fire.641d6baf16b3a10df8efb205419da0d0"
"1473","Wuhan Jindu Fire Fighting Security Equip...","Other Fabricated Metal Product Manufacturing","Independent","Wuhan, Hubei, China","https://dnb.com/business-directory/company-profiles/wuhan-jindu-fire-fighting-security-equipment-co-ltd.efc91b846313b5b3c6ab314cdbd270e5"
"1474","INYANGA LOGISTICS CC","Residential Building Construction","Independent","PRETORIA, GAUTENG, South Africa","https://dnb.com/business-directory/company-profiles/inyanga-logistics-cc.71f0a113bfe571c4503f09e73c51cfd9"
"1475","PAMOSHA SECURITY AND FIRE CC","Residential Building Construction","Independent","RANDBURG, GAUTENG, South Africa","https://dnb.com/business-directory/company-profiles/pamosha-security-and-fire-cc.b02e9ebf3a7ae06b1d8d2e10ddc7361b"
"1476","COLSEN CC","Residential Building Construction","Independent","DURBAN, KWA-ZULU NATAL, South Africa","https://dnb.com/business-directory/company-profiles/colsen-cc.dfe8e5f1cf4d35dc5a2055207b38e20c"
"1477","FIRE HIRROWS SECURITY AND BODY GUARD CC","Residential Building Construction","Independent","EMALAHLENI, MPUMALANGA, South Africa","https://dnb.com/business-directory/company-profiles/fire-hirrows-security-and-body-guard-cc.c71f1306be4ec3312a7d01bd01fe2d9d"
"1478","BIG O TRADING 298 CC","Residential Building Construction","Independent","STANGER, KWA-ZULU NATAL, South Africa","https://dnb.com/business-directory/company-profiles/big-o-trading-298-cc.6076a2b3a3b21f2d22a20a021479333e"
"1479","Shaanxi Jianrui Fire Fighting Security E...","Specialty Food Retailers","Subsidiary","Xi'an, Shaanxi, China","https://dnb.com/business-directory/company-profiles/shaanxi-jianrui-fire-fighting-security-equipment-co-ltd.e5e8056c76f58650985fa22afd86b985"
"1480","SYNCRO FIRE & SECURITY LIMITED","Investigation and Security Services","Subsidiary","ST. HELENS, England, United Kingdom","https://dnb.com/business-directory/company-profiles/syncro-fire--security-limited.00e3996fe7e2cab4f69321dca68fa2ea"
"1481","Xi'an Anyuan Fire Fighting Security Equi...","Machinery, Equipment, and Supplies Merchant Wholesalers","Independent","Xi'an, Shaanxi, China","https://dnb.com/business-directory/company-profiles/xian-anyuan-fire-fighting-security-equipment-co-ltd.7fb1fe6a7e638452a0bbc654ed82344e"
"1482","Lifeprotection Maintenance And Consultin...","Investigation and Security Services","Independent","Fort Worth, TX, United States","https://dnb.com/business-directory/company-profiles/lifeprotection-maintenance-and-consulting-incorporated.fa7f0411b5c1290c202280f5e3f062da"
"1483","ALPHA SECURITY & FIRE ALARM SERVICES, IN...","Investigation and Security Services","Independent","Sunrise, FL, United States","https://dnb.com/business-directory/company-profiles/alpha-security--fire-alarm-services-inc.90397febedb5c8893eefb28f2ea3b7ec"
"1484","KHAYBER FIRE AND SECURITY SYSTEMS W.L.L","Building Equipment Contractors","Subsidiary","Manama, Al Asimah, Bahrain","https://dnb.com/business-directory/company-profiles/khayber-fire-and-security-systems-wll.85130ab37646c52d85634c404d812d03"
"1485","TYCO QATAR FIRE & SECURITY","Building Equipment Contractors","Subsidiary","Doha, Ad Dawhah (Doha), Qatar","https://dnb.com/business-directory/company-profiles/tyco-qatar-fire--security.f9e33a78450df2fa08d15091c7972722"
"1486","Four Feathers Alarm, LLC","Investigation and Security Services","Independent","Denison, TX, United States","https://dnb.com/business-directory/company-profiles/four-feathers-alarm-llc.3b41459482e08c9a7892e5a8622032f7"
"1487","FFTS FIRE AND SECURITY PRIVATE LIMITED","Building Equipment Contractors","Independent","Thane, Maharashtra, India","https://dnb.com/business-directory/company-profiles/ffts-fire-and-security-private-limited.b439bae2c61a99f13c2562c7830ac495"
"1488","SRA FIRE AND SECURITY SERVICES","Support Activities for Air Transportation","Independent","Bengaluru, Karnataka, India","https://dnb.com/business-directory/company-profiles/sra-fire-and-security-services.30c71ddd496bc67c57b4a20fa76be9ea"
"1489","Corporate Security and Fire Systems, LLC","Investigation and Security Services","Independent","Charlotte, NC, United States","https://dnb.com/business-directory/company-profiles/corporate-security-and-fire-systems-llc.e803b433937a64549d8c1c0f082b4fe4"
"1490","Universal Security And Fire, Inc.","Building Equipment Contractors","Parent","Sacramento, CA, United States","https://dnb.com/business-directory/company-profiles/universal-security-and-fire-inc.0546f30547cd446ba5e06ef854ae524a"
"1491","KATYAMBA FIRE & SECURITY SYSTEMS TECHNOL...","Other Miscellaneous Retailers","Independent","Kitwe, Copperbelt, Zambia","https://dnb.com/business-directory/company-profiles/katyamba-fire--security-systems-technology-limited.51b4978ef6364212e0df4e067b73e4a9"
"1492","P W P Fire & Security","Building Equipment Contractors","Independent","NOTTINGHAM, England, United Kingdom","https://dnb.com/business-directory/company-profiles/p-w-p-fire--security.5f86439af0ad6067bc3e364d3db398a3"
"1493","Jackson Fire & Security","Building Equipment Contractors","Independent","LUTON, England, United Kingdom","https://dnb.com/business-directory/company-profiles/jackson-fire--security.873a879e4c48f9812f277bf656fbe25e"
"1494","CAMS FIRE & SECURITY PLC","Investigation and Security Services","Independent","STEVENAGE, England, United Kingdom","https://dnb.com/business-directory/company-profiles/cams-fire--security-plc.83ca27c99bae2bec398a87f00ec55d01"
"1495","SUJAY FIRE & SECURITY TECHNOLOGIES","Other Specialty Trade Contractors","Independent","Guntur, Andhra Pradesh, India","https://dnb.com/business-directory/company-profiles/sujay-fire--security-technologies.ce987fbafba102df696fbf9c014ba581"
"1496","MSS Fire & Security, LLC","Investigation and Security Services","Subsidiary","Charlotte, NC, United States","https://dnb.com/business-directory/company-profiles/mss-fire--security-llc.12626a5499a876520aa00b40e9a1b34d"
"1497","CLAYTON FIRE & SECURITY LTD","Residential Building Construction","Independent","WORCESTER, England, United Kingdom","https://dnb.com/business-directory/company-profiles/clayton-fire--security-ltd.25cb7f553a0238e3da1f751c78839c51"
"1498","Zhonghong Intelligent Technology (binzho...","Investigation and Security Services","Subsidiary","Binzhou, Shandong, China","https://dnb.com/business-directory/company-profiles/zhonghong-intelligent-technology-(binzhou)-co-ltd.daff118e8402d1dd6e6b9cbe7b293023"
"1499","Tyco Fire And Security Pakistan Private ...","Investigation and Security Services","Subsidiary","Islamabad, Islamabad, Pakistan","https://dnb.com/business-directory/company-profiles/tyco-fire-and-security-pakistan-private-limited.067080f17c8bb20830ff4a14d4ff3b34"
"1500","Shaanxi Huateng Fire Fighting Security E...","Building Material and Supplies Dealers","Independent","Xi'an, Shaanxi, China","https://dnb.com/business-directory/company-profiles/shaanxi-huateng-fire-fighting-security-equipment-co-ltd.aaa3291e47cb35aedd55352efed74863"
"1501","Global Market Solutions, Inc.","Investigation and Security Services","Independent","Downey, CA, United States","https://dnb.com/business-directory/company-profiles/global-market-solutions-inc.5c94691f32c4a618058fdb43ba778795"
"1502","CHAHAR FIRE SAFETY AND SECURITY SERVICE ...","Other Miscellaneous Retailers","Independent","Agra, Uttar Pradesh, India","https://dnb.com/business-directory/company-profiles/chahar-fire-safety-and-security-service-(opc)-private-limited.3cb76356ce80ffb24f6574a1f9414e6e"
"1503","WFX Fire, Lock & Security, Inc.","Other Miscellaneous Retailers","Parent","Westminster, MD, United States","https://dnb.com/business-directory/company-profiles/wfx-fire-lock--security-inc.2f66bf4a247ea579fa547b772b1f2167"
"1504","YOUR CHOICE FIRE & SECURITY LIMITED","Building Equipment Contractors","Subsidiary","NORMANTON, England, United Kingdom","https://dnb.com/business-directory/company-profiles/your-choice-fire--security-limited.a0671dba7dcc3bc7ec4f30d143e9694e"
"1505","Xiangyang Duoliping Fire Fighting Securi...","Machinery, Equipment, and Supplies Merchant Wholesalers","Independent","Xiangyang, Hubei, China","https://dnb.com/business-directory/company-profiles/xiangyang-duoliping-fire-fighting-security-equipment-co-ltd.d46cd56a232bdfd5e7383d87fc1a39f7"
"1506","Shenzhen Feiyue Fire-fighting Equipment ...","Lumber and Other Construction Materials Merchant Wholesalers","Independent","Shenzhen, Guangdong, China","https://dnb.com/business-directory/company-profiles/shenzhen-feiyue-fire-fighting-equipment-co-ltd.a6de07a2572c68ef12f0eff6082f2f82"
"1507","Gansu Jinshengda Fire Fighting Security ...","Machinery, Equipment, and Supplies Merchant Wholesalers","Independent","Lanzhou, Gansu, China","https://dnb.com/business-directory/company-profiles/gansu-jinshengda-fire-fighting-security-technology-co-ltd.a85524218901231e64bf739e85900e28"
"1508","Linfen Lin'an Fire Fighting Security Equ...","Machinery, Equipment, and Supplies Merchant Wholesalers","Independent","Linfen, Shanxi, China","https://dnb.com/business-directory/company-profiles/linfen-linan-fire-fighting-security-equipment-co-ltd.f56c4f9788c5c270876e7f4cc09f5233"
"1509","Regional Fire and Security Limited","Securities and Commodity Contracts Intermediation and Brokerage","Parent","San Juan, Trinidad and Tobago","https://dnb.com/business-directory/company-profiles/regional-fire-and-security-limited.65b7d580eb9a02c6e2af1f1ef7136e6a"
"1510","Shenzhen Yiyuan Safety Technology Co., L...","Architectural, Engineering, and Related Services","Subsidiary","Hegang, Heilongjiang, China","https://dnb.com/business-directory/company-profiles/shenzhen-yiyuan-safety-technology-co-ltd.63be233362afe2cb300b573daa261213"
"1511","Qinhuangdao Tongbao Fire Fighting Securi...","Other Miscellaneous Retailers","Independent","Qinhuangdao, Hebei, China","https://dnb.com/business-directory/company-profiles/qinhuangdao-tongbao-fire-fighting-security-equipment-co-ltd.6fc5f1796444b2fda327963634151ee9"
"1512","Dandong Gushan Economic Zone Public Secu...","Business, Professional, Labor, Political, and Similar Organizations","Independent","Donggang, Liaoning, China","https://dnb.com/business-directory/company-profiles/dandong-gushan-economic-zone-public-security-branch.c0ae38b7ff11b5b87aaaf6db4bb3962d"
"1513","Lujiang County Public Security Fire Brig...","Business, Professional, Labor, Political, and Similar Organizations","Independent","Hefei, Anhui, China","https://dnb.com/business-directory/company-profiles/lujiang-county-public-security-fire-brigade.1be1357888460d08c2f186ff1caeb70b"
"1514","BEACON FIRE & SECURITY (NI) LIMITED","Investigation and Security Services","Subsidiary","BELFAST, Northern Ireland, United Kingdom","https://dnb.com/business-directory/company-profiles/beacon-fire--security-(ni)-limited.1603faac999a7225e0dd1eb8795da2ce"
"1515","SAFEWAY FIRE & SECURITY","Warehouse Clubs, Supercenters, and Other General Merchandise Retailers","Independent","Karachi, Sindh, Pakistan","https://dnb.com/business-directory/company-profiles/safeway-fire--security.146496ac115cbd430b0dbd1f36886a87"
"1516","Qilin District Xiongda Fire Fighting Sec...","Other Miscellaneous Retailers","Independent","China","https://dnb.com/business-directory/company-profiles/qilin-district-xiongda-fire-fighting-security-equipment-business-department.ded26445bc878e8fbc273c19dc43754b"
"1517","Beijing Daxing County Security Fire Figh...","Other Miscellaneous Retailers","Independent","Beijing, Beijing, China","https://dnb.com/business-directory/company-profiles/beijing-daxing-county-security-fire-fighting-equipment-sales-department.c3ed4ccf9c4259eca0ea98d53f918836"
"1518","BUSINESSWATCH UK FIRE AND SECURITY LIMIT...","Investigation and Security Services","Subsidiary","PETERBOROUGH, England, United Kingdom","https://dnb.com/business-directory/company-profiles/businesswatch-uk-fire-and-security-limited.216d328a96d006eb2c3f869be9e072ca"
"1519","Fire & Security Systems Inc","Investigation and Security Services","Independent","Arlington Heights, IL, United States","https://dnb.com/business-directory/company-profiles/fire--security-systems-inc.f9b4b727e8a94bae83ef458295497527"
"1520","Hunan Zhongan Fire Fighting Security Equ...","Building Material and Supplies Dealers","Independent","Changsha, Hunan, China","https://dnb.com/business-directory/company-profiles/hunan-zhongan-fire-fighting-security-equipment-co-ltd.b0937cb688b3d15348ca3231fbe40137"
"1521","MJF SKILLS FIRE SAFETY SECURITY & ALLIED...","Other Schools and Instruction","Independent","Korba, Chhattisgarh, India","https://dnb.com/business-directory/company-profiles/mjf-skills-fire-safety-security--allied-services-private-limited.a0b204ae7d05a06aac04d424da7f9164"
"1522","K B O Lock & Safe","Hardware Manufacturing","Independent","ALDERSHOT, England, United Kingdom","https://dnb.com/business-directory/company-profiles/k-b-o-lock--safe.4db13310e416c113b7e5d128f31e794c"
"1523","ONS FIRE SAFETY & SECURITY SOLUTIONS","Building Equipment Contractors","Independent","Thane, Maharashtra, India","https://dnb.com/business-directory/company-profiles/ons-fire-safety--security-solutions.50691e1917c3b9c803fffe97107c359c"
"1524","Jeonrabukdo Fire Security Center","Justice, Public Order, and Safety Activities","Independent","Jeonju, Jeonbuk, Republic Of Korea","https://dnb.com/business-directory/company-profiles/jeonrabukdo-fire-security-center.6bf6412a34d0af6ecac5ec0d85bf580b"
"1525","Onucky Fire and Security Solutions Inc","Investigation and Security Services","Independent","Hanmer, ON, Canada","https://dnb.com/business-directory/company-profiles/onucky-fire-and-security-solutions-inc.bc873606b3c63cbb4d7205bd412dacf2"
"1526","FIRE AND SECURITY SYSTEMS PRIVATE LIMITE...","Apparel, Piece Goods, and Notions Merchant Wholesalers","Independent","Hyderabad, Telangana, India","https://dnb.com/business-directory/company-profiles/fire-and-security-systems-private-limited.fb968671c582ff537f7251f970b7e075"
"1527","ADI FIRE AND SECURITY LIMITED","Investigation and Security Services","Subsidiary","BIRMINGHAM, England, United Kingdom","https://dnb.com/business-directory/company-profiles/adi-fire-and-security-limited.22d411e48a5534e29d322d153052e5f8"
"1528","REALM FIRE AND SECURITY LTD.","Architectural, Engineering, and Related Services","Independent","ABERDEEN, Scotland, United Kingdom","https://dnb.com/business-directory/company-profiles/realm-fire-and-security-ltd.38308a52b9c49d6bf1fbe8ab723d5266"
"1529","ATEXA FIRE AND SECURITY SOLUTIONS LIMITE...","Investigation and Security Services","Independent","GLASGOW, Scotland, United Kingdom","https://dnb.com/business-directory/company-profiles/atexa-fire-and-security-solutions-limited.53b5948c5fc67bb8b08bd95d1e6abe2d"
"1530","Jilin Shenlianjian Fire Fighting Equipme...","Machinery, Equipment, and Supplies Merchant Wholesalers","Independent","Changchun, Jilin, China","https://dnb.com/business-directory/company-profiles/jilin-shenlianjian-fire-fighting-equipment-security-engineering-co-ltd.61b8d1eea86026f9a268989b92bf8c59"
"1531","TRITEK FIRE & SECURITY, LLC","Building Equipment Contractors","Parent","Columbia, SC, United States","https://dnb.com/business-directory/company-profiles/tritek-fire--security-llc.b94940bf0537ab1708b89fd6dd8c65e8"
"1532","Fire Security Systems FZC","Cement and Concrete Product Manufacturing","Independent","Coquitlam, BC, Canada","https://dnb.com/business-directory/company-profiles/fire-security-systems-fzc.a5c0f9ed2f5e9c31f99cd705239c135f"
"1533","BODEN FIRE & SECURITY LIMITED","Personal and Household Goods Repair and Maintenance","Independent","BARNSTAPLE, England, United Kingdom","https://dnb.com/business-directory/company-profiles/boden-fire--security-limited.b83828aabac350a5153cced55ff1ca26"
"1534","ARREST FIRE AND SECURITY LIMITED","Building Equipment Contractors","Subsidiary","GLASGOW, Scotland, United Kingdom","https://dnb.com/business-directory/company-profiles/arrest-fire-and-security-limited.a041bd00fc6af8ad7e9d2ec30b12c95d"
"1535","Jilin Huike Fire Fighting Security Equip...","Machinery, Equipment, and Supplies Merchant Wholesalers","Independent","Jilin, Jilin, China","https://dnb.com/business-directory/company-profiles/jilin-huike-fire-fighting-security-equipment-co-ltd.1eace40c0c6dc12a3c0484095f5f3938"
"1536","Ningxia Kunqi Fire Fighting Security Equ...","Machinery, Equipment, and Supplies Merchant Wholesalers","Independent","Yinchuan, Ningxia, China","https://dnb.com/business-directory/company-profiles/ningxia-kunqi-fire-fighting-security-equipment-co-ltd.31eab9c316410473fb530486d3e58635"
"1537","HOOT FIRE & SECURITY LIMITED","Building Equipment Contractors","Subsidiary","NOTTINGHAM, England, United Kingdom","https://dnb.com/business-directory/company-profiles/hoot-fire--security-limited.9aadca4c91ff317a460f3741677f95f5"
"1538","CRONOS FIRE AND ELECTRICAL CORP.","Investigation and Security Services","Independent","Brooklyn, NY, United States","https://dnb.com/business-directory/company-profiles/cronos-fire-and-electrical-corp.f6758b4478d132bb0fd49c8679982524"
"1539","Protech Fire & Security, LLC","Investigation and Security Services","Independent","Honolulu, HI, United States","https://dnb.com/business-directory/company-profiles/protech-fire--security-llc.7fd638ab2f2fae1d9d544d60eb32eacd"
"1540","ALARM, FIRE & SECURITY, LLC","Building Equipment Contractors","Independent","Bluffton, SC, United States","https://dnb.com/business-directory/company-profiles/alarm-fire--security-llc.7a9b29bccf4a4e21ce8ef8a14651325e"
"1541","CSG (FIRE AND SECURITY) LIMITED","Building Equipment Contractors","Subsidiary","WIMBORNE, England, United Kingdom","https://dnb.com/business-directory/company-profiles/csg-(fire-and-security)-limited.6ce15c1eef085bc0057380e3b8b174af"
"1542","Shenzhen Xinlin Fire Fighting Security C...","Lawn and Garden Equipment and Supplies Retailers","Independent","Shenzhen, Guangdong, China","https://dnb.com/business-directory/company-profiles/shenzhen-xinlin-fire-fighting-security-co-ltd.d270e023791e379883d837cf5cc6bf24"
"1543","METAS SECURITY AND FIRE SERVICES","Support Activities for Air Transportation","Independent","Bilaspur, Chhattisgarh, India","https://dnb.com/business-directory/company-profiles/metas-security-and-fire-services.b6aca6abc5a2fc4f53a583ba1ab40242"
"1544","FIRE AND SECURITY TECHNOLOGIES, INC.","Scientific Research and Development Services","Independent","Lebanon, NJ, United States","https://dnb.com/business-directory/company-profiles/fire-and-security-technologies-inc.eb660c697f21054f3425aef971152c58"
"1545","GO ELECTRONICS, INC.","Electronics and Appliance Retailers","Independent","Arlington, TX, United States","https://dnb.com/business-directory/company-profiles/go-electronics-inc.f20c38b4d130476fd4263cb6506975fd"
"1546","ADVANCE FIRE AND SECURITY LIMITED","Investigation and Security Services","Subsidiary","CAMBRIDGE, England, United Kingdom","https://dnb.com/business-directory/company-profiles/advance-fire-and-security-limited.cfa24edaeaabdbe788048a3f4a5a6990"
"1547","JLS Security Plus, LLC","Household Appliances and Electrical and Electronic Goods Merchant Wholesalers","Parent","Miramar, FL, United States","https://dnb.com/business-directory/company-profiles/jls-security-plus-llc.e14b579768b786ae02a80b03d84e160b"
"1548","SQUARE MILE FIRE PROTECTION LTD","Machinery, Equipment, and Supplies Merchant Wholesalers","Independent","LONDON, England, United Kingdom","https://dnb.com/business-directory/company-profiles/square-mile-fire-protection-ltd.e9278cca2fe17d1e1ea0feb1c8fb6062"
"1549","UNITOR FIRE SAFETY AND SECURITY PRIVATE ...","Building Equipment Contractors","Independent","Kancheepuram, Tamil Nadu, India","https://dnb.com/business-directory/company-profiles/unitor-fire-safety-and-security-private-limited.34e0b92e73cb439cf0cfacc2603460e4"
"1550","NEON FIRE AND SECURITY SYSTEM PRIVATE LI...","Building Equipment Contractors","Independent","New Delhi, Delhi, India","https://dnb.com/business-directory/company-profiles/neon-fire-and-security-system-private-limited.83e6e2fa8ed4421e78ba09df34b75486"
"1551","Riverside Fire & Security, LLC","Investigation and Security Services","Subsidiary","Grand Rapids, MI, United States","https://dnb.com/business-directory/company-profiles/riverside-fire--security-llc.3623d4be1c240d47df50be15c5117cc3"
"1552","Nan'an Huan'an Fire-fighting Equipment C...","Other Fabricated Metal Product Manufacturing","Parent","Nanan, Fujian, China","https://dnb.com/business-directory/company-profiles/nanan-huanan-fire-fighting-equipment-co-ltd.6ef5f974e9d3f2eadedf4839466bb437"
"1553","SATYA KRISHNA FIRE AND SECURITY SYSTEMS","Household Appliances and Electrical and Electronic Goods Merchant Wholesalers","Independent","Hyderabad, Telangana, India","https://dnb.com/business-directory/company-profiles/satya-krishna-fire-and-security-systems.61d588b251b7f6e68afcd037d4928bf5"
"1554","VIJAYA FIRE SAFETY AND SECURITY SYSTEMS","Household Appliances and Electrical and Electronic Goods Merchant Wholesalers","Independent","Secunderabad, Telangana, India","https://dnb.com/business-directory/company-profiles/vijaya-fire-safety-and-security-systems.00c63330731f72c1f7cbbba9a560fb74"
"1555","DBN FIRE & SECURITY SYSTEMS","Household Appliances and Electrical and Electronic Goods Merchant Wholesalers","Independent","Hyderabad, Telangana, India","https://dnb.com/business-directory/company-profiles/dbn-fire--security-systems.37b64ad29fcc5cebb30a8bfa7e28c25b"
"1556","SECURE FIRE AND SECURITY SYSTEMS","Household Appliances and Electrical and Electronic Goods Merchant Wholesalers","Independent","Rangareddy, Telangana, India","https://dnb.com/business-directory/company-profiles/secure-fire-and-security-systems.2fa4083f1a55c01bcd64634b586e50e1"
"1557","EX BUZZ FIRE & SECURITY SYSTEMS","Household Appliances and Electrical and Electronic Goods Merchant Wholesalers","Independent","Mumbai, Maharashtra, India","https://dnb.com/business-directory/company-profiles/ex-buzz-fire--security-systems.9b30d794fb34efa102f91de2c086dc65"
"1558","JMV FIRE SECURITY SYSTEMS","Household Appliances and Electrical and Electronic Goods Merchant Wholesalers","Independent","New Delhi, Delhi, India","https://dnb.com/business-directory/company-profiles/jmv-fire-security-systems.442f40f33a3ee143b5d012e3b9114887"
"1559","Professional Fire & Security Inc","Building Equipment Contractors","Independent","Assonet, MA, United States","https://dnb.com/business-directory/company-profiles/professional-fire--security-inc.43d589ff8988636b4c48dd5bffedba0c"
"1560","LAKSHMI AMARAVATHI FIRE SAFETY & SECURIT...","Miscellaneous Durable Goods Merchant Wholesalers","Independent","Guntur, Andhra Pradesh, India","https://dnb.com/business-directory/company-profiles/lakshmi-amaravathi-fire-safety--security-systems.873be65b3f8256289d5e1ca3a96487f3"
"1561","SCOTT FIRE & SECURITY, LLC","Household Appliances and Electrical and Electronic Goods Merchant Wholesalers","Independent","Chandler, AZ, United States","https://dnb.com/business-directory/company-profiles/scott-fire--security-llc.b2ce86a13ddee104f8d6f5d2ed5f9b9e"
"1562","C10 FIRE, INC.","Building Equipment Contractors","Independent","Grass Valley, CA, United States","https://dnb.com/business-directory/company-profiles/c10-fire-inc.ffa6f56fc88acbef8903b828ce98e7ca"
"1563","Tyco Fire & Security Deutschland GmbH","Management of Companies and Enterprises","Parent","Ratingen, Nordrhein-Westfalen, Germany","https://dnb.com/business-directory/company-profiles/tyco-fire--security-deutschland-gmbh.5dd96cebf34e5bdd43b9ea7646f10334"
"1564","HF FIRE & SECURITY LTD","Personal and Household Goods Repair and Maintenance","Subsidiary","GLASGOW, Scotland, United Kingdom","https://dnb.com/business-directory/company-profiles/hf-fire--security-ltd.a0f42d17440956ece7632e49d1763848"
"1565","AVILES FIRE & SECURITY LLC","Electric Power Generation, Transmission and Distribution","Independent","Fairhaven, MA, United States","https://dnb.com/business-directory/company-profiles/aviles-fire--security-llc.99f505cc515f647c61d983b5034eb226"
"1566","610 VERO HOLDING, INC.","Building Equipment Contractors","Independent","Vero Beach, FL, United States","https://dnb.com/business-directory/company-profiles/610-vero-holding-inc.0d9d8cc71b481fa80f5d4ccbd8438dc9"
"1567","ADVANCED PROTECTIVE SYSTEMS LTD","Investigation and Security Services","Subsidiary","LEICESTER, England, United Kingdom","https://dnb.com/business-directory/company-profiles/advanced-protective-systems-ltd.f8f2cd47c6c174de86ebbeda5d9b832d"
"1568","CHONG YOU FIRE FIGHTING SECURITY EQUIPME...","Machinery, Equipment, and Supplies Merchant Wholesalers","Independent","Taichung City, Taichung, Taiwan","https://dnb.com/business-directory/company-profiles/chong-you-fire-fighting-security-equipment-limited.7f5ca5fb14fba6edab4addcec2450f61"
"1569","DA YANG FIRE-SECURITY MATERIAL CO., LTD.","Machinery, Equipment, and Supplies Merchant Wholesalers","Independent","Taipei City, Taipei, Taiwan","https://dnb.com/business-directory/company-profiles/da-yang-fire-security-material-co-ltd.4bbe473643dc880d3653572d3c898be7"
"1570","CHENG CHENG FIRE FIGHTING SECURITY EQUIP...","Machinery, Equipment, and Supplies Merchant Wholesalers","Independent","Taipei City, Taipei, Taiwan","https://dnb.com/business-directory/company-profiles/cheng-cheng-fire-fighting-security-equipment-enterprise-limited.541dd11e0af6cc3c2515abdf0d6389a7"
"1571","CTM FIRE & SECURITY LIMITED","Architectural, Engineering, and Related Services","Subsidiary","WOLVERHAMPTON, England, United Kingdom","https://dnb.com/business-directory/company-profiles/ctm-fire--security-limited.475d2a0e33e66a230a731cc637f1a310"
"1572","DBNC Group Inc","Nonresidential Building Construction","Independent","Mississauga, ON, Canada","https://dnb.com/business-directory/company-profiles/dbnc-group-inc.6e8eaa7972020b686cd00c07dda0e6ba"
"1573","Yahn Electric Company, Inc.","Building Equipment Contractors","Independent","Wheeling, WV, United States","https://dnb.com/business-directory/company-profiles/yahn-electric-company-inc.6dda542a6e601135fbb5ee3d849d89d4"
"1574","FIRE SECURITY ASIA PACIFIC PTE. LTD.","Support Activities for Mining","Independent","Singapore, Singapore","https://dnb.com/business-directory/company-profiles/fire-security-asia-pacific-pte-ltd.7369127d65eed3696caabc22981b2089"
"1575","Shandong Fire-Fighting Security Vocation...","Technical and Trade Schools","Independent","Jinan, Shandong, China","https://dnb.com/business-directory/company-profiles/shandong-fire-fighting-security-vocational-training-school.69212cb4ed5c4dbd7bf6f253dec47412"
"1576","KUNAL FIRE SAFETY AND SECURITY SERVICES ...","Investigation and Security Services","Independent","Agra, Uttar Pradesh, India","https://dnb.com/business-directory/company-profiles/kunal-fire-safety-and-security-services-private-limited.12fc1342bf6615150e0375d596203fdc"
"1577","NATIONAL FIRE AND SECURITY TRUST","Other Financial Investment Activities","Independent","PRETORIA, GAUTENG, South Africa","https://dnb.com/business-directory/company-profiles/national-fire-and-security-trust.1e39b5a5f2ca046eef4487729f9fc92c"
"1578","RS-NATIONAL SECURITY FIRE SERVICE","Petroleum and Petroleum Products Merchant Wholesalers","Independent","Siddharthnagar, Uttar Pradesh, India","https://dnb.com/business-directory/company-profiles/rs-national-security-fire-service.b5c94c0cffc73e085ea21f95a4f7e4e3"
"1579","Accelerated Fire and Security LLC","Building Equipment Contractors","Independent","Morgantown, WV, United States","https://dnb.com/business-directory/company-profiles/accelerated-fire-and-security-llc.6baf9ea19e5ff70f8dcfbc7daf84faf2"
"1580","Electronic Technicians Security And Fire...","Investigation and Security Services","Independent","Pacific, MO, United States","https://dnb.com/business-directory/company-profiles/electronic-technicians-security-and-fire-llc.651906fbad09ed7fdcedb5ac5880d660"
"1581","MILITEM GROUP PTY LTD","Semiconductor and Other Electronic Component Manufacturing","Independent","EDEN PARK, VICTORIA, Australia","https://dnb.com/business-directory/company-profiles/militem-group-pty-ltd.955ff9537e8e41868be03b0166fb175b"
"1582","Hangzhou Public Fire Protection & Securi...","Other Specialty Trade Contractors","Parent","Hangzhou, Zhejiang, China","https://dnb.com/business-directory/company-profiles/hangzhou-public-fire-protection--security-co-ltd.01196ec8980463650cf9056a0812c464"
"1583","MARS FIRE & SECURITY SERVICES","Professional and Commercial Equipment and Supplies Merchant Wholesalers","Independent","Secunderabad, Telangana, India","https://dnb.com/business-directory/company-profiles/mars-fire--security-services.22006782e58d04e81828480a612b2cc2"
"1584","Bonoan Ventures, Inc.","Investigation and Security Services","Independent","Humble, TX, United States","https://dnb.com/business-directory/company-profiles/bonoan-ventures-inc.43e2074d6d9543dd6bea074ba4e20a1e"
"1585","China Security & Fire Technology Holding...","Management of Companies and Enterprises","Subsidiary","Hunghom, Kowloon, Hong Kong","https://dnb.com/business-directory/company-profiles/china-security--fire-technology-holdings-limited.8e117714096e578317e5c323d5abcbd5"
"1586","China Security & Fire International Hold...","Management of Companies and Enterprises","Subsidiary","Hunghom, Kowloon, Hong Kong","https://dnb.com/business-directory/company-profiles/china-security--fire-international-holdings-limited.516ee596d6489fe687a3410da2237b33"
"1587","Jining Antai Fire-Fighting Security Equi...","Machinery, Equipment, and Supplies Merchant Wholesalers","Parent","Jining, Shandong, China","https://dnb.com/business-directory/company-profiles/jining-antai-fire-fighting-security-equipment-coltd.5ab1eb85c6ad1da220e60b47854b62e2"
"1588","Shanghai Keruijie Intelligence Fire Figh...","Machinery, Equipment, and Supplies Merchant Wholesalers","Parent","Shanghai, Shanghai, China","https://dnb.com/business-directory/company-profiles/shanghai-keruijie-intelligence-fire-fighting-security-equipment-co-ltd.cef552d907c69fb9ad0924c949d8e880"
"1589","BeSure Fire & Security","Investigation and Security Services","Independent","ST LEONARDS-ON-SEA, England, United Kingdom","https://dnb.com/business-directory/company-profiles/besure-fire--security.bff6e5d3d3676c15512fa496a2da9c39"
"1590","ACTION FIRE PROTECTION LLC","Other Support Services","Independent","Bristow, OK, United States","https://dnb.com/business-directory/company-profiles/action-fire-protection-llc.d3ddefc7c5199a622cbf4bd7565f72ce"
"1591","SA SOLAR ENERGY CC","Electric Power Generation, Transmission and Distribution","Independent","JOHANNESBURG, GAUTENG, South Africa","https://dnb.com/business-directory/company-profiles/sa-solar-energy-cc.fd0c85cb9aca6a2bfba3f5793476fce0"
"1592","Fire Security Holding AS","Architectural, Engineering, and Related Services","Subsidiary","KRISTIANSAND S, AGDER, Norway","https://dnb.com/business-directory/company-profiles/fire-security-holding-as.af1de3dd31c6b1e11f1c4486a9c8ffc3"
"1593","TRIPLE STAR FIRE & SECURITY LIMITED","Architectural, Engineering, and Related Services","Independent","ORPINGTON, England, United Kingdom","https://dnb.com/business-directory/company-profiles/triple-star-fire--security-limited.ffa3bd7ae8f8a1393af7cc740c2ed655"
"1594","FIRE SECURITY ELECTRONICS AND CONTROLS C...","Machinery, Equipment, and Supplies Merchant Wholesalers","Independent","Doha, Ad Dawhah (Doha), Qatar","https://dnb.com/business-directory/company-profiles/fire-security-electronics-and-controls-co.4e8d9aa1b0d38d8c304ce5df0c9fc468"
"1595","FOX FIRE SECURITY SYSTEMS LLC","Machinery, Equipment, and Supplies Merchant Wholesalers","Independent","Abu Dhabi, Abu Dhabi, United Arab Emirates","https://dnb.com/business-directory/company-profiles/fox-fire-security-systems-llc.ad7f8e04bbf8639419bf3985a3bc574c"
"1596","NOVUS FIRE & SECURITY LLC","Machinery, Equipment, and Supplies Merchant Wholesalers","Independent","Dubai, Dubai, United Arab Emirates","https://dnb.com/business-directory/company-profiles/novus-fire--security-llc.3ff830356824f84e70f884b2b437c360"
"1597","Ulsan Jungbu Fire Station Eonyang 119 Se...","Justice, Public Order, and Safety Activities","Independent","Ulsan, Ulsan, Republic Of Korea","https://dnb.com/business-directory/company-profiles/ulsan-jungbu-fire-station-eonyang-119-security-center.2a4ec55e6d7ec61f7e2a6729d9e34021"
"1598","Shijie Brigade, City Public Security Fir...","Social Advocacy Organizations","Independent","Dongguan, Guangdong, China","https://dnb.com/business-directory/company-profiles/shijie-brigade-city-public-security-fire-fighting-division-of-dongguan.feb176515564cb0ca8f4a62e98276533"
"1599","Haishu District Brigade, City Public Sec...","Social Advocacy Organizations","Independent","Ningbo, Zhejiang, China","https://dnb.com/business-directory/company-profiles/haishu-district-brigade-city-public-security-fire-fighting-division-of-ningbo.1c485bd7834d01bf1e66354967192d72"
"1600","XL FIRE AND SECURITY, INC.","Building Equipment Contractors","Independent","Murrieta, CA, United States","https://dnb.com/business-directory/company-profiles/xl-fire-and-security-inc.6f16edfe69d94b7dc40bfd2f2efa2a00"
"1601","WILDCAT FIRE SERVICES, INC.","Other Electrical Equipment and Component Manufacturing","Independent","Mesa, AZ, United States","https://dnb.com/business-directory/company-profiles/wildcat-fire-services-inc.0bdcbec1420985af93d6f309cc175f1a"
"1602","YES FIRE SAFETY AND SECURITY EQUIMENTS C...","Building Equipment Contractors","Independent","Siddharthnagar, Uttar Pradesh, India","https://dnb.com/business-directory/company-profiles/yes-fire-safety-and-security-equiments-co.2d135341074540ef81b8cfbc69449946"
"1603","MOON BAY TRADING CO PTY LTD","Communications Equipment Manufacturing","Independent","EXMOUTH, WESTERN AUSTRALIA, Australia","https://dnb.com/business-directory/company-profiles/moon-bay-trading-co-pty-ltd.50cd9678de33a58a0fadb89c6e7ffc17"
"1604","Fire Alarm Systems & Security, Inc.","Building Equipment Contractors","Independent","Fort Lauderdale, FL, United States","https://dnb.com/business-directory/company-profiles/fire-alarm-systems--security-inc.694ad29949dfbff720f6a825bc6fb778"
"1605","RAPID FIRE SECURITY SOLUTION","Miscellaneous Durable Goods Merchant Wholesalers","Independent","Dadra, Dadra & Nagar Haveli and Daman & Diu, India","https://dnb.com/business-directory/company-profiles/rapid-fire-security-solution.6215978a540b5847e6628af7f4980a47"
"1606","VERMA SECURITY & FIRE SAFETY SERVICE","Miscellaneous Durable Goods Merchant Wholesalers","Independent","Hisar, Haryana, India","https://dnb.com/business-directory/company-profiles/verma-security--fire-safety-service.7c4b25f7d9a9d16d79ad2606ddbef303"
"1607","GARUDA FIRE PROTECTION AND SECURITY SYST...","Miscellaneous Durable Goods Merchant Wholesalers","Independent","Bengaluru, Karnataka, India","https://dnb.com/business-directory/company-profiles/garuda-fire-protection-and-security-systems.e456f59d27fd7107c33ea39dd4916dff"
"1608","VERMA SECURITY AND FIRE SAFETY SERVICES ...","Miscellaneous Durable Goods Merchant Wholesalers","Independent","Hisar, Haryana, India","https://dnb.com/business-directory/company-profiles/verma-security-and-fire-safety-services-hisar.109e583c1df16ecc6bba673b81523516"
"1609","GLOBAL FIRE & SECURITY SYSTEMS","Miscellaneous Durable Goods Merchant Wholesalers","Independent","Hyderabad, Telangana, India","https://dnb.com/business-directory/company-profiles/global-fire--security-systems.2389492456a7a4d02d19bd8c84151f89"
"1610","LOTUS FIRE AND SECURITY","Miscellaneous Durable Goods Merchant Wholesalers","Independent","Hyderabad, Telangana, India","https://dnb.com/business-directory/company-profiles/lotus-fire-and-security.cbd9bc590ef032a8f645965aba5d0751"
"1611","JCS POWER FIRE SERVICES AND SECURITY SYS...","Miscellaneous Durable Goods Merchant Wholesalers","Independent","Secunderabad, Telangana, India","https://dnb.com/business-directory/company-profiles/jcs-power-fire-services-and-security-systems.e91de04827ad151844bb77e8f1627619"
"1612","NAHA FIRE & SECURITY SYSTEMS","Miscellaneous Durable Goods Merchant Wholesalers","Independent","Hyderabad, Telangana, India","https://dnb.com/business-directory/company-profiles/naha-fire--security-systems.334fc02854900414ce364968bc4a5c7f"
"1613","SHIELD FIRE & SECURITY SERVICES","Miscellaneous Durable Goods Merchant Wholesalers","Independent","Hyderabad, Telangana, India","https://dnb.com/business-directory/company-profiles/shield-fire--security-services.85ba788833d736c89a85940a74b4d267"
"1614","SETHU FIRE & SECURITY SERVICES","Miscellaneous Durable Goods Merchant Wholesalers","Independent","Rangareddy, Telangana, India","https://dnb.com/business-directory/company-profiles/sethu-fire--security-services.b240f3bc92f2e6a315e31fce2ab558f8"
"1615","MR FIRE & SECURITY SYSTEMS","Miscellaneous Durable Goods Merchant Wholesalers","Independent","Ernakulam, Kerala, India","https://dnb.com/business-directory/company-profiles/mr-fire--security-systems.f75f31988f4983d064fd7c91d6e9d8ba"
"1616","ADLER FIRE PROTECTION AND SECURITY SYSTE...","Miscellaneous Durable Goods Merchant Wholesalers","Independent","Bengaluru, Karnataka, India","https://dnb.com/business-directory/company-profiles/adler-fire-protection-and-security-system.85be60888f5090ed14059346578255a7"
"1617","S R FIRE SECURITY","Miscellaneous Durable Goods Merchant Wholesalers","Independent","North 24 Parganas, West Bengal, India","https://dnb.com/business-directory/company-profiles/s-r-fire-security.aaf1c7819fa1766ca97bc5d8a57dbe7a"
"1618","Gyeonggi Fire & Security","Building Equipment Contractors","Independent","Anyang, Gyeonggi, Republic Of Korea","https://dnb.com/business-directory/company-profiles/gyeonggi-fire--security.c5e559c40040e304f5fcba00155a2cfc"
"1619","INNOVATIVE FIRE AND SECURITY SYSYTEMS","Household Appliances and Electrical and Electronic Goods Merchant Wholesalers","Independent","Hyderabad, Telangana, India","https://dnb.com/business-directory/company-profiles/innovative-fire-and-security-sysytems.75bd7870da21912cc968937c7012923a"
"1620","AMAZON FIRE & SECURITY SOLUTIONS","Household Appliances and Electrical and Electronic Goods Merchant Wholesalers","Independent","Guntur, Andhra Pradesh, India","https://dnb.com/business-directory/company-profiles/amazon-fire--security-solutions.7253c8f8f01a9fc686570716772a49a2"
"1621","REDDYS FIRE AND SECURITY SYSTEMS","Household Appliances and Electrical and Electronic Goods Merchant Wholesalers","Independent","Hyderabad, Telangana, India","https://dnb.com/business-directory/company-profiles/reddys-fire-and-security-systems.759d4755fe94801f9696633ff3a8754b"
"1622","MATRIX FIRE & SECURITY SYSTEMS","Household Appliances and Electrical and Electronic Goods Merchant Wholesalers","Independent","Hyderabad, Telangana, India","https://dnb.com/business-directory/company-profiles/matrix-fire--security-systems.41e605ada26efd4934f1d17231f7f496"
"1623","KLR FIRE AND SECURITY, LLC","Investigation and Security Services","Independent","Columbia Station, OH, United States","https://dnb.com/business-directory/company-profiles/klr-fire-and-security-llc.2f2ed01a296672528d3d6278316051f1"
"1624","A.E.C. FIRE - SAFETY & SECURITY, INCORPO...","Other Miscellaneous Retailers","Independent","Springfield, IL, United States","https://dnb.com/business-directory/company-profiles/aec-fire---safety--security-incorporated.c864c278dcb6b061820b3c6b6b9d6742"
"1625","SIM FIRE AND SECURITY LIMITED","Investigation and Security Services","Subsidiary","GLASGOW, Scotland, United Kingdom","https://dnb.com/business-directory/company-profiles/sim-fire-and-security-limited.015b3c77934c9531fa6e3f0f7b741d3c"
"1626","Chengdu Tongchuan Fire Fighting Security...","Nonresidential Building Construction","Parent","Chengdu, Sichuan, China","https://dnb.com/business-directory/company-profiles/chengdu-tongchuan-fire-fighting-security-engineering-co-ltd.243f22f9541a6dbf36c8aacfaf4d020a"
"1627","DELA FIRE AND SECURITY LIMITED","Architectural, Engineering, and Related Services","Independent","SITTINGBOURNE, England, United Kingdom","https://dnb.com/business-directory/company-profiles/dela-fire-and-security-limited.abc2507d72d136259a41669d39415fcd"
"1628","BRAKE FIRE SAFETY & SECURITY/ (S.P.S - L...","Machinery, Equipment, and Supplies Merchant Wholesalers","Parent","Ajman, Ajman, United Arab Emirates","https://dnb.com/business-directory/company-profiles/brake-fire-safety--security--(sps---llc).d71fc9ef66a2048381a03c1b728490ab"
"1629","BRAKE FIRE SAFETY & SECURITY/ (S.P.S - L...","","Branch","Abu Dhabi, Abu Dhabi, United Arab Emirates","https://dnb.com/business-directory/company-profiles/brake-fire-safety--security--(sps---llc)---branch-of-abu-dhabi.f9659b20b934655063ca49335bf4bc5c"
"1630","BRAKE FIRE SAFETY & SECURITY LLC SHJ. BR...","","Branch","Sharjah, Sharjah, United Arab Emirates","https://dnb.com/business-directory/company-profiles/brake-fire-safety--security-llc-shj-br.ff5cbec250c62fb54b15dd499087e2c4"
"1631","BRAKE FIRE SAFETY AND SECURITY L.L.C - D...","","Branch","Dubai, Dubai, United Arab Emirates","https://dnb.com/business-directory/company-profiles/brake-fire-safety-and-security-llc---dubai-branch.9357419c4d127b8a1b7d2bf866f4a45a"
"1632","SECURITY AND FIRE SAFETY","Miscellaneous Durable Goods Merchant Wholesalers","Independent","New Delhi, Delhi, India","https://dnb.com/business-directory/company-profiles/security-and-fire-safety.828c3bcdff4f86e284b19a1738c55d56"
"1633","Nantong Shisen Fire Fighting Security Eq...","Other General Purpose Machinery Manufacturing","Independent","Nantong, Jiangsu, China","https://dnb.com/business-directory/company-profiles/nantong-shisen-fire-fighting-security-equipment-co-ltd.45f8969b50ffceed5d937298e8d8786f"
"1634","LELAND FIRE AND SECURITY LIMITED","Investigation and Security Services","Subsidiary","SWINDON, England, United Kingdom","https://dnb.com/business-directory/company-profiles/leland-fire-and-security-limited.c162ed9e2c519677e9ee92ba01ef9ef9"
"1635","SECURITY AND FIRE ENTERPRISES","Investigation and Security Services","Independent","New Delhi, Delhi, India","https://dnb.com/business-directory/company-profiles/security-and-fire-enterprises.781de19618bdcb310196976c0f5229c2"
"1636","KING'S FIRE PROTECTION AND SECURITY SYST...","Investigation and Security Services","Independent","Bardez, Goa, India","https://dnb.com/business-directory/company-profiles/kings-fire-protection-and-security-system-llp.8b50d5e05d51d4789785cb30459cecfb"
"1637","Hebei Tangsheng Fire Fighting Security E...","Other General Purpose Machinery Manufacturing","Independent","Baoding, Hebei, China","https://dnb.com/business-directory/company-profiles/hebei-tangsheng-fire-fighting-security-equipment-co-ltd.e26a3620ad4034059a4a276ecf61645c"
"1638","SCOPE FIRE AND SECURITY LTD","Building Equipment Contractors","Independent","BURNLEY, England, United Kingdom","https://dnb.com/business-directory/company-profiles/scope-fire-and-security-ltd.7f41276730cf2f94204de9510a4ff242"
"1639","AMAX FIRE AND SECURITY LIMITED","Investigation and Security Services","Independent","HARROW, England, United Kingdom","https://dnb.com/business-directory/company-profiles/amax-fire-and-security-limited.62d9c530726c5e1a4e27c882390b35f7"
"1640","KGS FIRE & SECURITY AUSTRALIA PTY LTD","Other Electrical Equipment and Component Manufacturing","Independent","NOTTING HILL, VICTORIA, Australia","https://dnb.com/business-directory/company-profiles/kgs-fire--security-australia-pty-ltd.e6446bcd92f08872823627c4040d1350"
"1641","Sichuan Xingjingyi Fire Fighting Securit...","Building Equipment Contractors","Independent","Dazhou, Sichuan, China","https://dnb.com/business-directory/company-profiles/sichuan-xingjingyi-fire-fighting-security-equipment-equipment-co-ltd.358ad7a4fcf2b7a01962ca8e36b42dcb"
"1642","Allied Safe & Vault Co.","Building Material and Supplies Dealers","Independent","Spokane Valley, WA, United States","https://dnb.com/business-directory/company-profiles/allied-safe--vault-co.fcbe00341cd9f544fb91278c03a9bb23"
"1643","Shanghai Mouan Intelligence Fire Fightin...","Machinery, Equipment, and Supplies Merchant Wholesalers","Independent","Shanghai, Shanghai, China","https://dnb.com/business-directory/company-profiles/shanghai-mouan-intelligence-fire-fighting-security-equipment-co-ltd.b72086668b8680fe775284ec02b99fb2"
"1644","Qujing Dacheng Commerce And Trade Co., L...","Machinery, Equipment, and Supplies Merchant Wholesalers","Independent","Qujing, Yunnan, China","https://dnb.com/business-directory/company-profiles/qujing-dacheng-commerce-and-trade-co-ltd.9ba286af7e2148ae7ac1461120ab36ee"
"1645","Inner Mongolia Jinglan Fire Fighting Sec...","Machinery, Equipment, and Supplies Merchant Wholesalers","Independent","Hohhot, Inner Mongolia, China","https://dnb.com/business-directory/company-profiles/inner-mongolia-jinglan-fire-fighting-security-equipment-co-ltd.8eb39b449c069f3d73b3cf4fd2d1eb94"
"1646","Shenzhen Fire Fighting Security Engineer...","Business Support Services","Independent","Guangzhou, Guangdong, China","https://dnb.com/business-directory/company-profiles/shenzhen-fire-fighting-security-engineering-equipment-co-ltd-guangzhou-office.6314cc8d188a000dfc3054ddf095aa44"
"1647","New Pulis (tianjin) Fire And Security Sy...","Business Support Services","Independent","Chongqing, Chongqing, China","https://dnb.com/business-directory/company-profiles/new-pulis-(tianjin)-fire-and-security-system-co-ltd-chongqing-office.b00059106b9ff1662d939277426f1810"
"1648","Beijing Shidao Fire Fighting Security En...","Business Support Services","Independent","Nanjing, Jiangsu, China","https://dnb.com/business-directory/company-profiles/beijing-shidao-fire-fighting-security-engineering-equipment-co-ltd-nanjing-of-fice.4117d1486be2ee5973631b8261ae792a"
"1649","FIRE SAFETY & SECURITY SERVICES PTY LIMI...","Building Equipment Contractors","Subsidiary","INGLEBURN, NEW SOUTH WALES, Australia","https://dnb.com/business-directory/company-profiles/fire-safety--security-services-pty-limited.9db59c56ce6fc652a4c8c2e33cc23c27"
"1650","SEQ FIRE & SECURITY PTY LTD","Building Equipment Contractors","Subsidiary","STAFFORD, QUEENSLAND, Australia","https://dnb.com/business-directory/company-profiles/seq-fire--security-pty-ltd.abd7da1399a69bffa93afcfe52be8d65"
"1651","ASTUTE FIRE & SECURITY PTY LTD","Building Equipment Contractors","Subsidiary","BELROSE, NEW SOUTH WALES, Australia","https://dnb.com/business-directory/company-profiles/astute-fire--security-pty-ltd.ef42299a0595250c4a5e5cfe14c5f30e"
"1652","ADVANCED SOLUTIONS AUSTRALIA PTY LTD","Building Equipment Contractors","Subsidiary","MARRICKVILLE, NEW SOUTH WALES, Australia","https://dnb.com/business-directory/company-profiles/advanced-solutions-australia-pty-ltd.48b542a110930b13dd5eb23dc57180f6"
"1653","PAUL-TEC (AUSTRALIA) PTY LTD","Building Equipment Contractors","Subsidiary","SEVEN HILLS, NEW SOUTH WALES, Australia","https://dnb.com/business-directory/company-profiles/paul-tec-(australia)-pty-ltd.79dddb33e2bda098197d6e42ebe09967"
"1654","BOTECH NOMINEES PTY LTD","Building Equipment Contractors","Subsidiary","MALAGA, WESTERN AUSTRALIA, Australia","https://dnb.com/business-directory/company-profiles/botech-nominees-pty-ltd.52cd505ec111f91b975e42a7ebc1f8ac"
"1655","SAFER FACILITIES GROUP PTY LTD","Building Equipment Contractors","Subsidiary","GOONELLABAH, NEW SOUTH WALES, Australia","https://dnb.com/business-directory/company-profiles/safer-facilities-group-pty-ltd.588a8a4c4753b3081ce525c34f66b099"
"1656","NULL FIRE & SECURITY PTY LTD","Building Equipment Contractors","Subsidiary","HOMEBUSH WEST, NEW SOUTH WALES, Australia","https://dnb.com/business-directory/company-profiles/null-fire--security-pty-ltd.fa95d8aada1fb83df595458f2c49d099"
"1657","GALAXY FIRE AND SECURITY SYSTEM","Building Equipment Contractors","Independent","New Delhi, Delhi, India","https://dnb.com/business-directory/company-profiles/galaxy-fire-and-security-system.237a53541424f514e9368ed957ce6c09"
"1658","Minqin County Lvzhou Fire Fighting Secur...","Furniture and Home Furnishings Retailers","Independent","Wuwei, Gansu, China","https://dnb.com/business-directory/company-profiles/minqin-county-lvzhou-fire-fighting-security-co-ltd.71c2ec191b90d560a372f29521969ec8"
"1659","SECURITY FIRE PREVENTION, INC.","Miscellaneous Durable Goods Merchant Wholesalers","Independent","Miami, FL, United States","https://dnb.com/business-directory/company-profiles/security-fire-prevention-inc.0c9d1df60c737534e8f0bdad04876296"
"1660","RADIUS FIRE SECURITY SYSTEM","Professional and Commercial Equipment and Supplies Merchant Wholesalers","Independent","Ghaziabad, Uttar Pradesh, India","https://dnb.com/business-directory/company-profiles/radius-fire-security-system.cd72425587461d16231587ca6d15759f"
"1661","AFA FIRE & SECURITY LIMITED","Building Equipment Contractors","Subsidiary","BATHGATE, Scotland, United Kingdom","https://dnb.com/business-directory/company-profiles/afa-fire--security-limited.ecb5d8eeca2463f4c0c6708ee0470220"
"1662","PROACTS FIRE AND SECURITY SYSTEMS","Building Equipment Contractors","Independent","Bengaluru, Karnataka, India","https://dnb.com/business-directory/company-profiles/proacts-fire-and-security-systems.e84add1efc7d3dddb2bdabd30d57d24f"
"1663","MAHALAKSHMI FIRE AND SECURITY SYATEM","Building Equipment Contractors","Independent","Bengaluru, Karnataka, India","https://dnb.com/business-directory/company-profiles/mahalakshmi-fire-and-security-syatem.c284adb9b28958664deb55ec9c62de70"
"1664","Alarm Center, Inc.","Investigation and Security Services","Parent","Lacey, WA, United States","https://dnb.com/business-directory/company-profiles/alarm-center-inc.7780e22283224ed784dbe23d9c2127f9"
"1665","VGP FIRE & SECURITY SYSTEMS","Furniture and Home Furnishing Merchant Wholesalers","Independent","Hyderabad, Telangana, India","https://dnb.com/business-directory/company-profiles/vgp-fire--security-systems.01a34bb6a156ed1ee607d75969ad5527"
"1666","Omni Fire And Security Systems L.P.","Investigation and Security Services","Independent","Houston, TX, United States","https://dnb.com/business-directory/company-profiles/omni-fire-and-security-systems-lp.3f1a244a62f0d79e8685ab513f6b1452"
"1667","Shanghai Dayang Fire Fighting & Security...","Machinery, Equipment, and Supplies Merchant Wholesalers","Independent","Shanghai, Shanghai, China","https://dnb.com/business-directory/company-profiles/shanghai-dayang-fire-fighting--security-engineering-co-ltd.f742648cbd6480e79de9fc8d0cd0560d"
"1668","DDE SERVICES (ELECTRICAL, FIRE SECURITY)...","Electric Power Generation, Transmission and Distribution","Independent","ARNDELL PARK, NEW SOUTH WALES, Australia","https://dnb.com/business-directory/company-profiles/dde-services-(electrical-fire-security)-pty-ltd.38c618e18ab40f1dc94e1dfd9f897203"
"1669","METAS SECURITY AND FIRE SERVICES PRIVATE...","Investigation and Security Services","Parent","Raipur, Chhattisgarh, India","https://dnb.com/business-directory/company-profiles/metas-security-and-fire-services-private-limited.5730861645359613282bfa6c1607ac0e"
"1670","Black Tusk Fire & Security Inc","Building Equipment Contractors","Independent","Whistler, BC, Canada","https://dnb.com/business-directory/company-profiles/black-tusk-fire--security-inc.a737dd9feeab44e1f8c82618907d3b28"
"1671","CHILMAN FIRE AND SECURITY LIMITED","Architectural, Engineering, and Related Services","Independent","KIDLINGTON, England, United Kingdom","https://dnb.com/business-directory/company-profiles/chilman-fire-and-security-limited.32ffdc859b03a8069a78a4de44e36a9d"
"1672","FIRST SECURITY SERVICE, INC.","Building Equipment Contractors","Independent","Durham, NC, United States","https://dnb.com/business-directory/company-profiles/first-security-service-inc.132fbbfb5c8265607712f86e8e49d1ce"
"1673","Fire & Security Centre","Building Material and Supplies Dealers","Independent","Dryden, ON, Canada","https://dnb.com/business-directory/company-profiles/fire--security-centre.e6c4a4ef8be602bbfb37d1ecca87aa6a"
"1674","APM FIRE AND SECURITY LIMITED","Building Equipment Contractors","Independent","GLOUCESTER, England, United Kingdom","https://dnb.com/business-directory/company-profiles/apm-fire-and-security-limited.6e0c8f2ae345562513e0ba660ed638ee"
"1675","PSK FIRE & SECURITY SOLUTIONS PRIVATE LI...","Investigation and Security Services","Independent","Pune, Maharashtra, India","https://dnb.com/business-directory/company-profiles/psk-fire--security-solutions-private-limited.f642d7445d3d0bb71c48ff515ebd7a87"
"1676","AU FIRE SECURITY SERVICES PRIVATE LIMITE...","Investigation and Security Services","Independent","New Delhi, Delhi, India","https://dnb.com/business-directory/company-profiles/au-fire-security-services-private-limited.2b334452b19385f6bf64a4ae94727181"
"1677","TARUN SECURITY SERVICES AND FIRE FIGHTIN...","Investigation and Security Services","Independent","Jhajjar, Haryana, India","https://dnb.com/business-directory/company-profiles/tarun-security-services-and-fire-fighting-solutions-private-limited.2c866b69a204683adc467a3644040eb5"
"1678","TERAH FIRE & SECURITY","Machinery, Equipment, and Supplies Merchant Wholesalers","Independent","Bengaluru, Karnataka, India","https://dnb.com/business-directory/company-profiles/terah-fire--security.09dfd7e46f2db2cbbc124f52314e4ffc"
"1679","Fire Fighter Co Security And Safety Equi...","Investigation and Security Services","Independent","Dubai, Dubai, United Arab Emirates","https://dnb.com/business-directory/company-profiles/fire-fighter-co-security-and-safety-equipmntllc.086b1a505fd7137aaea81b4ba383de05"
"1680","Seguridad E B V S.A.","Investigation and Security Services","Independent","SANTIAGO, Santiago, Chile","https://dnb.com/business-directory/company-profiles/seguridad-e-b-v-sa.5fc91d88a7faee6bae4f090af8c6a659"
"1681","STEALTH FIRE & SECURITY LIMITED","Business Support Services","Independent","SOUTH CROYDON, England, United Kingdom","https://dnb.com/business-directory/company-profiles/stealth-fire--security-limited.5442f3d9dfd4f38ef027cb4776d3b9f0"
"1682","PHELA KE PELE FIRE AND SECURITY CC","Other Professional, Scientific, and Technical Services","Independent","RUSLOO, GAUTENG, South Africa","https://dnb.com/business-directory/company-profiles/phela-ke-pele-fire-and-security-cc.105f792942af5334522816579917b7f8"
"1683","MEGAWALT FIRE AND SECURITY SERVICES CC","Other Professional, Scientific, and Technical Services","Independent","RUSLOO, GAUTENG, South Africa","https://dnb.com/business-directory/company-profiles/megawalt-fire-and-security-services-cc.969b17486978c0ca66afbd806ab568eb"
"1684","MERIMNA FIRE AND SECURITY (PTY) LTD","Other Professional, Scientific, and Technical Services","Independent","HALFWAY HOUSE, GAUTENG, South Africa","https://dnb.com/business-directory/company-profiles/merimna-fire-and-security-(pty)-ltd.d21d719ce20dca393a6877d89d3b010d"
"1685","VOE FIRE AND SECURITY SYSTEMS CC","Other Professional, Scientific, and Technical Services","Independent","JOHANNESBURG, GAUTENG, South Africa","https://dnb.com/business-directory/company-profiles/voe-fire-and-security-systems-cc.512ad8d4eb195d33e86fb41dc717b9aa"
"1686","ZWAKALA FIRE AND SECURITY SERVICES CC","Other Professional, Scientific, and Technical Services","Independent","JOHANNESBURG, GAUTENG, South Africa","https://dnb.com/business-directory/company-profiles/zwakala-fire-and-security-services-cc.bda13ca7fe47986fd7e6b28ff2174f5e"
"1687","C P FIRE AND SECURITY PROJECTS CC","Other Professional, Scientific, and Technical Services","Independent","KEMPTON PARK, GAUTENG, South Africa","https://dnb.com/business-directory/company-profiles/c-p-fire-and-security-projects-cc.a48483a9e2335f4a1f386ca17473c06a"
"1688","MEGA FIRE SECURITY SERVICES CC","Other Professional, Scientific, and Technical Services","Independent","THOHOYANDOU, LIMPOPO, South Africa","https://dnb.com/business-directory/company-profiles/mega-fire-security-services-cc.282d594068b8b4463a7b5def843b4f64"
"1689","CENTRAL FIRE AND SECURITY SERVICES (PTY)...","Other Professional, Scientific, and Technical Services","Independent","JOHANNESBURG, GAUTENG, South Africa","https://dnb.com/business-directory/company-profiles/central-fire-and-security-services-(pty)-ltd.2a5f65144c2a97cd35bbac13df9996eb"
"1690","FIRE AND SECURITY SURVEILLANCE (PTY) LTD","Other Professional, Scientific, and Technical Services","Independent","JOHANNESBURG, GAUTENG, South Africa","https://dnb.com/business-directory/company-profiles/fire-and-security-surveillance-(pty)-ltd.a0f65023e6be6fffe209989e13acac1a"
"1691","ABC MARKETING NATAL CC","Other Professional, Scientific, and Technical Services","Independent","JOHANNESBURG, GAUTENG, South Africa","https://dnb.com/business-directory/company-profiles/abc-marketing-natal-cc.191d3f2132f0fa8953f2b1c71c3fbc81"
"1692","ABC MARKETING (MPUMALANGA) CC","Other Professional, Scientific, and Technical Services","Independent","SPRINGS, GAUTENG, South Africa","https://dnb.com/business-directory/company-profiles/abc-marketing-(mpumalanga)-cc.e07fcaa0555e9ea6301c2a69d6f47932"
"1693","ABC MARKETING FREE STATE CC","Other Professional, Scientific, and Technical Services","Independent","JOHANNESBURG, GAUTENG, South Africa","https://dnb.com/business-directory/company-profiles/abc-marketing-free-state-cc.002ad11e1b64da42d9780f3c6783fd9b"
"1694","R M D FIRE EXTINGUISHERS AND SECURITY CC","Other Professional, Scientific, and Technical Services","Independent","JOHANNESBURG, GAUTENG, South Africa","https://dnb.com/business-directory/company-profiles/r-m-d-fire-extinguishers-and-security-cc.42574714ec0671be49c1b15b80efa8ad"
"1695","HD FIRE AND SECURITY NELSPRUIT (PTY) LTD","Other Professional, Scientific, and Technical Services","Independent","PRETORIA, GAUTENG, South Africa","https://dnb.com/business-directory/company-profiles/hd-fire-and-security-nelspruit-(pty)-ltd.db4c686da3318fa4f6e7e009ba6ff79c"
"1696","LECHABILE FIRE SECURITY SERVICES CC","Other Professional, Scientific, and Technical Services","Independent","SPRINGS, GAUTENG, South Africa","https://dnb.com/business-directory/company-profiles/lechabile-fire-security-services-cc.67a3048b050f7713757ec10fd17be0d9"
"1697","MLAMLANKUNZI FIRE SECURITY SERVICES CC","Other Professional, Scientific, and Technical Services","Independent","BENONI, GAUTENG, South Africa","https://dnb.com/business-directory/company-profiles/mlamlankunzi-fire-security-services-cc.da0083959770af84dcf6345b18d980ff"
"1698","FIRE SECURITY TRAINING COLLEGE CC","Other Professional, Scientific, and Technical Services","Independent","PRETORIA, GAUTENG, South Africa","https://dnb.com/business-directory/company-profiles/fire-security-training-college-cc.08e9d0bfdb78f65a81c71fb2a5e906dc"
"1699","FUZUDLADLA TRADING AND CONSULTING (PTY) ...","Other Professional, Scientific, and Technical Services","Independent","PINETOWN, KWA-ZULU NATAL, South Africa","https://dnb.com/business-directory/company-profiles/fuzudladla-trading-and-consulting-(pty)-ltd.9969c34e4d9723435ef389737003ed32"
"1700","KATMAN FIRE AND SECURITY (PTY) LTD","Other Professional, Scientific, and Technical Services","Independent","LIMPOPO, EASTERN CAPE, South Africa","https://dnb.com/business-directory/company-profiles/katman-fire-and-security-(pty)-ltd.80db803c8d91a8afcadf52073dfac5f9"
"1701","VDC FIRE AND SECURITY (PTY) LTD","Other Professional, Scientific, and Technical Services","Independent","KING WILLIAMS TOWN, EASTERN CAPE, South Africa","https://dnb.com/business-directory/company-profiles/vdc-fire-and-security-(pty)-ltd.f8cd62da03c94df1e84b14dc85f41b97"
"1702","RAW FIRE AND SECURITY JOHANNESBURG (PTY)...","Other Professional, Scientific, and Technical Services","Independent","BOKSBURG, GAUTENG, South Africa","https://dnb.com/business-directory/company-profiles/raw-fire-and-security-johannesburg-(pty)-ltd.94846933e882c12ce9985de5d7fa5a98"
"1703","FIRE FORCE SECURITY CC","Other Professional, Scientific, and Technical Services","Independent","QUEENSTOWN, EASTERN CAPE, South Africa","https://dnb.com/business-directory/company-profiles/fire-force-security-cc.bef745208448423e0e59ef42169cb4fa"
"1704","INTEGRATED FIRE AND SECURITY SPECIALISTS...","Other Professional, Scientific, and Technical Services","Independent","PHOENIX, KWA-ZULU NATAL, South Africa","https://dnb.com/business-directory/company-profiles/integrated-fire-and-security-specialists-cc.e3ca03557fa07745e7f2df1af4b0934e"
"1705","FIRE & ELECTRONIC SECURITY SOLUTIONS","Other Professional, Scientific, and Technical Services","Independent","Accra, Greater Accra, Ghana","https://dnb.com/business-directory/company-profiles/fire--electronic-security-solutions.823c34673dc817b5dd4f7a94352ce027"
"1706","ANATIK FIRE AND SECURITY (PTY) LTD","Other Professional, Scientific, and Technical Services","Independent","DURBAN, KWA-ZULU NATAL, South Africa","https://dnb.com/business-directory/company-profiles/anatik-fire-and-security-(pty)-ltd.53f0e921fdc77b673524cd38ed95b5b4"
"1707","MARS FIRE & SECURITY","Miscellaneous Durable Goods Merchant Wholesalers","Independent","Hyderabad, Telangana, India","https://dnb.com/business-directory/company-profiles/mars-fire--security.7fc4fac60e9e921610bb489de1d5126d"
"1708","HITECH FIRE PROTECTION ENGINEERS & SECUR...","Miscellaneous Durable Goods Merchant Wholesalers","Independent","Patiala, Punjab, India","https://dnb.com/business-directory/company-profiles/hitech-fire-protection-engineers--security-system-private-limited.6a5986445a9dcea1338c03798b24a5ff"
"1709","TRINITY FIRE AND SECURITY SOLUTIONS","Miscellaneous Durable Goods Merchant Wholesalers","Independent","Hyderabad, Telangana, India","https://dnb.com/business-directory/company-profiles/trinity-fire-and-security-solutions.aa9f21f2ae5b17eb983f42972dd5bc23"
"1710","SHIREE FIRE SECURITY SYSTEMS","Miscellaneous Durable Goods Merchant Wholesalers","Independent","Hyderabad, Telangana, India","https://dnb.com/business-directory/company-profiles/shiree-fire-security-systems.b040aa124dc9a1a84280efccbec1732b"
"1711","MARS FIRE AND SECURITY","Miscellaneous Durable Goods Merchant Wholesalers","Independent","Secunderabad, Telangana, India","https://dnb.com/business-directory/company-profiles/mars-fire-and-security.101249ddc720024d70a3c5f012779299"
"1712","SHELL FIRE & SECURITY SOLUTIONS","Miscellaneous Durable Goods Merchant Wholesalers","Independent","Hyderabad, Telangana, India","https://dnb.com/business-directory/company-profiles/shell-fire--security-solutions.ba1e9746b9e87376ff51ba3d93424e1e"
"1713","SAFEWELL FIRE & SECURITY SYSTEMS","Miscellaneous Durable Goods Merchant Wholesalers","Independent","Secunderabad, Telangana, India","https://dnb.com/business-directory/company-profiles/safewell-fire--security-systems.581e1931622b0e646175efd027844ced"
"1714","Fire Equipment Service Co.","Machinery, Equipment, and Supplies Merchant Wholesalers","Independent","Louisville, KY, United States","https://dnb.com/business-directory/company-profiles/fire-equipment-service-co.6a4878380aa8804948ad0208933306cc"
"1715","SOVEREIGN FIRE & SECURITY HOLDINGS LIMIT...","Business Support Services","Parent","BRISTOL, England, United Kingdom","https://dnb.com/business-directory/company-profiles/sovereign-fire--security-holdings-limited.f1557e4601641f1ac0058ef1683ebc24"
"1716","Carrier Fire & Security Corporation","Ventilation, Heating, Air-Conditioning, and Commercial Refrigeration Equipment M...","Subsidiary","Palm Beach Gardens, FL, United States","https://dnb.com/business-directory/company-profiles/carrier-fire--security-corporation.6c19f85bfda3df80c0f0c046ace93481"
"1717","PRW GROUP LIMITED","Building Equipment Contractors","Parent","RADSTOCK, England, United Kingdom","https://dnb.com/business-directory/company-profiles/prw-group-limited.92d6cf1d985384c6164cb265405903d9"
"1718","Wuhan Hanxing Huadewei Fire Fighting Sec...","Rubber Product Manufacturing","Independent","Wuhan, Hubei, China","https://dnb.com/business-directory/company-profiles/wuhan-hanxing-huadewei-fire-fighting-security-detection-co-ltd.9457bcc9702d9b73060d1dcb4aded6b6"
"1719","AMRUTH FIRE AND SECURITY SYSTEM","Household Appliances and Electrical and Electronic Goods Merchant Wholesalers","Independent","Bengaluru, Karnataka, India","https://dnb.com/business-directory/company-profiles/amruth-fire-and-security-system.6e6b44e9dfcf6fbf3eb55692addf9a70"
"1720","KRISHNA FIRE SECURITY SYSTEM","Household Appliances and Electrical and Electronic Goods Merchant Wholesalers","Independent","New Delhi, Delhi, India","https://dnb.com/business-directory/company-profiles/krishna-fire-security-system.74803fbae6bd57ac624406717195329e"
"1721","NETRA FIRE SECURITY SOLUTION","Household Appliances and Electrical and Electronic Goods Merchant Wholesalers","Independent","Ahmedabad, Gujarat, India","https://dnb.com/business-directory/company-profiles/netra-fire-security-solution.b798cf0d597ad9772776e9118ec03381"
"1722","SMART INDIANS SECURITY & FIRE SOLUTIONS","Household Appliances and Electrical and Electronic Goods Merchant Wholesalers","Independent","Kanpur, Uttar Pradesh, India","https://dnb.com/business-directory/company-profiles/smart-indians-security--fire-solutions.0edf6276dba9edba912e5ae4f3a401f5"
"1723","RELIABLE FIRE & SECURITY SYSTEMS","Household Appliances and Electrical and Electronic Goods Merchant Wholesalers","Independent","Guntur, Andhra Pradesh, India","https://dnb.com/business-directory/company-profiles/reliable-fire--security-systems.ef1d8131b81ee736c3906582d3324fbb"
"1724","PROTOTEX FIRE AND SECURITY SOLUTIONS","Household Appliances and Electrical and Electronic Goods Merchant Wholesalers","Independent","Bengaluru, Karnataka, India","https://dnb.com/business-directory/company-profiles/prototex-fire-and-security-solutions.bf690bec5c7a1fe98635269d8be51737"
"1725","ANGEL SECURITY & FIRE TECHNOLOGIES","Household Appliances and Electrical and Electronic Goods Merchant Wholesalers","Independent","New Delhi, Delhi, India","https://dnb.com/business-directory/company-profiles/angel-security--fire-technologies.0929cfe3660b9849deb4a9b3a4e240bf"
"1726","ROYAL FIRE & SECURITY SYSTEMS","Household Appliances and Electrical and Electronic Goods Merchant Wholesalers","Independent","Bengaluru, Karnataka, India","https://dnb.com/business-directory/company-profiles/royal-fire--security-systems.94aaa678b3b70c3943a4885dccc195ad"
"1727","SKY FLY SECURITY & FIRE SAFETY SERVICES","Household Appliances and Electrical and Electronic Goods Merchant Wholesalers","Independent","Etawah, Uttar Pradesh, India","https://dnb.com/business-directory/company-profiles/sky-fly-security--fire-safety-services.1eb119c130a9f2c1174b5ab38e3b92f8"
"1728","EXPERT FIRE & SECURITY SOLUTION","Household Appliances and Electrical and Electronic Goods Merchant Wholesalers","Independent","Pune, Maharashtra, India","https://dnb.com/business-directory/company-profiles/expert-fire--security-solution.577a4d3ca4ea205987a890aadeb007aa"
"1729","LAXMI FIRE & ELECTRONICS SECURITY SOLUTI...","Household Appliances and Electrical and Electronic Goods Merchant Wholesalers","Independent","Ghaziabad, Uttar Pradesh, India","https://dnb.com/business-directory/company-profiles/laxmi-fire--electronics-security-solution.42fb5a643b43c08238b9128c590f0697"
"1730","Kernel Conectividad Productiva, S.A. de ...","Building Equipment Contractors","Parent","Apodaca, NUEVO LEON, Mexico","https://dnb.com/business-directory/company-profiles/kernel-conectividad-productiva-sa-de-cv.bbd7d94bd42a946d5e2918f8fe8a4500"
"1731","TYCO FIRE AND SECURITY SERVICES CHINA LI...","Household Appliances and Electrical and Electronic Goods Merchant Wholesalers","Subsidiary","Kwun Tong, Kowloon, Hong Kong","https://dnb.com/business-directory/company-profiles/tyco-fire-and-security-services-china-limited.103dabe34e79379ecc4d3284bf3ed536"
"1732","FIRE SECURITY SYSTEMS SP Z O O","Building Equipment Contractors","Independent","Bielsko-Biała, śląskie, Poland","https://dnb.com/business-directory/company-profiles/fire-security-systems-sp-z-o-o.19c220dbdff851a6c53c036225be58e1"
"1733","Linyi Security Fire Fighting Equipment F...","Industrial Machinery Manufacturing","Independent","Linyi, Shandong, China","https://dnb.com/business-directory/company-profiles/linyi-security-fire-fighting-equipment-factory.6d518bf8859da2527ef8e142aadaf61a"
"1734","SHIVI FIRE AND SECURITY SERVICES LLP","Other Specialty Trade Contractors","Independent","Thane, Maharashtra, India","https://dnb.com/business-directory/company-profiles/shivi-fire-and-security-services-llp.e07b4ed131698f8278fa8bdcfd37546e"
"1735","KD FIRE AND SECURITY PROJECTS LLP","Other Specialty Trade Contractors","Independent","Ahmedabad, Gujarat, India","https://dnb.com/business-directory/company-profiles/kd-fire-and-security-projects-llp.97972887b3a1a2a3e353054817e10d6c"
"1736","FIRE GATE SAFETY & SECURITY SYSTEM LLP","Other Specialty Trade Contractors","Independent","Kollam, Kerala, India","https://dnb.com/business-directory/company-profiles/fire-gate-safety--security-system-llp.10fdb565e07cd19789da7a2c990ce8ea"
"1737","T&S FIRE & SECURITY, INC.","Building Equipment Contractors","Parent","Greensboro, NC, United States","https://dnb.com/business-directory/company-profiles/ts-fire--security-inc.73ddee0c168e1d4b376af9918028e766"
"1738","MR FIRE & SECURITY SYSTEMS","Building Equipment Contractors","Independent","Ernakulam, Kerala, India","https://dnb.com/business-directory/company-profiles/mr-fire--security-systems.0f101131d845d98556560a85728785bc"
"1739","Hangzhou Xiaoshan District Security Fire...","Other Schools and Instruction","Independent","Hangzhou, Zhejiang, China","https://dnb.com/business-directory/company-profiles/hangzhou-xiaoshan-district-security-fire-protection-vocational-school.09bb3ca5f4c7982ab58b7537e469576c"
"1740","Anhui Haiyue Construction Engineering Co...","Machinery, Equipment, and Supplies Merchant Wholesalers","Parent","Hefei, Anhui, China","https://dnb.com/business-directory/company-profiles/anhui-haiyue-construction-engineering-co-ltd.5e6880d90c10211bd61c9ca03f09caa5"
"1741","J7 FIRE AND SECURITY LTD","Management of Companies and Enterprises","Parent","ORPINGTON, England, United Kingdom","https://dnb.com/business-directory/company-profiles/j7-fire-and-security-ltd.44f0d226f47852f030fc3fc8d2ffff78"
"1742","Protective Measures Security And Fire Sy...","Investigation and Security Services","Independent","Denville, NJ, United States","https://dnb.com/business-directory/company-profiles/protective-measures-security-and-fire-systems-llc.1897b0d89114e20f2724050749306f14"
"1743","Shaanxi Huaju Fire Fighting Security Equ...","Lawn and Garden Equipment and Supplies Retailers","Independent","Xi'an, Shaanxi, China","https://dnb.com/business-directory/company-profiles/shaanxi-huaju-fire-fighting-security-equipment-co-ltd.7cfa9c2edb5a8c8c6061b3b9f9aa0cc9"
"1744","Chubb Fire & Security Limited","Architectural, Engineering, and Related Services","Subsidiary","Norway","https://dnb.com/business-directory/company-profiles/chubb-fire--security-limited.788689e37d89018f573f24cded3738b8"
"1745","Heyuan Security Fire Equipment Co., Ltd","Lawn and Garden Equipment and Supplies Retailers","Independent","Longchuan County, Guangdong, China","https://dnb.com/business-directory/company-profiles/heyuan-security-fire-equipment-co-ltd.47288684f2d0d8ec3e34649ba17368d5"
"1746","INSTITUTE OF SECURITY AND FIRE TECHNOLOG...","Investigation and Security Services","Independent","Mumbai, Maharashtra, India","https://dnb.com/business-directory/company-profiles/institute-of-security-and-fire-technology.9f14d48cf5fff3b3e9a64c84b2fa2e65"
"1747","ESEC FIRE & SECURITY PRIVATE LIMITED","Investigation and Security Services","Parent","Chennai, Tamil Nadu, India","https://dnb.com/business-directory/company-profiles/esec-fire--security-private-limited.6635b723471a00715724bdfa4c4b0c91"
"1748","Chungcheongnamdo Fire Security Center","Justice, Public Order, and Safety Activities","Independent","Hongseong, Chungnam, Republic Of Korea","https://dnb.com/business-directory/company-profiles/chungcheongnamdo-fire-security-center.5d1c6bb21072c9420e1c6328ea65a707"
"1749","ARAB ACADEMY FOR FIRE SAFETY AND INDUSTR...","Colleges, Universities, and Professional Schools","Independent","Jeddah, Makkah Al Mukkaramah, Saudi Arabia","https://dnb.com/business-directory/company-profiles/arab-academy-for-fire-safety-and-industrial-security-training-institute-company.70949006dea4c686b6b1e3369d0f69b4"
"1750","R&R FIRE AND SECURITY LIMITED","Architectural, Engineering, and Related Services","Independent","WICKFORD, England, United Kingdom","https://dnb.com/business-directory/company-profiles/rr-fire-and-security-limited.02849cf68c31ac3a0d3c895e16220a46"
"1751","BROTHERS FIRE & SECURITY, INC.","Building Equipment Contractors","Subsidiary","Elk River, MN, United States","https://dnb.com/business-directory/company-profiles/brothers-fire--security-inc.f23c2e86f1b61bc4bbee071081f0737f"
"1752","CINTAS CORPORATION","Other General Purpose Machinery Manufacturing","Branch","Normal, IL, United States","https://dnb.com/business-directory/company-profiles/cintas-corporation.32e8e286c84358ca4edd973a7d75e1d5"
"1753","SRI Fire Sprinkler, LLC","Building Equipment Contractors","Branch","East Syracuse, NY, United States","https://dnb.com/business-directory/company-profiles/sri-fire-sprinkler-llc.ee218347400eaf66a2e5f5d12291e3b3"
"1754","AMERICAN FIRE SPRINKLER ASSOCIATION, INC...","Business Support Services","Branch","Hialeah, FL, United States","https://dnb.com/business-directory/company-profiles/american-fire-sprinkler-association-inc.e6f328437bf78d02bedb2718ea60cb30"
"1755","SOUTHERN FIRE SPRINKLER INC","Building Equipment Contractors","Branch","Gulfport, MS, United States","https://dnb.com/business-directory/company-profiles/southern-fire-sprinkler-inc.0be69884e445637b39c4424e9bccc6e9"
"1756","MIDWEST AUTOMATIC FIRE SPRINKLER CO.","Building Equipment Contractors","Branch","Omaha, NE, United States","https://dnb.com/business-directory/company-profiles/midwest-automatic-fire-sprinkler-co.698c68edd8d27943ada231ebd64eaec7"
"1757","MIDWEST AUTOMATIC FIRE SPRINKLER CO.","Building Equipment Contractors","Branch","Davenport, IA, United States","https://dnb.com/business-directory/company-profiles/midwest-automatic-fire-sprinkler-co.6a5e416d3b39c36bd803f6125c7ffec1"
"1758","Southern Fire Sprinkler Inc","Building Equipment Contractors","Branch","Diberville, MS, United States","https://dnb.com/business-directory/company-profiles/southern-fire-sprinkler-inc.543f527f0226eeb4852e27466a8e04c2"
"1759","SAFETY FIRE SPRINKLER CORP.","Building Equipment Contractors","Branch","Elmsford, NY, United States","https://dnb.com/business-directory/company-profiles/safety-fire-sprinkler-corp.4af0e660805eece3f7f183d30f655ce5"
"1760","VIRGINIA SPRINKLER COMPANY, INC.","Building Equipment Contractors","Branch","Salem, VA, United States","https://dnb.com/business-directory/company-profiles/virginia-sprinkler-company-inc.91a06ca30cb1430d81f46e42f945dc0d"
"1761","Capital City Fire Sprinkler Depot, LLC","","Branch","Baton Rouge, LA, United States","https://dnb.com/business-directory/company-profiles/capital-city-fire-sprinkler-depot-llc.4efb0b69afc5dcdeb3f4679b85675c57"
"1762","VIRGINIA SPRINKLER COMPANY, INC.","Building Equipment Contractors","Branch","Virginia Beach, VA, United States","https://dnb.com/business-directory/company-profiles/virginia-sprinkler-company-inc.3f124022c5df463f645df18b08cfaef1"
"1763","GRINNELL LLC","Building Equipment Contractors","Branch","Darien, CT, United States","https://dnb.com/business-directory/company-profiles/grinnell-llc.4208035833728ab0299881cd09dba411"
"1764","MIDWEST AUTOMATIC FIRE SPRINKLER CO.","Building Equipment Contractors","Branch","Davenport, IA, United States","https://dnb.com/business-directory/company-profiles/midwest-automatic-fire-sprinkler-co.b1a6790858935acb7a52ce34680e5c7e"
"1765","SRI Fire Sprinkler, LLC","Building Equipment Contractors","Branch","Waterbury, CT, United States","https://dnb.com/business-directory/company-profiles/sri-fire-sprinkler-llc.fe6e96389420ca34a8a57bd676cb735a"
"1766","FIRE GUARD SPRINKLER CORP","Building Equipment Contractors","Branch","Mount Holly, NJ, United States","https://dnb.com/business-directory/company-profiles/fire-guard-sprinkler-corp.bc3444077064939a6673bd2aaffd56d7"
"1767","AG FIRE SPRINKLER SL","Machinery, Equipment, and Supplies Merchant Wholesalers","Branch","LES MUREAUX, ILE DE FRANCE, France","https://dnb.com/business-directory/company-profiles/ag-fire-sprinkler-sl.54b49996e14f8c20e7f3e18f105fedf8"
"1768","Southern Fire Sprinkler Inc","Building Equipment Contractors","Parent","Purvis, MS, United States","https://dnb.com/business-directory/company-profiles/southern-fire-sprinkler-inc.d7b4091a4cd0d50e94d69766856abac7"
"1769","ELITE FIRE SPRINKLER SYSTEMS, INC.","Machinery, Equipment, and Supplies Merchant Wholesalers","Independent","Hiawatha, IA, United States","https://dnb.com/business-directory/company-profiles/elite-fire-sprinkler-systems-inc.5bcaa85a319ed28eb4667209df60b6c6"
"1770","THORPE FIRE SPRINKLER SYSTEMS INC.","Building Equipment Contractors","Independent","Nampa, ID, United States","https://dnb.com/business-directory/company-profiles/thorpe-fire-sprinkler-systems-inc.ad606684e1ded31d24d6e404aa52a985"
"1771","Industrial Fire Sprinkler Co., Inc.","Other General Purpose Machinery Manufacturing","Independent","San Diego, CA, United States","https://dnb.com/business-directory/company-profiles/industrial-fire-sprinkler-co-inc.5032a51ff802c7bbf10bc22d8de923cc"
"1772","Lone Star Fire Sprinkler, Inc.","Building Equipment Contractors","Independent","Fort Worth, TX, United States","https://dnb.com/business-directory/company-profiles/lone-star-fire-sprinkler-inc.0db9f7532c2d50ea125b6676a840838d"
"1773","Bamford Fire Sprinkler Co Inc","Building Equipment Contractors","Subsidiary","Salina, KS, United States","https://dnb.com/business-directory/company-profiles/bamford-fire-sprinkler-co-inc.db39f03c86e08e36452a71479f061882"
"1774","Mahoney Fire Sprinkler Inc.","Building Equipment Contractors","Independent","Omaha, NE, United States","https://dnb.com/business-directory/company-profiles/mahoney-fire-sprinkler-inc.b85f81063b8aea1081ee2481d4cd3616"
"1775","EAGLE SPRINKLER FIRE PROTECTION, INC.","Building Equipment Contractors","Independent","Whitinsville, MA, United States","https://dnb.com/business-directory/company-profiles/eagle-sprinkler-fire-protection-inc.97bc492013180e0a5065f88cee0ee045"
"1776","Ornnell Fire Sprinkler, Inc.","Building Equipment Contractors","Independent","Grand Terrace, CA, United States","https://dnb.com/business-directory/company-profiles/ornnell-fire-sprinkler-inc.79c264686b51a08bf71b42092476622e"
"1777","American Sprinkler Co., Inc.","Building Equipment Contractors","Parent","Harahan, LA, United States","https://dnb.com/business-directory/company-profiles/american-sprinkler-co-inc.284c24c471db485be09638f1bf10b32f"
"1778","Tristate Fire Sprinkler Inc.","Building Equipment Contractors","Independent","Brooklyn, NY, United States","https://dnb.com/business-directory/company-profiles/tristate-fire-sprinkler-inc.7fa231b657a72cbdfbd459b7200843f2"
"1779","Life Safety Fire Protection, Inc.","Building Equipment Contractors","Independent","Keene, NH, United States","https://dnb.com/business-directory/company-profiles/life-safety-fire-protection-inc.938a9b4b890636627c84c8a710d3f77e"
"1780","SALE ENGINEERING PRODUCTS LIMITED","Machinery, Equipment, and Supplies Merchant Wholesalers","Independent","STOCKPORT, England, United Kingdom","https://dnb.com/business-directory/company-profiles/sale-engineering-products-limited.380eafc2f3556fcab69cce64f5037c8e"
"1781","FIRE & SPRINKLER SOLUTIONS PERU SOCIEDAD...","Highway, Street, and Bridge Construction","Independent","Jaen, Cajamarca, Peru","https://dnb.com/business-directory/company-profiles/fire--sprinkler-solutions-peru-sociedad-anonima-cerrada.3df26b1870b0a0878caee75379787c5c"
"1782","K PIPESWORX FIRE SPRINKLER INSTALLATION ...","Nonresidential Building Construction","Independent","KWAXUMA, GAUTENG, South Africa","https://dnb.com/business-directory/company-profiles/k-pipesworx-fire-sprinkler-installation-(pty)-ltd.301394d8bb17eff164a6871868f073da"
"1783","Nationwide Fire Sprinklers, Inc.","Building Equipment Contractors","Independent","Miami, FL, United States","https://dnb.com/business-directory/company-profiles/nationwide-fire-sprinklers-inc.d8ad68bcc8e01d152175edad17295372"
"1784","Charter Fire Systems, Inc.","Household Appliances and Electrical and Electronic Goods Merchant Wholesalers","Parent","Pelham, AL, United States","https://dnb.com/business-directory/company-profiles/charter-fire-systems-inc.5ea1e30b9e70563f268c5c139f8fa7a0"
"1785","FIRE SPRINKLER SERVICE OF NE FL INC","Machinery, Equipment, and Supplies Merchant Wholesalers","Independent","Jacksonville, FL, United States","https://dnb.com/business-directory/company-profiles/fire-sprinkler-service-of-ne-fl-inc.bddeb57a5d14bcffc3fb2ef43775c251"
"1786","ARROW AUTOMATIC FIRE SPRINKLER, INC.","Building Equipment Contractors","Independent","San Diego, CA, United States","https://dnb.com/business-directory/company-profiles/arrow-automatic-fire-sprinkler-inc.a29b04e920cec5b3b95554969165152f"
"1787","Wilson Fire Sprinkler Company, Inc.","Building Equipment Contractors","Independent","Selma, CA, United States","https://dnb.com/business-directory/company-profiles/wilson-fire-sprinkler-company-inc.fb754469df23e2e9e5aedee33a5f56f0"
"1788","RESIDENTIAL & DOMESTIC FIRE SPRINKLER CO...","Justice, Public Order, and Safety Activities","Parent","TUNBRIDGE WELLS, England, United Kingdom","https://dnb.com/business-directory/company-profiles/residential--domestic-fire-sprinkler-company-limited.81e213e4cfe60fe35133ec8a16f2e762"
"1789","AUTOMATIC SPRINKLER AND FIRE SERVICES CC","Automobile Dealers","Independent","PINETOWN, KWA-ZULU NATAL, South Africa","https://dnb.com/business-directory/company-profiles/automatic-sprinkler-and-fire-services-cc.e21d743d78d4f00467275eaf6ce7843f"
"1790","EFSC, INC.","Building Equipment Contractors","Independent","Roebuck, SC, United States","https://dnb.com/business-directory/company-profiles/efsc-inc.969fab983588e12a3b8505cfd2ad0516"
"1791","Stevenson Sprinkler and Fire Protection ...","Other Support Services","Independent","Jordan Station, ON, Canada","https://dnb.com/business-directory/company-profiles/stevenson-sprinkler-and-fire-protection-ltd.535d0b361533cb76b3db3d077c886ef1"
"1792","Citadel Fire Sprinkler, LLC","Building Equipment Contractors","Subsidiary","Birmingham, AL, United States","https://dnb.com/business-directory/company-profiles/citadel-fire-sprinkler-llc.61c3d1b2f05b02634c74a567a61a2bd6"
"1793","Fire Sprinkler Of Atlanta LLC","Building Equipment Contractors","Independent","Duluth, GA, United States","https://dnb.com/business-directory/company-profiles/fire-sprinkler-of-atlanta-llc.6a378cc66f5408b4b514a0cf575e436c"
"1794","NEBRASKA FIRE SPRINKLER CORPORATION","Building Equipment Contractors","Independent","Alda, NE, United States","https://dnb.com/business-directory/company-profiles/nebraska-fire-sprinkler-corporation.5de6d0d3f1eb3d527b4f1888e565cb28"
"1795","Automatic Fire Sprinkler, LLC","Building Equipment Contractors","Independent","Normal, IL, United States","https://dnb.com/business-directory/company-profiles/automatic-fire-sprinkler-llc.f2f3b01f4594e3bdd418ce09f9d7bed1"
"1796","Service First Fire Sprinkler LLC","Building Equipment Contractors","Independent","Sioux Falls, SD, United States","https://dnb.com/business-directory/company-profiles/service-first-fire-sprinkler-llc.634502c98428cef018a0198e7bb45fc1"
"1797","RELIABLE FIRE SPRINKLER (AUSTRALIA) PTY ...","Other Fabricated Metal Product Manufacturing","Independent","KILBURN, SOUTH AUSTRALIA, Australia","https://dnb.com/business-directory/company-profiles/reliable-fire-sprinkler-(australia)-pty-ltd.53c24e0a621de91ae122e575ec48dbfd"
"1798","INDIAN NATION FIRE SPRINKLER, L.L.C.","Building Equipment Contractors","Independent","Tulsa, OK, United States","https://dnb.com/business-directory/company-profiles/indian-nation-fire-sprinkler-llc.8dc6a2a67fde44994f11df00b35cdd7b"
"1799","Ozark Fire Sprinkler Co., Inc.","Building Equipment Contractors","Independent","Warsaw, MO, United States","https://dnb.com/business-directory/company-profiles/ozark-fire-sprinkler-co-inc.2021527e1654a2035c9c7bd95e8aea94"
"1800","FIRE SAFE GROUP, INC.","Building Equipment Contractors","Independent","Redondo Beach, CA, United States","https://dnb.com/business-directory/company-profiles/fire-safe-group-inc.d5b43feeabeca015d4c6e3b60038d200"
"1801","Williams Fire Sprinkler Company, Inc.","Building Equipment Contractors","Independent","Williamston, NC, United States","https://dnb.com/business-directory/company-profiles/williams-fire-sprinkler-company-inc.f3de025e0d7bc2d571990fb29617e2d3"
"1802","LONESTAR FIRE PROTECTION LLC","Other Support Services","Independent","Georgetown, TX, United States","https://dnb.com/business-directory/company-profiles/lonestar-fire-protection-llc.0974c1588b960888d000e2cc64aae052"
"1803","Premier Fire Sprinkler Company, Inc.","Building Equipment Contractors","Independent","Central Islip, NY, United States","https://dnb.com/business-directory/company-profiles/premier-fire-sprinkler-company-inc.e52b3ca44b43aab6a1bc7ee937f9e1ac"
"1804","Fire Tech Automatic Sprinkler Inc","Building Equipment Contractors","Independent","Sewell, NJ, United States","https://dnb.com/business-directory/company-profiles/fire-tech-automatic-sprinkler-inc.ac4ef11c075ce2143f08c806456b5f60"
"1805","Newark Fire Sprinkler Corp","Building Equipment Contractors","Independent","Newark, NJ, United States","https://dnb.com/business-directory/company-profiles/newark-fire-sprinkler-corp.f3a07507e65b5dc3ce4175af8cddbc2a"
"1806","GCKC MANAGEMENT, INC.","Building Equipment Contractors","Independent","Spokane, WA, United States","https://dnb.com/business-directory/company-profiles/gckc-management-inc.608541e8a38d8100b2f0c32066f635b9"
"1807","Island Fire Sprinkler, Inc.","Building Equipment Contractors","Subsidiary","Holbrook, NY, United States","https://dnb.com/business-directory/company-profiles/island-fire-sprinkler-inc.c04732e7965e64857dbca765b2b5b0ff"
"1808","Reliable Fire Sprinkler (norway) AS","Hardware, and Plumbing and Heating Equipment and Supplies Merchant Wholesalers","Subsidiary","DRØBAK, AKERSHUS, Norway","https://dnb.com/business-directory/company-profiles/reliable-fire-sprinkler-(norway)-as.0294837e459d2b51f5e484341f09e20b"
"1809","Alpha Fire Sprinkler Corporation","Building Equipment Contractors","Independent","San Luis Obispo, CA, United States","https://dnb.com/business-directory/company-profiles/alpha-fire-sprinkler-corporation.8a76436ef911c9c1df9ee18d62c9f286"
"1810","SOUTHERN KENTUCKY FIRE AND SPRINKLER LLC","Building Equipment Contractors","Independent","Glasgow, KY, United States","https://dnb.com/business-directory/company-profiles/southern-kentucky-fire-and-sprinkler-llc.4c7424d4db8e8a75c7b5320162b88cda"
"1811","FIRE SPRINKLER DESIGN PTY. LIMITED","Building Equipment Contractors","Subsidiary","SHERWOOD, QUEENSLAND, Australia","https://dnb.com/business-directory/company-profiles/fire-sprinkler-design-pty-limited.4dfe628c3d94640fe141d0a0ff32b2e0"
"1812","Fire Guard Sprinkler Corp","Building Equipment Contractors","Parent","Ridgefield Park, NJ, United States","https://dnb.com/business-directory/company-profiles/fire-guard-sprinkler-corp.fa7a540922fb2716f8f9d067c1a6ccc0"
"1813","Pacific Valley Fire Protection, Inc.","Building Equipment Contractors","Independent","Rancho Cordova, CA, United States","https://dnb.com/business-directory/company-profiles/pacific-valley-fire-protection-inc.90958be27398fe65814679199bcf4d6d"
"1814","BAYOU FIRE & SPRINKLER LLC","Building Equipment Contractors","Independent","Chauvin, LA, United States","https://dnb.com/business-directory/company-profiles/bayou-fire--sprinkler-llc.f446e8e52611d030fda88d0fee70544d"
"1815","Irish Sprinkler & Fire Protection Limite...","Architectural, Engineering, and Related Services","Subsidiary","Norway","https://dnb.com/business-directory/company-profiles/irish-sprinkler--fire-protection-limited.103c35aca65698f30d4d9deac77a0d74"
"1816","FAST AND RELIABLE SPRINKLER FIRE SERVICE...","Industrial Machinery Manufacturing","Independent","ALBERT PARK, VICTORIA, Australia","https://dnb.com/business-directory/company-profiles/fast-and-reliable-sprinkler-fire-services-pty-ltd.8e73b20cca5d2156f0c1e1ff647d2dc7"
"1817","FSC, Inc.","Architectural, Engineering, and Related Services","Independent","Overland Park, KS, United States","https://dnb.com/business-directory/company-profiles/fsc-inc.c2b86240ee194ccbb15b529155695cd1"
"1818","Rocky Mountain Fire Sprinkler Supply LLC","Machinery, Equipment, and Supplies Merchant Wholesalers","Independent","Loveland, CO, United States","https://dnb.com/business-directory/company-profiles/rocky-mountain-fire-sprinkler-supply-llc.1f2327c88278e2162d17127bc15dfadc"
"1819","Contender Fire Sprinkler of Texas Inc.","Building Equipment Contractors","Independent","Richmond, TX, United States","https://dnb.com/business-directory/company-profiles/contender-fire-sprinkler-of-texas-inc.99e4c67bb84659f052b0702ea61d36e9"
"1820","SPRINKLER FIRE SYSTEMS PTE LTD","Business Support Services","Independent","Singapore, Singapore","https://dnb.com/business-directory/company-profiles/sprinkler-fire-systems-pte-ltd.1b4d7cdd059dde2d8505c52ad651bf8a"
"1821","GENERAL SPRINKLER FIRE SYSTEM","Other Specialty Trade Contractors","Independent","Ghaziabad, Uttar Pradesh, India","https://dnb.com/business-directory/company-profiles/general-sprinkler-fire-system.4f65ed3de70244b7bbcccec85bc4c143"
"1822","LUCTO FIRE SPRINKLER CORP.","Building Equipment Contractors","Independent","Miami, FL, United States","https://dnb.com/business-directory/company-profiles/lucto-fire-sprinkler-corp.91628733039df201dd924e2b8e388306"
"1823","REDLINE AUTOMATIC FIRE SPRINKLER PROTECT...","Building Equipment Contractors","Independent","Blue Springs, MO, United States","https://dnb.com/business-directory/company-profiles/redline-automatic-fire-sprinkler-protection-co.f579db10b2418aa153be78800bb5509f"
"1824","United Fire Sprinkler Service, Limited L...","Other Support Services","Independent","Summerville, SC, United States","https://dnb.com/business-directory/company-profiles/united-fire-sprinkler-service-limited-liability-company.92492b6fb4891556cd4b3ea9e422d0de"
"1825","RELIABLE FIRE SPRINKLER UK LIMITED - DUB...","Elementary and Secondary Schools","Independent","Dubai, Dubai, United Arab Emirates","https://dnb.com/business-directory/company-profiles/reliable-fire-sprinkler-uk-limited---dubai-branch---rep-office.fafbe0d91322606369b45d17e5b87dc4"
"1826","FIRE SPRINKLER PTY LTD","Building Equipment Contractors","Independent","ENFIELD, NEW SOUTH WALES, Australia","https://dnb.com/business-directory/company-profiles/fire-sprinkler-pty-ltd.318eb62e0006e8acee7651332bb387d5"
"1827","Slater Fire Sprinkler","Building Equipment Contractors","Independent","Three Forks, MT, United States","https://dnb.com/business-directory/company-profiles/slater-fire-sprinkler.1a8987d14effcbf4bd3f6de243f7a662"
"1828","Lightning fire sprinkler systems Ltd.","Miscellaneous Durable Goods Merchant Wholesalers","Independent","HOLON, Central District, Israel","https://dnb.com/business-directory/company-profiles/lightning-fire-sprinkler-systems-ltd.66eda6da174acbb1e181e52699ac97cf"
"1829","J-Four Enterprises, Inc.","Building Equipment Contractors","Independent","Roseville, CA, United States","https://dnb.com/business-directory/company-profiles/j-four-enterprises-inc.bcafcdb4699a9adb772d4d5856a61b0d"
"1830","ALPHA AND OMEGA FIRE SPRINKLER COMPANY, ...","Building Equipment Contractors","Independent","Bensalem, PA, United States","https://dnb.com/business-directory/company-profiles/alpha-and-omega-fire-sprinkler-company-inc.ebf5b1b284b5572bd8c7d6817d47a81e"
"1831","SHWABADE AND NZWAKELE SPRINKLER FIRE PRO...","Architectural, Engineering, and Related Services","Independent","DURBAN, KWA-ZULU NATAL, South Africa","https://dnb.com/business-directory/company-profiles/shwabade-and-nzwakele-sprinkler-fire-protection-engineers-cc.f1a80e3347d2ae283503c0c63bda3938"
"1832","FIRE SPRINKLER INSTALLATION (NSW) PTY. L...","Building Equipment Contractors","Independent","BALGOWLAH, NEW SOUTH WALES, Australia","https://dnb.com/business-directory/company-profiles/fire-sprinkler-installation-(nsw)-pty-limited.c83002e1acd0471ce4bbb19a04002062"
"1833","Capital City Fire Sprinkler Depot, LLC","Machinery, Equipment, and Supplies Merchant Wholesalers","Parent","Baton Rouge, LA, United States","https://dnb.com/business-directory/company-profiles/capital-city-fire-sprinkler-depot-llc.7eee85e4f9953f09a980e8487683dbe9"
"1834","J & S Fire Sprinkler Design & Consulting","Other Support Services","Independent","St Catharines, ON, Canada","https://dnb.com/business-directory/company-profiles/j--s-fire-sprinkler-design--consulting.dc54fb9650dd6bf6e07fd7f8c957a9cb"
"1835","CURTIS ENGINEERING, INC.","Architectural, Engineering, and Related Services","Independent","Fruita, CO, United States","https://dnb.com/business-directory/company-profiles/curtis-engineering-inc.601943b2530e21e264cda237a9d4313d"
"1836","Palace Fire & Sprinkler Co Ltd","Building Equipment Contractors","Independent","Winnipeg, MB, Canada","https://dnb.com/business-directory/company-profiles/palace-fire--sprinkler-co-ltd.5e1dff5de159c493f1e10e4c29ef628c"
"1837","LIFE SAFETY SYSTEMS, INC. OF THE TREASUR...","Electronic and Precision Equipment Repair and Maintenance","Independent","Port Saint Lucie, FL, United States","https://dnb.com/business-directory/company-profiles/life-safety-systems-inc-of-the-treasure-coast.261d49183a0bded3e902ad5b040dd0f4"
"1838","GEELONG FIRE SERVICES PTY LTD","Building Equipment Contractors","Independent","GEELONG WEST, VICTORIA, Australia","https://dnb.com/business-directory/company-profiles/geelong-fire-services-pty-ltd.17d549930c4d24e6abf3af1bf177da41"
"1839","DILO FIRE SPRINKLER","Building Equipment Contractors","Independent","Jupiter, FL, United States","https://dnb.com/business-directory/company-profiles/dilo-fire-sprinkler.2ad2e48bae99a8af51291e8106eadfc7"
"1840","FALCON SPRINKLER SOLUTIONS LIMITED","Management, Scientific, and Technical Consulting Services","Parent","INSCH, Scotland, United Kingdom","https://dnb.com/business-directory/company-profiles/falcon-sprinkler-solutions-limited.32e232c26fa7940c23794c0362d844a8"
"1841","FREO FIRE SPRINKLER SERVICES PTY LTD","Building Equipment Contractors","Independent","MYAREE, WESTERN AUSTRALIA, Australia","https://dnb.com/business-directory/company-profiles/freo-fire-sprinkler-services-pty-ltd.5648881fdd1558a830f19eef3e8acd23"
"1842","P.V.CCTV & FIRE SPRINKLER SYSTEM SOLUTIO...","Household Appliances and Electrical and Electronic Goods Merchant Wholesalers","Independent","Mumbai, Maharashtra, India","https://dnb.com/business-directory/company-profiles/pvcctv--fire-sprinkler-system-solution.ca7c7097f53bbd9bb99d88b2681b4101"
"1843","A AND D FIRE SPRINKLER INSTALLATIONS (PT...","Building Equipment Contractors","Independent","OLIFANTSFONTEIN, GAUTENG, South Africa","https://dnb.com/business-directory/company-profiles/a-and-d-fire-sprinkler-installations-(pty)-ltd.0350e270f0a8d0d475fe4cba5bfec4aa"
"1844","SPRINKLER FIRE ENGINEERING LIMITED","Building Equipment Contractors","Independent","Lusaka, Lusaka, Zambia","https://dnb.com/business-directory/company-profiles/sprinkler-fire-engineering-limited.0c49b2efa41733c1c3941bb7cd7f8af9"
"1845","HERITAGE FIRE PROTECTION, INC.","Building Equipment Contractors","Independent","Newton, KS, United States","https://dnb.com/business-directory/company-profiles/heritage-fire-protection-inc.e6e74197a6b64e9427886b9ff5a85d62"
"1846","J.W. FIRE SPRINKLER, INC.","Building Equipment Contractors","Independent","West Palm Beach, FL, United States","https://dnb.com/business-directory/company-profiles/jw-fire-sprinkler-inc.50a0443bf667e0b51c350e22e419e54c"
"1847","Central Fire Sprinkler System Inc.","Machinery, Equipment, and Supplies Merchant Wholesalers","Independent","Hialeah, FL, United States","https://dnb.com/business-directory/company-profiles/central-fire-sprinkler-system-inc.4628f986c80f1e029d42858ebdc3e9bc"
"1848","Fire Sprinklers, Inc.","Building Equipment Contractors","Independent","Covina, CA, United States","https://dnb.com/business-directory/company-profiles/fire-sprinklers-inc.04ec17292948df35ed939b1be4d24bf7"
"1849","Fire Sprinkler Services FL, LLC","Building Equipment Contractors","Independent","Jacksonville, FL, United States","https://dnb.com/business-directory/company-profiles/fire-sprinkler-services-fl-llc.c5d144b77a016ced1dfee95ee768e6dc"
"1850","K & E Fire Sprinkler, Inc.","Building Equipment Contractors","Independent","Troy, VA, United States","https://dnb.com/business-directory/company-profiles/k--e-fire-sprinkler-inc.4ad99c54684c98cd9c2c400cd8caa2b5"
"1851","GRAND STRAND FIRE SPRINKLERS OF S. C., I...","Building Equipment Contractors","Independent","Conway, SC, United States","https://dnb.com/business-directory/company-profiles/grand-strand-fire-sprinklers-of-s-c-inc.a845336b560beec130e0cc7924058c8c"
"1852","ELLIOTT FIRE SPRINKLER SYSTEMS; LLC","Machinery, Equipment, and Supplies Merchant Wholesalers","Independent","Westfield, MA, United States","https://dnb.com/business-directory/company-profiles/elliott-fire-sprinkler-systems-llc.8008ab9f7cd99c08cc1ec363935e783d"
"1853","All Fire Services, Inc.","Other Professional, Scientific, and Technical Services","Independent","Hollywood, FL, United States","https://dnb.com/business-directory/company-profiles/all-fire-services-inc.c648db4c2b1f89637c4b6b38d2921b26"
"1854","Marion Fire Sprinkler & Alarm Inc.","Other General Purpose Machinery Manufacturing","Independent","Marion, IL, United States","https://dnb.com/business-directory/company-profiles/marion-fire-sprinkler--alarm-inc.ab1f29c237e5af9ff397a57730af9be8"
"1855","VIP FIRE SPRINKLER, INC.","Building Equipment Contractors","Independent","Brooklyn, NY, United States","https://dnb.com/business-directory/company-profiles/vip-fire-sprinkler-inc.3e19edf9e65b41d9ff5636bd2cc11f29"
"1856","Glacier Sprinkler & Fire Protection Corp","Building Equipment Contractors","Independent","Calgary, AB, Canada","https://dnb.com/business-directory/company-profiles/glacier-sprinkler--fire-protection-corp.1284afd561b3bc48876740d7c895146e"
"1857","JC JETTING PTY LTD","Building Equipment Contractors","Independent","FLAGSTONE, QUEENSLAND, Australia","https://dnb.com/business-directory/company-profiles/jc-jetting-pty-ltd.ebfe51892a1b6520cd1de560e1e21120"
"1858","FIRE CONTROL SPRINKLER","Building Equipment Contractors","Independent","Billings, MT, United States","https://dnb.com/business-directory/company-profiles/fire-control-sprinkler.efded3df4fe959073c5c44626a4585bb"
"1859","RELIABLE FIRE SPRINKLER LIMITED","Machinery, Equipment, and Supplies Merchant Wholesalers","Parent","EAST GRINSTEAD, England, United Kingdom","https://dnb.com/business-directory/company-profiles/reliable-fire-sprinkler-limited.b036332455cd60b72168820b9a0e8674"
"1860","Fire Water Sprinkler Protection LLC","Other Support Services","Independent","Roanoke, TX, United States","https://dnb.com/business-directory/company-profiles/fire-water-sprinkler-protection-llc.a77d1995b83cb20312d966ab9f3b7bbb"
"1861","EL BALCON FIRE SPRINKLER CORP.","Building Equipment Contractors","Independent","Hempstead, NY, United States","https://dnb.com/business-directory/company-profiles/el-balcon-fire-sprinkler-corp.c56881da4ab3cc9598acdd003950eaf9"
"1862","C & H FIRE SPRINKLER, LLC","Machinery, Equipment, and Supplies Merchant Wholesalers","Independent","Weatogue, CT, United States","https://dnb.com/business-directory/company-profiles/c--h-fire-sprinkler-llc.0e78a4ebec0e8241e030054ca1134974"
"1863","FIREINSP FIRE & SPRINKLER, LLC","Building Equipment Contractors","Independent","Lake Charles, LA, United States","https://dnb.com/business-directory/company-profiles/fireinsp-fire--sprinkler-llc.10593cf1cb3113471f188689a03644fd"
"1864","FPS FIRE SPRINKLER, L.L.C.","Building Equipment Contractors","Independent","Fort Worth, TX, United States","https://dnb.com/business-directory/company-profiles/fps-fire-sprinkler-llc.ba51b05cff2572e153326ac32c352865"
"1865","Heads Up Fire Sprinkler, Inc.","Building Equipment Contractors","Subsidiary","New Hyde Park, NY, United States","https://dnb.com/business-directory/company-profiles/heads-up-fire-sprinkler-inc.821e7787aba5ca8c0196ff71f4e11da2"
"1866","A A A Fire Sprinkler Inc","Building Equipment Contractors","Independent","Sparks, NV, United States","https://dnb.com/business-directory/company-profiles/a-a-a-fire-sprinkler-inc.34a59d0bc730fab6d47466d450fdc029"
"1867","SPRINKLER FIRE SAFTEY AWARENESS AND WELF...","Individual and Family Services","Independent","Kolkata, West Bengal, India","https://dnb.com/business-directory/company-profiles/sprinkler-fire-saftey-awareness-and-welfare-foundation.a97b77aa55e8d48fe5fce9404bb94728"
"1868","JIAXING ZYX FIRE SPRINKLER FACTORY","Other Support Activities for Transportation","Independent","Mumbai, Maharashtra, India","https://dnb.com/business-directory/company-profiles/jiaxing-zyx-fire-sprinkler-factory.33b3883b7072bd6b8e58374c9976be39"
"1869","JME Fire Sprinkler, Corp.","Building Equipment Contractors","Independent","Medford, NY, United States","https://dnb.com/business-directory/company-profiles/jme-fire-sprinkler-corp.02cbd16721ddfd6083706a8f60aeab42"
"1870","American Fire & Sprinkler, LLC","Building Equipment Contractors","Independent","Cleveland, OH, United States","https://dnb.com/business-directory/company-profiles/american-fire--sprinkler-llc.8d2194490c3d64b85811b7c552ec3792"
"1871","DORSET FIRE SPRINKLER SYSTEMS LTD","Building Equipment Contractors","Subsidiary","BATH, England, United Kingdom","https://dnb.com/business-directory/company-profiles/dorset-fire-sprinkler-systems-ltd.25529b06975d262b6bfa583b20275c45"
"1872","Shutgun Fire Sprinkler Shut Off","Household Appliances and Electrical and Electronic Goods Merchant Wholesalers","Independent","Collingwood, ON, Canada","https://dnb.com/business-directory/company-profiles/shutgun-fire-sprinkler-shut-off.c72fc76255f8d040a7d7d73e2d77f7c9"
"1873","N BEZUIDENHOUT OPTOMETRISTS (PTY) LTD","Offices of Other Health Practitioners","Independent","BEDFORDVIEW, GAUTENG, South Africa","https://dnb.com/business-directory/company-profiles/n-bezuidenhout-optometrists-(pty)-ltd.2b57052e6d077265b07eab0007c2776d"
"1874","Joseph's Sons for Sprinkler and Fire Ext...","Building Equipment Contractors","Independent","NAZARETH, Northern District, Israel","https://dnb.com/business-directory/company-profiles/josephs-sons-for-sprinkler-and-fire-extinguishing-works-ltd.7e7273a6ec0a44d551cb3a95f3af25e7"
"1875","MA Sprinkler and fire Ltd","Building Equipment Contractors","Independent","YAFIA, Northern District, Israel","https://dnb.com/business-directory/company-profiles/ma-sprinkler-and-fire-ltd.fd3f7545e42891e7f63f2749811f6c4c"
"1876","Fire Control sprinkler systems, fire Ltd","Building Equipment Contractors","Independent","ELAD, Central District, Israel","https://dnb.com/business-directory/company-profiles/fire-control-sprinkler-systems-fire-ltd.6a77ad5b2322be80c293688aba365e89"
"1877","MISTER SPRINKLER ISRAEL LTD","Building Equipment Contractors","Independent","Emek Hefer Industrial Park, Central District, Israel","https://dnb.com/business-directory/company-profiles/mister-sprinkler-israel-ltd.d65758bc65485a390e326538948d5893"
"1878","International Fire Sprinkler, Inc.","Building Equipment Contractors","Independent","Maryland Heights, MO, United States","https://dnb.com/business-directory/company-profiles/international-fire-sprinkler-inc.0047f7beaeecd6b69def4f24816c9058"
"1879","Custom Fire and Sprinkler Services Ltd","Building Equipment Contractors","Independent","Whitby, ON, Canada","https://dnb.com/business-directory/company-profiles/custom-fire-and-sprinkler-services-ltd.14cdcb6b920dcc8b8b046ff478c247b8"
"1880","Universal Fire Sprinkler Inc.","Building Equipment Contractors","Independent","Gloucester, ON, Canada","https://dnb.com/business-directory/company-profiles/universal-fire-sprinkler-inc.ea1fba1c7f868191468e2efb49606f0b"
"1881","Tidal Wave Fire Sprinkler Systems Inc","Building Equipment Contractors","Independent","New Hamburg, ON, Canada","https://dnb.com/business-directory/company-profiles/tidal-wave-fire-sprinkler-systems-inc.b4549da56b63b244c5f56363d1c02e65"
"1882","DAVID ALEXANDER","Building Equipment Contractors","Independent","WHEELERS HILL, VICTORIA, Australia","https://dnb.com/business-directory/company-profiles/david-alexander.9b9c5083b2d10b772b6bbc9c052af518"
"1883","AFFILIATED CONSTRUCTION GROUP, INCORPORA...","Building Equipment Contractors","Independent","Helena, MT, United States","https://dnb.com/business-directory/company-profiles/affiliated-construction-group-incorporated.f236d7ddb658346aa3377c63744b50b4"
"1884","PJH Fire Sprinkler Design, L.L.C.","Other General Purpose Machinery Manufacturing","Independent","Long Branch, NJ, United States","https://dnb.com/business-directory/company-profiles/pjh-fire-sprinkler-design-llc.c52120bea55cf2a8ff89e02abdfeb04c"
"1885","COMPASS FIRE SPRINKLER, LLC","Building Equipment Contractors","Independent","Pelham, AL, United States","https://dnb.com/business-directory/company-profiles/compass-fire-sprinkler-llc.00d88a04b99f673dcc40f7a49cf2f1c3"
"1886","JEN FIRE SPRINKLER LLC","Building Equipment Contractors","Independent","Cleveland, AL, United States","https://dnb.com/business-directory/company-profiles/jen-fire-sprinkler-llc.c9687545e669ed6952be513b552efa54"
"1887","Cnc Automated Fire Sprinkler Systems Inc","Building Equipment Contractors","Independent","Ventura, CA, United States","https://dnb.com/business-directory/company-profiles/cnc-automated-fire-sprinkler-systems-inc.077cfdbe70e089c86be7d5cac6c04637"
"1888","UNITED AUTOMATIC FIRE SPRINKLER COMPANY","Building Equipment Contractors","Independent","Avon, MA, United States","https://dnb.com/business-directory/company-profiles/united-automatic-fire-sprinkler-company.c8b959e44c3f6f158e2c014c10686a1a"
"1889","JC PLUMBING AND FIRE SPRINKLER SYSTEM, L...","Machinery, Equipment, and Supplies Merchant Wholesalers","Independent","Frederick, MD, United States","https://dnb.com/business-directory/company-profiles/jc-plumbing-and-fire-sprinkler-system-llc.1961bc3d6c32b67b92e647d84011fddf"
"1890","Reign Fire Sprinkler Solutions Limited","General Freight Trucking","Independent","Calgary, AB, Canada","https://dnb.com/business-directory/company-profiles/reign-fire-sprinkler-solutions-limited.6dda5194ecb456e7d21255370a580efb"
"1891","A Professional Fire Systems Co.","Building Equipment Contractors","Independent","Beavercreek, OR, United States","https://dnb.com/business-directory/company-profiles/a-professional-fire-systems-co.fa30a744840d5f3f63a8814209a11dfc"
"1892","FIRE SPRINKLER","Management, Scientific, and Technical Consulting Services","Independent","HAMMAM LIF, Tunisia","https://dnb.com/business-directory/company-profiles/fire-sprinkler.44107903e4b499dee6192159e7941309"
"1893","FIRE SPRINKLER","Management, Scientific, and Technical Consulting Services","Independent","HAMMAM LIF, Tunisia","https://dnb.com/business-directory/company-profiles/fire-sprinkler.d37990312ec1074ce5528402393c3a43"
"1894","United Automatic Fire Sprinkler, Inc.","Building Equipment Contractors","Independent","Little Falls, NJ, United States","https://dnb.com/business-directory/company-profiles/united-automatic-fire-sprinkler-inc.4bfdaf1ac3a1437c845c27c75566a806"
"1895","Scar Designs, LLC","Other General Purpose Machinery Manufacturing","Independent","Carlsbad, CA, United States","https://dnb.com/business-directory/company-profiles/scar-designs-llc.ec7059185bd9867aae6c18e8cd115bed"
"1896","L G Fire Sprinkler Service, Inc","Building Equipment Contractors","Independent","Fort Mitchell, AL, United States","https://dnb.com/business-directory/company-profiles/l-g-fire-sprinkler-service-inc.3c0dbf655a13b2b240a4a94a891fe034"
"1897","Fire Team Sprinkler, INC","Other Fabricated Metal Product Manufacturing","Independent","Tracy City, TN, United States","https://dnb.com/business-directory/company-profiles/fire-team-sprinkler-inc.3707cbe5c46bf40e75ab9055a466b602"
"1898","Tristar Fire Protection Inc.","Architectural, Engineering, and Related Services","Independent","Plymouth, MI, United States","https://dnb.com/business-directory/company-profiles/tristar-fire-protection-inc.a3bebe7c55bfcfb19f106dd3a09df28d"
"1899","Sun Automatic Fire Sprinkler, Inc.","Building Equipment Contractors","Independent","Helotes, TX, United States","https://dnb.com/business-directory/company-profiles/sun-automatic-fire-sprinkler-inc.17f322d535875ddf0740672d77b18bef"
"1900","Reliable Fire Sprinkler Limited","Machinery, Equipment, and Supplies Merchant Wholesalers","Subsidiary","Mannheim, Baden-Württemberg, Germany","https://dnb.com/business-directory/company-profiles/reliable-fire-sprinkler-limited.43874849bddd791749715674eb3dec3c"
"1901","Canopy Fire Sprinkler Inspections and Se...","Other Professional, Scientific, and Technical Services","Independent","Winnipeg, MB, Canada","https://dnb.com/business-directory/company-profiles/canopy-fire-sprinkler-inspections-and-service.63db1119d7987206161978aed2788659"
"1902","Rapid Fire Sprinkler Design and Consulti...","Other Support Services","Independent","Ajax, ON, Canada","https://dnb.com/business-directory/company-profiles/rapid-fire-sprinkler-design-and-consulting-inc.88e8e07dfb5d2998cda97143df67d43a"
"1903","MCCONKEY FIRE SPRINKLER INC.","Building Equipment Contractors","Independent","Melbourne, FL, United States","https://dnb.com/business-directory/company-profiles/mcconkey-fire-sprinkler-inc.e6e1b90e0d1ec436a65b83c3ce0f039b"
"1904","KJ Mechanical Fire Sprinkler, LLC","Building Equipment Contractors","Independent","Columbia, TN, United States","https://dnb.com/business-directory/company-profiles/kj-mechanical-fire-sprinkler-llc.3fceac04e9b711f56e22fc4b9d6d0c9a"
"1905","FIRE SPRINKLER TEXAS LLC","","Independent","Sugar Land, TX, United States","https://dnb.com/business-directory/company-profiles/fire-sprinkler-texas-llc.3f5eed827fe094052b725e9cf821465a"
"1906","Rising Force Fire Sprinkler Installation...","Building Equipment Contractors","Independent","Richmond, BC, Canada","https://dnb.com/business-directory/company-profiles/rising-force-fire-sprinkler-installations-and-service-inc.5f5dadeacc8a453daaa23a78058496bc"
"1907","LIBERTY FIRE SPRINKLER & MECHANICAL CORP...","Building Equipment Contractors","Independent","Bethpage, NY, United States","https://dnb.com/business-directory/company-profiles/liberty-fire-sprinkler--mechanical-corp.241d9d56972bfabdcc35239690363bf5"
"1908","Commercial Residential Fire Sprinkler, I...","Building Equipment Contractors","Independent","Covington, GA, United States","https://dnb.com/business-directory/company-profiles/commercial-residential-fire-sprinkler-inc.a13530e0c773afb7a87c79ce662d573c"
"1909","SUN STATE FIRE SPRINKLER COMPANY, INC.","Building Equipment Contractors","Independent","Debary, FL, United States","https://dnb.com/business-directory/company-profiles/sun-state-fire-sprinkler-company-inc.4ed8d5681c00d5a564c9a0dfa3c1be49"
"1910","Martinez Plumbing & Fire Sprinkler LLC","Building Equipment Contractors","Independent","Jacksonville, NC, United States","https://dnb.com/business-directory/company-profiles/martinez-plumbing--fire-sprinkler-llc.226221577dad50f4ef422ac82b091657"
"1911","Wisconsin Fire Sprinkler Installation & ...","Building Equipment Contractors","Independent","New Berlin, WI, United States","https://dnb.com/business-directory/company-profiles/wisconsin-fire-sprinkler-installation--inspection-inc.82f75a3024653820c91e8c396436bf47"
"1912","Eastwind, LLC","Building Equipment Contractors","Independent","Nashville, TN, United States","https://dnb.com/business-directory/company-profiles/eastwind-llc.de14e72fcb784b94e23d8ffb12bd49e6"
"1913","Fire Sprinkler Inspection Company, Inc.","Building Equipment Contractors","Independent","Roswell, GA, United States","https://dnb.com/business-directory/company-profiles/fire-sprinkler-inspection-company-inc.58f2c5f4ecf2f831ad639e6a79c6eb64"
"1914","NU FIRE SPRINKLER CO LLC","Building Equipment Contractors","Independent","Troutdale, OR, United States","https://dnb.com/business-directory/company-profiles/nu-fire-sprinkler-co-llc.47387ad4c3c1bdbc4f022cf068dd58a2"
"1915","CONNECTICUT FIRE PROTECTION AND SPRINKLE...","Building Equipment Contractors","Independent","Milford, CT, United States","https://dnb.com/business-directory/company-profiles/connecticut-fire-protection-and-sprinkler-services-company-inc.d440c56a0b057cb3074d255ca4c399f1"
"1916","IRISH SPRINKLER & FIRE PROTECTION LIMITE...","Business Support Services","Subsidiary","DUBLIN, Ireland","https://dnb.com/business-directory/company-profiles/irish-sprinkler--fire-protection-limited.627fbe4e4206df61fda7d97a9b1691c7"
"1917","ALPHA FIRE SPRINKLER COMPANY LLC","Building Equipment Contractors","Independent","Downers Grove, IL, United States","https://dnb.com/business-directory/company-profiles/alpha-fire-sprinkler-company-llc.9f47aa08b382ccc50bcb48288bee8392"
"1918","OBED FIRE SPRINKLER LLC","Building Equipment Contractors","Independent","Lawrenceville, GA, United States","https://dnb.com/business-directory/company-profiles/obed-fire-sprinkler-llc.af832a352e776e02d85625bc2a2ed562"
"1919","REAL FIRE SPRINKLER SYSTEM LTD","Building Equipment Contractors","Independent","WOODFORD GREEN, England, United Kingdom","https://dnb.com/business-directory/company-profiles/real-fire-sprinkler-system-ltd.79a7a7dc20da60784aaf8921e71e9785"
"1920","ELITE FIRE SPRINKLER PROTECTION SERVICE ...","Building Equipment Contractors","Independent","Miami, FL, United States","https://dnb.com/business-directory/company-profiles/elite-fire-sprinkler-protection-service-inc.9de01d46d5953d54aedb9d4d69cc6fdf"
"1921","Industrial Fire & Safety Inc.","Building Equipment Contractors","Independent","Saint Petersburg, FL, United States","https://dnb.com/business-directory/company-profiles/industrial-fire--safety-inc.ece374b2c9de846274168416db5aa2c8"
"1922","MISSION FIRE SPRINKLER, LLC","Building Equipment Contractors","Independent","Ringgold, GA, United States","https://dnb.com/business-directory/company-profiles/mission-fire-sprinkler-llc.c19d9d81733c6e0f40e4dbdaf2d52444"
"1923","GENERAL FIRE SPRINKLER SYSTEM LLC","Machinery, Equipment, and Supplies Merchant Wholesalers","Independent","Medley, FL, United States","https://dnb.com/business-directory/company-profiles/general-fire-sprinkler-system-llc.a359aa88a611e4dba9419cf15a84e9b1"
"1924","GREEN MOUNTAIN SPRINKLER INC","Building Equipment Contractors","Independent","Milton, VT, United States","https://dnb.com/business-directory/company-profiles/green-mountain-sprinkler-inc.ab7470d8d3bd450247dba97a88c4e089"
"1925","APOLLO FIRE SPRINKLER COMPANY, INC.","Building Equipment Contractors","Independent","Nesconset, NY, United States","https://dnb.com/business-directory/company-profiles/apollo-fire-sprinkler-company-inc.0da62a1c9356ce50d7022d82e9d83b40"
"1926","ALL-STAR PLUMBING & FIRE SPRINKLER, INC.","Building Equipment Contractors","Independent","Lake Forest, CA, United States","https://dnb.com/business-directory/company-profiles/all-star-plumbing--fire-sprinkler-inc.23324e259dc946625cb3558d2a133780"
"1927","Hancharik Fire Sprinkler Ltd","Building Equipment Contractors","Independent","Thunder Bay, ON, Canada","https://dnb.com/business-directory/company-profiles/hancharik-fire-sprinkler-ltd.c8d7d2bc593854d0cdee3223a809c20a"
"1928","TRI-STATE FIRE SPRINKLER LLC","Building Equipment Contractors","Independent","Chesapeake, OH, United States","https://dnb.com/business-directory/company-profiles/tri-state-fire-sprinkler-llc.f734a5b34db849c6070b787b70823be5"
"1929","Fire Sprinkler Supply Inc","Building Equipment Contractors","Independent","Mobile, AL, United States","https://dnb.com/business-directory/company-profiles/fire-sprinkler-supply-inc.6a9c037341bde8b457e08f3650a93b0a"
"1930","Rising Force Fire Sprinkler","Lawn and Garden Equipment and Supplies Retailers","Independent","Vancouver, BC, Canada","https://dnb.com/business-directory/company-profiles/rising-force-fire-sprinkler.ebf5bf202aa9732f2b5eca883f83d5e0"
"1931","RJ FIRE SPRINKLER SYSTEMS INC.","Building Equipment Contractors","Independent","Tehachapi, CA, United States","https://dnb.com/business-directory/company-profiles/rj-fire-sprinkler-systems-inc.f2d1ffe254588035ea789c4b48d7da99"
"1932","Washington Fire Protection Engineering, ...","Architectural, Engineering, and Related Services","Independent","Manassas Park, VA, United States","https://dnb.com/business-directory/company-profiles/washington-fire-protection-engineering-llc.0b8dc8f0048ffac1a096844df95c9fef"
"1933","FIRE SPRINKLER DESIGN SERVICES, INC.","Architectural, Engineering, and Related Services","Independent","West Palm Beach, FL, United States","https://dnb.com/business-directory/company-profiles/fire-sprinkler-design-services-inc.2efa1768116ddea2aefce8bbd257b186"
"1934","KNOXVILLE FIRE SPRINKLER, LLC","Building Equipment Contractors","Independent","Kingston, TN, United States","https://dnb.com/business-directory/company-profiles/knoxville-fire-sprinkler-llc.3aac65ee0f56bbba33703e9683008601"
"1935","CARTER'S FIRE SPRINKLER MAINTENANCE AND ...","Building Equipment Contractors","Independent","Lebanon, OR, United States","https://dnb.com/business-directory/company-profiles/carters-fire-sprinkler-maintenance-and-piping-inc.48b7c92d981b2f0072f0d1ff7e4edb34"
"1936","HAKENWERTH FIRE SPRINKLER","Architectural, Engineering, and Related Services","Independent","Wentzville, MO, United States","https://dnb.com/business-directory/company-profiles/hakenwerth-fire-sprinkler.d6fb8830dbfe0db41890dd2fb80edff3"
"1937","RELIABLE FIRE SPRINKLER (POLSKA) SP Z O ...","Hardware, and Plumbing and Heating Equipment and Supplies Merchant Wholesalers","Subsidiary","Mysłowice, śląskie, Poland","https://dnb.com/business-directory/company-profiles/reliable-fire-sprinkler-(polska)-sp-z-o-o.4213a7f83b268382a8793a243b7182cb"
"1938","ELEMENT FIRE SPRINKLER SERVICE LLC","Building Equipment Contractors","Independent","Gypsum, CO, United States","https://dnb.com/business-directory/company-profiles/element-fire-sprinkler-service-llc.19aa66bcdefdb56f5acbcf50c5196414"
"1939","PETERS FIRE SPRINKLER CONTRACTOR, INC.","Building Equipment Contractors","Independent","Indianapolis, IN, United States","https://dnb.com/business-directory/company-profiles/peters-fire-sprinkler-contractor-inc.361891bae360fc2dfa6f2cb44d7083a6"
"1940","Skyline Fire Sprinkler Corp","Building Equipment Contractors","Independent","Riverdale, NJ, United States","https://dnb.com/business-directory/company-profiles/skyline-fire-sprinkler-corp.60ca7a1df9cbca5bd055228392b9e1d1"
"1941","MAKEYLA FIRE SPRINKLER SYSTEMS LLC","Machinery, Equipment, and Supplies Merchant Wholesalers","Independent","Salisbury, NC, United States","https://dnb.com/business-directory/company-profiles/makeyla-fire-sprinkler-systems-llc.0821671ea9996760936cb5e9814d6cec"
"1942","MISSOURI FIRE SPRINKLER SYSTEMS LLC","Machinery, Equipment, and Supplies Merchant Wholesalers","Independent","Sainte Genevieve, MO, United States","https://dnb.com/business-directory/company-profiles/missouri-fire-sprinkler-systems-llc.7db32005e626641b84cce9e5d300ae52"
"1943","ADVANCED FIRE SPRINKLER CO LLC","Nonresidential Building Construction","Independent","Albuquerque, NM, United States","https://dnb.com/business-directory/company-profiles/advanced-fire-sprinkler-co-llc.1f311a022aa65caceb7ef594f2443f04"
"1944","FULL CAPACITY FIRE CONSULTANTS CORP.","Building Equipment Contractors","Independent","Freeport, NY, United States","https://dnb.com/business-directory/company-profiles/full-capacity-fire-consultants-corp.2f760d5fc5351ea056c5be6d0d5a1aae"
"1945","JEFFERSON STATE FIRE SPRINKLER LLC","Building Equipment Contractors","Independent","Medford, OR, United States","https://dnb.com/business-directory/company-profiles/jefferson-state-fire-sprinkler-llc.b5f9d9d51e30d3f92bf2d746eaf82ab4"
"1946","BRITISH AUTOMATIC FIRE SPRINKLER ASSOCIA...","Justice, Public Order, and Safety Activities","Independent","WALSALL, England, United Kingdom","https://dnb.com/business-directory/company-profiles/british-automatic-fire-sprinkler-association-limited.d1c0fdf916ad8be87af84eecebbb74b6"
"1947","MR FIRE SPRINKLER LLC","Building Equipment Contractors","Independent","Englewood, CO, United States","https://dnb.com/business-directory/company-profiles/mr-fire-sprinkler-llc.1f1e49a8bea05a34e4ffd8e6084e9fa1"
"1948","B & T INVESTMENTS, INC.","Building Equipment Contractors","Independent","Chelmsford, MA, United States","https://dnb.com/business-directory/company-profiles/b--t-investments-inc.db574ed9bbf6a56541d8f45428ba5848"
"1949","Cruz Fire Sprinkler Systems, Corp.","Building Equipment Contractors","Independent","Caguas, PR, United States","https://dnb.com/business-directory/company-profiles/cruz-fire-sprinkler-systems-corp.d4ae5e82faa9f569b26ad5e0fcfde259"
"1950","BOUMA FIRE, INC.","Building Equipment Contractors","Independent","Sioux Falls, SD, United States","https://dnb.com/business-directory/company-profiles/bouma-fire-inc.9d532533ff1005e00bdbdc6c37a92e26"
"1951","FIRE PROTEC SPRINKLER SYSTEMS LIMITED","Building Equipment Contractors","Independent","ROMFORD, England, United Kingdom","https://dnb.com/business-directory/company-profiles/fire-protec-sprinkler-systems-limited.f356d850ba72dd9997bb760f08965b31"
"1952","AUSBON FIRE PROTECTION, INC.","Building Equipment Contractors","Independent","Phenix City, AL, United States","https://dnb.com/business-directory/company-profiles/ausbon-fire-protection-inc.c5475a10c36d9acf06dc832f3084f436"
"1953","NYC FIRE SPRINKLER CORP.","Building Equipment Contractors","Independent","Bronx, NY, United States","https://dnb.com/business-directory/company-profiles/nyc-fire-sprinkler-corp.46de9f5c147f6e9cf630eb5f1f2930d3"
"1954","ATLANTIC FIRE SPRINKLER, INC.","Building Equipment Contractors","Independent","Bennington, VT, United States","https://dnb.com/business-directory/company-profiles/atlantic-fire-sprinkler-inc.b7f9fd10bf6957600cb0c4f876855697"
"1955","RELIABLE FIRE SPRINKLER (SINGAPORE) PTE....","Machinery, Equipment, and Supplies Merchant Wholesalers","Independent","Singapore, Singapore","https://dnb.com/business-directory/company-profiles/reliable-fire-sprinkler-(singapore)-pte-ltd.ca117eba5b010183bcf20c8455e6b695"
"1956","CONTENDER FIRE SPRINKLER, LLC","Building Equipment Contractors","Independent","Virginia Beach, VA, United States","https://dnb.com/business-directory/company-profiles/contender-fire-sprinkler-llc.a3f691c7d00d6757fecaa57f72cfbaee"
"1957","Alberta Chapter - American Fire Sprinkle...","Book Retailers and News Dealers","Independent","Morinville, AB, Canada","https://dnb.com/business-directory/company-profiles/alberta-chapter---american-fire-sprinkler-association.f17b711476491fd27251e92264543c84"
"1958","A-1 Fire Sprinkler Residential, LLC","Building Equipment Contractors","Independent","Peoria, AZ, United States","https://dnb.com/business-directory/company-profiles/a-1-fire-sprinkler-residential-llc.942162a803731280d154a60d84c37ed6"
"1959","PREMIER AUTOMATIC FIRE SPRINKLER COMPANY...","Building Equipment Contractors","Independent","Weedsport, NY, United States","https://dnb.com/business-directory/company-profiles/premier-automatic-fire-sprinkler-company-llc.c7e0e0a15434676dc1c208a80a92c985"
"1960","J N D Fire Sprinkler Inc","Building Equipment Contractors","Independent","Newberg, OR, United States","https://dnb.com/business-directory/company-profiles/j-n-d-fire-sprinkler-inc.ea676fab610f711045b83de3b84407d8"
"1961","FUNES FIRE SPRINKLER SYSTEMS, INC.","Machinery, Equipment, and Supplies Merchant Wholesalers","Independent","Huntington Park, CA, United States","https://dnb.com/business-directory/company-profiles/funes-fire-sprinkler-systems-inc.84939175b056b075f7dad5948a022934"
"1962","Security Fire Sprinkler, LLC","Building Equipment Contractors","Subsidiary","Sauk Rapids, MN, United States","https://dnb.com/business-directory/company-profiles/security-fire-sprinkler-llc.05509fc9d650777f4d5ffcfe60b7d132"
"1963","FIRE SPRINKLER SERVICES, INC.","Commercial and Industrial Machinery and Equipment (except Automotive and Electro...","Independent","Glenwood Springs, CO, United States","https://dnb.com/business-directory/company-profiles/fire-sprinkler-services-inc.e2925e9e4ef02feebcb6f16f325ac819"
"1964","IRISH SPRINKLER & FIRE PROTECTION LIMITE...","Architectural, Engineering, and Related Services","Subsidiary","Norway","https://dnb.com/business-directory/company-profiles/irish-sprinkler--fire-protection-limited.33d934d7b827ded694b1c446369dbdd2"
"1965","JOJO FIRE SPRINKLER SOLUTIONS (PTY) LTD","Management, Scientific, and Technical Consulting Services","Independent","SOSHANGUVE, GAUTENG, South Africa","https://dnb.com/business-directory/company-profiles/jojo-fire-sprinkler-solutions-(pty)-ltd.8a35b59ca3f46e916877c500246e8622"
"1966","KZN FIRE AND SPRINKLER SYSTEMS (PTY) LTD","Management, Scientific, and Technical Consulting Services","Independent","DURBAN, KWA-ZULU NATAL, South Africa","https://dnb.com/business-directory/company-profiles/kzn-fire-and-sprinkler-systems-(pty)-ltd.a993603b71e6c8a6e0ca8f0a25558e06"
"1967","United Fire Sprinkler Protection Inc","Building Equipment Contractors","Independent","West Paterson, NJ, United States","https://dnb.com/business-directory/company-profiles/united-fire-sprinkler-protection-inc.97cf4ea6514e7a4810970035f7436abc"
"1968","Wiemann, Gary","Building Equipment Contractors","Independent","Covina, CA, United States","https://dnb.com/business-directory/company-profiles/wiemann-gary.7d576c3b61c722652de469ad64d45a82"
"1969","Hammer Associated Services","Building Equipment Contractors","Independent","Oakland, CA, United States","https://dnb.com/business-directory/company-profiles/hammer-associated-services.7b0799f0a3ade2c58ae7c7f2e5e529a7"
"1970","Fire Sprinkler SS, Inc.","Household Appliances and Electrical and Electronic Goods Merchant Wholesalers","Independent","Jacksonville, AR, United States","https://dnb.com/business-directory/company-profiles/fire-sprinkler-ss-inc.2e500fd592a56c1c735df6a082bdaaad"
"1971","LINDSEY INVESTMENT GROUP LLC","Other Financial Investment Activities","Independent","Houston, TX, United States","https://dnb.com/business-directory/company-profiles/lindsey-investment-group-llc.4655df417eca7c5c846ba67092b95a75"
"1972","EUROPEAN FIRE SPRINKLER NETWORK","Business, Professional, Labor, Political, and Similar Organizations","Independent","LONDON, England, United Kingdom","https://dnb.com/business-directory/company-profiles/european-fire-sprinkler-network.078f924596b202f02e0e6e31877608f8"
"1973","STEWIE'S FIRE PROTECTION, LLC","","Independent","Des Moines, WA, United States","https://dnb.com/business-directory/company-profiles/stewies-fire-protection-llc.3d616f69b62f6da72cb47668263bb30c"
"1974","Crews Gregory Fire Sprinkler Co","Other Support Services","Independent","Blackstone, VA, United States","https://dnb.com/business-directory/company-profiles/crews-gregory-fire-sprinkler-co.74b6c08e2e9d3a2e86aad3ab3a23997e"
"1975","Be Safe Fire Sprinkler LLC","Building Equipment Contractors","Independent","Suffern, NY, United States","https://dnb.com/business-directory/company-profiles/be-safe-fire-sprinkler-llc.4d7d61bb51e3f06ba2d970b8d1706a12"
"1976","The Fire Sprinkler Podcast","Other Schools and Instruction","Independent","Corunna, ON, Canada","https://dnb.com/business-directory/company-profiles/the-fire-sprinkler-podcast.8b0b17c203541895946f4e8c59256d3d"
"1977","Citywide Fire Sprinkler Inc","Building Equipment Contractors","Independent","Flushing, NY, United States","https://dnb.com/business-directory/company-profiles/citywide-fire-sprinkler-inc.849a1992bc53e68c4e35a5990bf4c70a"
"1978","Condor Fire Sprinkler Co., LLC","Other Support Services","Independent","Schenectady, NY, United States","https://dnb.com/business-directory/company-profiles/condor-fire-sprinkler-co-llc.aa37cfe14fb48b8e23d925f153fa602c"
"1979","ALL SAFE FIRE SPRINKLER SERVICE LLC","Building Equipment Contractors","Independent","Plattsburgh, NY, United States","https://dnb.com/business-directory/company-profiles/all-safe-fire-sprinkler-service-llc.35481163ab594f5d6cd2d42977f5c08d"
"1980","ZELAYA FIRE SPRINKLER LLC","Residential Building Construction","Independent","Charlotte, NC, United States","https://dnb.com/business-directory/company-profiles/zelaya-fire-sprinkler-llc.ce353d06baf3d71d72796e6b8856cba9"
"1981","Eagle Automatic Fire Sprinkler","Building Equipment Contractors","Independent","Houston, TX, United States","https://dnb.com/business-directory/company-profiles/eagle-automatic-fire-sprinkler.fef0021ae8e1d513003b4b284a4d19fd"
"1982","CT FIRE SPRINKLER SYSTEM CORP","Machinery, Equipment, and Supplies Merchant Wholesalers","Independent","Miami, FL, United States","https://dnb.com/business-directory/company-profiles/ct-fire-sprinkler-system-corp.93464e37bbf637c86fd5a1250bb9847e"
"1983","FARRERS FIRE SPRINKLER LLC","Building Equipment Contractors","Independent","Charlotte, NC, United States","https://dnb.com/business-directory/company-profiles/farrers-fire-sprinkler-llc.143498088c9f92464bccca89b39150ff"
"1984","SAFEZONE FIRE SPRINKLER PROTECTION LLC","Building Equipment Contractors","Independent","Miami, FL, United States","https://dnb.com/business-directory/company-profiles/safezone-fire--sprinkler-protection-llc.4cd0676d030c148d01636cedb6253ce1"
"1985","KINTURK FIRE SPRINKLER LLC","Building Equipment Contractors","Independent","New York, NY, United States","https://dnb.com/business-directory/company-profiles/kinturk-fire-sprinkler-llc.bbfae9ee3a9f55473259f70a521c54e1"
"1986","JD FIRE SPRINKLER SOLUTIONS, LLC","Building Equipment Contractors","Independent","Stormville, NY, United States","https://dnb.com/business-directory/company-profiles/jd-fire-sprinkler-solutions-llc.664809468605b66d257a5bc2bff33d8e"
"1987","AGUILAR FIRE SPRINKLER LLC","Building Equipment Contractors","Independent","Shelbyville, TN, United States","https://dnb.com/business-directory/company-profiles/aguilar-fire-sprinkler-llc.b4c1a8c0a5d7c9d8b16543d6500bdac0"
"1988","Fire Sprinkler Service LLC","Building Equipment Contractors","Independent","Charleston, SC, United States","https://dnb.com/business-directory/company-profiles/fire-sprinkler-service-llc.11ef44d289d911689461be27aa22f53d"
"1989","BRIDGE FIRE SPRINKLER, LLC","Building Equipment Contractors","Independent","Bronx, NY, United States","https://dnb.com/business-directory/company-profiles/bridge-fire-sprinkler-llc.c8bdbcb906ba8f03d36e18925d8341d3"
"1990","COMMERCIAL FIRE SPRINKLER, INC.","Building Equipment Contractors","Independent","Lowell, MA, United States","https://dnb.com/business-directory/company-profiles/commercial-fire-sprinkler-inc.6fcd0462c962332a4ae7f272c4af60dc"
"1991","MJM FIRE SPRINKLER COMPANY LLC","Building Equipment Contractors","Independent","Rocky Point, NY, United States","https://dnb.com/business-directory/company-profiles/mjm-fire-sprinkler-company-llc.64c821692cae3d7b6f71487bab29b802"
"1992","ALTERNATIVE SPRINKLER FIRE PROCTECTI","Building Equipment Contractors","Independent","Poland, ME, United States","https://dnb.com/business-directory/company-profiles/alternative-sprinkler-fire-proctecti.779c864c4cfcd196ecea08369bc05357"
"1993","KAY FIRE SPRINKLER LLC","Building Equipment Contractors","Independent","Eatontown, NJ, United States","https://dnb.com/business-directory/company-profiles/kay-fire-sprinkler-llc.e244ae6b88b597fc3538ce66cde3d92a"
"1994","California Fire Protection Sprinkler Com...","Building Equipment Contractors","Independent","Glendale, CA, United States","https://dnb.com/business-directory/company-profiles/california-fire-protection-sprinkler-company-inc.67fea9ab37d0230591d3452aa473f574"
"1995","NIFSAB","Building Equipment Contractors","Independent","Tinley Park, IL, United States","https://dnb.com/business-directory/company-profiles/nifsab.9443b65d801e2d014c16635f64bdd88c"
"1996","Ramos Fire Sprinkler, Inc.","","Independent","Trujillo Alto, PR, United States","https://dnb.com/business-directory/company-profiles/ramos-fire-sprinkler-inc.9b98c48aaf1232df96d3fd37474440f5"
"1997","ONFIRE8 PROTECTION LLC","Investigation and Security Services","Independent","Miami Gardens, FL, United States","https://dnb.com/business-directory/company-profiles/onfire8-protection-llc.5a9636efb13c9e4d9e2f0d45b6076e96"
"1998","All Safe Fire Sprinkler Systems, Inc.","Machinery, Equipment, and Supplies Merchant Wholesalers","Independent","Elmsford, NY, United States","https://dnb.com/business-directory/company-profiles/all-safe-fire-sprinkler-systems-inc.d93206a983c896a07b6deccc2435cbad"
"1999","FIRE SPRINKLER SERVICE COMPANY","Building Equipment Contractors","Independent","Phoenix, AZ, United States","https://dnb.com/business-directory/company-profiles/fire-sprinkler-service-company.ad184463933488ad3c08f2146f8da923"
"2000","Guardian Automatic Fire Sprinkler LLC","Building Equipment Contractors","Independent","Idaho Falls, ID, United States","https://dnb.com/business-directory/company-profiles/guardian-automatic-fire-sprinkler-llc.9b69628d5f98ee6853920af8a622c724"
"2001","RJ FIRE SPRINKLER SERVICES LLC","Building Equipment Contractors","Independent","Londonderry, NH, United States","https://dnb.com/business-directory/company-profiles/rj-fire-sprinkler-services-llc.d38b2415011777f35e2679069a1853ba"
"2002","Anti Fire Sprinkler System LLC","Foundation, Structure, and Building Exterior Contractors","Independent","Buena Park, CA, United States","https://dnb.com/business-directory/company-profiles/anti-fire-sprinkler-system-llc.10aa026b34726023c85917b49bacee09"
"2003","FRONT LINE FIRE SPRINKLER CORP.","Building Equipment Contractors","Independent","Ronkonkoma, NY, United States","https://dnb.com/business-directory/company-profiles/front-line-fire-sprinkler-corp.33ce547d01d4a630490464290efb9ae2"
"2004","ABLE FIRE SPRINKLER LLC","Building Equipment Contractors","Independent","New York, NY, United States","https://dnb.com/business-directory/company-profiles/able-fire-sprinkler-llc.551c80ec99b18eb5137a333b260fa56e"
"2005","ALERT FIRE SPRINKLER SERVICES LLC","Building Equipment Contractors","Independent","North Miami Beach, FL, United States","https://dnb.com/business-directory/company-profiles/alert-fire-sprinkler-services-llc.be456317b1edff2c4360555882d6d9f3"
"2006","Peterson fire sprinkler inspections LLC","Building Equipment Contractors","Independent","Boiling Springs, SC, United States","https://dnb.com/business-directory/company-profiles/peterson-fire-sprinkler-inspections--llc.fa8dcafa504c7fe3a751672c5c3a4308"
"2007","Alpha & Omega Fire Sprinkler Co. Inc.","Building Equipment Contractors","Independent","Bensalem, PA, United States","https://dnb.com/business-directory/company-profiles/alpha--omega-fire-sprinkler-co-inc.2ea9796591d8466f7a62545503d8cd3c"
"2008","KAZAR FIRE SPRINKLER CO LLC","Building Equipment Contractors","Independent","Cape Coral, FL, United States","https://dnb.com/business-directory/company-profiles/kazar-fire-sprinkler-co-llc.fd13f7a96fa0195a32b4236dc9dc458d"
"2009","USA FIRE SPRINKLER LLC","Building Equipment Contractors","Independent","Brooklyn, NY, United States","https://dnb.com/business-directory/company-profiles/usa-fire-sprinkler-llc.ae0b2fe35183f4c631bcfbdd6200f657"
"2010","SPRINKLER PRO FIRE PROTECTION INC.","Building Equipment Contractors","Independent","Monroe, NY, United States","https://dnb.com/business-directory/company-profiles/sprinkler-pro-fire-protection-inc.0475f415e6a5ef0e5be6d31545a28e5f"
"2011","JM and Daughters Fire Sprinkler Solution...","Building Equipment Contractors","Independent","Royse City, TX, United States","https://dnb.com/business-directory/company-profiles/jm-and-daughters-fire-sprinkler-solutions-llc.b1ccfcb41ead3e62d606b670bdc8f623"
"2012","FIRE SPRINKLER 72 INSTALLATIONS LLC","Other Specialty Trade Contractors","Independent","Ponte Vedra, FL, United States","https://dnb.com/business-directory/company-profiles/fire-sprinkler-72-installations-llc.7b5da13311c5d55059152d26e9e138c8"
"2013","Prestige Fire Sprinkler Design LLC","Specialized Design Services","Independent","San Antonio, TX, United States","https://dnb.com/business-directory/company-profiles/prestige-fire-sprinkler-design-llc.4b4770f8e34f9da3bc9c58817616b48f"
"2014","Freedom Backflow & Fire Sprinkler Testin...","Other Professional, Scientific, and Technical Services","Independent","Pittsburgh, PA, United States","https://dnb.com/business-directory/company-profiles/freedom-backflow--fire-sprinkler-testing-llc.7dfaf552523fea63fa95fc4bddd95f92"
"2015","OUTLOOK NETWORK, INC.","","Independent","Tustin, CA, United States","https://dnb.com/business-directory/company-profiles/outlook-network-inc.f4b4a00a20a6b13102991afef1f266f9"
"2016","ACOSTA FIRE SPRINKLER LLC","Building Equipment Contractors","Independent","Atlanta, GA, United States","https://dnb.com/business-directory/company-profiles/acosta-fire-sprinkler-llc.cad799e61295f33f564ff942350c94e6"
"2017","KOSY & JOON, INC.","Building Equipment Contractors","Independent","North Hollywood, CA, United States","https://dnb.com/business-directory/company-profiles/kosy--joon-inc.ff45e7022c34cad1bbf2457680b6e095"
"2018","Jones Fire Sprinkler Co., LLC","Building Equipment Contractors","Independent","Gales Ferry, CT, United States","https://dnb.com/business-directory/company-profiles/jones-fire-sprinkler-co-llc.c3460a7c786486af856e4f9b24f7f967"
"2019","ELITE FIRE SPRINKLER SYSTEMS I","Machinery, Equipment, and Supplies Merchant Wholesalers","Independent","Hiawatha, IA, United States","https://dnb.com/business-directory/company-profiles/elite-fire-sprinkler-systems-i.84eea1aea5faf9fd481f4ee1c56f640a"
"2020","WASHINGTON FIRE SPRINKLER, LLC","Building Equipment Contractors","Independent","Everett, WA, United States","https://dnb.com/business-directory/company-profiles/washington-fire-sprinkler-llc.7afe125bf8fac5721538296395aca20f"
"2021","FLORES FIRE SPRINKLER, INC.","Building Equipment Contractors","Independent","Bellflower, CA, United States","https://dnb.com/business-directory/company-profiles/flores-fire-sprinkler-inc.3b6de126fc7a83aeeea0a9850f65699c"
"2022","JC Fire Sprinkler L.L.C","Building Equipment Contractors","Independent","Overton, NV, United States","https://dnb.com/business-directory/company-profiles/jc-fire-sprinkler-llc.3c4976b67f50319fc5084eee60594850"
"2023","DDC FIRE SPRINKLER DESIGN LIMITED","Specialized Design Services","Independent","NEWRY, Northern Ireland, United Kingdom","https://dnb.com/business-directory/company-profiles/ddc-fire-sprinkler-design-limited.f055a2037a078c385f3f762a22fe006b"
"2024","FIRE SPRINKLER SYSTEM REGISTRATION COMPA...","Business Support Services","Independent","Moultonborough, NH, United States","https://dnb.com/business-directory/company-profiles/fire-sprinkler-system-registration-company-llc.e4a02c6e59a0c2721449252896ee9f44"
"2025","CONTENDER FIRE SPRINKLER, LLC","Building Equipment Contractors","Independent","Virginia Beach, VA, United States","https://dnb.com/business-directory/company-profiles/contender-fire-sprinkler-llc.b114401e53463ea93cf61e3273f8ab8c"
"2026","Emberline Fire Sprinkler Design LLC","Specialized Design Services","Independent","Erie, PA, United States","https://dnb.com/business-directory/company-profiles/emberline-fire-sprinkler-design-llc.ed487f54bfb7a82db766c2469f260431"
"2027","HARPERS FIRE SPRINKLER","Building Equipment Contractors","Independent","West Palm Beach, FL, United States","https://dnb.com/business-directory/company-profiles/harpers-fire-sprinkler.89cbf70c479507780c2ad4c4be6d0f82"
"2028","BOB EVANS FIRE SPRINKLER SERVICES, INC.","Building Equipment Contractors","Independent","Plattsburgh, NY, United States","https://dnb.com/business-directory/company-profiles/bob-evans-fire-sprinkler-services-inc.2f9eb4af99a0742e4ba8502c2f2c67cb"
"2029","ARMOR FIRE SPRINKLER SERVICE, LLC","Building Equipment Contractors","Independent","Hurlock, MD, United States","https://dnb.com/business-directory/company-profiles/armor-fire-sprinkler-service-llc.0e203766e92ec25ce6589ccf5a53b075"
"2030","A SPRINKLER GUY FIRE PROTECTION","Machinery, Equipment, and Supplies Merchant Wholesalers","Independent","Covina, CA, United States","https://dnb.com/business-directory/company-profiles/a-sprinkler-guy-fire-protection.02bae0f111c163b15ccd78bdcc6f5dc7"
"2031","BAO FIRE SPRINKLER SYSTEM LLC","Machinery, Equipment, and Supplies Merchant Wholesalers","Independent","Denver, CO, United States","https://dnb.com/business-directory/company-profiles/bao-fire-sprinkler-system-llc.a12b337725f70ddaa29d2ea7efde2843"
"2032","ARROW PLUMBING HEATING & FIRE SPRINKLER ...","Building Equipment Contractors","Independent","Jersey City, NJ, United States","https://dnb.com/business-directory/company-profiles/arrow-plumbing-heating--fire-sprinkler-co-inc.be8da5e0bf90b01049a1ae95cbaa3905"
"2033","POWELL FIRE SPRINKLER SYSTEMS INC","Machinery, Equipment, and Supplies Merchant Wholesalers","Independent","Orlando, FL, United States","https://dnb.com/business-directory/company-profiles/powell-fire-sprinkler-systems-inc.f4e537304a590b4355c8372358bca35f"
"2034","Texas Grit Fire Sprinkler Company LLC","","Independent","Austin, TX, United States","https://dnb.com/business-directory/company-profiles/texas-grit-fire-sprinkler-company-llc.5dfa2a5f8e1c51d1d03fbf976b7cbf04"
"2035","FIRE PROTECTION SPRINKLER SERVICES","Building Equipment Contractors","Independent","Minot, ME, United States","https://dnb.com/business-directory/company-profiles/fire-protection-sprinkler-services.ebe11df8e41d018d8db8a4112af3e3a3"
"2036","Dilo Fire Sprinkler Installation","Building Equipment Contractors","Independent","Jupiter, FL, United States","https://dnb.com/business-directory/company-profiles/dilo-fire-sprinkler-installation.ea523a09b4fb3878c300f50e15db0b35"
"2037","DE FIRE SPRINKLER DESIGN INC.","Specialized Design Services","Independent","Warwick, RI, United States","https://dnb.com/business-directory/company-profiles/de-fire-sprinkler-design-inc.243884eea7243453a1890d3664e610bf"
"2038","J.L AMERICAN QUALITY FIRE SPRINKLER SYST...","Machinery, Equipment, and Supplies Merchant Wholesalers","Independent","Germantown, MD, United States","https://dnb.com/business-directory/company-profiles/jl-american-quality-fire-sprinkler-systems-ac-llc.7d8793a187f62d4ba20c6d306c3b2d4c"
"2039","ASAP FIRE SPRINKLER","Building Equipment Contractors","Independent","Miami, FL, United States","https://dnb.com/business-directory/company-profiles/asap-fire-sprinkler.9d409d971a4fca0f29b7d9e76ea51c22"
"2040","RAILSBACK FIRE SPRINKLER AND PUMP INC.","Building Equipment Contractors","Independent","Hollywood, FL, United States","https://dnb.com/business-directory/company-profiles/railsback-fire-sprinkler-and-pump-inc.888b2b77893f2e0d3d3eaad8d59bd20e"
"2041","FIRE SPRINKLER FIRE PROTECTION, INC.","Other Support Services","Independent","Agoura Hills, CA, United States","https://dnb.com/business-directory/company-profiles/fire-sprinkler-fire-protection-inc.326263a10083cd3d515ab5fbe79b0e65"
"2042","RAINMAKER FIRE SPRINKLER SYSTEMS","Machinery, Equipment, and Supplies Merchant Wholesalers","Independent","San Antonio, TX, United States","https://dnb.com/business-directory/company-profiles/rainmaker-fire-sprinkler-systems.52907c292e84318cb5fcd802667ba306"
"2043","A.E.P FIRE SPRINKLER SYSTEMS LLC","Machinery, Equipment, and Supplies Merchant Wholesalers","Independent","Sleepy Hollow, NY, United States","https://dnb.com/business-directory/company-profiles/aep-fire-sprinkler-systems-llc.aacb3e00fa3ce0be50f203e3ac3dd63d"
"2044","COMPLETE FIRE SPRINKLER AND SAFETY, LLC","Building Equipment Contractors","Independent","Springfield, OH, United States","https://dnb.com/business-directory/company-profiles/complete-fire-sprinkler-and-safety-llc.4db85a3f4b8a9eda6cb08820cc8a25c3"
"2045","BLC FIRE SPRINKLER LLC","Building Equipment Contractors","Independent","Garland, TX, United States","https://dnb.com/business-directory/company-profiles/blc-fire-sprinkler-llc.739ca5a658d9b40a8d5eecd9533ac84a"
"2046","GEN X FIRE SPRINKLER SERVICES LLC","Building Equipment Contractors","Independent","Independence, MO, United States","https://dnb.com/business-directory/company-profiles/gen-x-fire-sprinkler-services-llc.495763fced43d39043a948f12b1b2337"
"2047","Fire Sprinkler Texas LLC","Building Equipment Contractors","Independent","Sugar Land, TX, United States","https://dnb.com/business-directory/company-profiles/fire-sprinkler-texas-llc.5324659b6ab240e587524522d13b24bb"
"2048","Fire Sprinkler Solutions, Inc.","Building Equipment Contractors","Independent","Huntington Beach, CA, United States","https://dnb.com/business-directory/company-profiles/fire-sprinkler-solutions-inc.088d288531e39612f5746b6120916cb2"
"2049","Ace Sprinkler And Fire Protection, LLC","Building Equipment Contractors","Independent","Miamisburg, OH, United States","https://dnb.com/business-directory/company-profiles/ace-sprinkler-and-fire-protection-llc.88ab58e1ecaf1e3970cec8a21b34038c"
"2050","FIRE SPRINKLER SERVICE AND MAINTENANCE O...","Services to Buildings and Dwellings","Independent","Richmond, NH, United States","https://dnb.com/business-directory/company-profiles/fire-sprinkler-service-and-maintenance-of-richmond-llc.b920e3aec24b321c957b146f66c71ea3"
"2051","Metroplex Fire Sprinkler Inc","Building Equipment Contractors","Independent","Rowlett, TX, United States","https://dnb.com/business-directory/company-profiles/metroplex-fire-sprinkler-inc.178d107af0727145dcaddda5d7cc7810"
"2052","Fire Sprinkler Protection Service B.V.","Other Professional, Scientific, and Technical Services","Subsidiary","Heemskerk, Noord-Holland, Netherlands","https://dnb.com/business-directory/company-profiles/fire-sprinkler-protection-service-bv.595509d849bdb8bf7fc96568878019a0"
"2053","RESIDENTIAL & DOMESTIC FIRE SPRINKLER CO...","Business Support Services","Subsidiary","NAAS, Ireland","https://dnb.com/business-directory/company-profiles/residential--domestic-fire-sprinkler-company-(ireland)-limited.631962844099b90b3aab73db24cc6ba4"
"2054","THE FIREOUT SPRINKLER COMPANY INC.","Building Equipment Contractors","Independent","Burbank, CA, United States","https://dnb.com/business-directory/company-profiles/the-fireout-sprinkler-company-inc.6c5536bda95b962362c32a52cc08fdcd"
"2055","GREGORY FIRE SPRINKLER CORP.","Building Equipment Contractors","Independent","Richmond, VA, United States","https://dnb.com/business-directory/company-profiles/gregory-fire-sprinkler-corp.a88bfcfccd47ccf609e064a78722f956"
"2056","CAPITOL SPRINKLER AND FIRE SYSTEMS LLC","Machinery, Equipment, and Supplies Merchant Wholesalers","Independent","Austin, TX, United States","https://dnb.com/business-directory/company-profiles/capitol-sprinkler-and-fire-systems-llc.a6676d7bc2541e44471dff9d1ec1c266"
"2057","CLEMENTE FIRE SPRINKLER COMPANY LLC","Building Equipment Contractors","Independent","Hanover, MA, United States","https://dnb.com/business-directory/company-profiles/clemente-fire-sprinkler-company-llc.814115e3307800a6dfb78632a0d48bae"
"2058","FIRE SPRINKLER ASSOC INC","Building Equipment Contractors","Independent","Brentwood, NY, United States","https://dnb.com/business-directory/company-profiles/fire-sprinkler-assoc-inc.ee2e299f21d6c1505493a56937d1ced5"
"2059","NATIONWIDE FIRE SPRINKLER COMPANY","Building Equipment Contractors","Independent","Bellaire, TX, United States","https://dnb.com/business-directory/company-profiles/nationwide-fire-sprinkler-company.71a83191019a3d519c65025dd9ec463c"
"2060","CREWS AND GREGORY FIRE SPRINKLER INC","Building Equipment Contractors","Independent","Midlothian, VA, United States","https://dnb.com/business-directory/company-profiles/crews-and-gregory-fire-sprinkler-inc.39c47389eba911a93ee3b6c20196dae3"
"2061","PATRICK A SCALA FIRE SPRINKLER","Building Equipment Contractors","Independent","Nesconset, NY, United States","https://dnb.com/business-directory/company-profiles/patrick-a-scala-fire-sprinkler.ce89aa865a164b8013cc74e44d4082dc"
"2062","COULTON MECHANICAL, INC.","Building Equipment Contractors","Independent","Warrington, PA, United States","https://dnb.com/business-directory/company-profiles/coulton-mechanical-inc.49ad5aaa7caf48278e75e5f5ab14a0cb"
"2063","Seize Fire-Fire Sprinkler Company","Building Equipment Contractors","Independent","Redwood City, CA, United States","https://dnb.com/business-directory/company-profiles/seize-fire-fire-sprinkler-company.6edd2a71a735a32864ab6efb96a34f8c"
"2064","AA Fire Sprinkler Service Company","Building Equipment Contractors","Independent","Louisville, KY, United States","https://dnb.com/business-directory/company-profiles/aa-fire-sprinkler-service-company.f709ed1df17fa0cfb7ddad410dcf2e06"
"2065","NICKOLE TYLER","Building Equipment Contractors","Independent","Fort Worth, TX, United States","https://dnb.com/business-directory/company-profiles/nickole-tyler.6a3126cca0537f2bb3684b747279ad25"
"2066","Heavey, John S. Inc.","Building Equipment Contractors","Independent","Whitinsville, MA, United States","https://dnb.com/business-directory/company-profiles/heavey-john-s-inc.4c3efa507ec074cd126a2721981c04bc"
"2067","East Coast Fire Sprinkler Inspections Co...","Building Equipment Contractors","Independent","Wall Township, NJ, United States","https://dnb.com/business-directory/company-profiles/east-coast-fire-sprinkler-inspections-co-inc.72c34b072dde9a580826f37474a80613"
"2068","ALEX LEWIS, LLC","","Independent","Ocala, FL, United States","https://dnb.com/business-directory/company-profiles/alex-lewis-llc.8b76d3219a92ef67a1bbc25e74ca3ad9"
"2069","JWJ FIRE PROTECTION SPRINKLER INSPECTION...","Electric Power Generation, Transmission and Distribution","Independent","Los Angeles, CA, United States","https://dnb.com/business-directory/company-profiles/jwj-fire-protection-sprinkler-inspection-company.d608cc64153f1e74791e3fc52bc91e7c"
"2070","TMJ FIRE SPRINKLER","Household Appliances and Electrical and Electronic Goods Merchant Wholesalers","Independent","Cerritos, CA, United States","https://dnb.com/business-directory/company-profiles/tmj-fire-sprinkler.5f5d399bfdd9d14537f23694d2661fe3"
"2071","GANNON CAMPBELL, LLC","Building Equipment Contractors","Independent","Hyannis, MA, United States","https://dnb.com/business-directory/company-profiles/gannon-campbell-llc.85f95d49253a47b9336f8ff48fd682cf"
"2072","Kingsbury Plumbing & Heating, Inc.","Building Equipment Contractors","Independent","Naugatuck, CT, United States","https://dnb.com/business-directory/company-profiles/kingsbury-plumbing--heating-inc.8e74aa8f99aacc3a5b4a07b6c29fd32e"
"2073","A.F.S.S. Inc","Building Equipment Contractors","Independent","Fort Lupton, CO, United States","https://dnb.com/business-directory/company-profiles/afss-inc.9197e1d68cfcfb69aea6e65738d0e6dc"
"2074","Risner, Andy R","Building Equipment Contractors","Independent","Springfield, OH, United States","https://dnb.com/business-directory/company-profiles/risner-andy-r.08b2495464e22028d650b269fad41b81"
"2075","MOVING FORWARD TECHNOLOGIES, LLC","Other Support Activities for Transportation","Independent","Mira Loma, CA, United States","https://dnb.com/business-directory/company-profiles/moving-forward-technologies-llc.9d7cb90a2cbe18af934ada42423b4413"
"2076","OKLAHOMA FIRE SPRINKLER SERVICES LLC.","Building Equipment Contractors","Independent","Tulsa, OK, United States","https://dnb.com/business-directory/company-profiles/oklahoma-fire-sprinkler-services-llc.bfa0c0efac0e8c4255d1a4e34adb99c2"
"2077","PROWORX FIRE SPRINKLER, LLC","Building Equipment Contractors","Independent","Marietta, GA, United States","https://dnb.com/business-directory/company-profiles/proworx-fire-sprinkler-llc.a2c853badbb549a90a51f19d306e3653"
"2078","TFG FIRE SPRINKLER SYSTEMS, LLC","Machinery, Equipment, and Supplies Merchant Wholesalers","Independent","Weslaco, TX, United States","https://dnb.com/business-directory/company-profiles/tfg-fire-sprinkler-systems-llc.08b91d8c786f9f3eea3c12a208cd07e3"
"2079","Total Fire Sprinkler Corporation","Building Equipment Contractors","Independent","Oakland Park, FL, United States","https://dnb.com/business-directory/company-profiles/total-fire-sprinkler-corporation.e99eb2185408729021e60e6a7ce8343b"
"2080","Hauf and Associates LLC","Building Equipment Contractors","Parent","Baltimore, MD, United States","https://dnb.com/business-directory/company-profiles/hauf-and-associates-llc.bfae5a1e204339e28f00807513001bb6"
"2081","CEASE FIRE SPRINKLER SYSTEMS, INC.","Machinery, Equipment, and Supplies Merchant Wholesalers","Independent","Simi Valley, CA, United States","https://dnb.com/business-directory/company-profiles/cease-fire-sprinkler-systems-inc.79b345f6fb967c244a8b56a1daaffed3"
"2082","ALL-BORO COMPACTOR & FIRE SPRINKLER, INC...","Commercial and Industrial Machinery and Equipment (except Automotive and Electro...","Independent","Brooklyn, NY, United States","https://dnb.com/business-directory/company-profiles/all-boro-compactor--fire-sprinkler-inc.0580caf4e4c7888cf500dc75071f3fa7"
"2083","ANOTHER IN THE FIRE SPRINKLER DESIGN INC","Specialized Design Services","Independent","Bakersfield, CA, United States","https://dnb.com/business-directory/company-profiles/another-in-the-fire-sprinkler-design-inc.e1f2d8fba9d28e3b068d2829352efd14"
"2084","CHIEF FIRE SPRINKLER COMPANY INC","Building Equipment Contractors","Independent","Flushing, NY, United States","https://dnb.com/business-directory/company-profiles/chief-fire-sprinkler-company-inc.c930a0e92d50aabd621fd0e36e3e42da"
"2085","NICHOLS JAMES PLUMBING & FIRE SPRINKLER ...","Building Equipment Contractors","Independent","Reno, NV, United States","https://dnb.com/business-directory/company-profiles/nichols-james-plumbing--fire-sprinkler-contractor.bd302a25e41285f6052100651e8baa77"
"2086","F D FIRE SPRINKLER & PIPING SERVICE CORP","Building Equipment Contractors","Independent","New Hyde Park, NY, United States","https://dnb.com/business-directory/company-profiles/f-d-fire-sprinkler--piping-service-corp.925a4d959afbbbcaa67ec6a050a58be9"
"2087","SUPERIOR FIRE SPRINKLER INC.","Building Equipment Contractors","Independent","Nipomo, CA, United States","https://dnb.com/business-directory/company-profiles/superior-fire-sprinkler-inc.38e50843e7a1953a6029e58f74b8a9df"
"2088","FIRE SPRINKLER SERVICES OF NE FLORIDA","Building Equipment Contractors","Independent","Jacksonville, FL, United States","https://dnb.com/business-directory/company-profiles/fire-sprinkler-services-of-ne-florida.d8e8363b16b353b7f6f1c6b9292be50f"
"2089","FLORIDA FIRE SPRINKLER ASSOCIATION","Other Support Services","Independent","Tallahassee, FL, United States","https://dnb.com/business-directory/company-profiles/florida-fire-sprinkler-association.5fc0c020787476e48f1b5c3cd2917484"
"2090","ACCURATE FIRE SPRINKLER D","Specialized Design Services","Independent","La Grange, KY, United States","https://dnb.com/business-directory/company-profiles/accurate-fire-sprinkler-d.24d07009003824b15870b150ee1bbff7"
"2091","MAIN FIRE SPRINKLER SYSTEMS LIMITED","Architectural, Engineering, and Related Services","Independent","GOSPORT, England, United Kingdom","https://dnb.com/business-directory/company-profiles/main-fire-sprinkler-systems-limited.de466805a37a481f2f5dbf8d00cf5fdb"
"2092","Justice Fire Sprinkler Inc.","Building Equipment Contractors","Independent","Calverton, NY, United States","https://dnb.com/business-directory/company-profiles/justice-fire-sprinkler-inc.b444f74ca28c38e1d3e8712f53028f5b"
"2093","FIRE SPRINKLER MAINTENANCE, INC.","Building Equipment Contractors","Independent","Crossett, AR, United States","https://dnb.com/business-directory/company-profiles/fire-sprinkler-maintenance-inc.32ddcceb859480ee209e7d402ae3912b"
"2094","FIRE SPRINKLER DESIGN CONSTRUCTION, INC.","Specialized Design Services","Independent","Burbank, CA, United States","https://dnb.com/business-directory/company-profiles/fire-sprinkler-design-construction-inc.cd1caf26bd8af04037ef98ae7239e7c8"
"2095","FIRE SPRINKLER INDUSTRIES","Building Equipment Contractors","Independent","West Babylon, NY, United States","https://dnb.com/business-directory/company-profiles/fire-sprinkler-industries.a130fe89066943aac475dd7bd04db705"
"2096","Folgner, Ron","Building Equipment Contractors","Independent","Santa Ynez, CA, United States","https://dnb.com/business-directory/company-profiles/folgner-ron.334424ffdb4defcccfc496469410e109"
"2097","A1 Group Inc.","Building Equipment Contractors","Independent","Salt Lake City, UT, United States","https://dnb.com/business-directory/company-profiles/a1-group-inc.05285729518a2cac9b122650840eb908"
"2098","FIRE SPRINKLER SOLUTIONS LTD","Architectural, Engineering, and Related Services","Independent","LONDON, England, United Kingdom","https://dnb.com/business-directory/company-profiles/fire-sprinkler-solutions-ltd.9feabd015e8706b47fbb105df98727be"
"2099","FAST RESPONSE FIRE SPRINKLER SYSTEMS AND...","Residential Building Construction","Independent","Chicago Park, CA, United States","https://dnb.com/business-directory/company-profiles/fast-response-fire-sprinkler-systems-and-construct.7359e98f90cba7b99418664e5e4c7b7c"
"2100","ANCHOR FIRE SPRINKLER INC","Motor Vehicle Manufacturing","Independent","Weeki Wachee, FL, United States","https://dnb.com/business-directory/company-profiles/anchor-fire-sprinkler-inc.1adf07ca898dbe79aebffef77c1d2075"
"2101","MBLB FIRE SPRINKLER SERVICES, LLC","Building Equipment Contractors","Independent","West Henrietta, NY, United States","https://dnb.com/business-directory/company-profiles/mblb-fire-sprinkler-services-llc.570a82729167702fd429d6ee7dba7c21"
"2102","Midtown Fire Sprinkler Corp","Building Equipment Contractors","Independent","Long Island City, NY, United States","https://dnb.com/business-directory/company-profiles/midtown-fire-sprinkler-corp.5d5355d11560d20a4e281e387fb4058c"
"2103","PRECISION FIRE SPRINKLER INC","Building Equipment Contractors","Independent","Hugo, MN, United States","https://dnb.com/business-directory/company-profiles/precision-fire-sprinkler-inc.a40a3a07b45955f6d8a114a524af8d4f"
"2104","PRO FIRE AND SPRINKLER LLC","Building Equipment Contractors","Independent","Forney, TX, United States","https://dnb.com/business-directory/company-profiles/pro-fire-and-sprinkler-llc.162383ee2b4118b288682bee415d359c"
"2105","J LARRY HOOD LLC","Building Equipment Contractors","Independent","Lakeland, FL, United States","https://dnb.com/business-directory/company-profiles/j-larry-hood-llc.5723ceb1bedfd8ce3add91ca9fdcf056"
"2106","PERFORMANCE FIRE SPRINKLER LLC","Building Equipment Contractors","Independent","Easton, MO, United States","https://dnb.com/business-directory/company-profiles/performance-fire-sprinkler-llc.77786542315c1d2b49ca4f679910545d"
"2107","A1-FIRE SPRINKLER AND SECURITY LIFE LLC","Building Equipment Contractors","Independent","Miami, FL, United States","https://dnb.com/business-directory/company-profiles/a1-fire-sprinkler-and-security-life-llc.0295b3deb177ca4ba07ca79b1e55bf60"
"2108","PAYLESS PLUMBING & FIRE SPRINKLER SUPPLI","Building Equipment Contractors","Independent","San Francisco, CA, United States","https://dnb.com/business-directory/company-profiles/payless-plumbing--fire-sprinkler-suppli.4e90e3ccab0635ff5be80397f76b0565"
"2109","PRO TEK FIRE SPRINKLER SY","Building Equipment Contractors","Independent","North Hollywood, CA, United States","https://dnb.com/business-directory/company-profiles/pro-tek-fire-sprinkler-sy.4e68c75aaeea06cb021f91e8449d42c6"
"2110","Winchester Sprinkler, L.L.C.","Building Equipment Contractors","Independent","Sterling, VA, United States","https://dnb.com/business-directory/company-profiles/winchester-sprinkler-llc.f6412a75dec9da46764d366dca87d977"
"2111","FIRE SAFE SPRINKLER INSTALLATIONS LIMITE...","Building Equipment Contractors","Independent","WIGAN, England, United Kingdom","https://dnb.com/business-directory/company-profiles/fire-safe-sprinkler-installations-limited.7ed917adf5b26b4ae14e9713aab8457b"
"2112","RITE WAY FIRE SPRINKLER CORP.","Building Equipment Contractors","Independent","Brooklyn, NY, United States","https://dnb.com/business-directory/company-profiles/rite-way-fire-sprinkler-corp.b1661da28f5b2faaf61ef6fb35545581"
"2113","Big Apple Fire Sprinkler Company Inc.","Building Equipment Contractors","Independent","Woodside, NY, United States","https://dnb.com/business-directory/company-profiles/big-apple-fire-sprinkler-company-inc.e48abe4b1ad15b0205816d79712588eb"
"2114","Ever Ready Fire Sprinkler","Building Equipment Contractors","Independent","Floral Park, NY, United States","https://dnb.com/business-directory/company-profiles/ever-ready-fire-sprinkler.43ceea02af9f2e8c460cdbdce5a4838d"
"2115","KATCO FIRE SPRINKLER DESIGN","Building Equipment Contractors","Independent","Corona, CA, United States","https://dnb.com/business-directory/company-profiles/katco-fire-sprinkler-design.ad08a1fd725699be199fe495d38c10dd"
"2116","Fire Sprinkler Service Co","Building Equipment Contractors","Independent","Fountain Valley, CA, United States","https://dnb.com/business-directory/company-profiles/fire-sprinkler-service-co.c12e16bfd71a49ef52f2800540c02df8"
"2117","ALL SAFE FIRE SPRINKLER","Building Equipment Contractors","Independent","Belleville, NJ, United States","https://dnb.com/business-directory/company-profiles/all-safe-fire-sprinkler.74f365989da360537c36f48f97b6a8ba"
"2118","FIRE SPRINKLER DESIGN","Legal Services","Independent","Wolcott, CT, United States","https://dnb.com/business-directory/company-profiles/fire-sprinkler-design.784b6c855c3cb73bf3231dd39fae7c19"
"2119","Fire Sprinkler Design Service","Building Equipment Contractors","Independent","Orange Park, FL, United States","https://dnb.com/business-directory/company-profiles/fire-sprinkler-design-service.6f0ecf5a23e52c60f1d20df49cd55612"
"2120","Automatic Fire Sprinkler Installation In...","Building Equipment Contractors","Parent","Brooklyn, NY, United States","https://dnb.com/business-directory/company-profiles/automatic-fire-sprinkler-installation-inc.d85d8c54f03064be94db491bf0a3296a"
"2121","Fire Sprinkler Design & Consulting LLC","Machinery, Equipment, and Supplies Merchant Wholesalers","Independent","Scottsdale, AZ, United States","https://dnb.com/business-directory/company-profiles/fire-sprinkler-design--consulting-llc.85ad63d29dcb75d39556af0d8cdc8e7b"
"2122","Automatic Fire Sprinkler Service, Inc.","Building Equipment Contractors","Independent","Staten Island, NY, United States","https://dnb.com/business-directory/company-profiles/automatic-fire-sprinkler-service-inc.19e7cd786faf6892af8de111da9796a8"
"2123","WNW FIRE SPRINKLER CORP","Building Equipment Contractors","Independent","Brooklyn, NY, United States","https://dnb.com/business-directory/company-profiles/wnw-fire-sprinkler-corp.76259c9b190b441492dda3fe4daf2ad5"
"2124","YADKIN VALLEY FIRE SPRINKLER INSPECTIONS","Other Professional, Scientific, and Technical Services","Independent","Lexington, NC, United States","https://dnb.com/business-directory/company-profiles/yadkin-valley-fire-sprinkler-inspections.4c64811dc9d5e23ab4ccca091c155891"
"2125","National Fire Sprinkler, Inc.","Building Equipment Contractors","Independent","Peoria, AZ, United States","https://dnb.com/business-directory/company-profiles/national-fire-sprinkler-inc.25a617fbc9cbe6da8d2013cb88ffe72f"
"2126","Fire Sprinkler Service Corporation","Building Equipment Contractors","Independent","Mechanicsville, VA, United States","https://dnb.com/business-directory/company-profiles/fire-sprinkler-service-corporation.9c068be810327eaaf039e5fa1957ca83"
"2127","FIRE SPRINKLER TECHNOLOGY INC.","Building Equipment Contractors","Independent","North Providence, RI, United States","https://dnb.com/business-directory/company-profiles/fire-sprinkler-technology-inc.ee27da7e4829129e2d55a59e22d107a3"
"2128","WAYNE'S AUTOMATED FIRE SPRINKLER","Building Equipment Contractors","Independent","Montverde, FL, United States","https://dnb.com/business-directory/company-profiles/waynes-automated-fire-sprinkler.a2f5331beae7190dda808bf18df2c72e"
"2129","Alaev Yosef","Building Equipment Contractors","Independent","TEL AVIV-JAFFA, Central District, Israel","https://dnb.com/business-directory/company-profiles/alaev-yosef.8a4eaf905d803f2c3ab40a04e197c3d6"
"2130","FIRE SPRINKLER SERVICING LTD","Building Equipment Contractors","Independent","MANCHESTER, England, United Kingdom","https://dnb.com/business-directory/company-profiles/fire-sprinkler-servicing-ltd.b4dea61c8b417c941d0ebde87290a2e5"
"2131","NEW YORK FIRE SPRINKLER CORP","Building Equipment Contractors","Independent","Bronx, NY, United States","https://dnb.com/business-directory/company-profiles/new-york-fire-sprinkler-corp.be91b7e5bd84534b83089c2e99e313a7"
"2132","SIERRA FIRE SPRINKLER INC","Building Equipment Contractors","Independent","Bishop, CA, United States","https://dnb.com/business-directory/company-profiles/sierra-fire-sprinkler-inc.6d1e6cbb715824fd5ed5aa167aa22557"
"2133","GMIE, INC.","Building Equipment Contractors","Independent","Montebello, CA, United States","https://dnb.com/business-directory/company-profiles/gmie-inc.8f75867080d82a07846c223ebcc8875f"
"2134","BE SAFE FIRE SPRINKLER II INC","Building Equipment Contractors","Independent","Monsey, NY, United States","https://dnb.com/business-directory/company-profiles/be-safe-fire-sprinkler-ii-inc.f367552cfadf7567dc1ac78bbbcd0abf"
"2135","GENERAL FIRE SPRINKLER","Building Equipment Contractors","Independent","Miami, FL, United States","https://dnb.com/business-directory/company-profiles/general-fire-sprinkler.f97e3983bd73fd39f2a806fafbf0e9d7"
"2136","FIREGUARD AUTOMATIC FIRE SPRINKLER CO","Building Equipment Contractors","Independent","Smartsville, CA, United States","https://dnb.com/business-directory/company-profiles/fireguard-automatic-fire-sprinkler-co.45ffc5e1be9174f6310c02e352b2cb11"
"2137","MICHIGAN FIRE SPRINKLER","Building Equipment Contractors","Independent","Novi, MI, United States","https://dnb.com/business-directory/company-profiles/michigan-fire-sprinkler.64660b4318a8a44310dc34b57dc8421b"
"2138","FIRE SPRINKLER INDUSTRIES, INC.","Building Equipment Contractors","Independent","Massapequa Park, NY, United States","https://dnb.com/business-directory/company-profiles/fire-sprinkler-industries-inc.97c6e7a4fae0c93abef035b6310e971d"
"2139","Superior Fire Sprinkler Systems Inc","Building Equipment Contractors","Independent","Haltom City, TX, United States","https://dnb.com/business-directory/company-profiles/superior-fire-sprinkler-systems-inc.0ccf9ee48277889afea5b815ae977fc4"
"2140","F & W BROTHERS FIRE SPRINKLER SYSTEM LLC","Machinery, Equipment, and Supplies Merchant Wholesalers","Independent","Newark, NJ, United States","https://dnb.com/business-directory/company-profiles/f--w-brothers-fire-sprinkler-system-llc.e08ad1efdf339272a8964bfbada1125d"
"2141","Dynamic Fire Sprinkler Of California, In...","Building Equipment Contractors","Independent","Riverside, CA, United States","https://dnb.com/business-directory/company-profiles/dynamic-fire-sprinkler-of-california-inc.83a14f70c6ef41a5db039f00d154667b"
"2142","COMPLETE FIRE SPRINKLER SERVICES, LLC","Building Equipment Contractors","Independent","Medford, MN, United States","https://dnb.com/business-directory/company-profiles/complete-fire-sprinkler-services-llc.3a86c655ce27f36cfcc1ddd4c3eef9bb"
"2143","AAA FIRE SPRINKLER SYSTEMS LLC","Machinery, Equipment, and Supplies Merchant Wholesalers","Independent","McAllen, TX, United States","https://dnb.com/business-directory/company-profiles/aaa-fire-sprinkler-systems-llc.48f6916dcec4e3dd87927d24a79a64e3"
"2144","FIRE TRUST SPRINKLER COMPANY, INC.","Other Financial Investment Activities","Independent","Southampton, PA, United States","https://dnb.com/business-directory/company-profiles/fire-trust-sprinkler-company-inc.331a5cd0420595116dfd924c9193bea6"
"2145","M&D FIRE SPRINKLER INC.","Building Equipment Contractors","Independent","Brooklyn, NY, United States","https://dnb.com/business-directory/company-profiles/md-fire-sprinkler-inc.f8b0fd00dd62b3f7309091e5f2b36385"
"2146","FIRE SPRINKLER DESIGN","Building Equipment Contractors","Independent","Hamilton, OH, United States","https://dnb.com/business-directory/company-profiles/fire-sprinkler-design.c532aa16c43a59230a9ffb31a3a42271"
"2147","GENERAL FIRE SPRINKLER, INC.","Building Equipment Contractors","Independent","Miami, FL, United States","https://dnb.com/business-directory/company-profiles/general-fire-sprinkler-inc.429d77b27bd591fc059e13339bc76780"
"2148","GEORGIA FIRE SPRINKLER ASSOCIATION, INC.","Business, Professional, Labor, Political, and Similar Organizations","Independent","Grayson, GA, United States","https://dnb.com/business-directory/company-profiles/georgia-fire-sprinkler-association-inc.e921135b7d81a02e5ed4c2cb43f68fbb"
"2149","CRUZ CACERES FIRE SPRINKLER CO","Building Equipment Contractors","Independent","Dumfries, VA, United States","https://dnb.com/business-directory/company-profiles/cruz-caceres-fire-sprinkler-co.1550226d2c3612357f0d1e84e59e2e5d"
"2150","Sacramento Fire Sprinkler Inc.","Building Equipment Contractors","Independent","Granite Bay, CA, United States","https://dnb.com/business-directory/company-profiles/sacramento-fire-sprinkler-inc.2eb92b88f835ffa4eccfb9250cb0ac12"
"2151","FIRE SPRINKLER SERVICES OF RICHMOND LL","Building Equipment Contractors","Independent","Winchester, NH, United States","https://dnb.com/business-directory/company-profiles/fire-sprinkler-services-of-richmond-ll.7490c84a9e6eb0c941f62a851da31a25"
"2152","G&H Fire Sprinkler LLC","Building Equipment Contractors","Independent","Charlotte, NC, United States","https://dnb.com/business-directory/company-profiles/gh-fire-sprinkler-llc.a951a4b7cb0a564ff50cb78fdbbbac2b"
"2153","FIRE SPRINKLER DESIGN GROUP INC","Management, Scientific, and Technical Consulting Services","Independent","Miami, FL, United States","https://dnb.com/business-directory/company-profiles/fire-sprinkler-design-group-inc.8881dadfdfdec248bb133b77c3295dfd"
"2154","MOUNTAIN CITY Fire SPRINKLER","Building Equipment Contractors","Independent","Hixson, TN, United States","https://dnb.com/business-directory/company-profiles/mountain-city-fire-sprinkler.09c7e28b15aa9da7f6b95297665143d5"
"2155","T&M FIRE SPRINKLER CORP.","Building Equipment Contractors","Independent","Hollywood, FL, United States","https://dnb.com/business-directory/company-profiles/tm-fire-sprinkler-corp.d5d69d4da431cabada46c1ff800a58ff"
"2156","FIRE SPRINKLER ASSOC INC","Building Equipment Contractors","Independent","Mesquite, TX, United States","https://dnb.com/business-directory/company-profiles/fire-sprinkler-assoc-inc.f3d200ae5273a74b32087ec98f09bf91"
"2157","SHAREL STOKES FIRE SPRINKLER PUBLIC EDUC","Building Equipment Contractors","Independent","Westfield, MA, United States","https://dnb.com/business-directory/company-profiles/sharel-stokes-fire-sprinkler-public-educ.b4325637d963288515fe0601193f0df4"
"2158","INTERNATIONAL FIRE SPRINKLER I","Building Equipment Contractors","Independent","Maryland Heights, MO, United States","https://dnb.com/business-directory/company-profiles/international-fire-sprinkler-i.bcf5080537af6c9a1a6af510c7c1834b"
"2159","ALL BREVARD FIRE SPRINKLER","Building Equipment Contractors","Independent","Merritt Island, FL, United States","https://dnb.com/business-directory/company-profiles/all-brevard-fire-sprinkler.36e5dae6b4cd16e9beceb324b8795eed"
"2160","NJ FIRE SPRINKLER DESIGN LTD","Other Personal Services","Independent","WORCESTER, England, United Kingdom","https://dnb.com/business-directory/company-profiles/nj-fire-sprinkler-design-ltd.1a4cf62d9eeb5b7703e83ac98d85eb52"
"2161","FIRE SPRINKLER INSPECTIONS, INC.","Building Equipment Contractors","Independent","Huntington Beach, CA, United States","https://dnb.com/business-directory/company-profiles/fire-sprinkler-inspections-inc.cb40d9e8ee9aad328f848efbfec1604f"
"2162","MICHAEL AMIRKHAS","Building Equipment Contractors","Independent","Burbank, CA, United States","https://dnb.com/business-directory/company-profiles/michael-amirkhas.57b5f0c8a0b040b21f2cf45288d43e82"
"2163","FIDEL ALBERTO SALAS TORRES","Building Equipment Contractors","Independent","Dallas, TX, United States","https://dnb.com/business-directory/company-profiles/fidel-alberto-salas-torres.23ca92da6434eb517a2ee8712432495d"
"2164","Upstate Fire Sprinkler, LLC","","Independent","Schenectady, NY, United States","https://dnb.com/business-directory/company-profiles/upstate-fire-sprinkler-llc.7bdfba5dddcf38d931bbf8cfa20a7f75"
"2165","NORTHERN FIRE SPRINKLER INC","Building Equipment Contractors","Independent","East Weymouth, MA, United States","https://dnb.com/business-directory/company-profiles/northern-fire-sprinkler-inc.eed88eb5ec27703c753e96a7f69ac926"
"2166","ACE AUTOMATIC FIRE SPRINKLER","Building Equipment Contractors","Independent","Deltona, FL, United States","https://dnb.com/business-directory/company-profiles/ace-automatic-fire-sprinkler.f82560c93c761de3ef961121561756d4"
"2167","INDEPENDENCE FIRE SPRINKLER COMPANY, LLC","","Independent","Lester, PA, United States","https://dnb.com/business-directory/company-profiles/independence-fire-sprinkler-company-llc.5e6e44ccb960ab355a0e316ec58eb735"
"2168","AMERICAN FIRE SPRINKLER SYSTEM LLC","Machinery, Equipment, and Supplies Merchant Wholesalers","Independent","Newark, NJ, United States","https://dnb.com/business-directory/company-profiles/american-fire-sprinkler-system-llc.e0800fa09a48ad5d4feb706cf26da278"
"2169","ACCURATE FIRE SPRINKLER DESIGN, LLC","Specialized Design Services","Independent","Louisville, KY, United States","https://dnb.com/business-directory/company-profiles/accurate-fire-sprinkler-design-llc.a98b0e14f7addbcbff63c01759afcd09"
"2170","CENTURY FIRE SPRINKLER INC","Building Equipment Contractors","Independent","Kansas City, MO, United States","https://dnb.com/business-directory/company-profiles/century-fire-sprinkler-inc.317813f7019dbae286efcaba744ad0ab"
"2171","AUTOMATIC FIRE SPRINKLER SYSTEMS","Machinery, Equipment, and Supplies Merchant Wholesalers","Independent","Saint Louis, MO, United States","https://dnb.com/business-directory/company-profiles/automatic-fire-sprinkler-systems.9e2be7c75f8576802dbc56f607e7e80f"
"2172","HAKENWERTH FIRE SPRINKLER DESI","Building Equipment Contractors","Independent","Foristell, MO, United States","https://dnb.com/business-directory/company-profiles/hakenwerth-fire-sprinkler-desi.bf6ec37bbd3c21c53f4b9c07e1cec78c"
"2173","ELI J. YODER L.L.C.","Building Equipment Contractors","Independent","Sarasota, FL, United States","https://dnb.com/business-directory/company-profiles/eli-j-yoder-llc.5922f8164b0c6a1a47c2a47554011adc"
"2174","ADRIAN FIRE SPRINKLER SYSTEM LTD","Building Equipment Contractors","Independent","DAGENHAM, England, United Kingdom","https://dnb.com/business-directory/company-profiles/adrian-fire-sprinkler-system-ltd.4600b5caf47bf2e3e4e7896a1bb041cc"
"2175","A & A FIRE SPRINKLER LLC","Building Equipment Contractors","Independent","Branson, MO, United States","https://dnb.com/business-directory/company-profiles/a--a-fire-sprinkler-llc.d3226655229155c8d24cc51f7796425b"
"2176","BOSTON FIRE SPRINKLER PROTECTION COMPANY...","Building Equipment Contractors","Independent","Hanover, MA, United States","https://dnb.com/business-directory/company-profiles/boston-fire-sprinkler-protection-company-llc.980117ed0b16a711a8e4f662966c021f"
"2177","Platinum Fire Protection Inc.","Building Equipment Contractors","Independent","Jacksonville, FL, United States","https://dnb.com/business-directory/company-profiles/platinum-fire-protection-inc.f77370df3f8f4362b918c71ac6090619"
"2178","VAIL VALLEY FIRE SPRINKLER CORPORATION","Building Equipment Contractors","Independent","Edwards, CO, United States","https://dnb.com/business-directory/company-profiles/vail-valley-fire-sprinkler-corporation.9f7db506fafc1f6bcd30983f320b5f25"
"2179","FIRE SPRINKLER SYSTEMS INC.","Building Equipment Contractors","Independent","Buffalo, NY, United States","https://dnb.com/business-directory/company-profiles/fire-sprinkler-systems-inc.701a560b8a3815f3dbbc5e61b09a59bc"
"2180","Kentucky Fire Sprinkler Contractors Assn","Building Equipment Contractors","Independent","Prospect, KY, United States","https://dnb.com/business-directory/company-profiles/kentucky-fire-sprinkler-contractors-assn.3d918594fdd04bc36c949d2b84d57ac5"
"2181","FLAMINGO FIRE SPRINKLER INC","Building Equipment Contractors","Independent","Boca Raton, FL, United States","https://dnb.com/business-directory/company-profiles/flamingo-fire-sprinkler-inc.13b948ceb36db6580676e8bb0080a478"
"2182","ZIELSDORF FIRE SPRINKLER SERVICES","Building Equipment Contractors","Independent","Bakersfield, CA, United States","https://dnb.com/business-directory/company-profiles/zielsdorf-fire-sprinkler-services.39aefa1ed539d28b060292b742cd27cc"
"2183","CUSTOM SPRINKLER FIRE PROTECTION LIMITED","Building Equipment Contractors","Independent","Kilkenny, Ireland","https://dnb.com/business-directory/company-profiles/custom-sprinkler-fire-protection-limited.01d4e09a85fbe23aec39989320f025d0"
"2184","YADKIN VALLEY FIRE SPRINKLER I","Building Equipment Contractors","Independent","Thomasville, NC, United States","https://dnb.com/business-directory/company-profiles/yadkin-valley-fire-sprinkler-i.16ae2213964485dc1fc6975fcbc39529"
"2185","Guillory, Sean Joseph","Building Equipment Contractors","Independent","Summerdale, AL, United States","https://dnb.com/business-directory/company-profiles/guillory-sean-joseph.da944a6d5be1a151a62a4c626c482fe2"
"2186","D2 Fire Sprinkler Company, LLC","Building Equipment Contractors","Independent","Bonner, MT, United States","https://dnb.com/business-directory/company-profiles/d2-fire-sprinkler-company-llc.7633e106a0ccab9a0a5bd7c314deb039"
"2187","ACE AUTOMATIC FIRE SPRINKLER INC","Building Equipment Contractors","Independent","Debary, FL, United States","https://dnb.com/business-directory/company-profiles/ace-automatic-fire-sprinkler-inc.d10aa592d61691483bcc903fa4b065f9"
"2188","A1 FIRE SPRINKLER CONTRACTORS LLC","Other Specialty Trade Contractors","Independent","Picayune, MS, United States","https://dnb.com/business-directory/company-profiles/a1-fire-sprinkler-contractors-llc.9421e9c78295db515a27360cde8a40fd"
"2189","LAMB CONSTRUCTION","Residential Building Construction","Independent","Cottonwood, CA, United States","https://dnb.com/business-directory/company-profiles/lamb-construction.7215b658117fd86a2350eafaeb32f2ee"
"2190","AAA FIRE SPRINKLER PROTECTION","Building Equipment Contractors","Independent","Phoenix, AZ, United States","https://dnb.com/business-directory/company-profiles/aaa-fire-sprinkler-protection.8f4823415685285e50d7e1c1f1c1f564"
"2191","ELITE FIRE SPRINKLER INC.","Building Equipment Contractors","Independent","South Ozone Park, NY, United States","https://dnb.com/business-directory/company-profiles/elite-fire-sprinkler-inc.cf410d42f5bb6c9b8cb25ab7c84e280e"
"2192","ATLANTIS FIRE SPRINKLER & BACKFLOW LLC","Building Equipment Contractors","Independent","Crane, MO, United States","https://dnb.com/business-directory/company-profiles/atlantis-fire-sprinkler--backflow-llc.5b2106818b48a4c166ff740e3c45b89a"
"2193","Central Pacific Fire Sprinkler Co.","Building Equipment Contractors","Independent","Cathlamet, WA, United States","https://dnb.com/business-directory/company-profiles/central-pacific-fire-sprinkler-co.195d4bb9f6b09751917c275702fbb536"
"2194","American Fire Sprinkler Association-Flor...","Vocational Rehabilitation Services","Independent","Land O Lakes, FL, United States","https://dnb.com/business-directory/company-profiles/american-fire-sprinkler-association-florida-chapter-inc.4b0b1d6214872f081512e48281314d0c"
"2195","NATIONAL FIRE SPRINKLER DESIGN L.L.C.","Building Equipment Contractors","Independent","Sutton, MA, United States","https://dnb.com/business-directory/company-profiles/national-fire-sprinkler-design-llc.663f5f0594f369475485b07c343cd42f"
"2196","DODDS FIRE SPRINKLER DESIGN","Specialized Design Services","Independent","San Miguel, CA, United States","https://dnb.com/business-directory/company-profiles/dodds-fire-sprinkler-design.1a7a8fd2b2770360a2d64a100e03b0eb"
"2197","A&F FIRE SPRINKLER PROTECTION LIMITED","Steel Product Manufacturing from Purchased Steel","Independent","MARGATE, England, United Kingdom","https://dnb.com/business-directory/company-profiles/af-fire-sprinkler-protection-limited.c624cce97fd06597cd91ed5642a59dda"
"2198","Genesis Fire Sprinkler Inc","Building Equipment Contractors","Independent","Austell, GA, United States","https://dnb.com/business-directory/company-profiles/genesis-fire-sprinkler-inc.73cc50a41151c83eecedcec4b0a5db7a"
"2199","FIRE SPRINKLER SFP, INC.","Building Equipment Contractors","Independent","Tampa, FL, United States","https://dnb.com/business-directory/company-profiles/fire-sprinkler-sfp-inc.8df00d6513205bd0aaee0b477547060a"
"2200","SPRING FIRE SPRINKLER PROTECTION LLC","Building Equipment Contractors","Independent","Fultondale, AL, United States","https://dnb.com/business-directory/company-profiles/spring-fire-sprinkler-protection-llc.c9186042db252f045faf716a072a6cae"
"2201","JJ Fire Sprinkler LLC","Building Equipment Contractors","Independent","Garland, TX, United States","https://dnb.com/business-directory/company-profiles/jj-fire-sprinkler-llc.fb21ca66952577833c6364d06565d81d"
"2202","CENTRAL FIRE SPRINKLER SYSTEMS INC","Machinery, Equipment, and Supplies Merchant Wholesalers","Independent","Dallas, TX, United States","https://dnb.com/business-directory/company-profiles/central-fire-sprinkler-systems-inc.1259d0c5b1bee925746514bb0a514785"
"2203","CJS AUTOMATIC FIRE SPRINKLER SYSTEMS, IN...","Building Equipment Contractors","Independent","Martinez, CA, United States","https://dnb.com/business-directory/company-profiles/cjs-automatic-fire-sprinkler-systems-inc.1eea310793087878b815842c3ce33d9b"
"2204","RM FIRE SPRINKLER DESIGN, LLC","Specialized Design Services","Independent","La Verne, CA, United States","https://dnb.com/business-directory/company-profiles/rm-fire-sprinkler-design-llc.aa4370620083ceebd6497071a42f7597"
"2205","FIRE SPRINKLER RPG INC","Building Equipment Contractors","Independent","Chester Springs, PA, United States","https://dnb.com/business-directory/company-profiles/fire-sprinkler-rpg-inc.b980ab830c0d0de6e6f73956aa5e6102"
"2206","Pro Plumbing & Fire Sprinkler","Building Equipment Contractors","Independent","San Francisco, CA, United States","https://dnb.com/business-directory/company-profiles/pro-plumbing--fire-sprinkler.328c02618c227742149864a31dfcff4a"
"2207","Liberty Fire Sprinkler Corp","Building Equipment Contractors","Independent","Hackensack, NJ, United States","https://dnb.com/business-directory/company-profiles/liberty-fire-sprinkler-corp.90a70c71016c28174b149a014ea04fec"
"2208","Fire Guard Sprinkler System","Building Equipment Contractors","Independent","Phoenix, AZ, United States","https://dnb.com/business-directory/company-profiles/fire-guard-sprinkler-system.40de26a4a6ea7ecb414bb0b0fc15d304"
"2209","FIRE SPRINKLER DESIGNS LLC","Specialized Design Services","Independent","Saint Augustine, FL, United States","https://dnb.com/business-directory/company-profiles/fire-sprinkler-designs-llc.7a4d4e567c27436baad97851ea336b8b"
"2210","FIRE SPRINKLER SERVICE CO INC","Building Equipment Contractors","Independent","Garden Grove, CA, United States","https://dnb.com/business-directory/company-profiles/fire-sprinkler-service-co-inc.9d1c2976349d987a6e8a51ff45e54d3e"
"2211","Rem-C Fire Protection Sprinkler Systems ...","Building Equipment Contractors","Independent","Auburn, NH, United States","https://dnb.com/business-directory/company-profiles/rem-c-fire-protection-sprinkler-systems-inc.1933f02683416ad658318518b70f7072"
"2212","GRD SPRINKLER FIRE PROTECTION INC.","Building Equipment Contractors","Independent","Springfield, VA, United States","https://dnb.com/business-directory/company-profiles/grd-sprinkler-fire-protection-inc.a9dd200c86501e3b6cf148e014d283e0"
"2213","RESIDENTIAL FIRE SPRINKLER SERVICES, LLC","Building Equipment Contractors","Independent","Freedom, PA, United States","https://dnb.com/business-directory/company-profiles/residential-fire-sprinkler-services-llc.4862e3ae7d6a3d0c31e1309b4b351d9f"
"2214","TENNESSEE FIRE SPRINKLER CONTRACTOR'S AS...","Building Equipment Contractors","Independent","Nashville, TN, United States","https://dnb.com/business-directory/company-profiles/tennessee-fire-sprinkler-contractors-association-inc.cdcb5cf3efe6d93f0c799be0f39de2f3"
"2215","BOSTON FIRE SPRINKLER COMPANY INC","Building Equipment Contractors","Independent","Pembroke, MA, United States","https://dnb.com/business-directory/company-profiles/boston-fire-sprinkler-company-inc.37350fd9b1d92f49d609ba71ff78a32a"
"2216","SYSTIMATIC FIRE SPRINKLER LLC","Building Equipment Contractors","Independent","Hopedale, IL, United States","https://dnb.com/business-directory/company-profiles/systimatic-fire-sprinkler-llc.d648433972ccc816225ee3fd5991bf4a"
"2217","MVP FIRE SPRINKLER DESIGN INC","Building Equipment Contractors","Independent","Lexington, SC, United States","https://dnb.com/business-directory/company-profiles/mvp-fire-sprinkler-design-inc.9dfa1d4f80de4c1a04ac36bc51d97c9a"
"2218","BLAZE OUT FIRE SPRINKLER","Building Equipment Contractors","Independent","Chatsworth, CA, United States","https://dnb.com/business-directory/company-profiles/blaze-out-fire-sprinkler.2d6ceaa3748b0176594871f7baa71eb2"
"2219","Smith Fire Sprinkler Inspections LLC","Building Equipment Contractors","Independent","Youngsville, NC, United States","https://dnb.com/business-directory/company-profiles/smith-fire-sprinkler-inspections-llc.a204ac5c3cc400ce9d26f14e582c56fd"
"2220","FIRE TECH SPRINKLER, INC.","Building Equipment Contractors","Independent","Sylvania, OH, United States","https://dnb.com/business-directory/company-profiles/fire-tech-sprinkler-inc.ff71629971d4f8933b15aa59ab839f86"
"2221","T & C One L.L.C.","Building Equipment Contractors","Independent","Trimble, MO, United States","https://dnb.com/business-directory/company-profiles/t--c-one-llc.36f497ace7e449193732d7b18afc5182"
"2222","FIRE SPRINKLER CONTROLS LTD","Justice, Public Order, and Safety Activities","Independent","GLASGOW, Scotland, United Kingdom","https://dnb.com/business-directory/company-profiles/fire-sprinkler-controls-ltd.4bae924c1e152f70d120395af0b857ac"
"2223","WISE TECH FIRE SPRINKLER LLC","Building Equipment Contractors","Independent","Lebanon, OR, United States","https://dnb.com/business-directory/company-profiles/wise-tech-fire-sprinkler-llc.39e920f9bd196b4bb733c0801c4e85c5"
"2224","TRIMBLE AUTOMATIC FIRE SPRINKLER CO., IN","Building Equipment Contractors","Independent","Plant City, FL, United States","https://dnb.com/business-directory/company-profiles/trimble-automatic-fire-sprinkler-co-in.6d83ee525cbedbb5aa9a3cf250583ca6"
"2225","KEYSTONE FIRE SPRINKLER COMPANY OF NEW J...","Building Equipment Contractors","Independent","Montgomeryville, PA, United States","https://dnb.com/business-directory/company-profiles/keystone-fire-sprinkler-company-of-new-jersey.f787991f00f28283b7197a78ea54d533"
"2226","ROS FIRE SPRINKLER SYSTEMS SERVICES","Building Equipment Contractors","Independent","Bacolod, Negros Occidental, Philippines","https://dnb.com/business-directory/company-profiles/ros-fire-sprinkler-systems-services.9b624438ce1250bce39943e3d68e7ae0"
"2227","SPRAYSAFE FIRE SPRINKLER SERVICES","Other Miscellaneous Retailers","Independent","Las Pinas, Metro Manila, Philippines","https://dnb.com/business-directory/company-profiles/spraysafe-fire-sprinkler-services.134ef2c08401504434e967cf1929717a"
"2228","AUTOMATIC FIRE SPRINKLER SYSTEM CO., LTD...","Nonresidential Building Construction","Independent","Pasig, Philippines","https://dnb.com/business-directory/company-profiles/automatic-fire-sprinkler-system-co-ltd.58729a0846ff49198b4ea7b344a6da5f"
"2229","FIRE SPRINKLER CONTRACTORS ASSOCIATION O...","Business, Professional, Labor, Political, and Similar Organizations","Independent","South El Monte, CA, United States","https://dnb.com/business-directory/company-profiles/fire-sprinkler-contractors-association-of-southern-california.9e7b7fda54f001e9a4785509297083d7"
"2230","Cedar Valley Automatic Fire Sprinkler LL...","Building Equipment Contractors","Independent","Waterloo, IA, United States","https://dnb.com/business-directory/company-profiles/cedar-valley-automatic-fire-sprinkler-llc.e831a48106f8df5a4c783931fa77313c"
"2231","CHAVEZ FIRE SPRINKLER DESIGN, LLC","Building Equipment Contractors","Independent","Albuquerque, NM, United States","https://dnb.com/business-directory/company-profiles/chavez-fire-sprinkler-design-llc.3d52eb602a44f9b0d254ad451f0d2c34"
"2232","FIRE SPRINKLER DESIGN CONSTRUCTION","Residential Building Construction","Independent","Long Beach, CA, United States","https://dnb.com/business-directory/company-profiles/fire-sprinkler-design-construction.152ca80777323453d41b949c76712386"
"2233","National Fire Sprinkler Industry Promo","Business, Professional, Labor, Political, and Similar Organizations","Independent","Linthicum Heights, MD, United States","https://dnb.com/business-directory/company-profiles/national-fire-sprinkler-industry-promo.a518fad6bf70a08dee42329fac9e8e1b"
"2234","Empire Fire Sprinkler Co","Building Equipment Contractors","Independent","Monroe, GA, United States","https://dnb.com/business-directory/company-profiles/empire-fire-sprinkler-co.00f7ae81cacec810859fe6f7953340f5"
"2235","JIREH FIRE SPRINKLER LLC","Building Equipment Contractors","Independent","Charlotte, NC, United States","https://dnb.com/business-directory/company-profiles/jireh-fire-sprinkler-llc.ea0546d6d73818e3dc5a68f892d2fc3f"
"2236","JW FIRE SPRINKLER DESIGN INC.","Specialized Design Services","Independent","Highland Mills, NY, United States","https://dnb.com/business-directory/company-profiles/jw-fire-sprinkler-design-inc.e28822f652a368c8a1887ceffdcba2cd"
"2237","CAPITOL FIRE SPRINKLER CO.","Building Equipment Contractors","Independent","Phoenix, AZ, United States","https://dnb.com/business-directory/company-profiles/capitol-fire-sprinkler-co.dc6a3b7577909d18695eed22b818cd0c"
"2238","NAVA FIRE SPRINKLER","Building Equipment Contractors","Independent","Los Lunas, NM, United States","https://dnb.com/business-directory/company-profiles/nava-fire-sprinkler.6b1024269bfaaa62d994482712b82152"
"2239","FIRE & RAIN SPRINKLER SYS INC","Machinery, Equipment, and Supplies Merchant Wholesalers","Independent","Kill Devil Hills, NC, United States","https://dnb.com/business-directory/company-profiles/fire--rain-sprinkler-sys-inc.e1b493b98084cafae032c386064db4a2"
"2240","FORGED FIRE SPRINKLER LLC","Building Equipment Contractors","Independent","Winter Park, FL, United States","https://dnb.com/business-directory/company-profiles/forged-fire-sprinkler-llc.a8806242739432d2cca56054cd2dddba"
"2241","FIRE SPRINKLER INSTALLERS LLC","Building Equipment Contractors","Independent","Gilbert, AZ, United States","https://dnb.com/business-directory/company-profiles/fire-sprinkler-installers-llc.743dc624d98a35a265a8745b9d6367bf"
"2242","LIGHTHOUSE FIRE SPRINKLER CORP.","Building Equipment Contractors","Independent","Brentwood, NY, United States","https://dnb.com/business-directory/company-profiles/lighthouse-fire-sprinkler-corp.646d4d02dd029a8f3557b9b1d0f0954a"
"2243","ESSENTIAL SPRINKLER FIRE DESIGN LLC","Other Support Services","Independent","Highland Village, TX, United States","https://dnb.com/business-directory/company-profiles/essential-sprinkler-fire-design-llc.b675872051a3838bcc32ffb756904fd9"
"2244","ALEX FRAMING AND REMODELING LLC","Building Equipment Contractors","Independent","Charlotte, NC, United States","https://dnb.com/business-directory/company-profiles/alex-framing-and-remodeling-llc.93093a4aa7b94d4cd93484e7ae3fc744"
"2245","NATIONAL FIRE SPRINKLER ASSOCIATION FOUN...","Grantmaking and Giving Services","Independent","Linthicum Heights, MD, United States","https://dnb.com/business-directory/company-profiles/national-fire-sprinkler-association-foundation-inc.1b452b92a30ddd24dea56ad493b44986"
"2246","NATIONAL FIRE SPRINKLER ASSOCIATION INC","Business, Professional, Labor, Political, and Similar Organizations","Independent","Ridley Park, PA, United States","https://dnb.com/business-directory/company-profiles/national-fire-sprinkler-association-inc.721fccd75d6bda7a0ac152437c453b4f"
"2247","Caribbean Fire Sprinkler LLC","Residential Building Construction","Independent","Davie, FL, United States","https://dnb.com/business-directory/company-profiles/caribbean-fire-sprinkler-llc.04683d22bdcbad620546f6deedb3054a"
"2248","A & S FIRE SPRINKLER SYSTEM LLC","Machinery, Equipment, and Supplies Merchant Wholesalers","Independent","Port Saint Lucie, FL, United States","https://dnb.com/business-directory/company-profiles/a--s-fire-sprinkler-system-llc.6b97cc9423ea31f95def8ec246080e83"
"2249","THE FIRE SPRINKLER GUYS INC","Building Equipment Contractors","Independent","Glendale, CA, United States","https://dnb.com/business-directory/company-profiles/the-fire-sprinkler-guys-inc.1207b4d137a7c4c75d4cb37c778e60c2"
"2250","FIRE SPRINKLER DESIGN, INC.","Building Equipment Contractors","Independent","Cumberland, RI, United States","https://dnb.com/business-directory/company-profiles/fire-sprinkler-design-inc.c372860f044884e2ebed48ee112b2dbc"
"2251","FIRE SPRINKLER DESIGN","Specialized Design Services","Independent","Madison, WI, United States","https://dnb.com/business-directory/company-profiles/fire-sprinkler-design.aca367322ed4b6da7aabfb4363dfbab7"
"2252","Fire Sprinkler Specialists, Inc.","Building Equipment Contractors","Independent","Plymouth, MA, United States","https://dnb.com/business-directory/company-profiles/fire-sprinkler-specialists-inc.bd1338b319177545dcc3f9768875d348"
"2253","H. O. FIRE SPRINKLER SYSTEM INC","Machinery, Equipment, and Supplies Merchant Wholesalers","Independent","Downey, CA, United States","https://dnb.com/business-directory/company-profiles/h-o-fire-sprinkler-system-inc.f5fdf17b8be1bc1ee4eb06efc7a3ba95"
"2254","HOME FIRE SPRINKLER, INC.","Residential Building Construction","Independent","Mount Gilead, NC, United States","https://dnb.com/business-directory/company-profiles/home-fire-sprinkler-inc.6abcd66b4a7c48899b4cd28a70717a28"
"2255","MLee Fire Sprinkler Design LLC","Specialized Design Services","Independent","Meyersdale, PA, United States","https://dnb.com/business-directory/company-profiles/mlee-fire-sprinkler-design-llc.9a94d0f03778385ef0d72cdf17dfca59"
"2256","Fire Sprinkler Services LLC","Machinery, Equipment, and Supplies Merchant Wholesalers","Independent","Lewes, DE, United States","https://dnb.com/business-directory/company-profiles/fire-sprinkler-services-llc.793aa8ff84181f9ea6ad6213ae15fccf"
"2257","L. G. FIRE SPRINKLER SVC.","Building Equipment Contractors","Independent","Columbus, GA, United States","https://dnb.com/business-directory/company-profiles/l-g-fire-sprinkler-svc.a950748b1137ed2e51d937ae90c36066"
"2258","FIRE SPRINKLER 911 LLC","Building Equipment Contractors","Independent","Greenfield, IN, United States","https://dnb.com/business-directory/company-profiles/fire-sprinkler-911-llc.ac8d98adf1d288d41a048602a62635aa"
"2259","HERNANDEZ SPRINKLER FIRE PROTE","Building Equipment Contractors","Independent","Seagoville, TX, United States","https://dnb.com/business-directory/company-profiles/hernandez-sprinkler-fire-prote.17137b36df863725c0874498720b6f74"
"2260","Flashpoint Fire Sprinkler Design & Consu...","Management, Scientific, and Technical Consulting Services","Independent","Raleigh, NC, United States","https://dnb.com/business-directory/company-profiles/flashpoint-fire-sprinkler-design--consulting-llc.b55037db93e07baecca46823eebf0f7d"
"2261","K.BELL FIRE SPRINKLER PROTECTION LLC","Building Equipment Contractors","Independent","Ogden, UT, United States","https://dnb.com/business-directory/company-profiles/kbell-fire-sprinkler-protection-llc.09cd6ed3b7d2ea1587be3a8067f5ca24"
"2262","Fire Guard Sprinkler Service","Building Equipment Contractors","Independent","Bowling Green, KY, United States","https://dnb.com/business-directory/company-profiles/fire-guard-sprinkler-service.a3f4f33013865ae5c003cd2d1b1ffa4f"
"2263","MENJIVAR SPRINKLER FIRE PROTECTION, LLC","Other Support Services","Independent","Elkridge, MD, United States","https://dnb.com/business-directory/company-profiles/menjivar-sprinkler-fire-protection-llc.54b81394d3b0614b6dc94b68925d6e98"
"2264","American Fire Sprinkler Inc.","Building Equipment Contractors","Independent","Farmingdale, NY, United States","https://dnb.com/business-directory/company-profiles/american-fire-sprinkler-inc.cab30a6fd1d3a15772ab988b08983dd7"
"2265","YPR FIRE SPRINKLER SYSTEMS CORP","Machinery, Equipment, and Supplies Merchant Wholesalers","Independent","Miami, FL, United States","https://dnb.com/business-directory/company-profiles/ypr-fire-sprinkler-systems-corp.50bef11b58dda4c06744d6a6142b88d9"
"2266","ASCOTECH SPRINKLER FIRE & SECURITY SRL","Other Electrical Equipment and Component Manufacturing","Independent","BAREGGIO, MILANO, Italy","https://dnb.com/business-directory/company-profiles/ascotech-sprinkler-fire--security-srl.0fa964c2ab55fb870271af3ac719a511"
"2267","FIRE SPRINKLER FITTER SUPPLY LLC","Miscellaneous Durable Goods Merchant Wholesalers","Independent","Peoria, AZ, United States","https://dnb.com/business-directory/company-profiles/fire-sprinkler-fitter-supply-llc.14244052f868e60638a5add9fa59153c"
"2268","FIRE SPRINKLER DYNAMICS LLC","Building Equipment Contractors","Independent","Stuart, FL, United States","https://dnb.com/business-directory/company-profiles/fire-sprinkler-dynamics-llc.af978db1f282b43592900d5897bfd394"
"2269","All Safe Fire Sprinkler Co","Building Equipment Contractors","Independent","Nutley, NJ, United States","https://dnb.com/business-directory/company-profiles/all-safe-fire-sprinkler-co.55e673b9266ed828d42f94d1f581b39f"
"2270","FREEDOM FIRE SPRINKLER, INC.","Building Equipment Contractors","Independent","Mary Esther, FL, United States","https://dnb.com/business-directory/company-profiles/freedom-fire-sprinkler-inc.ecb6ba61bb9b4901ff66cde7501d81f2"
"2271","EL KIK FIRE SPRINKLER DESIGN LLC","Specialized Design Services","Independent","Somerset, NJ, United States","https://dnb.com/business-directory/company-profiles/el-kik-fire-sprinkler-design-llc.8de9e6c00af9012b86e89cad2444e3e2"
"2272","Zona Fire Sprinkler Design LLC","Specialized Design Services","Independent","Oro Valley, AZ, United States","https://dnb.com/business-directory/company-profiles/zona-fire-sprinkler-design-llc.572bdda8e0e2e84ae217c236f99b6268"
"2273","Mattson Fire Sprinkler Inc","Building Equipment Contractors","Independent","Boise, ID, United States","https://dnb.com/business-directory/company-profiles/mattson-fire-sprinkler-inc.8a24685eddc8925e2ff51a95e8b1a4db"
"2274","DESERT FIRE SPRINKLER DESIGN, INC.","Building Equipment Contractors","Independent","La Quinta, CA, United States","https://dnb.com/business-directory/company-profiles/desert-fire-sprinkler-design-inc.1dac4827b0eb7268010ad8d747b21ef5"
"2275","FIRE LOGIC AUTOMATIC SPRINKLER LLC","Building Equipment Contractors","Independent","Byhalia, MS, United States","https://dnb.com/business-directory/company-profiles/fire-logic-automatic-sprinkler-llc.a019bbf20b62c99175676e82af219519"
"2276","ACCURATE FIRE SPRINKLER DESIGNS, LLC","Building Equipment Contractors","Independent","Phoenix, AZ, United States","https://dnb.com/business-directory/company-profiles/accurate-fire-sprinkler-designs-llc.c5c41993d0d41deadd153f638614ddca"
"2277","Guardian Fire Sprinkler Inc.","Building Equipment Contractors","Independent","Nashville, TN, United States","https://dnb.com/business-directory/company-profiles/guardian-fire-sprinkler-inc.c5d6a8e0e0db550ecf034a2cc11e6a49"
"2278","ALPER FIRE SPRINKLER DESIGN, LLC","Specialized Design Services","Independent","Pembroke Pines, FL, United States","https://dnb.com/business-directory/company-profiles/alper-fire-sprinkler-design-llc.fbfdd22c55224f343d06638f73b8bc2f"
"2279","RIGOBERTO JORRIN","Building Equipment Contractors","Independent","Homestead, FL, United States","https://dnb.com/business-directory/company-profiles/rigoberto-jorrin.49c5aadb8a75b3426782ef961254ae8f"
"2280","GEORGE L BOND","Building Equipment Contractors","Independent","Miami, FL, United States","https://dnb.com/business-directory/company-profiles/george-l-bond.6e86a3787f3fc258d56a9f64302fc149"
"2281","IRISH SPRINKLER AND FIRE PROTECTION","Building Equipment Contractors","Independent","Sweden","https://dnb.com/business-directory/company-profiles/irish-sprinkler-and-fire-protection.1c036c042faf8ec4c7e1bde63bd90bb4"
"2282","J H WIEMANN FIRE SPRINKLER COMPANY","Building Equipment Contractors","Independent","Brea, CA, United States","https://dnb.com/business-directory/company-profiles/j-h-wiemann-fire-sprinkler-company.78889ece54709b9755bd05e6a4d779ea"
"2283","Alabama Fire Sprinkler Association Inc","Building Equipment Contractors","Independent","Wetumpka, AL, United States","https://dnb.com/business-directory/company-profiles/alabama-fire-sprinkler-association-inc.63dac3a80cc05d443fccc5a63ea2573c"
"2284","FIRE SPRINKLER PRO LLC","Building Equipment Contractors","Independent","Albuquerque, NM, United States","https://dnb.com/business-directory/company-profiles/fire-sprinkler-pro-llc.89043745f6c2dd18ef972977b5009a88"
"2285","ELITE FIRE SPRINKLER LLC","Building Equipment Contractors","Independent","Antioch, TN, United States","https://dnb.com/business-directory/company-profiles/elite-fire-sprinkler-llc.42842e03da2881dce2048290461de6b3"
"2286","PJH FIRE SPRINKLER DES","Building Equipment Contractors","Independent","Long Branch, NJ, United States","https://dnb.com/business-directory/company-profiles/pjh-fire-sprinkler-des.f06c533fea0e4db8935abccf661a842e"
"2287","PATRIOT AUTOMATIC FIRE SPRINKLER LLC","Building Equipment Contractors","Independent","Willard, MO, United States","https://dnb.com/business-directory/company-profiles/patriot-automatic-fire-sprinkler-llc.31366e2024bf7250fa287fea236b7358"
"2288","FIRE PRO SPRINKLER INC.","Building Equipment Contractors","Independent","Kiamesha Lake, NY, United States","https://dnb.com/business-directory/company-profiles/fire-pro-sprinkler-inc.290e779dcfafd08d18977aa6b2545f70"
"2289","Ace Fire Sprinkler Inc","Building Equipment Contractors","Independent","Fort Lauderdale, FL, United States","https://dnb.com/business-directory/company-profiles/ace-fire-sprinkler-inc.edfa000d4c3ce85b9946a6ea3da6a625"
"2290","COMPLIANCE FIRE SPRINKLER","Building Equipment Contractors","Independent","Woodbridge, NJ, United States","https://dnb.com/business-directory/company-profiles/compliance-fire-sprinkler.dc58c0d27515615a926e9fa1973f1c22"
"2291","Dependable Fire Sprinkler Design, LLC.","Specialized Design Services","Independent","Fort Worth, TX, United States","https://dnb.com/business-directory/company-profiles/dependable-fire-sprinkler-design-llc.6c4f7735c7f261f7cf742e113c719f64"
"2292","AUTOMATIC FIRE SPRINKLER CORP.","Building Equipment Contractors","Independent","New York, NY, United States","https://dnb.com/business-directory/company-profiles/automatic-fire-sprinkler-corp.48684fed13815929a5179cf220005ebb"
"2293","LEGACY FIRE SPRINKLER SERVICES LLC","Building Equipment Contractors","Independent","Swedesboro, NJ, United States","https://dnb.com/business-directory/company-profiles/legacy-fire-sprinkler-services-llc.2cc77c2b05d2be67baa4ca464eb35a50"
"2294","EXPERT FIRE SPRINKLER, LLC","Building Equipment Contractors","Independent","Roseland, NJ, United States","https://dnb.com/business-directory/company-profiles/expert-fire-sprinkler-llc.e17d1f001d14cc27b3a6e9bd8f487dce"
"2295","COMMUNITY FIRE SPRINKLER SERVICES","Building Equipment Contractors","Independent","Ontario, CA, United States","https://dnb.com/business-directory/company-profiles/community-fire-sprinkler-services.4e390beaf75cbb4ab50d2fec61385c91"
"2296","ASURANCE FIRE SPRINKLER","Building Equipment Contractors","Independent","Grand Saline, TX, United States","https://dnb.com/business-directory/company-profiles/asurance-fire-sprinkler.25a0b3e73565cbeafc42ec4c880140a5"
"2297","S&H fire sprinkler LLC","Building Equipment Contractors","Independent","Birmingham, AL, United States","https://dnb.com/business-directory/company-profiles/sh-fire-sprinkler-llc.d67bc005d0204d4a4cadf6cef8de0b61"
"2298","J L D FIRE SPRINKLER DESIGN","Building Equipment Contractors","Independent","Albuquerque, NM, United States","https://dnb.com/business-directory/company-profiles/j-l-d-fire-sprinkler-design.f39c7aafe0d6d74371625617dad12cc2"
"2299","Newark Fire Sprinkler LLC","Building Equipment Contractors","Independent","Austin, TX, United States","https://dnb.com/business-directory/company-profiles/newark-fire-sprinkler-llc.f4a8c73cd2b6e9fea67f893a2244568b"
"2300","SUPER FIRE AND SPRINKLER, L.L.C.","Building Equipment Contractors","Independent","Kent, WA, United States","https://dnb.com/business-directory/company-profiles/super-fire-and-sprinkler-llc.ebc00467c56626da699d5387d94b6233"
"2301","SPRINKLER ALARM FIRE AND ELECTRIC LLC","Management, Scientific, and Technical Consulting Services","Independent","West Jordan, UT, United States","https://dnb.com/business-directory/company-profiles/sprinkler-alarm-fire-and-electric-llc.ba17f03a63d8037be209a63377ab23a1"
"2302","FIRE SPRINKLER PARTNERS LLC","Building Equipment Contractors","Independent","Westlake, OH, United States","https://dnb.com/business-directory/company-profiles/fire-sprinkler-partners-llc.98195ea4d0c97500f48db8a42d3a0f58"
"2303","FIRE SAFE SPRINKLER SOLUTIONS J.B. LLC","Building Equipment Contractors","Independent","Westlake, OH, United States","https://dnb.com/business-directory/company-profiles/fire-safe-sprinkler-solutions-jb-llc.2147a14a34ba07dcb00dcf395938fe9a"
"2304","MIDWEST AUTOMATIC FIRE SPRINKLER CO LLC","Building Equipment Contractors","Independent","Toledo, OH, United States","https://dnb.com/business-directory/company-profiles/midwest-automatic-fire-sprinkler-co-llc.e511c48394872178ea341d290f132108"
"2305","ADVANCED SAFETY FIRE SPRINKLER LLC","Building Equipment Contractors","Independent","Buffalo, NY, United States","https://dnb.com/business-directory/company-profiles/advanced-safety-fire-sprinkler-llc.d8f34de8dec00c6f889d0a4ea2e34628"
"2306","ELEAZAR SALAS TORRES","Building Equipment Contractors","Independent","Frisco, TX, United States","https://dnb.com/business-directory/company-profiles/eleazar-salas-torres.0ec7c0b33d693f8fa47795ef0935606a"
"2307","DJ FIRE SPRINKLER DESIGN LLC","Specialized Design Services","Independent","Peoria, AZ, United States","https://dnb.com/business-directory/company-profiles/dj-fire-sprinkler-design-llc.13e8d289bd8b0ed1ac7563a49fe25456"
"2308","STAT FIRE SPRINKLER NYC CORP.","Building Equipment Contractors","Independent","Bohemia, NY, United States","https://dnb.com/business-directory/company-profiles/stat-fire-sprinkler-nyc-corp.b7697a187f3de8e87bb645aa400de431"
"2309","BLAZE FIRE SPRINKLER LLC","Building Equipment Contractors","Independent","Brooklyn, NY, United States","https://dnb.com/business-directory/company-profiles/blaze-fire-sprinkler-llc.bcfaf84da1d9a565f8c36fe68c0a51db"
"2310","TANNER FIRE SPRINKLER DESIGN LLC","Specialized Design Services","Independent","Ivins, UT, United States","https://dnb.com/business-directory/company-profiles/tanner-fire-sprinkler-design-llc.3faba5533fed251556deb08d1c6b7657"
"2311","ATLAS FIRE SPRINKLER LLC","Building Equipment Contractors","Independent","Elizabeth, NJ, United States","https://dnb.com/business-directory/company-profiles/atlas-fire-sprinkler-llc.64673cfee23f68550cc8700a803a6fbd"
"2312","AMERICAN AUTOMATIC FIRE SPRINKLER SYSTEM...","Machinery, Equipment, and Supplies Merchant Wholesalers","Independent","Pleasanton, CA, United States","https://dnb.com/business-directory/company-profiles/american-automatic-fire-sprinkler-systems-llc.d5e2c7bdb8d29f17aa003d4573b80cc2"
"2313","FIRE SPRINKLER SERVICES SCOTLAND LTD","Justice, Public Order, and Safety Activities","Independent","PERTH, Scotland, United Kingdom","https://dnb.com/business-directory/company-profiles/fire-sprinkler-services-scotland-ltd.71ea1103876e84c099444050781e4d9a"
"2314","ALTERNATIVE SPRINKLER FIRE PROTECTION LL...","Other Support Services","Independent","Lewiston, ME, United States","https://dnb.com/business-directory/company-profiles/alternative-sprinkler-fire-protection-llc.61615797614bdd03233742789fc7ae4c"
"2315","FIRE SPRINKLER DESIGN LIMITED","Justice, Public Order, and Safety Activities","Independent","WEYMOUTH, England, United Kingdom","https://dnb.com/business-directory/company-profiles/fire-sprinkler-design-limited.387a12ea260f5b749c99ea01dda90221"
"2316","KOSY & JOON, INC.","Building Equipment Contractors","Independent","Granada Hills, CA, United States","https://dnb.com/business-directory/company-profiles/kosy--joon-inc.41d229c68326a0b039d4aa365e46818c"
"2317","KMV FIRE SPRINKLER CORP","Building Equipment Contractors","Independent","Lyndhurst, NJ, United States","https://dnb.com/business-directory/company-profiles/kmv-fire-sprinkler-corp.34f2dea8c9eafa4413eb228256f6f5a9"
"2318","Champion Fire Sprinkler, Inc.","Building Equipment Contractors","Independent","Birmingham, AL, United States","https://dnb.com/business-directory/company-profiles/champion-fire-sprinkler-inc.dec3e1f51d8b94997ea2ac5c36c1262e"
"2319","INDEPENDENCE FIRE SPRINKLER CO. LLC","Building Equipment Contractors","Independent","Charlotte, NC, United States","https://dnb.com/business-directory/company-profiles/independence-fire-sprinkler-co-llc.dca94ccebbcc38cdc23a8563aefc75e6"
"2320","Garcia Fire Sprinkler Solution LLC","Building Equipment Contractors","Independent","Dallas, GA, United States","https://dnb.com/business-directory/company-profiles/garcia-fire-sprinkler-solution-llc.9f4e0bfd11a99da2fa0fc3e61e18b893"
"2321","MARTIS FIRE SPRINKLER SERVICE","Building Equipment Contractors","Independent","Livermore, CA, United States","https://dnb.com/business-directory/company-profiles/martis-fire-sprinkler-service.80dbebe80ffecc8e2c070956ad671727"
"2322","QUALIFIED FIRE SPRINKLER INSPECTIONS COR...","Building Equipment Contractors","Independent","Deer Park, NY, United States","https://dnb.com/business-directory/company-profiles/qualified-fire-sprinkler-inspections-corp.1f72c204a9c37bfc2a5fef3f9de9e532"
"2323","GOD IS PERFECT FIRE SPRINKLER LLC","Building Equipment Contractors","Independent","Nutley, NJ, United States","https://dnb.com/business-directory/company-profiles/god-is-perfect-fire-sprinkler-llc.1e9f0af53aac4592093feed7439a52f6"
"2324","R&R FIRE SPRINKLER COMPANY, LLC","Building Equipment Contractors","Independent","Columbus, NE, United States","https://dnb.com/business-directory/company-profiles/rr-fire-sprinkler-company-llc.cee58e1a31b1991a2c06a6715cf20717"
"2325","LC FIRE SPRINKLER LLC","Building Equipment Contractors","Independent","Newark, NJ, United States","https://dnb.com/business-directory/company-profiles/lc-fire-sprinkler-llc.0494c31f2e2dd085335172014f6d2323"
"2326","INTERNATIONAL FIRE SPRINKLER","Building Equipment Contractors","Independent","Saint Louis, MO, United States","https://dnb.com/business-directory/company-profiles/international-fire-sprinkler.c139912dcd65e80e087cdea33cbb491f"
"2327","EMERSON FIRE SPRINKLER LLC","Building Equipment Contractors","Independent","Emerson, IA, United States","https://dnb.com/business-directory/company-profiles/emerson-fire-sprinkler-llc.b83953a41f30f8f8e0f72889320c25e5"
"2328","FIRE SPRINKLER PRO LLC","Other Support Services","Independent","Lawrenceville, GA, United States","https://dnb.com/business-directory/company-profiles/fire-sprinkler-pro-llc.927dddad64e0644f4b4c986635aebb79"
"2329","GLOBE FIRE SPRINKLER CORP","Building Equipment Contractors","Independent","Charlotte, NC, United States","https://dnb.com/business-directory/company-profiles/globe-fire-sprinkler-corp.45ab23295c1aabc21b1e34b93a7d9663"
"2330","MLEE FIRE SPRINKLER DESIGN LLC","Specialized Design Services","Independent","Port Deposit, MD, United States","https://dnb.com/business-directory/company-profiles/mlee-fire-sprinkler-design-llc.8e9741b2ea12d828c5ae76858094ab2a"
"2331","COMPLETE FIRE SPRINKLER LLC","Building Equipment Contractors","Independent","Brooklyn, NY, United States","https://dnb.com/business-directory/company-profiles/complete-fire-sprinkler-llc.7a2abb6f001f1b95a776cc14da20794c"
"2332","NATIONAL FIRE SPRINKLER LLC","Building Equipment Contractors","Independent","Goshen, NY, United States","https://dnb.com/business-directory/company-profiles/national-fire-sprinkler-llc.949a636f621d684988f7782bb95a3259"
"2333","ACCURATE FIRE SPRINKLER, LLC","Building Equipment Contractors","Independent","Glenburn, ME, United States","https://dnb.com/business-directory/company-profiles/accurate-fire-sprinkler-llc.1b7c843b11d2e8797f65a8ed0d78fdf4"
"2334","THE UPSTATE NEW YORK CHAPTER OF AMERICAN...","Business, Professional, Labor, Political, and Similar Organizations","Independent","Winter Garden, FL, United States","https://dnb.com/business-directory/company-profiles/the-upstate-new-york-chapter-of-american-fire-sprinkler-association-inc.c13511136ba9e3bb32044c8db303f7b4"
"2335","ALABAMA FIRE SPRINKLER CONTRAC","Building Equipment Contractors","Independent","Calera, AL, United States","https://dnb.com/business-directory/company-profiles/alabama-fire-sprinkler-contrac.28fafd38dc93f2196595126b99d095b4"
"2336","JAY-KAY FIRE SPRINKLER CO","Building Equipment Contractors","Independent","Oceanside, CA, United States","https://dnb.com/business-directory/company-profiles/jay-kay-fire-sprinkler-co.f1e673adefac2e80d5ec4e95ce20df35"
"2337","LIBERTY AUTOMATIC FIRE SPRINKLER CO., IN...","Building Equipment Contractors","Independent","Chester Springs, PA, United States","https://dnb.com/business-directory/company-profiles/liberty-automatic-fire-sprinkler-co-inc.905e9c2d4a7d3937b1a94cc8e84ff212"
"2338","NYC FIRE SPRINKLER SYSTEMS CORP.","Machinery, Equipment, and Supplies Merchant Wholesalers","Independent","Pomona, NY, United States","https://dnb.com/business-directory/company-profiles/nyc-fire-sprinkler-systems-corp.c4183cfb35dc5feca5498301fa2b1b49"
"2339","FIRE SPRINKLER CONTRACTOR INC","Building Equipment Contractors","Independent","Kennesaw, GA, United States","https://dnb.com/business-directory/company-profiles/fire-sprinkler-contractor-inc.2dd8c3d3cd86b49c25d91b5a72597ead"
"2340","VANGUARD FIRE SUPREEEION &SPRINKLER SYST...","Machinery, Equipment, and Supplies Merchant Wholesalers","Independent","Baltimore, MD, United States","https://dnb.com/business-directory/company-profiles/vanguard-fire-supreeeion-sprinkler-system-llc-limited-liability-company.a4f77e870933d91d9eb8197b4fb6c36c"
"2341","ACTION FIRE SPRINKLER CORP","","Independent","Honolulu, HI, United States","https://dnb.com/business-directory/company-profiles/action-fire-sprinkler-corp.6aaeb78bc5efcfc055c25a954d477a45"
"2342","Fire Sprinkler","Investigation and Security Services","Independent","Zaventem, Vlaams Brabant, Belgium","https://dnb.com/business-directory/company-profiles/fire-sprinkler.59406d7eaf51314e13a3d57dbd63663c"
"2343","ALLREADY ALLIANCE FIRE SPRINKLER CO","Building Equipment Contractors","Independent","Yorba Linda, CA, United States","https://dnb.com/business-directory/company-profiles/allready-alliance-fire-sprinkler-co.3a398f11d2df3fc1c4efd9dfb98724ab"
"2344","All Pro Fire Sprinkler Services, LLC","Building Equipment Contractors","Independent","Remington, VA, United States","https://dnb.com/business-directory/company-profiles/all-pro-fire-sprinkler-services-llc.15004ae77fa17bf7bc1198ca765a649f"
"2345","AA FIRE SPRINKLER COMPANY LTD.","Building Equipment Contractors","Independent","Louisville, KY, United States","https://dnb.com/business-directory/company-profiles/aa-fire-sprinkler-company-ltd.00483659d38550deb163eeeb7706f720"
"2346","J & J FIRE SPRINKLER INSTALLATIONS LTD","Building Equipment Contractors","Independent","MANCHESTER, England, United Kingdom","https://dnb.com/business-directory/company-profiles/j--j-fire-sprinkler-installations-ltd.f2defd9bf07b79727c32981158e646bd"
"2347","FIRE CONTROL SPRINKLER SYSTEMS","Building Equipment Contractors","Independent","Missoula, MT, United States","https://dnb.com/business-directory/company-profiles/fire-control-sprinkler-systems.ff85a58375f62705ce5ab414dfa53558"
"2348","FS1 FIRE SPRINKLER DESIGN AND CONSULTING...","Management, Scientific, and Technical Consulting Services","Independent","Akron, OH, United States","https://dnb.com/business-directory/company-profiles/fs1-fire-sprinkler-design-and-consulting-llc.8d4c3099ce5e891c630d1282ef7bbf1f"
"2349","FRYONE FIRE SPRINKLER CONSULTING LLC","Management, Scientific, and Technical Consulting Services","Independent","Phoenix, AZ, United States","https://dnb.com/business-directory/company-profiles/fryone-fire-sprinkler-consulting-llc.fc51620bf117694246735a868e6a580c"
"2350","FireX fire sprinkler Corporation","Building Equipment Contractors","Independent","Agoura Hills, CA, United States","https://dnb.com/business-directory/company-profiles/firex-fire-sprinkler-corporation.16aa9574805c143e01df419c62851cb3"
"2351","NICK'S FIRE SPRINKLER TECH","Personal and Household Goods Repair and Maintenance","Independent","Los Angeles, CA, United States","https://dnb.com/business-directory/company-profiles/nicks-fire-sprinkler-tech.92001539a26ac25434e6a39abcd33d91"
"2352","FIRE SPRINKLER CONSULTING LLC","Management, Scientific, and Technical Consulting Services","Independent","Vancouver, WA, United States","https://dnb.com/business-directory/company-profiles/fire-sprinkler-consulting-llc.13a0d30178d4b89dfe4c485ec8eee2a4"
"2353","SAN FRANCISCO FIRE SPRINKLER","Building Equipment Contractors","Independent","El Dorado Hills, CA, United States","https://dnb.com/business-directory/company-profiles/san-francisco-fire-sprinkler.b6ff91714b7b47267a06682995e0a562"
"2354","FIRE SPRINKLER SERVICE, INC.","Building Equipment Contractors","Independent","Prospect Park, PA, United States","https://dnb.com/business-directory/company-profiles/fire-sprinkler-service-inc.f6c20c6a5ff5512e2111057c0251fd0d"
"2355","AZ FIRE SPRINKLER INSTALLERS, INC.","Building Equipment Contractors","Independent","Covina, CA, United States","https://dnb.com/business-directory/company-profiles/az-fire-sprinkler-installers-inc.6d2b2bf1fc75f020d562ae68ed1a697d"
"2356","American Fire Sprinkler Association Virg...","Building Equipment Contractors","Independent","Mechanicsville, VA, United States","https://dnb.com/business-directory/company-profiles/american-fire-sprinkler-association-virginia-chapter.edf1e0ff304e1fdec0a0ff72ddee13d7"
"2357","CITYWIDE FIRE SPRINKLER SERVICE NY INC.","Building Equipment Contractors","Independent","Flushing, NY, United States","https://dnb.com/business-directory/company-profiles/citywide-fire-sprinkler-service-ny-inc.81ddb44bf7adfbfde0b48abc25b16101"
"2358","Vanport Mechanical and Fire Sprinkler In...","Other Specialty Trade Contractors","Independent","Moss Point, MS, United States","https://dnb.com/business-directory/company-profiles/vanport-mechanical-and-fire-sprinkler-inc.866f378ebe6172f8bdb8b1e167830675"
"2359","FIRE SPRINKLER DESIGN CONSTRUCTION LLC","Residential Building Construction","Independent","Henderson, NV, United States","https://dnb.com/business-directory/company-profiles/fire-sprinkler-design-construction-llc.9bd3be05b27fb836e2eada3041cf72cb"
"2360","SOUTHERN CALIFORNIA FIRE SPRINKLER","Building Equipment Contractors","Independent","Orange, CA, United States","https://dnb.com/business-directory/company-profiles/southern-california-fire-sprinkler.f8171bbed59f9800e4f7588fd188f716"
"2361","OCEAN FIRE SPRINKLER COMPANY LLC","Building Equipment Contractors","Independent","Powhatan, VA, United States","https://dnb.com/business-directory/company-profiles/ocean-fire-sprinkler-company-llc.5532c012be7c394ad5bd2850a96fc811"
"2362","FIRE SPRINKLER ADVISORY SERVICES, LLC","Building Equipment Contractors","Independent","Van Buren, AR, United States","https://dnb.com/business-directory/company-profiles/fire-sprinkler-advisory-services-llc.4b2c58ef4f3c2452a80aba3c5da14dda"
"2363","FREDDY CALKINS","Building Equipment Contractors","Independent","Captain Cook, HI, United States","https://dnb.com/business-directory/company-profiles/freddy-calkins.ffbf90f0ce329aac2c6f9ca0bf4db3ec"
"2364","Kadosh Plumbing and Fire Sprinkler Servi...","Building Equipment Contractors","Independent","Pico Rivera, CA, United States","https://dnb.com/business-directory/company-profiles/kadosh-plumbing-and-fire-sprinkler-service-inc.39ea8e3cf738d5f1c553f5f59c5c9a2e"
"2365","LEVI'S FIRE SPRINKLER SERVICES LLC","Building Equipment Contractors","Independent","Bay Shore, NY, United States","https://dnb.com/business-directory/company-profiles/levis-fire-sprinkler-services-llc.25a214fb78404437a7fc5af68c890cd2"
"2366","ADVANTAGE FIRE SPRINKLER","Building Equipment Contractors","Independent","Appleton, WI, United States","https://dnb.com/business-directory/company-profiles/advantage-fire-sprinkler.3e038bd5bc6e8c3a21860b8051f5be52"
"2367","NATIONAL FIRE SPRINKLER ASSOCIATION INC","Business, Professional, Labor, Political, and Similar Organizations","Independent","San Juan Capistrano, CA, United States","https://dnb.com/business-directory/company-profiles/national-fire-sprinkler-association-inc.ec6be4b87237de19c0f48eddaf06700f"
"2368","FIRE GUARD SPRINKLER TECHNOLOGIES CO INC...","Building Equipment Contractors","Independent","New York, NY, United States","https://dnb.com/business-directory/company-profiles/fire-guard-sprinkler-technologies-co-inc.582685699368eef6196b414c437b9aa8"
"2369","FIRE SPRINKLER DESIGN, LLC","Building Equipment Contractors","Independent","Surprise, AZ, United States","https://dnb.com/business-directory/company-profiles/fire-sprinkler-design-llc.0ac8e1c1085fcc199a617d0128307a3a"
"2370","FALLS CITY FIRE SPRINKLER COMPANY LTD","Building Equipment Contractors","Independent","New Albany, IN, United States","https://dnb.com/business-directory/company-profiles/falls-city-fire-sprinkler-company-ltd.8967fb37004d57e73dcdb5dc061afe65"
"2371","FD Fire Sprinkler & Piping Service Corp","Building Equipment Contractors","Independent","Huntsville, AL, United States","https://dnb.com/business-directory/company-profiles/fd-fire-sprinkler--piping-service-corp.ff26d3b50400d4d8c4d5992438dfa5e1"
"2372","JW3 PLUMBING & HOME FIRE SPRINKLER L.L.C...","Building Equipment Contractors","Independent","Farmville, NC, United States","https://dnb.com/business-directory/company-profiles/jw3-plumbing--home-fire-sprinkler-llc.04c3217126dae27ce3506f60f671ba26"
"2373","SAFEGUARD RESIDENTIAL FIRE SPRINKLER SER...","Building Equipment Contractors","Independent","Falling Waters, WV, United States","https://dnb.com/business-directory/company-profiles/safeguard-residential-fire-sprinkler-services-llc.a1a4320a72bacc00078a1366a9ce3c48"
"2374","369 FIRE SPRINKLER SERVICE LLC","Building Equipment Contractors","Independent","Miami, FL, United States","https://dnb.com/business-directory/company-profiles/369-fire-sprinkler-service-llc.5a4e3e2868fa48dcf055d07204b51879"
"2375","MID-STATE FIRE SPRINKLER","Building Equipment Contractors","Independent","Columbia, MO, United States","https://dnb.com/business-directory/company-profiles/mid-state-fire-sprinkler.2db9a96d2b7d0c55fa4bc97a86c203ae"
"2376","DAYPARK FIRE SPRINKLER CONSULTING & DESI...","Specialized Design Services","Independent","West Valley, UT, United States","https://dnb.com/business-directory/company-profiles/daypark-fire-sprinkler-consulting--design-llc.b71ea56104232c94cb23c93967d56ec7"
"2377","ASSURANCE FIRE SPRINKLER & PLUMBING LLC","Building Equipment Contractors","Independent","Fort Worth, TX, United States","https://dnb.com/business-directory/company-profiles/assurance-fire-sprinkler--plumbing-llc.62dcf96ec3741645c53af3c52984f3af"
"2378","C & C FIRE SPRINKLER SPECIALTIES, INC.","Building Equipment Contractors","Independent","Bath, PA, United States","https://dnb.com/business-directory/company-profiles/c--c-fire-sprinkler-specialties-inc.02a7a18a8abb63d5365299f17f49ffdf"
"2379","EM FIRE SPRINKLER DESIGN & ESTIMATE LLC","Specialized Design Services","Independent","Woodside, NY, United States","https://dnb.com/business-directory/company-profiles/em-fire-sprinkler-design--estimate-llc.35b304c4ac4ffdd688eabbb1434d35d4"
"2380","HP FIRE SPRINKLER DESIGN, LLC","Specialized Design Services","Independent","Denver, CO, United States","https://dnb.com/business-directory/company-profiles/hp-fire-sprinkler-design-llc.85f4955e585a0653c9440ada9d325fdf"
"2381","VALLEY FIRE SPRINKLER DESIGN LLC","Business Support Services","Independent","Greenacres, WA, United States","https://dnb.com/business-directory/company-profiles/valley-fire-sprinkler-design-llc.389d73b99bec521ea5852cf43e285188"
"2382","SHORE FIRE SPRINKLER SVC.","Building Equipment Contractors","Independent","Chesapeake, VA, United States","https://dnb.com/business-directory/company-profiles/shore-fire-sprinkler-svc.c6d18b7f6a85ee8dbedac2307b9f2801"
"2383","HH JR FIRE SPRINKLER INSTALLATION LLC","Building Equipment Contractors","Independent","Doraville, GA, United States","https://dnb.com/business-directory/company-profiles/hh-jr-fire-sprinkler-installation-llc.0924fc65494ead88e17cdee91a563763"
"2384","GLADIS C REYES","Machinery, Equipment, and Supplies Merchant Wholesalers","Independent","Madison, TN, United States","https://dnb.com/business-directory/company-profiles/gladis-c-reyes.9aa7792efd0a57302fbc5930af7b1d3a"
"2385","Capitol Fire Sprinkler Co. of L.I. LLC","Building Equipment Contractors","Independent","Woodside, NY, United States","https://dnb.com/business-directory/company-profiles/capitol-fire-sprinkler-co-of-li-llc.193960cc8fd868f13dfdf4b0cc25e8ad"
"2386","PARK CITY FIRE SPRINKLER AND HOME INSPEC...","Other Professional, Scientific, and Technical Services","Independent","Park City, UT, United States","https://dnb.com/business-directory/company-profiles/park-city-fire-sprinkler-and-home-inspections.db18c2c5482af420b8dc547a00f66937"
"2387","SFP FIRE SPRINKLER PROTECTION LLC","Other Support Services","Independent","Miami, FL, United States","https://dnb.com/business-directory/company-profiles/sfp-fire-sprinkler-protection-llc.7d015a0baedae63f563158872fe0f21f"
"2388","INDUSTRIAL FIRE SPRINKLER CO INC","","Independent","Jacksonville, NC, United States","https://dnb.com/business-directory/company-profiles/industrial-fire-sprinkler-co-inc.d7ec3a117788f032983c39e2008206a7"
"2389","Fire Trapp Sprinkler Systems LLC","Machinery, Equipment, and Supplies Merchant Wholesalers","Independent","Cartersville, GA, United States","https://dnb.com/business-directory/company-profiles/fire-trapp-sprinkler-systems-llc.bd0dc9bd15fc4f013d8797ed70d4be81"
"2390","AQUA SAFE FIRE SPRINKLER SYSTEM LTD","Other Personal Services","Independent","COLWYN BAY, Wales, United Kingdom","https://dnb.com/business-directory/company-profiles/aqua-safe-fire-sprinkler-system-ltd.95f7bebf49b7d09ea6df7e3a212e1384"
"2391","A & A AUTOMATIC FIRE SPRINKLER","Building Equipment Contractors","Independent","San Martin, CA, United States","https://dnb.com/business-directory/company-profiles/a--a-automatic-fire-sprinkler.8108343f61d1ec326d238794132acab4"
"2392","FIRE SPRINKLER DESIGN SERVICES","Building Equipment Contractors","Independent","Putnam Valley, NY, United States","https://dnb.com/business-directory/company-profiles/fire-sprinkler-design-services.f9b2e888863432c072f07df9941b1e55"
"2393","FIRE SPRINKLER DESIGN SERVICES, INC.","Building Equipment Contractors","Independent","Peekskill, NY, United States","https://dnb.com/business-directory/company-profiles/fire-sprinkler-design-services-inc.3e96004d0c0e5010a936cc28cf1e056d"
"2394","CHRIS PALMQUIST","Building Equipment Contractors","Independent","Henderson, NV, United States","https://dnb.com/business-directory/company-profiles/chris-palmquist.a8a2b8e8524df19a4c9572b2173dd51c"
"2395","Wyo Fire Sprinkler Design L.L.C.","Specialized Design Services","Independent","Sheridan, WY, United States","https://dnb.com/business-directory/company-profiles/wyo-fire-sprinkler-design-llc.d86d103a8117609c7f66c8d57316bbf5"
"2396","ORAZAL FIRE SPRINKLER DESIGN INC","Specialized Design Services","Independent","North Miami Beach, FL, United States","https://dnb.com/business-directory/company-profiles/orazal-fire-sprinkler-design-inc.52c5a6686ac72aa6c6f48ae4c6c34b3e"
"2397","RELL FIRE SPRINKLER CO.","Building Equipment Contractors","Independent","Moses Lake, WA, United States","https://dnb.com/business-directory/company-profiles/rell-fire-sprinkler-co.0fad98b1d9b1b6a9c7a198be6b5f67b9"
"2398","LGI FIRE SPRINKLER INSPECTIONS LLC","Other Professional, Scientific, and Technical Services","Independent","Bronx, NY, United States","https://dnb.com/business-directory/company-profiles/lgi-fire-sprinkler-inspections-llc.029517284d2ae5cdc649ada6eca5234c"
"2399","NELSON FIRE SPRINKLER DESIGN, LLC","Specialized Design Services","Independent","Sewell, NJ, United States","https://dnb.com/business-directory/company-profiles/nelson-fire-sprinkler-design-llc.697f76910007759d984d401e85bebf83"
"2400","Grizzly Fire Sprinkler Design LLC","Specialized Design Services","Independent","Kalispell, MT, United States","https://dnb.com/business-directory/company-profiles/grizzly-fire-sprinkler-design-llc.65df7326f011df9db9fab2802eeb670c"
"2401","FUEGO FIRE SPRINKLER DESIGN, LLC","Specialized Design Services","Independent","Roswell, GA, United States","https://dnb.com/business-directory/company-profiles/fuego-fire-sprinkler-design-llc.45cdc7f8484fae143d136cf21088e027"
"2402","HAWAII FIRE SPRINKLER SERVICES LLC","Building Equipment Contractors","Independent","Wahiawa, HI, United States","https://dnb.com/business-directory/company-profiles/hawaii-fire-sprinkler-services-llc.832261492c3f2a2b034754a02c96a186"
"2403","GLOBAL FIRE SPRINKLER DESIGN INC","Specialized Design Services","Independent","Hanover, MD, United States","https://dnb.com/business-directory/company-profiles/global-fire-sprinkler-design-inc.09dfb0972430d5ee9d440667255d609d"
"2404","FIRE SPRINKLER PROS LLC","Building Equipment Contractors","Independent","Colorado Springs, CO, United States","https://dnb.com/business-directory/company-profiles/fire-sprinkler-pros-llc.7bf66761c070e9a291a4fe06988325bb"
"2405","ARKANSAS FIRE SPRINKLER CONTRACTORS ASSO...","Other Specialty Trade Contractors","Independent","Conway, AR, United States","https://dnb.com/business-directory/company-profiles/arkansas-fire-sprinkler-contractors-association.3eec8ade9739d25275e67d3c857a7eb4"
"2406","MX3 FIRE SPRINKLER DESIGN, LLC","Specialized Design Services","Independent","Larsen, WI, United States","https://dnb.com/business-directory/company-profiles/mx3-fire-sprinkler-design-llc.6cc0acbfafdd6b863090b549b81e69be"
"2407","ALL AMERICAN FIRE SPRINKLER INSPECTIONS ...","Building Equipment Contractors","Independent","Surprise, AZ, United States","https://dnb.com/business-directory/company-profiles/all-american-fire-sprinkler-inspections-llc.04f42fdd33dbc46967090bea1fb91de7"
"2408","AZ HOME FIRE SPRINKLER INSPECTION LLC","Other Professional, Scientific, and Technical Services","Independent","Cave Creek, AZ, United States","https://dnb.com/business-directory/company-profiles/az-home-fire-sprinkler-inspection-llc.aad334a81dc11864a5d94a08873b36fa"
"2409","FIRE SPRINKLER BIM LTD","Business Support Services","Independent","KIDDERMINSTER, England, United Kingdom","https://dnb.com/business-directory/company-profiles/fire-sprinkler-bim-ltd.1748229410a37c5aed8ec9d7fc045a18"
"2410","APEX FIRE SPRINKLER LLC","Building Equipment Contractors","Independent","Forestdale, MA, United States","https://dnb.com/business-directory/company-profiles/apex-fire-sprinkler-llc.10863382566a8614daaa4f0dcacbdbfe"
"2411","RESIDENTIAL FIRE SPRINKLER SUPPLY, L.L.C...","Miscellaneous Durable Goods Merchant Wholesalers","Independent","Scottsdale, AZ, United States","https://dnb.com/business-directory/company-profiles/residential-fire-sprinkler-supply-llc.824b5b82bd1678216a09da654c43a514"
"2412","FLORIDA FIRE SPRINKLER AS","Building Equipment Contractors","Independent","Eustis, FL, United States","https://dnb.com/business-directory/company-profiles/florida-fire-sprinkler-as.44266a317ac3329100efc3d50bb8d366"
"2413","MJE FIRE SPRINKLER CORP.","Building Equipment Contractors","Independent","Miller Place, NY, United States","https://dnb.com/business-directory/company-profiles/mje-fire-sprinkler-corp.9d4f4f8b87ba9d6d99bd450694eaf077"
"2414","JED FIRE SPRINKLER DESIGN, LLC","Specialized Design Services","Independent","Cromwell, CT, United States","https://dnb.com/business-directory/company-profiles/jed-fire-sprinkler-design-llc.45d915d9777cbdbaf1ca60d08685cfd6"
"2415","AZ FIRE SPRINKLER CONSULTANTS LLC","Management, Scientific, and Technical Consulting Services","Independent","Gilbert, AZ, United States","https://dnb.com/business-directory/company-profiles/az-fire-sprinkler-consultants-llc.62db688dc747238ca78efb31c47c51f5"
"2416","CORE FIRE SPRINKLER CORPORATION","Building Equipment Contractors","Independent","Newark, NJ, United States","https://dnb.com/business-directory/company-profiles/core-fire-sprinkler-corporation.478ba68a500a38b2acf34377569ea95f"
"2417","KERAYVEZ FIRE SPRINKLER DESIGN, LLC","Specialized Design Services","Independent","Fruitland, NM, United States","https://dnb.com/business-directory/company-profiles/kerayvez-fire-sprinkler-design-llc.fb4ab9c5617b7f999a41c61beaf5f7bd"
"2418","FIRE SPRINKLER DESIGN LLC","Specialized Design Services","Independent","Las Vegas, NV, United States","https://dnb.com/business-directory/company-profiles/fire-sprinkler-design-llc.93cdf21ee85257e9dfd48b159f50ac79"
"2419","SK FIRE SPRINKLER DESIGN, LLC","Specialized Design Services","Independent","Damascus, PA, United States","https://dnb.com/business-directory/company-profiles/sk-fire-sprinkler-design-llc.9bf4101fb20d804a1876e458e8552fb4"
"2420","KATCO FIRE SPRINKLER DESIGN","Architectural, Engineering, and Related Services","Independent","Salem, UT, United States","https://dnb.com/business-directory/company-profiles/katco-fire-sprinkler-design.3a5246ae50213f08d0bbfa43d1065e04"
"2421","CITYWIDE FIRE SPRINKLER","Building Equipment Contractors","Independent","New York, NY, United States","https://dnb.com/business-directory/company-profiles/citywide-fire-sprinkler.8982eb4f5c0a7bdab93e90dd9192a690"
"2422","ALERT FIRE SPRINKLER","Building Equipment Contractors","Independent","Dunn, NC, United States","https://dnb.com/business-directory/company-profiles/alert-fire-sprinkler.defc7c563a3624ba6345bac0516494fc"
"2423","FIRE HAWK SPRINKLER, INC.","Building Equipment Contractors","Independent","Buffalo, NY, United States","https://dnb.com/business-directory/company-profiles/fire-hawk-sprinkler-inc.936ad76d257a43d75d669e8cf05eb138"
"2424","J & M FIRE SPRINKLER, LLC.","Building Equipment Contractors","Independent","Douglasville, GA, United States","https://dnb.com/business-directory/company-profiles/j--m-fire-sprinkler-llc.e080906d8fec42e33d149274eaebb9b2"
"2425","B & T FIRE SPRINKLER, LLC","Building Equipment Contractors","Independent","Saugus, MA, United States","https://dnb.com/business-directory/company-profiles/b--t-fire-sprinkler-llc.a0d962f490f2c3906faac49b7376b758"
"2426","C+D FIRE SPRINKLER DESIGN LLC","Specialized Design Services","Independent","Warwick, RI, United States","https://dnb.com/business-directory/company-profiles/cd-fire-sprinkler-design-llc.9a17c2331447bf30e72439ae3e1b5e54"
"2427","CBM ILLINOIS HOLDINGS, INC.","Other Professional, Scientific, and Technical Services","Independent","Oregon, IL, United States","https://dnb.com/business-directory/company-profiles/cbm-illinois-holdings-inc.6c80a7180c9893854829503f7a25db39"
"2428","Watruba Fire Sprinkler Design","Building Equipment Contractors","Independent","Fremont, OH, United States","https://dnb.com/business-directory/company-profiles/watruba-fire-sprinkler-design.99abba1c7c021fdb0eec9c82a5be3a6a"
"2429","JCO PLUMBING AND FIRE SPRINKLER DESIGN L...","Building Equipment Contractors","Independent","Brooklyn, NY, United States","https://dnb.com/business-directory/company-profiles/jco-plumbing-and-fire-sprinkler-design-limited.8fefb5cc01fa8d281fb71f07ff75167b"
"2430","NATIONAL FIRE SPRINKLER ASSOCIATION INC","Business, Professional, Labor, Political, and Similar Organizations","Independent","Dayton, OH, United States","https://dnb.com/business-directory/company-profiles/national-fire-sprinkler-association-inc.b19b6212b8903d93c803718922d462a2"
"2431","J M Fire Sprinkler Design LLC","Specialized Design Services","Independent","Edmond, OK, United States","https://dnb.com/business-directory/company-profiles/j-m-fire-sprinkler-design-llc.0fa5c53e8b8fa5b4f8bd8efd039967c4"
"2432","GORDON FIRE SPRINKLER DESIGN LLC","Specialized Design Services","Independent","Spokane Valley, WA, United States","https://dnb.com/business-directory/company-profiles/gordon-fire-sprinkler-design-llc.722d9c1cba6292dabc2e4d33a8d1952f"
"2433","DORNAN FIRE SPRINKLER DESIGN LLC","Specialized Design Services","Independent","Shelbyville, TN, United States","https://dnb.com/business-directory/company-profiles/dornan-fire-sprinkler-design-llc.a5483bbebcf9b890e2d5fee0dde25e10"
"2434","XTREME FIRE SPRINKLER LLC","Building Equipment Contractors","Independent","Spring Hill, FL, United States","https://dnb.com/business-directory/company-profiles/xtreme-fire-sprinkler-llc.441fab2dc68213299153ba617f1a61d3"
"2435","FINAL FIRE SPRINKLER LLC","Building Equipment Contractors","Independent","Gloucester, MA, United States","https://dnb.com/business-directory/company-profiles/final-fire-sprinkler-llc.df7189ce729da07a2f8a5fc9810396fc"
"2436","FIRE SPRINKLER LLC","Building Equipment Contractors","Independent","Avondale, AZ, United States","https://dnb.com/business-directory/company-profiles/fire-sprinkler-llc.755fbd807a0c5a96d0d8992da5cd24b9"
"2437","WAITZ FIRE SPRINKLER DESIGN LLC","Specialized Design Services","Independent","Effort, PA, United States","https://dnb.com/business-directory/company-profiles/waitz-fire-sprinkler-design-llc.6a9b1ae010eb7d2d764d2c02c828f252"
"2438","ACADEMY FIRE SPRINKLER OF MICHIGAN INC","Elementary and Secondary Schools","Independent","Plymouth, MI, United States","https://dnb.com/business-directory/company-profiles/academy-fire-sprinkler-of-michigan-inc.1f97f12fbbda04ab12e55d6485dbbc49"
"2439","ADVANTAGE FIRE SPRINKLER","Building Equipment Contractors","Independent","Windham, ME, United States","https://dnb.com/business-directory/company-profiles/advantage-fire-sprinkler.cb5cea47254561778d8e22afa96d7082"
"2440","CENTERLINE FIRE SPRINKLER DESIGN LLC","Specialized Design Services","Independent","Spokane, WA, United States","https://dnb.com/business-directory/company-profiles/centerline-fire-sprinkler-design-llc.d246cd6e9e5b0802ae96be800fd28d21"
"2441","A1 FIRE SPRINKLER LLC","Personal and Household Goods Repair and Maintenance","Independent","Reseda, CA, United States","https://dnb.com/business-directory/company-profiles/a1-fire-sprinkler-llc.5ba15bf0c7e6c4f62177ae0e84c39e9b"
"2442","E.M.P FIRE SPRINKLER LLC","Building Equipment Contractors","Independent","Brooklyn, NY, United States","https://dnb.com/business-directory/company-profiles/emp-fire-sprinkler-llc.9c5e8673205cd181fdff101cd5f2360e"
"2443","EMPIRE FIRE SPRINKLER LLC","Building Equipment Contractors","Independent","New York, NY, United States","https://dnb.com/business-directory/company-profiles/empire-fire-sprinkler-llc.eb3d2a4a7382b16cad7308c99776867f"
"2444","O&P FIRE SPRINKLER, LLC","Building Equipment Contractors","Independent","Clarksville, TN, United States","https://dnb.com/business-directory/company-profiles/op-fire-sprinkler-llc.efef6dc3855c931db87d98213cda6443"
"2445","VENTURE FIRE SPRINKLER LLC","Building Equipment Contractors","Independent","Concord, NC, United States","https://dnb.com/business-directory/company-profiles/venture-fire-sprinkler-llc.4e7806aa5e5b941fe1bae7eecbec3c4d"
"2446","NOLASCO FIRE SPRINKLER LLC","Building Equipment Contractors","Independent","Pineville, NC, United States","https://dnb.com/business-directory/company-profiles/nolasco-fire-sprinkler-llc.fbfb9df03d6b823ffb66b27dc7991e92"
"2447","MID-TENN FIRE SPRINKLER, LLC","Building Equipment Contractors","Independent","Knoxville, TN, United States","https://dnb.com/business-directory/company-profiles/mid-tenn-fire-sprinkler-llc.0d99ec2947c43bf497ef5a6884e3e665"
"2448","DNA FIRE SPRINKLER DESIGN","Specialized Design Services","Independent","San Diego, CA, United States","https://dnb.com/business-directory/company-profiles/dna-fire-sprinkler-design.df0ff1f8ca26a416e78ede5924b97167"
"2449","INSPECTION, TESTING & MAINTENANCE FIRE S...","Services to Buildings and Dwellings","Independent","Garden City, NY, United States","https://dnb.com/business-directory/company-profiles/inspection-testing--maintenance-fire-sprinkler-corp.a50d40d786f604e5cc22ae8576b84a09"
"2450","STAT FIRE SPRINKLER NYC","Building Equipment Contractors","Independent","New York, NY, United States","https://dnb.com/business-directory/company-profiles/stat-fire-sprinkler-nyc.9add77b3c3e6683b5c0e8c731fbb9985"
"2451","NEW ENGLAND FIRE SPRINKLER PROTECTIO","Building Equipment Contractors","Independent","Lowell, MA, United States","https://dnb.com/business-directory/company-profiles/new-england-fire-sprinkler-protectio.99c9367aa61083563e6ac31f3737d30e"
"2452","THE FIRE SPRINKLER COMPANY, INC.","Building Equipment Contractors","Independent","Miami, FL, United States","https://dnb.com/business-directory/company-profiles/the-fire-sprinkler-company-inc.febf0efbcea0cb577e51fd3850e6b795"
"2453","MILLENNIUM FIRE SPRINKLER, LLC","Building Equipment Contractors","Independent","Madison, AL, United States","https://dnb.com/business-directory/company-profiles/millennium-fire-sprinkler-llc.781d541fe504234a110a96cc5443f616"
"2454","NORTHWEST RESIDENTIAL FIRE SPRINKLER INC","Building Equipment Contractors","Independent","Olympia, WA, United States","https://dnb.com/business-directory/company-profiles/northwest-residential-fire-sprinkler-inc.5f86296bd6d093cc587cf6ca32a8908c"
"2455","E&L FIRE SPRINKLER INC.","Building Equipment Contractors","Independent","Miramar, FL, United States","https://dnb.com/business-directory/company-profiles/el-fire-sprinkler-inc.f6f8937ec45093521f1759e3256e97cc"
"2456","SOUTHWEST MO FIRE SPRINKLER LLC","Building Equipment Contractors","Independent","Brighton, MO, United States","https://dnb.com/business-directory/company-profiles/southwest-mo-fire-sprinkler-llc.39422813adc3447fa2c7052cb7ae1624"
"2457","ELEVATED FIRE SPRINKLER, LLC","Building Equipment Contractors","Independent","Rio Rancho, NM, United States","https://dnb.com/business-directory/company-profiles/elevated-fire-sprinkler-llc.0eb118a2b0cd118f7c2622b5260b45db"
"2458","Fire Protection Training Association","Business, Professional, Labor, Political, and Similar Organizations","Independent","Livermore, CA, United States","https://dnb.com/business-directory/company-profiles/fire-protection-training-association.57af16909f74b77fc9acd4ca2f80d0ae"
"2459","Greater Bay Area Chapter of the American...","Business, Professional, Labor, Political, and Similar Organizations","Independent","Tracy, CA, United States","https://dnb.com/business-directory/company-profiles/greater-bay-area-chapter-of-the-american-fire-sprinkler-association.66ad37a2d13da11a7e513afc072385cc"
"2460","FIRST ALERT FIRE & SPRINKLER LLC","Building Equipment Contractors","Independent","Holden, MA, United States","https://dnb.com/business-directory/company-profiles/first-alert-fire--sprinkler-llc.ee9b738c0e444c73d8f62f3a77c65f9e"
"2461","ACCURATE & DEPENDABLE FIRE SPRINKLER INS...","Building Equipment Contractors","Independent","Saint Petersburg, FL, United States","https://dnb.com/business-directory/company-profiles/accurate--dependable-fire-sprinkler-inspections-inc.dbeb89dbb67f6fda0f9fe9d338de681c"
"2462","MARYLAND FIRE SPRINKLER LLC","Building Equipment Contractors","Independent","Frederick, MD, United States","https://dnb.com/business-directory/company-profiles/maryland-fire-sprinkler-llc.65055d90d5f0499be5ade3a866b7bf9a"
"2463","EXCEL FIRE SPRINKLER SUPPLY","Miscellaneous Durable Goods Merchant Wholesalers","Independent","Dana Point, CA, United States","https://dnb.com/business-directory/company-profiles/excel-fire-sprinkler-supply.9a2663d8a469047334577eafc442f133"
"2464","MASTER FIRE SPRINKLER SYSTEMS, INC.","Machinery, Equipment, and Supplies Merchant Wholesalers","Independent","Bronx, NY, United States","https://dnb.com/business-directory/company-profiles/master-fire-sprinkler-systems-inc.6b6b1a2df5c210ffa8cfddd8f04f9743"
"2465","SOUTH SHORE FIRE PUMP & SPRINKLER INC.","Building Equipment Contractors","Independent","Holbrook, MA, United States","https://dnb.com/business-directory/company-profiles/south-shore-fire-pump--sprinkler-inc.b4d282935ae40f2f7356d663ab8a6965"
"2466","Irish Sprinkler and Fire Protection Ltd","Other Specialty Trade Contractors","Independent","Finland","https://dnb.com/business-directory/company-profiles/irish-sprinkler-and-fire-protection-ltd.2e40ecee27a532429b665679ef558f8f"
"2467","Gc Fire Sprinkler Testing","Building Equipment Contractors","Independent","Anaheim, CA, United States","https://dnb.com/business-directory/company-profiles/gc-fire-sprinkler-testing.fcbca965dfce1f4d10ea498db03152dd"
"2468","CITYWIDE FIRE SPRINKLER PTR INC.","Building Equipment Contractors","Independent","Flushing, NY, United States","https://dnb.com/business-directory/company-profiles/citywide-fire-sprinkler-ptr-inc.9b474632dfd9b891b81ea89583989f54"
"2469","RELIABLE FIRE SPRINKLER CORPORATION","Building Equipment Contractors","Independent","Englishtown, NJ, United States","https://dnb.com/business-directory/company-profiles/reliable-fire-sprinkler-corporation.6a7da466bda2fececa4c946e8e35ce61"
"2470","M RODAS FIRE SPRINKLER, LLC","Building Equipment Contractors","Independent","Hyattsville, MD, United States","https://dnb.com/business-directory/company-profiles/m-rodas-fire-sprinkler-llc.cf86c196063435ffd41b990a52a2f21f"
"2471","SOTER SPRINKLER, BURGLAR & FIRE LIMITED ...","Building Equipment Contractors","Independent","Passaic, NJ, United States","https://dnb.com/business-directory/company-profiles/soter-sprinkler-burglar--fire-limited-liability-company.e2301ca0968a14107c375982811ae597"
"2472","ORDAKOWSKI FIRE SPRINKLER DESIGN, LLC","Specialized Design Services","Independent","Catonsville, MD, United States","https://dnb.com/business-directory/company-profiles/ordakowski-fire-sprinkler-design-llc.e9f14ee37ea86827b24045127cfea7f5"
"2473","Potomac Fire Sprinkler Service","Building Equipment Contractors","Independent","Ellicott City, MD, United States","https://dnb.com/business-directory/company-profiles/potomac-fire-sprinkler-service.952bebd86b88d476b4be005f49a01891"
"2474","FIRE PROTECTION SPRINKLER DRAWINGS LIMIT...","Other Support Services","Independent","Beaumont, TX, United States","https://dnb.com/business-directory/company-profiles/fire-protection-sprinkler-drawings-limited-liabili.b193dbcb107e847ff2e5bd1faabd44a3"
"2475","IRISH SPRINKLER & FIRE PROTECTION LIMITE...","Building Equipment Contractors","Independent","L'HOSPITALET DE LLOBREGAT, Barcelona, Spain","https://dnb.com/business-directory/company-profiles/irish-sprinkler--fire-protection-limited.318f69c8fb88b35a39a093d7fac6dd2d"
"2476","ADVANCED FIRE SPRINKLER DESIGN, INC.","Building Equipment Contractors","Independent","Grand Ledge, MI, United States","https://dnb.com/business-directory/company-profiles/advanced-fire-sprinkler-design-inc.9eddc0dd208be0713b4bd6f1f50f3886"
"2477","FIRE SPRINKLER CONTRACTORS ASSOCIATION O...","Business, Professional, Labor, Political, and Similar Organizations","Independent","Kingwood, TX, United States","https://dnb.com/business-directory/company-profiles/fire-sprinkler-contractors-association-of-texas.74302e61008f6ab1c9b10bb7d1dc1fe5"
"2478","BE SAFE FIRE SPRINKLER II INC.","Building Equipment Contractors","Independent","Brooklyn, NY, United States","https://dnb.com/business-directory/company-profiles/be-safe-fire-sprinkler-ii-inc.8d884cf28067a24a24cae6571efc90fa"
"2479","LIFE GUARD Fire Sprinkler Design Service...","Specialized Design Services","Independent","Summerville, SC, United States","https://dnb.com/business-directory/company-profiles/life-guard-fire-sprinkler-design-services-llc.9677d887730bf4bf82e272bd67674b7c"
"2480","CHEROKEE FIRE SPRINKLER COMPANY, INC.","Building Equipment Contractors","Independent","Houston, TX, United States","https://dnb.com/business-directory/company-profiles/cherokee-fire-sprinkler-company-inc.facd8f66c31c66f517d264eb59418fe9"
"2481","FIRE SPRINKLER DESIGN SOLUTIONS LLC","Specialized Design Services","Independent","Madison, WI, United States","https://dnb.com/business-directory/company-profiles/fire-sprinkler-design-solutions-llc.80400c832fe10c7f359fe18041b01163"
"2482","BCAKZM FIRE SPRINKLER DESIGN, LLC","Specialized Design Services","Independent","Olathe, KS, United States","https://dnb.com/business-directory/company-profiles/bcakzm-fire-sprinkler-design-llc.10d4169d09251327b20291cf81d33713"
"2483","DALLAS-FORT WORTH CHAPTER OF AMERICAN FI...","Business, Professional, Labor, Political, and Similar Organizations","Independent","Fort Worth, TX, United States","https://dnb.com/business-directory/company-profiles/dallas-fort-worth-chapter-of-american-fire-sprinkler-association-inc.bcca2334887746dfe65225d0b8b4aae8"
"2484","PEAK FIRE SPRINKLER DESIGN, LLC","Specialized Design Services","Independent","Bailey, CO, United States","https://dnb.com/business-directory/company-profiles/peak-fire-sprinkler-design-llc.b715377a7ab8940094f722ad33c6545a"
"2485","EXPRESS FIRE SPRINKLER INC.","Building Equipment Contractors","Independent","Bohemia, NY, United States","https://dnb.com/business-directory/company-profiles/express-fire-sprinkler-inc.3b7581cd6d556b7e1a9fa09d126cf63f"
"2486","B & T FIRE SPRINKLER","Building Equipment Contractors","Independent","Wakefield, MA, United States","https://dnb.com/business-directory/company-profiles/b--t-fire-sprinkler.f41f4797390c1847ce3a45436e7d8dbf"
"2487","JESUS MANUEL TARANGO","Building Equipment Contractors","Independent","Phoenix, AZ, United States","https://dnb.com/business-directory/company-profiles/jesus-manuel-tarango.279d294bcbbe2967b2a763a072a842a2"
"2488","FIRE SPRINKLER SERVICE OF N.E. FLORIDA, ...","Building Equipment Contractors","Independent","Orange Park, FL, United States","https://dnb.com/business-directory/company-profiles/fire-sprinkler-service-of-ne-florida-inc.2e9811f34e89222d1a72e89d785526de"
"2489","FIRE SPRINKLER TURNKEY SERVICES","Building Equipment Contractors","Independent","Cupertino, CA, United States","https://dnb.com/business-directory/company-profiles/fire-sprinkler-turnkey-services.56b58fe9f887ff41211baa089c9a7a0b"
"2490","CASTILLOS FIRE SPRINKLER SERVICES INC","Building Equipment Contractors","Independent","Montgomery Village, MD, United States","https://dnb.com/business-directory/company-profiles/castillos-fire-sprinkler-services-inc.527315775291ce4340ead2765c34f7eb"
"2491","NEW YORK FIRE SPRINKLER CONTRACTORS ASSO...","Building Equipment Contractors","Independent","New York, NY, United States","https://dnb.com/business-directory/company-profiles/new-york-fire-sprinkler-contractors-association-inc.226482e3dd6b83af1c78414c5321327d"
"2492","ACTURON FIRE SPRINKLER SERVICES, LLC","Building Equipment Contractors","Independent","Sunrise, FL, United States","https://dnb.com/business-directory/company-profiles/acturon-fire-sprinkler-services-llc.a7005c9e9a6560ec8cc0112167766b6c"
"2493","FLORIDA FIRE SPRINKLER ASSOC.","Building Equipment Contractors","Independent","Pensacola, FL, United States","https://dnb.com/business-directory/company-profiles/florida-fire-sprinkler-assoc.2d5ea761b962c31dd448d151bd990b80"
"2494","PROFESSIONAL FIRE SPRINKLER SERVICE CO","Building Equipment Contractors","Independent","San Juan Capistrano, CA, United States","https://dnb.com/business-directory/company-profiles/professional-fire-sprinkler-service-co.00861c5e0b919a77a2a0967d62dc0471"
"2495","PRO PLUMBING & FIRE SPRINKLER, INC.","Building Equipment Contractors","Independent","San Mateo, CA, United States","https://dnb.com/business-directory/company-profiles/pro-plumbing--fire-sprinkler-inc.77bce0da656f66b3338ee84aba64df86"
"2496","MURPH'S FIRE SPRINKLER INSPECTIONS LLC","Building Equipment Contractors","Independent","Levittown, NY, United States","https://dnb.com/business-directory/company-profiles/murphs-fire-sprinkler-inspections-llc.9f75e02ca09e3416a1e23a962f77f719"
"2497","NAWROCKI FIRE SPRINKLER DESIGN LLC","Specialized Design Services","Independent","Mesa, AZ, United States","https://dnb.com/business-directory/company-profiles/nawrocki-fire-sprinkler-design-llc.336fff43bfbc4b165c88acdc013a64bb"
"2498","FIRE SPRINKLER SPECIALISTS LTD","Building Equipment Contractors","Independent","BELFAST, Northern Ireland, United Kingdom","https://dnb.com/business-directory/company-profiles/fire-sprinkler-specialists-ltd.5dba48aa10f767c20c4bd5e44bd6c475"
"2499","NYQUIST FIRE SPRINKLER DESIGN, PLLC","Specialized Design Services","Independent","Bozeman, MT, United States","https://dnb.com/business-directory/company-profiles/nyquist-fire-sprinkler-design-pllc.a236c2da76a287db3e611f040407e990"
"2500","ARD FIRE SPRINKLER CONSULTANCY LIMITED","Other Heavy and Civil Engineering Construction","Independent","LONDON, England, United Kingdom","https://dnb.com/business-directory/company-profiles/ard-fire-sprinkler-consultancy-limited.2c802910153f05eadb97fc3efddc517b"
"2501","CASCADE FIRE SPRINKLER DESIGN LLC","Specialized Design Services","Independent","Redmond, OR, United States","https://dnb.com/business-directory/company-profiles/cascade-fire-sprinkler-design-llc.b32afb11c73a3e44541de6bf8e842783"
"2502","HELLER FIRE SPRINKLER DESIGN","Specialized Design Services","Independent","Tustin, CA, United States","https://dnb.com/business-directory/company-profiles/heller-fire-sprinkler-design.9d7a8cbbbf63712e2046dcfa0e97e154"
"2503","CAPITOL FIRE SPRINKLER OF NEW YORK, LLC","Building Equipment Contractors","Independent","Melville, NY, United States","https://dnb.com/business-directory/company-profiles/capitol-fire-sprinkler-of-new-york-llc.3291173aa4a1d63c6e13f632abca820b"
"2504","ABSOLUTE FIRE SPRINKLER OF NYC INC","Building Equipment Contractors","Independent","New York, NY, United States","https://dnb.com/business-directory/company-profiles/absolute-fire-sprinkler-of-nyc-inc.b3db0d6e2e5b12e8aad531fb3d4cb1e7"
"2505","MURPHY'S FIRE SPRINKLER DESIGN","Specialized Design Services","Independent","Middletown, OH, United States","https://dnb.com/business-directory/company-profiles/murphys-fire-sprinkler-design.dc4e7bf57c7c660441da75cc337a3724"
"2506","AMERICAN FIRE SPRINKLER ASSOCIATION-PACI...","Business, Professional, Labor, Political, and Similar Organizations","Independent","Gig Harbor, WA, United States","https://dnb.com/business-directory/company-profiles/american-fire-sprinkler-association-pacific-northwest-chap.8357ed7f23c7bf7b69ff89412b3159ab"
"2507","MANHATTAN FIRE SPRINKLER, LLC","Building Equipment Contractors","Independent","Woodside, NY, United States","https://dnb.com/business-directory/company-profiles/manhattan-fire-sprinkler-llc.c67c3cfdaee7376742e9e35552bc6def"
"2508","LIFE SAFETY FIRE SPRINKLER DESIGN SERVIC...","Building Equipment Contractors","Independent","Fort Myers, FL, United States","https://dnb.com/business-directory/company-profiles/life-safety-fire-sprinkler-design-services-llc.a60ac730605f816c926953e0cfd90ddb"
"2509","BEVERLY RESIDENTIAL FIRE SPRINKLER SYSTE...","Machinery, Equipment, and Supplies Merchant Wholesalers","Independent","Johns Island, SC, United States","https://dnb.com/business-directory/company-profiles/beverly-residential-fire-sprinkler-systems-llc.ac8c5d924b23c015f63ebd1361e6e975"
"2510","CEASE-FIRE AUTOMATIC SPRINKLER","Machinery, Equipment, and Supplies Merchant Wholesalers","Independent","Augusta, GA, United States","https://dnb.com/business-directory/company-profiles/cease-fire-automatic-sprinkler.9c150df69535af89018526b809acfee1"
"2511","COASTAL FIRE SPRINKLER SYSTEMS, CORP.","Machinery, Equipment, and Supplies Merchant Wholesalers","Independent","Wilmington, NC, United States","https://dnb.com/business-directory/company-profiles/coastal-fire-sprinkler-systems-corp.ed6a55f17a484924f3ca7311f1f93a68"
"2512","K&O FIRE SPRINKLER SYSTEMS, LLC.","Machinery, Equipment, and Supplies Merchant Wholesalers","Independent","Marietta, GA, United States","https://dnb.com/business-directory/company-profiles/ko-fire-sprinkler-systems-llc.d7b30cefff713e212fb1a5796bd95c9e"
"2513","GIDEON BISHOP","Machinery, Equipment, and Supplies Merchant Wholesalers","Independent","Colton, OR, United States","https://dnb.com/business-directory/company-profiles/gideon--bishop.68e68248dd2f200e55859a7173e83f00"
"2514","XTENDED COVERAGE FIRE SPRINKLER DESIGN I...","Specialized Design Services","Independent","Concord, NC, United States","https://dnb.com/business-directory/company-profiles/xtended-coverage-fire-sprinkler-design-inc.8e7603b3890faf763622c8c2d2ae98bb"
"2515","SEAGO FIRE SPRINKLER DESIGN LLC","Specialized Design Services","Independent","Chillicothe, OH, United States","https://dnb.com/business-directory/company-profiles/seago-fire-sprinkler-design-llc.c24149c553ac0bdc863246dfddbc8f4a"
"2516","MITCHELL FIRE SPRINKLER LLC","Building Equipment Contractors","Independent","Charlotte, NC, United States","https://dnb.com/business-directory/company-profiles/mitchell-fire-sprinkler-llc.a4063b9b22818724b1e2a6eeabbfa2bb"
"2517","BOWE FIRE SPRINKLER LLC","Building Equipment Contractors","Independent","Roslyn Heights, NY, United States","https://dnb.com/business-directory/company-profiles/bowe-fire-sprinkler-llc.f624d46c917008d9c05427102d533ab8"
"2518","NATIONAL FIRE SPRINKLER AND ALARM, LLC","Other Support Services","Independent","Westlake, OH, United States","https://dnb.com/business-directory/company-profiles/national-fire-sprinkler-and-alarm-llc.017b3d3bf99f27bfc8b3633a611e14cd"
"2519","JGD FIRE SPRINKLER DESIGNS, LLC","Specialized Design Services","Independent","Troy, NH, United States","https://dnb.com/business-directory/company-profiles/jgd-fire-sprinkler-designs-llc.85de3753fccb548c8169c10deae12991"
"2520","LOUISIANA FIRE SPRINKLER ASSOCIATION, IN...","Business, Professional, Labor, Political, and Similar Organizations","Independent","Shreveport, LA, United States","https://dnb.com/business-directory/company-profiles/louisiana-fire-sprinkler-association-inc.2537fda777dcfc0b244b3e3d65c60d04"
"2521","CS GEO FIRE SPRINKLER DESIGN SRL","Architectural, Engineering, and Related Services","Independent","CAVNIC, Maramures, Romania","https://dnb.com/business-directory/company-profiles/cs-geo-fire-sprinkler-design-srl.c8b38337f8310941bf5d6f12b8ef948d"
"2522","TRAVIS VINSON","Building Equipment Contractors","Independent","Tallassee, TN, United States","https://dnb.com/business-directory/company-profiles/travis-vinson.3c1fe83026cf0204ecd34c2660974400"
"2523","MIGUEL S TOVAR HERNANDEZ","Building Equipment Contractors","Independent","Dallas, TX, United States","https://dnb.com/business-directory/company-profiles/miguel-s-tovar-hernandez.9ef8359b10b518c961416d91bf789147"
"2524","N & N FIRE SPRINKLER L.L.C.","Building Equipment Contractors","Independent","Kansas City, MO, United States","https://dnb.com/business-directory/company-profiles/n--n-fire-sprinkler-llc.01bfffc01d10e9b35a2555a2965aae57"
"2525","SHONNET PROFITT","","Independent","Las Vegas, NV, United States","https://dnb.com/business-directory/company-profiles/shonnet-profitt.76428ba69406d6659dc7ba27f3789cf5"
"2526","TIFFANY MAWHORTER","","Independent","Las Vegas, NV, United States","https://dnb.com/business-directory/company-profiles/tiffany-mawhorter.0a2dcd692bec799924921a8ddc38e690"
"2527","New England Fire Sprinkler Design LLC","Specialized Design Services","Independent","Harrisville, RI, United States","https://dnb.com/business-directory/company-profiles/new-england-fire-sprinkler-design-llc.bab387459a50335aca8e89b122cc0f3e"
"2528","SUPERIOR FIRE SPRINKLER CORP.","Building Equipment Contractors","Independent","Mineola, NY, United States","https://dnb.com/business-directory/company-profiles/superior-fire-sprinkler-corp.9242e79f6e356f389440e6410de2b55a"
"2529","J. F. FIRE SPRINKLER DESIGN, INC.","Specialized Design Services","Independent","Cumming, GA, United States","https://dnb.com/business-directory/company-profiles/j-f-fire-sprinkler-design-inc.69aa41fd32685f1b76f65162bafa74d6"
"2530","U.S. FIRE SPRINKLER DESIGN, LLC","Specialized Design Services","Independent","Littleton, CO, United States","https://dnb.com/business-directory/company-profiles/us-fire-sprinkler-design-llc.530782d1dc135ac30ccd2de2bdbe9353"
"2531","FIRE SPRINKLER SOLUTIONS INC","Building Equipment Contractors","Independent","Kansas City, MO, United States","https://dnb.com/business-directory/company-profiles/fire-sprinkler-solutions-inc.e590ff1d860b9006c6ee17fccbb29f2a"
"2532","J & M FIRE SPRINKLER INSPECTIONS, INC.","Building Equipment Contractors","Independent","Thomasville, NC, United States","https://dnb.com/business-directory/company-profiles/j--m-fire-sprinkler-inspections-inc.a83cf696c796220f5ff7287ddd3c83cd"
"2533","A+ FIRE SPRINKLER DESIGN LLC","Specialized Design Services","Independent","Ellicott City, MD, United States","https://dnb.com/business-directory/company-profiles/a-fire-sprinkler-design-llc.0e364ff1f364d71d0b96c81d5fa81a3b"
"2534","INTEGRATED FIRE & SPRINKLER LLC","Building Equipment Contractors","Independent","Oneida, WI, United States","https://dnb.com/business-directory/company-profiles/integrated-fire--sprinkler-llc.ac102aef316049e1b8d8ace1085d6560"
"2535","THE COLORADO CHAPTER OF AMERICAN FIRE SP...","Business, Professional, Labor, Political, and Similar Organizations","Independent","Arvada, CO, United States","https://dnb.com/business-directory/company-profiles/the-colorado-chapter-of-american-fire-sprinkler-association-inc.94dec69b1ba6bdb5578eeee240f3415d"
"2536","FIRE PROTECTION SPRINKLER DRAWINGS LIMIT...","Other Support Services","Independent","Beaumont, TX, United States","https://dnb.com/business-directory/company-profiles/fire-protection-sprinkler-drawings-limited-liability-company.7e55ea1c5d27e17f7c9b51550df50efe"
"2537","FIRE SPRINKLER DESIGN SERVICES, LLC","Building Equipment Contractors","Independent","Baton Rouge, LA, United States","https://dnb.com/business-directory/company-profiles/fire-sprinkler-design-services-llc.c61553ae8ee17d21b26f440cb289aeef"
"2538","POSEIDON FIRE SPRINKLER INC.","Building Equipment Contractors","Independent","Bohemia, NY, United States","https://dnb.com/business-directory/company-profiles/poseidon-fire-sprinkler-inc.a33dcad2d2d4ecec147f01214d2e9889"
"2539","MARLON VICENTE OCHOA PINEDA","Building Equipment Contractors","Independent","Dallas, TX, United States","https://dnb.com/business-directory/company-profiles/marlon-vicente-ochoa-pineda.7e4d51ecceab75889c6ca16e0d838438"
"2540","L S FIRE SPRINKLER DESIGN","Specialized Design Services","Independent","Warsaw, MO, United States","https://dnb.com/business-directory/company-profiles/l-s-fire-sprinkler-design.a00025bbb3e415a43b2ca7de1cbea81d"
"2541","AAA FIRE SPRINKLER PROTECTION, INC.","Building Equipment Contractors","Independent","Miramar, FL, United States","https://dnb.com/business-directory/company-profiles/aaa-fire-sprinkler-protection-inc.2d0bceb36ed280215771e1a27e12425d"
"2542","FIRE SPRINKLER DESIGN CONSULTANCY LTD","Other Personal Services","Independent","SLOUGH, England, United Kingdom","https://dnb.com/business-directory/company-profiles/fire-sprinkler-design-consultancy-ltd.3b256903d1cccdc874bec4945331f354"
"2543","OT FIRE SPRINKLER SYSTEMS LIMITED","Business Support Services","Independent","EDINBURGH, Scotland, United Kingdom","https://dnb.com/business-directory/company-profiles/ot-fire-sprinkler-systems-limited.959c85da5c763b8de5aef5d78ee49559"
"2544","ORE PH Fire Sprinkler Consulting AB","Architectural, Engineering, and Related Services","Independent","Furudal, Sweden","https://dnb.com/business-directory/company-profiles/ore-ph-fire-sprinkler-consulting-ab.4f411137c57f357950dc72bd362b2de7"
"2545","SIXTYEIGHTDEGREES FIRE SPRINKLER SPECIAL...","Other Specialty Trade Contractors","Independent","LEEDS, England, United Kingdom","https://dnb.com/business-directory/company-profiles/sixtyeightdegrees-fire-sprinkler-specialists-(yorkshire)-ltd.f1f26486643abcf70200bda4220705c0"
"2546","JM FIRE SPRINKLER DESIGN LLC","Specialized Design Services","Independent","Phoenix, AZ, United States","https://dnb.com/business-directory/company-profiles/jm-fire-sprinkler-design-llc.c6382d3a730bd964a4cd2f41d6f71c7a"
"2547","FIRE SPRINKLER DESIGN AND ENGINEERING, L...","Architectural, Engineering, and Related Services","Independent","Carlsbad, NM, United States","https://dnb.com/business-directory/company-profiles/fire-sprinkler-design-and-engineering-llc.9f47820918860bb76a3e3914972fe2d9"
"2548","AMERICAN FIRE SPRINKLER ASSOCIATION VIRG...","Business, Professional, Labor, Political, and Similar Organizations","Independent","Mechanicsville, VA, United States","https://dnb.com/business-directory/company-profiles/american-fire-sprinkler-association-virginia-chapter.bb8b9fc852da90732cbe8dbe7dbfd179"
"2549","EVER READY FIRE SPRINKLER INC","Building Equipment Contractors","Independent","Astoria, NY, United States","https://dnb.com/business-directory/company-profiles/ever-ready-fire-sprinkler-inc.79df041d118a7d67eba4d26f751461d8"
"2550","FIRE SPRINKLER DESIGN, INC.","Specialized Design Services","Independent","Wolcott, CT, United States","https://dnb.com/business-directory/company-profiles/fire-sprinkler-design-inc.68390fa108c53606dab7686fad4d12dd"
"2551","TRINITY FIRE SPRINKLER DESIGNS LLC","Specialized Design Services","Independent","Helotes, TX, United States","https://dnb.com/business-directory/company-profiles/trinity-fire-sprinkler-designs-llc.ddd8080665295bd877dc3d5521836872"
"2552","AFFORDABLE FIRE SPRINKLER DESIGN LLC","Specialized Design Services","Independent","Santa Cruz, CA, United States","https://dnb.com/business-directory/company-profiles/affordable-fire-sprinkler-design-llc.bcb23cc05252823262f610681706d9aa"
"2553","Belgian Fire Sprinkler Network","Other Support Services","Independent","Aalst, Oost-Vlaanderen, Belgium","https://dnb.com/business-directory/company-profiles/belgian-fire-sprinkler-network.8f7c8e052fef14a5c40fc2245615f58a"
"2554","Fire Sprinkler Consulting Sweden AB","Architectural, Engineering, and Related Services","Independent","Tranås, Jönköping, Sweden","https://dnb.com/business-directory/company-profiles/fire-sprinkler-consulting-sweden-ab.199e9b0c764523b16e246736cffc3cd1"
"2555","Plumbing, Heating And Fire Sprinkler Con...","Administration of Economic Programs","Subsidiary","Raleigh, NC, United States","https://dnb.com/business-directory/company-profiles/plumbing-heating-and-fire-sprinkler-contractors-north-carolina-state-board-of-examiners.4d90cddbb49eba444f3c4fc64ef39bdc"
"2556","Heating & Fire Sprinkler Contractors Nor...","Administration of Economic Programs","Subsidiary","Raleigh, NC, United States","https://dnb.com/business-directory/company-profiles/heating--fire-sprinkler-contractors-north-carolina-board-of-plumbing.e70d6e7246c3a5b5b19f3d6459c36b88"
"2557","STAMFORD FIRE PROTECTION LLC","Justice, Public Order, and Safety Activities","Independent","Stamford, CT, United States","https://dnb.com/business-directory/company-profiles/stamford-fire-protection-llc.ccd9910d284bc78657a0161e56b497fc"
"2558","A & C SPRINKLER FIRE PROTECTION LLC","Justice, Public Order, and Safety Activities","Independent","Charlotte, NC, United States","https://dnb.com/business-directory/company-profiles/a--c-sprinkler-fire-protection-llc.4c8d1ee5ffe720fa5190fe75b7853402"
"2559","Safety Fire Sprinkler Corp.","Justice, Public Order, and Safety Activities","Parent","Brooklyn, NY, United States","https://dnb.com/business-directory/company-profiles/safety-fire-sprinkler-corp.ba998f8fc04177b370258bbe31493eeb"
"2560","Alpha Nova Fire Sprinkler Services","Justice, Public Order, and Safety Activities","Independent","Bedford, NS, Canada","https://dnb.com/business-directory/company-profiles/alpha-nova-fire-sprinkler-services.908c4d4a3d7c5635215597b2e6d907ca"
"2561","HAMPSHIRE FIRE SPRINKLER SYSTEMS LTD","","Subsidiary","BATH, England, United Kingdom","https://dnb.com/business-directory/company-profiles/hampshire-fire-sprinkler-systems-ltd.22283f28c4da985c647e92797d9002f3"
"2562","SIXTYEIGHTDEGREES FIRE SPRINKLER SPECIAL...","Other Specialty Trade Contractors","Independent","LEEDS, England, United Kingdom","https://dnb.com/business-directory/company-profiles/sixtyeightdegrees-fire-sprinkler-specialists-ltd.c232362b62ca46a577332962d729dc32"
"2563","Mayfield Fire And Sprinkler Inc.","","Independent","Etobicoke, ON, Canada","https://dnb.com/business-directory/company-profiles/mayfield-fire-and-sprinkler-inc.cc3c1f315a95f6b5e1492ff16f338cdb"
"2564","Sessi Fire Protection Inc. – Fire Equipm...","","Independent","TORONTO, ON, Canada","https://dnb.com/business-directory/company-profiles/sessi-fire-protection-inc-%E2%80%93-fire-equipment-%E2%80%A2-sprinkler-systems.16d43a45d81a6a1551e84f2dd8517e11"
"2565","Jwj Fire Protection Sprinkler Inspection...","","Independent","SURREY, BC, Canada","https://dnb.com/business-directory/company-profiles/jwj-fire-protection-sprinkler-inspection-company-inc.8fcad07c81e190ccfef8397301d1f0e8"
"2566","Maxx Sprinkler & Fire Protection Inc.","","Independent","MISSISSAUGA, ON, Canada","https://dnb.com/business-directory/company-profiles/maxx-sprinkler--fire-protection-inc.2c23bbaa1c7a0f8a7d63522bc1acda20"
"2567","Alpha Nova Fire Sprinkler Services & Eng...","","Independent","BEDFORD, NS, Canada","https://dnb.com/business-directory/company-profiles/alpha-nova-fire-sprinkler-services--engineering-inc.35648d2be72d38297e472a8ec34ce082"
"2568","FIRE GUARD SPRINKLER SYSTEMS CC","Justice, Public Order, and Safety Activities","Independent","DURBAN NORTH, KWA-ZULU NATAL, South Africa","https://dnb.com/business-directory/company-profiles/fire-guard-sprinkler-systems-cc.7f27d15478f5cbbeff2588aa5106a6a7"
"2569","PELELISA SAUNI KANIPULE","","Independent","New Zealand","https://dnb.com/business-directory/company-profiles/pelelisa-sauni-kanipule.f6e23cb19a2ac85cbcd073639f9a9beb"
"2570","G AND C FIRE AND SPRINKLER (PTY) LTD","Justice, Public Order, and Safety Activities","Independent","POLOKWANE, LIMPOPO, South Africa","https://dnb.com/business-directory/company-profiles/g-and-c-fire-and-sprinkler-(pty)-ltd.7e3a49eece96f3352085f9e8a2ee1fcc"
"2571","SIGA FIRE SPRINKLER (PTY) LTD","Justice, Public Order, and Safety Activities","Independent","ORKNEY, NORTHWEST PROVINCE, South Africa","https://dnb.com/business-directory/company-profiles/siga-fire-sprinkler-(pty)-ltd.498191c532af85506c3a762f8863d981"
"2572","EAST LONDON SPRINKLER INSTALLATIONS CC","Justice, Public Order, and Safety Activities","Parent","EAST LONDON, EASTERN CAPE, South Africa","https://dnb.com/business-directory/company-profiles/east-london-sprinkler-installations-cc.0f04c7d06243987ed0284c682cd1ebb8"
"2573","FIRE SPRINKLER INSTALATIONS CISKEI (PTY)...","Justice, Public Order, and Safety Activities","Independent","BHISHO, EASTERN CAPE, South Africa","https://dnb.com/business-directory/company-profiles/fire-sprinkler-instalations-ciskei-(pty)-ltd.35d1a7635cc361d82e4bd307ce0f32f2"
"2574","NW FIRE AND SPRINKLER SYSTEMS CC","Justice, Public Order, and Safety Activities","Independent","LICHTENBURG, NORTHWEST PROVINCE, South Africa","https://dnb.com/business-directory/company-profiles/nw-fire-and-sprinkler-systems-cc.6a36cd32f309a92d5b47a4e8779d7c98"
"2575","EAST RAND FIRE SPRINKLER SYSTEMS (PTY) L...","Justice, Public Order, and Safety Activities","Independent","JOHANNESBURG, GAUTENG, South Africa","https://dnb.com/business-directory/company-profiles/east-rand-fire-sprinkler-systems-(pty)-ltd.b55a5ae13dabe94d19f55cb4bd77ae2e"
"2576","JUSDINA PLUMBING AND FIRE SPRINKLER SERV...","","Independent","Sunyani, Bono, Ghana","https://dnb.com/business-directory/company-profiles/jusdina-plumbing-and-fire-sprinkler-services.0d95693416df2257c124200929fa3159"
"2577","BAHAMAS FIRE SPRINKLER LTD.","","Independent","Bahamas","https://dnb.com/business-directory/company-profiles/bahamas-fire-sprinkler-ltd.4755ace26d9a600577efec1ed35cddde"
"2578","FIRE SPRINKLER INSTALLATIONS ROD SERVICE...","Justice, Public Order, and Safety Activities","Independent","EAST LONDON, EASTERN CAPE, South Africa","https://dnb.com/business-directory/company-profiles/fire-sprinkler-installations-rod-services-jv-(pty)-ltd.020d56a59e0a367b8ce70a75c67bdabb"
"2579","FIRE SPRINKLER","","Independent","HAMMAM LIF, Tunisia","https://dnb.com/business-directory/company-profiles/fire-sprinkler.a3e118b9852a274b609e8c014575470d"
"2580","FIRE SPRINKLER","","Independent","HAMMAM LIF, Tunisia","https://dnb.com/business-directory/company-profiles/fire-sprinkler.cb95cd946d033a044b0ef9735ea6a0b4"
"2581","National Fire Sprinkler Association Inc","Other Support Services","Branch","Sycamore, IL, United States","https://dnb.com/business-directory/company-profiles/national-fire-sprinkler-association-inc.2726720de88c15d42f51c864851364a5"
"2582","SRI Fire Sprinkler, LLC","Building Equipment Contractors","Branch","Lackawanna, NY, United States","https://dnb.com/business-directory/company-profiles/sri-fire-sprinkler-llc.bacf5340e4daf0c25c88e370caef9b16"
"2583","NATIONAL FIRE SPRINKLER ASSOCIATION INC","Building Equipment Contractors","Branch","Orland Park, IL, United States","https://dnb.com/business-directory/company-profiles/national-fire-sprinkler-association-inc.87d954e26f883db3faa5d136ab48b3db"
"2584","FIRE DOOR INSPECTION SOLUTIONS LIMITED","Architectural, Engineering, and Related Services","Subsidiary","CASTLEFORD, England, United Kingdom","https://dnb.com/business-directory/company-profiles/fire-door-inspection-solutions-limited.cfb13c08cc63a6e686a3f8f19b7de655"
"2585","JAPAN FIRE EQUIPMENT INSPECTION INSTITUT...","Civic and Social Organizations","Parent","CHOFU, TOKYO, Japan","https://dnb.com/business-directory/company-profiles/japan-fire-equipment-inspection-institute.d33db07bd048b13810251573b8a2eb72"
"2586","Detect, Inc.","Building Equipment Contractors","Parent","Guilford, CT, United States","https://dnb.com/business-directory/company-profiles/detect-inc.ff7c9693ed8b7175c2e1f30a106a0c57"
"2587","Guangdong Hongsheng Firefighting Facilit...","Building Equipment Contractors","Parent","Huizhou, Guangdong, China","https://dnb.com/business-directory/company-profiles/guangdong-hongsheng-firefighting-facility-inspection--testing-maintenance-coltd.023e83aa2688d05f77c546f1a6c007cf"
"2588","Hunan Yujin Fire-fighting Technology Co....","Architectural, Engineering, and Related Services","Parent","Changsha, Hunan, China","https://dnb.com/business-directory/company-profiles/hunan-yujin-fire-fighting-technology-co-ltd.4f3ca1f6c52a2d0ce2cc248b827d8939"
"2589","Fujian Heshun'an Fire-fighting Inspectio...","Residential Building Construction","Subsidiary","Ningde, Fujian, China","https://dnb.com/business-directory/company-profiles/fujian-heshunan-fire-fighting-inspection-and-testing-co-ltd.0bbfbf1d1ea3b3ec44836d3e15c332fd"
"2590","OSAFE FIRE INSPECTION SDN. BHD.","Justice, Public Order, and Safety Activities","Independent","Bayan Lepas, Pulau Pinang, Malaysia","https://dnb.com/business-directory/company-profiles/osafe-fire-inspection-sdn-bhd.bfb0ad06a1075e4a215acab4f85a5815"
"2591","Liaoning Ruicheng Fire-fighting Inspecti...","Business Support Services","Parent","Fushun, Liaoning, China","https://dnb.com/business-directory/company-profiles/liaoning-ruicheng-fire-fighting-inspection-and-testing-co-ltd.2d38b366e7d322b94600cfc89a7f368d"
"2592","Zhejiang Lianyu Fire-fighting Inspection...","Other Specialty Trade Contractors","Parent","Hangzhou, Zhejiang, China","https://dnb.com/business-directory/company-profiles/zhejiang-lianyu-fire-fighting-inspection--testing-coltd.6b4a33de6eda7c04932a15eec0d209c9"
"2593","Shenzhen Zhonghai Electric Fire-Fighting...","Ventilation, Heating, Air-Conditioning, and Commercial Refrigeration Equipment M...","Independent","Shenzhen, Guangdong, China","https://dnb.com/business-directory/company-profiles/shenzhen-zhonghai-electric-fire-fighting-safety-inspection-and-testing-co-ltd.fe8f5a0edf4d6823c58cde499bc80abe"
"2594","Beijing Anhuayuan Fire-fighting Technolo...","Business Support Services","Parent","Beijing, Beijing, China","https://dnb.com/business-directory/company-profiles/beijing-anhuayuan-fire-fighting-technology-inspection-and-testing-co-ltd.41ef7f81393fd3b7eb3388ef504c42d8"
"2595","Inner Mongolia Electric Fire-fighting Sa...","Other Professional, Scientific, and Technical Services","Subsidiary","Hohhot, Inner Mongolia, China","https://dnb.com/business-directory/company-profiles/inner-mongolia-electric-fire-fighting-safety-inspection-station-co-ltd.691ff615fe31fc4c6cf91f7958448d4e"
"2596","Liaoning Shengyuan Fire-Fighting Inspect...","Building Equipment Contractors","Independent","Dalian, Liaoning, China","https://dnb.com/business-directory/company-profiles/liaoning-shengyuan-fire-fighting-inspection-and-testing-engineering-co-ltd.0be879aef916cda73a5ee7cbfcb44bf2"
"2597","Hubei Baoping Fire-fighting Facility Ins...","Building Equipment Contractors","Independent","Wuxue, Hubei, China","https://dnb.com/business-directory/company-profiles/hubei-baoping-fire-fighting-facility-installation-inspection-and-testing-co-ltd.afae97ed04ec3549eae414fa836e2237"
"2598","Guangdong Anxin Fire-Fighting Inspection...","Business Support Services","Parent","Dongguan, Guangdong, China","https://dnb.com/business-directory/company-profiles/guangdong-anxin-fire-fighting-inspection--testing-coltd.1f1e0f961fe416e4ea84806a10225eac"
"2599","AL-RIMAL FOR TESTING ALARM SYSTEMS FIRE ...","Other Professional, Scientific, and Technical Services","Independent","Kirkuk, Kirkuk, Iraq","https://dnb.com/business-directory/company-profiles/al-rimal-for-testing-alarm-systems-fire-systems-and-equipment-and-engineering-inspection-limited.9e10b42558719c56b901f7de309a7be7"
"2600","J Newton Enterprises, Inc.","Foundation, Structure, and Building Exterior Contractors","Parent","Inverness, FL, United States","https://dnb.com/business-directory/company-profiles/j-newton-enterprises-inc.719b2187ef4d9fc4973dbb6dbb1d1f87"
"2601","Shaanxi Yahuawei Fire Equipment Co., Ltd","Machinery, Equipment, and Supplies Merchant Wholesalers","Independent","Baoji, Shaanxi, China","https://dnb.com/business-directory/company-profiles/shaanxi-yahuawei-fire-equipment-co-ltd.c35a9ecdac461a97aace5b155e419efc"
"2602","Guangdong Guannan Fire-fighting Inspecti...","Residential Building Construction","Parent","Foshan, Guangdong, China","https://dnb.com/business-directory/company-profiles/guangdong-guannan-fire-fighting-inspection-and-testing-service-co-ltd.59f29b2ce6fa1597d2f65fd413bc6b85"
"2603","Hebei Jinzhuosheng Fire-fighting Inspect...","Travel Arrangement and Reservation Services","Independent","Baoding, Hebei, China","https://dnb.com/business-directory/company-profiles/hebei-jinzhuosheng-fire-fighting-inspection-and-testing-co-ltd.15a57d210a9048d8f5485e14abff18b6"
"2604","Liaoning Zhongtie Fire-Fighting Inspecti...","Professional and Commercial Equipment and Supplies Merchant Wholesalers","Independent","Shenyang, Liaoning, China","https://dnb.com/business-directory/company-profiles/liaoning-zhongtie-fire-fighting-inspection--testing-co-ltd.31d251749e2f77b9739124dd05cfe461"
"2605","Henan Rui'an Fire-Fighting Facility Insp...","Lawn and Garden Equipment and Supplies Retailers","Parent","Zhengzhou, Henan, China","https://dnb.com/business-directory/company-profiles/henan-ruian-fire-fighting-facility-inspection--testing-coltd.72320d8e523cef9ced8767aa27ca89f6"
"2606","Baoding Derui'an Fire-fighting Technolog...","Travel Arrangement and Reservation Services","Independent","Baoding, Hebei, China","https://dnb.com/business-directory/company-profiles/baoding-deruian-fire-fighting-technology-inspection-and-testing-co-ltd.b886de7ed89f9d7a01edbd64361c88e3"
"2607","Guangdong Shu'an Electric Fire-fighting ...","Management, Scientific, and Technical Consulting Services","Independent","Shenzhen, Guangdong, China","https://dnb.com/business-directory/company-profiles/guangdong-shuan-electric-fire-fighting-safety-inspection-and-testing-co-ltd.b2c19458d0fb79acc8a590dc3b9a27a7"
"2608","Liaoning Longtai Fire-fighting Inspectio...","Professional and Commercial Equipment and Supplies Merchant Wholesalers","Independent","Shenyang, Liaoning, China","https://dnb.com/business-directory/company-profiles/liaoning-longtai-fire-fighting-inspection-and-testing-co-ltd.2bddf0e3129e91da934e18980c7ed12a"
"2609","Hunan Anke Engineering Group Co., Ltd.","Business Support Services","Parent","Changsha, Hunan, China","https://dnb.com/business-directory/company-profiles/hunan-anke-engineering-group-co-ltd.e98e4d63099c39c61601d2c2e72a607a"
"2610","Henan Hongyu Fire-Fighting Inspection & ...","Business Support Services","Parent","Zhengzhou, Henan, China","https://dnb.com/business-directory/company-profiles/henan-hongyu-fire-fighting-inspection--testing-co-ltd.871fc71ecf2f1fa616ce6a09c9bafe7c"
"2611","Fire Inspection Services Inc.","Other Support Services","Independent","Calgary, AB, Canada","https://dnb.com/business-directory/company-profiles/fire-inspection-services-inc.8e709c9fe0ed97a339b68d22b7646931"
"2612","Jilin Shengan Jianzhu Fire-Fighting Faci...","Other Fabricated Metal Product Manufacturing","Subsidiary","Changchun, Jilin, China","https://dnb.com/business-directory/company-profiles/jilin-shengan-jianzhu-fire-fighting-facility-inspection--testing-co-ltd.e33427c13108170237b532cd9cabfaa1"
"2613","Yangjiang Fire-Fighting Repairing Inspec...","Commercial and Industrial Machinery and Equipment (except Automotive and Electro...","Independent","Yangjiang, Guangdong, China","https://dnb.com/business-directory/company-profiles/yangjiang-fire-fighting-repairing-inspection--testing-department.274dab7bacd0a3e628bcebc506b5f914"
"2614","Qingdao Tongcheng Office Fire-fighting S...","Machinery, Equipment, and Supplies Merchant Wholesalers","Subsidiary","Qingdao, Shandong, China","https://dnb.com/business-directory/company-profiles/qingdao-tongcheng-office-fire-fighting-safety-inspection-and-testing-co-ltd.48678ad3a1d823a19425d7183d78c8bc"
"2615","Tieling Fengping Fire-fighting Facility ...","Business Support Services","Independent","Tieling, Liaoning, China","https://dnb.com/business-directory/company-profiles/tieling-fengping-fire-fighting-facility-inspection--testing-co-ltd.d4828b7fd4c2da0d11fd4b405a9a6077"
"2616","Henan Xin'anli Fire Protection Technolog...","Business Support Services","Parent","Zhengzhou, Henan, China","https://dnb.com/business-directory/company-profiles/henan-xinanli-fire-protection-technology-co-ltd.3a52dda40fd6b0e66c2c9816a88c95c7"
"2617","Wenzhou Jingcheng Electrical Fire Facili...","Other Professional, Scientific, and Technical Services","Parent","Wenzhou, Zhejiang, China","https://dnb.com/business-directory/company-profiles/wenzhou-jingcheng-electrical-fire-facilities-safety-inspection--co-ltd.a5496537e1b5defe5c295a7f682525b7"
"2618","Hubei Construction Fire-fighting Facilit...","Other Specialty Trade Contractors","Parent","Wuhan, Hubei, China","https://dnb.com/business-directory/company-profiles/hubei-construction-fire-fighting-facility-inspection-and-testing-repairingcenterco-ltd.96ec0039006c2095c31b7b37f9f55bdc"
"2619","JAEDS HOLDINGS LTD","Management of Companies and Enterprises","Parent","BIRMINGHAM, England, United Kingdom","https://dnb.com/business-directory/company-profiles/jaeds-holdings-ltd.588ff6f16a0f4b14fac8b9da00103afb"
"2620","FIRE AND TECHNICAL INSPECTION BUREAU (PT...","Other Professional, Scientific, and Technical Services","Independent","CAPE TOWN, WESTERN CAPE, South Africa","https://dnb.com/business-directory/company-profiles/fire-and-technical-inspection-bureau-(pty)-ltd.fa1fddac7e90fb91b2ea0eb7af09001b"
"2621","Zhejiang Yinghua Safety Technology Co., ...","Architectural, Engineering, and Related Services","Parent","Hangzhou, Zhejiang, China","https://dnb.com/business-directory/company-profiles/zhejiang-yinghua-safety-technology-co-ltd.cc5e9a03b37de7f861e4af4d0afe2963"
"2622","Shenzhen Hecheng Fire-Fighting Safety Te...","Business Support Services","Parent","Shenzhen, Guangdong, China","https://dnb.com/business-directory/company-profiles/shenzhen-hecheng-fire-fighting-safety-technology-inspection-and-testing-co-ltd-.29bfe1438281e131e2d2d182ce149fb3"
"2623","Henan Shengze Fire-fighting Inspection A...","Business Support Services","Parent","Zhengzhou, Henan, China","https://dnb.com/business-directory/company-profiles/henan-shengze-fire-fighting-inspection-and-testing-technology-co-ltd.1c542811317685b39a6ca99338b7b5e5"
"2624","Xianghe Huadun Fire-fighting Facility In...","Personal and Household Goods Repair and Maintenance","Independent","Langfang, Hebei, China","https://dnb.com/business-directory/company-profiles/xianghe-huadun-fire-fighting-facility-inspection-and-testing-service-co-ltd.84c894cd80be50c02edd07bddd00f24b"
"2625","Yantai Dazhong Fire-fighting Maintenance...","Personal and Household Goods Repair and Maintenance","Independent","Yantai, Shandong, China","https://dnb.com/business-directory/company-profiles/yantai-dazhong-fire-fighting-maintenance-inspection-and-testing-co-ltd.c9ddd9c99e81f505867afc130d5e988f"
"2626","Shaanxi Jinyuan Fire-fighting Inspection...","Specialty Food Retailers","Independent","Xi'an, Shaanxi, China","https://dnb.com/business-directory/company-profiles/shaanxi-jinyuan-fire-fighting-inspection--testing-maintenance-service-coltd.76faff625e02fa42ccea16f95676e856"
"2627","Zhejiang Fang'an Fire-Fighting Inspectio...","Business Support Services","Independent","Jiaxing, Zhejiang, China","https://dnb.com/business-directory/company-profiles/zhejiang-fangan-fire-fighting-inspection--testing-coltd.21303629706e8cffeccd728e982eb592"
"2628","Henan Hengxu Fire-fighting Inspection An...","Business Support Services","Independent","Zhengzhou, Henan, China","https://dnb.com/business-directory/company-profiles/henan-hengxu-fire-fighting-inspection-and-testing-technology-co-ltd.22434c8c96cd6d7dbb8e031097ad8a13"
"2629","Xingtai Shunxin Fire-fighting Facility I...","Business Support Services","Independent","Xingtai, Hebei, China","https://dnb.com/business-directory/company-profiles/xingtai-shunxin-fire-fighting-facility-inspection-and-testing-co-ltd.a6f5583af8d789234bc89aa8205adbd4"
"2630","Qinhuangdao Jiu'an Fire-fighting Enginee...","Business Support Services","Independent","Qinhuangdao, Hebei, China","https://dnb.com/business-directory/company-profiles/qinhuangdao-jiuan-fire-fighting-engineering-inspection-co-ltd.d1ee716c017f0f196ab2ae61ffc2561a"
"2631","Beijing Huaqiang Zhengye Fire-Fighting I...","Architectural, Engineering, and Related Services","Subsidiary","Beijing, Beijing, China","https://dnb.com/business-directory/company-profiles/beijing-huaqiang-zhengye-fire-fighting-inspection--testing-coltd.c6e99a1ed37fc24f75388b5df6c5895a"
"2632","Jilin Jinding Electric Firefighting Safe...","Machinery, Equipment, and Supplies Merchant Wholesalers","Parent","Songyuan, Jilin, China","https://dnb.com/business-directory/company-profiles/jilin-jinding-electric-firefighting-safety-inspection-and-testing-co-ltd.2628f5ecc2708918e2cb607fb3445e46"
"2633","Fujian Liancheng Fire-fighting Inspectio...","Business Support Services","Independent","Xiamen, Fujian, China","https://dnb.com/business-directory/company-profiles/fujian-liancheng-fire-fighting-inspection--testing-coltd.5dbb83bc0f81a75c546adebe7364262a"
"2634","Guangzhou Cheng'an Fire-fighting Inspect...","Building Finishing Contractors","Parent","Guangzhou, Guangdong, China","https://dnb.com/business-directory/company-profiles/guangzhou-chengan-fire-fighting-inspection-and-testing-technology-co-ltd.e3c9a2f250cbe1ca28d8697a8d7a928a"
"2635","Hunan Mingyi Fire-fighting Safety Inspec...","Specialized Design Services","Independent","Changsha, Hunan, China","https://dnb.com/business-directory/company-profiles/hunan-mingyi-fire-fighting-safety-inspection-and-testing-co-ltd.cdda9b1f116f5444e63ec8c0a8992e25"
"2636","Hebei Yilong Construction Supervision Co...","Business Support Services","Independent","Shijiazhuang, Hebei, China","https://dnb.com/business-directory/company-profiles/hebei-yilong-construction-supervision-co-ltd.a28e8c21d7daf47111674437a0e6546b"
"2637","Henan Haolun Fire-fighting Inspection An...","Computer Systems Design and Related Services","Independent","Pingdingshan, Henan, China","https://dnb.com/business-directory/company-profiles/henan-haolun-fire-fighting-inspection-and-testing-technology-co-ltd.8f5fc6cc3d594edb8cd6af3976a62d28"
"2638","Qinhuangdao Shuang'an Fire-Fighting Faci...","Business Support Services","Independent","Qinhuangdao, Hebei, China","https://dnb.com/business-directory/company-profiles/qinhuangdao-shuangan-fire-fighting-facility-inspection--testing-coltd.5267eed60ef5e82b037761d35fa795e2"
"2639","Chongqing Shengyuanhe Fire-fighting Faci...","Business Support Services","Independent","Chongqing, Chongqing, China","https://dnb.com/business-directory/company-profiles/chongqing-shengyuanhe-fire-fighting-facility-inspection-and-testing-co-ltd.46beaffd2ee2615834ccdc5d2091a308"
"2640","Vip Fire Safety Inspection And Preventio...","Other Professional, Scientific, and Technical Services","Independent","Vancouver, BC, Canada","https://dnb.com/business-directory/company-profiles/vip-fire-safety-inspection-and-prevention-inc.6488c4f1054b7e013a6691dc4bc0241f"
"2641","Fire Inspection Services Ltd","Other Support Services","Independent","Burlington, ON, Canada","https://dnb.com/business-directory/company-profiles/fire-inspection-services-ltd.2ea7d86d545f89b2e347d2fa823e0391"
"2642","Hebei Chongyuan Fire-fighting Inspection...","Business Support Services","Independent","Langfang, Hebei, China","https://dnb.com/business-directory/company-profiles/hebei-chongyuan-fire-fighting-inspection-and-testing-service-co-ltd.df0a5f523d52a6a12e305c63df220665"
"2643","Sichuan Rongyi Fire-fighting Inspection ...","Business Support Services","Independent","Chengdu, Sichuan, China","https://dnb.com/business-directory/company-profiles/sichuan-rongyi-fire-fighting-inspection-and-testing-co-ltd.a4ea69ff3b47a175de8b143a629e145b"
"2644","Sichuan Hongsheng Fire-fighting Inspecti...","Business Support Services","Independent","Chengdu, Sichuan, China","https://dnb.com/business-directory/company-profiles/sichuan-hongsheng-fire-fighting-inspection-and-testing-co-ltd.88ac83a7690173be18c8b345d3d377f8"
"2645","Harbin Song'an Fire-fighting Facility In...","Business Support Services","Independent","Harbin, Heilongjiang, China","https://dnb.com/business-directory/company-profiles/harbin-songan-fire-fighting-facility-inspection-and-testing-co-ltd.cc6b462bd6dfb9798538d6d6c8e2aa5d"
"2646","Fujian Jiyi Fire-fighting Inspection & T...","Business Support Services","Parent","Xiamen, Fujian, China","https://dnb.com/business-directory/company-profiles/fujian-jiyi-fire-fighting-inspection--testing-coltd.cc6606fdb1354a6057f390b0d8f87fbd"
"2647","Fujian Zhong'ou Fire-fighting Inspection...","Business Support Services","Independent","Jianou, Fujian, China","https://dnb.com/business-directory/company-profiles/fujian-zhongou-fire-fighting-inspection-and-testing-co-ltd.6524fa4dda4a8ec18c5d1995bd2b582a"
"2648","Fuzhou Rongze Fire-fighting Engineering ...","Business Support Services","Independent","Fuzhou, Fujian, China","https://dnb.com/business-directory/company-profiles/fuzhou-rongze-fire-fighting-engineering-inspection-co-ltd.c99b2525d1e39bb8d03dcab405d3e66b"
"2649","Shandong Tiandun Fire-fighting Inspectio...","Business Support Services","Independent","Jinan, Shandong, China","https://dnb.com/business-directory/company-profiles/shandong-tiandun-fire-fighting-inspection-and-testing-co-ltd.3dbcddf97cb7185c43e083da56d68981"
"2650","FIRE PROTECTION INSPECTION SERVICE PTY L...","Architectural, Engineering, and Related Services","Subsidiary","HOPE ISLAND, QUEENSLAND, Australia","https://dnb.com/business-directory/company-profiles/fire-protection-inspection-service-pty-ltd.d83bfb732f0cbceb1c44e1a563fcd681"
"2651","Dongguan Yuzheng Fire-fighting Safety In...","Business Support Services","Independent","Dongguan, Guangdong, China","https://dnb.com/business-directory/company-profiles/dongguan-yuzheng-fire-fighting-safety-inspection-and-testing-co-ltd.fa18f4137f3c9e80be4731120655f9cc"
"2652","Hebei Changlong Fire-fighting Inspection...","Business Support Services","Independent","Shijiazhuang, Hebei, China","https://dnb.com/business-directory/company-profiles/hebei-changlong-fire-fighting-inspection-and-testing-co-ltd.410adc0cc1a92956e6a92871eafc85c1"
"2653","Chongqing Honghui Fire-fighting Inspecti...","Business Support Services","Independent","Chongqing, Chongqing, China","https://dnb.com/business-directory/company-profiles/chongqing-honghui-fire-fighting-inspection-and-testing-co-ltd.1acfc0f71154ab9ca8c40f55a93c282c"
"2654","Sichuan Senwei Fire-fighting Facility In...","Business Support Services","Independent","Chengdu, Sichuan, China","https://dnb.com/business-directory/company-profiles/sichuan-senwei-fire-fighting-facility-inspection-and-testing-co-ltd.93499cb9308a1750abce33344cb65161"
"2655","Guangxi Anshida Fire-fighting Inspection...","Business Support Services","Independent","Nanning, Guangxi, China","https://dnb.com/business-directory/company-profiles/guangxi-anshida-fire-fighting-inspection-and-testing-co-ltd.fbefa7a97ef81543539d058b37a92091"
"2656","Hangzhou Boyi Fire-fighting Inspection A...","Business Support Services","Independent","Hangzhou, Zhejiang, China","https://dnb.com/business-directory/company-profiles/hangzhou-boyi-fire-fighting-inspection-and-testing-co-ltd.2af3042756ff4ff5893fbd1cf5bac13a"
"2657","Liaoning Hongxin Automatic Firefighting ...","Business Support Services","Independent","Panjin, Liaoning, China","https://dnb.com/business-directory/company-profiles/liaoning-hongxin-automatic-firefighting-facility-inspection-and-testing-coltd.89c451214a8cb5d6a25c378bdc975028"
"2658","Dalian Yishengyuan Fire-fighting Equipme...","Business Support Services","Independent","Dalian, Liaoning, China","https://dnb.com/business-directory/company-profiles/dalian-yishengyuan-fire-fighting-equipment-inspection-and-testing-co-ltd.9c5c0db2bd3af1c0a39afe60bf924e97"
"2659","Shanghai Song'an Fire-fighting Inspectio...","Business Support Services","Independent","Shanghai, Shanghai, China","https://dnb.com/business-directory/company-profiles/shanghai-songan-fire-fighting-inspection-and-testing-co-ltd.57fc7127eeba18ea612d3a20dd97583a"
"2660","Liaoning Fengyi Fire-fighting Inspection...","Business Support Services","Independent","Dandong, Liaoning, China","https://dnb.com/business-directory/company-profiles/liaoning-fengyi-fire-fighting-inspection-and-testing-co-ltd.1d7487fd0c0c596d5c4f52c314c86dce"
"2661","Shanxi Lanzhong Commerce And Trade Co., ...","Other Miscellaneous Retailers","Independent","Shanxi Transformation Comprehensive Reform Demonstration, Shanxi, China","https://dnb.com/business-directory/company-profiles/shanxi-lanzhong-commerce-and-trade-co-ltd.92b78085c87bfcf6229fed8c683f6f49"
"2662","Inner Mongolia Xinzhong Fire Fighting Sa...","Business Support Services","Parent","Hulun Buir, Inner Mongolia, China","https://dnb.com/business-directory/company-profiles/inner-mongolia-xinzhong-fire-fighting-safety-detection-co-ltd.f9926501f163dfbd2caee79403551f0f"
"2663","Shandong Guangbo Fire-fighting Facility ...","Business Support Services","Independent","Jinan, Shandong, China","https://dnb.com/business-directory/company-profiles/shandong-guangbo-fire-fighting-facility-inspection-and-testing-co-ltd.843f3461657050674c6e46d4be3dd94f"
"2664","Deyang Sanli Fire-fighting Facility Main...","Business Support Services","Independent","Deyang, Sichuan, China","https://dnb.com/business-directory/company-profiles/deyang-sanli-fire-fighting-facility-maintenance-inspection-and-testing-co-ltd.2cd2664c0c5dcf2ddf0507de3d3bd144"
"2665","Sichuan Heping Shengshi Fire-fighting In...","Business Support Services","Independent","Chengdu, Sichuan, China","https://dnb.com/business-directory/company-profiles/sichuan-heping-shengshi-fire-fighting-inspection-and-testing-co-ltd.b2b1d005d4cac87c81d01423ecca7d4d"
"2666","Liaoning Qianyu Fire-fighting Inspection...","Business Support Services","Independent","Panjin, Liaoning, China","https://dnb.com/business-directory/company-profiles/liaoning-qianyu-fire-fighting-inspection-and-testing-co-ltd.d7fe5636d95274a1b956ae9a3d3d6020"
"2667","Liaoning Anyi Fire-fighting Technology I...","Business Support Services","Independent","Shenyang, Liaoning, China","https://dnb.com/business-directory/company-profiles/liaoning-anyi-fire-fighting-technology-inspection-and-testing-evaluation-co-ltd.e9c0068fcb03e66974faa71350ccfb74"
"2668","Fujian Jindu Fire-fighting Facility Insp...","Business Support Services","Independent","Fuzhou, Fujian, China","https://dnb.com/business-directory/company-profiles/fujian-jindu-fire-fighting-facility-inspection-and-testing-co-ltd.8d6464a91834d50b02289898e5795af7"
"2669","Fujian Zhongding Fire-fighting Inspectio...","Business Support Services","Independent","Quanzhou, Fujian, China","https://dnb.com/business-directory/company-profiles/fujian-zhongding-fire-fighting-inspection-and-testing-co-ltd.43df319ff36e06e4f3bf90f37b2338b2"
"2670","Shandong Kaitian Fire-Fighting Inspectio...","Business Support Services","Independent","Jining, Shandong, China","https://dnb.com/business-directory/company-profiles/shandong-kaitian-fire-fighting-inspection-and-testing-co-ltd.516683f67153710273dcb086cbc93229"
"2671","Zhoukou Jin'an Fire-fighting Engineering...","Business Support Services","Independent","Zhoukou, Henan, China","https://dnb.com/business-directory/company-profiles/zhoukou-jinan-fire-fighting-engineering-inspection-co-ltd.b82f793c1c75361f4a3769e3544212f8"
"2672","Yantai Rongjin Fire-fighting Safety Insp...","Business Support Services","Independent","Yantai, Shandong, China","https://dnb.com/business-directory/company-profiles/yantai-rongjin-fire-fighting-safety-inspection-and-testing-co-ltd.d951b6565ce346628aaae4feed974166"
"2673","Chengdu Chuanlian Fire-fighting Equipmen...","Business Support Services","Parent","Chengdu, Sichuan, China","https://dnb.com/business-directory/company-profiles/chengdu-chuanlian-fire-fighting-equipment-inspection-and-testing-co-ltd.57a663a23d0f0d438bca3d7faca2989b"
"2674","A Fire Inspection Services Ltd","Household Appliances and Electrical and Electronic Goods Merchant Wholesalers","Independent","Hamilton, ON, Canada","https://dnb.com/business-directory/company-profiles/a-fire-inspection-services-ltd.4c4c7d042382fd64b4445ade17b6a27b"
"2675","Guangdong Building Fire Facilities Inspe...","Business Support Services","Independent","Guangzhou, Guangdong, China","https://dnb.com/business-directory/company-profiles/guangdong-building-fire-facilities-inspection-center-co-ltd.99e5a71a6357e1ff6db5551073db3d9c"
"2676","Weihai Wanhua Fire-fighting Inspection A...","Business Support Services","Independent","Weihai, Shandong, China","https://dnb.com/business-directory/company-profiles/weihai-wanhua-fire-fighting-inspection-and-testing-co-ltd.5d29bb9deb921ec3ddc3cff5aa752b2f"
"2677","Zhuhai Lida Fire-fighting Equipment Insp...","Business Support Services","Independent","Zhuhai, Guangdong, China","https://dnb.com/business-directory/company-profiles/zhuhai-lida-fire-fighting-equipment-inspection-and-testing-co-ltd.8b448b826cdc57923b7d89987788521f"
"2678","Guangdong Zhongbang Electric Fire-fighti...","Business Support Services","Independent","Guangzhou, Guangdong, China","https://dnb.com/business-directory/company-profiles/guangdong-zhongbang-electric-fire-fighting-safety-inspection-and-testing-co-ltd.ca5e6538dc1b1bd9ce1766aa92e0da47"
"2679","Shandong Darong Fire-fighting Facility I...","Business Support Services","Independent","Heze, Shandong, China","https://dnb.com/business-directory/company-profiles/shandong-darong-fire-fighting-facility-inspection-and-testing-co-ltd.bed1a37c17d6ac9c564acd9d08f0719b"
"2680","Shandong Hongxing Firefighting Facility ...","Business Support Services","Independent","Weifang, Shandong, China","https://dnb.com/business-directory/company-profiles/shandong-hongxing-firefighting-facility-inspection-and-testing-technologyservice-co-ltd.8f04dc6f9d5654cb184ab6a2b0d73001"
"2681","Fujian Runhua Fire-fighting Inspection &...","Lawn and Garden Equipment and Supplies Retailers","Subsidiary","Quanzhou, Fujian, China","https://dnb.com/business-directory/company-profiles/fujian-runhua-fire-fighting-inspection--testing-co-ltd.e09e6675c526f2d33bf724bc2df83f7d"
"2682","Guangdong Litong Fire-fighting Inspectio...","Business Support Services","Independent","Shenzhen, Guangdong, China","https://dnb.com/business-directory/company-profiles/guangdong-litong-fire-fighting-inspection-and-testing-co-ltd.e7465a0e3a9a01a858782c6e971f1666"
"2683","Tianjin Yuancheng Fire Fighting Detectio...","Business Support Services","Independent","Tianjin, Tianjin, China","https://dnb.com/business-directory/company-profiles/tianjin-yuancheng-fire-fighting-detection-co-ltd.852c063cc7e6318ce7d5c5b6db8f343d"
"2684","Sichuan Jinteng Fire-fighting Safety Ins...","Business Support Services","Independent","Nanchong, Sichuan, China","https://dnb.com/business-directory/company-profiles/sichuan-jinteng-fire-fighting-safety-inspection-and-testing-co-ltd.c64c9c1ad87a1a14eee579d197fc4522"
"2685","Tangshan Weibang Fire-fighting Equipment...","Business Support Services","Independent","Tangshan, Hebei, China","https://dnb.com/business-directory/company-profiles/tangshan-weibang-fire-fighting-equipment-inspection-and-testing-co-ltd.8aca179503cc82c3def068e321c2c08b"
"2686","Liaoning Xinsheng'an Fire-fighting Inspe...","Business Support Services","Independent","Shenyang, Liaoning, China","https://dnb.com/business-directory/company-profiles/liaoning-xinshengan-fire-fighting-inspection-and-testing-co-ltd.142e5cbc2d39e59b20f5c60b4a2c457a"
"2687","Putian Dinggu Fire-fighting Inspection A...","Business Support Services","Independent","Putian, Fujian, China","https://dnb.com/business-directory/company-profiles/putian-dinggu-fire-fighting-inspection-and-testing-co-ltd.7f87bba19ab0b3bc913c95dba2fd19fd"
"2688","Shandong Jiuhong Fire-fighting Inspectio...","Business Support Services","Independent","Dezhou, Shandong, China","https://dnb.com/business-directory/company-profiles/shandong-jiuhong-fire-fighting-inspection-and-testing-service-co-ltd.96c1e7e3c8d54c5285d743bd90a9fa15"
"2689","Guangdong Xinrui'an Fire-fighting Inspec...","Business Support Services","Independent","Guangzhou, Guangdong, China","https://dnb.com/business-directory/company-profiles/guangdong-xinruian-fire-fighting-inspection-and-testing-maintenance-co-ltd.1dfa95cbde1cef32bb8f4b5987f43f7d"
"2690","Zibo Jiu'an Fire-fighting Inspection And...","Business Support Services","Independent","Zibo, Shandong, China","https://dnb.com/business-directory/company-profiles/zibo-jiuan-fire-fighting-inspection-and-testing-co-ltd.4e8dc3824318ad83174d2c908381bd8b"
"2691","Ganzhou Fire Point Cause Inspection, Cer...","Computer Systems Design and Related Services","Independent","Ganzhou, Jiangxi, China","https://dnb.com/business-directory/company-profiles/ganzhou-fire-point-cause-inspection-certification-and-evaluation-center-(limited-partnership).b7dead7a63ff957f96e994d61fa01a9f"
"2692","Fujian Anhe Engineering Technology Co., ...","Business Support Services","Parent","Sanming, Fujian, China","https://dnb.com/business-directory/company-profiles/fujian-anhe-engineering-technology-co-ltd.1c99321789061bbf9bd44e5bfeafa6ed"
"2693","Lankao County Huineng Fire-fighting Insp...","Business Support Services","Independent","Kaifeng, Henan, China","https://dnb.com/business-directory/company-profiles/lankao-county-huineng-fire-fighting-inspection-and-testing-co-ltd.e0bf341fa59b2d736615efad3fbb0b19"
"2694","Qinhuangdao Anjia Fire-fighting Inspecti...","Business Support Services","Independent","Qinhuangdao, Hebei, China","https://dnb.com/business-directory/company-profiles/qinhuangdao-anjia-fire-fighting-inspection-and-testing-co-ltd.b01ea4087f964a70fc22a2465cdf473f"
"2695","Tangshan Pu'en Fire-fighting Inspection ...","Business Support Services","Independent","Tangshan, Hebei, China","https://dnb.com/business-directory/company-profiles/tangshan-puen-fire-fighting-inspection-and-testing-co-ltd.ffdc9a6c80c0dd6b6f854798a96865d0"
"2696","Taizhou Xinyuan Fire-fighting Inspection...","Business Support Services","Independent","Taizhou, Zhejiang, China","https://dnb.com/business-directory/company-profiles/taizhou-xinyuan-fire-fighting-inspection-and-testing-co-ltd.0476ca306c523c9fff6534df8bcd8286"
"2697","Jiangxi Zhuokai Engineering Services Co....","Business Support Services","Independent","Ganzhou, Jiangxi, China","https://dnb.com/business-directory/company-profiles/jiangxi-zhuokai-engineering-services-co-ltd.674b979c5d07ad78c7482db5cc20c14a"
"2698","Henan Jinguang Fire-fighting Facility Sa...","Business Support Services","Independent","Kaifeng, Henan, China","https://dnb.com/business-directory/company-profiles/henan-jinguang-fire-fighting-facility-safety-inspection-and-testing-co-ltd.3a8469e0da8f9a73ae6db1daf34d7b73"
"2699","Foshan Fo'an Fire-fighting Inspection An...","Business Support Services","Independent","Foshan, Guangdong, China","https://dnb.com/business-directory/company-profiles/foshan-foan-fire-fighting-inspection-and-testing-maintenance-consulting-service-co-ltd.37cf3e78d70bf4468155e082d50ad951"
"2700","Guangzhou Sihan Fire Fighting Weibao Det...","Business Support Services","Independent","Guangzhou, Guangdong, China","https://dnb.com/business-directory/company-profiles/guangzhou-sihan-fire-fighting-weibao-detection-co-ltd.0cfb37736b770df847782d4f70342c49"
"2701","Jingzhou Zhuo'an Fire-fighting Facility ...","Business Support Services","Independent","Jingzhou, Hubei, China","https://dnb.com/business-directory/company-profiles/jingzhou-zhuoan-fire-fighting-facility-inspection-and-testing-maintenance-coltd.4d63fb93a0439b80b5186c4df0768723"
"2702","Lida Fire-Fighting Inspection And Testin...","Business Support Services","Independent","Guangzhou, Guangdong, China","https://dnb.com/business-directory/company-profiles/lida-fire-fighting-inspection-and-testing-co-ltd.781a9e17d6f3c0aa1ecb8268114dcf16"
"2703","Jiangsu Runsheng Fire-fighting Inspectio...","Business Support Services","Independent","Xuzhou, Jiangsu, China","https://dnb.com/business-directory/company-profiles/jiangsu-runsheng-fire-fighting-inspection-and-testing-service-co-ltd.be5a68f103d8710e65ae6dacd0f5e907"
"2704","Guangdong Quanwei Construction Fire-figh...","Business Support Services","Subsidiary","Zhuhai, Guangdong, China","https://dnb.com/business-directory/company-profiles/guangdong-quanwei-construction-fire-fighting-facility-inspection-and-testing-co-ltd.3b59c0ffb93cbe3980953ef4f954f13c"
"2705","Shenzhen Tian'an Electric Fire-fighting ...","Business Support Services","Parent","Shenzhen, Guangdong, China","https://dnb.com/business-directory/company-profiles/shenzhen-tianan-electric-fire-fighting-safety-inspection-and-testing-co-ltd.f65a08160dcc93184aaa59348d35458d"
"2706","Sichuan Sai'an Fire-fighting Inspection ...","Business Support Services","Subsidiary","Chengdu, Sichuan, China","https://dnb.com/business-directory/company-profiles/sichuan-saian-fire-fighting-inspection-and-testing-co-ltd.2e373a89a46a009ef9b5ccdd09ee6c05"
"2707","Tangshan Yongwei Fire-fighting Engineeri...","Business Support Services","Subsidiary","Tangshan, Hebei, China","https://dnb.com/business-directory/company-profiles/tangshan-yongwei-fire-fighting-engineering-inspection-co-ltd.a5738b140dda1ee91b1a70bb02ebc4e4"
"2708","Sichuan Xindian Fire-fighting Equipment ...","Business Support Services","Parent","Chengdu, Sichuan, China","https://dnb.com/business-directory/company-profiles/sichuan-xindian-fire-fighting-equipment-inspection-and-testing-co-ltd.6432db4a93b863623fb4ae6dcaa9f89b"
"2709","Hubei Chu'anning Fire-fighting Safety In...","Business Support Services","Parent","Wuhan, Hubei, China","https://dnb.com/business-directory/company-profiles/hubei-chuanning-fire-fighting-safety-inspection-and-testing-co-ltd.7a809b5dd7b6f1f0d861847d1f89ac16"
"2710","Hubei Jinshuiwan Fire-fighting Inspectio...","Business Support Services","Subsidiary","Wuhan, Hubei, China","https://dnb.com/business-directory/company-profiles/hubei-jinshuiwan-fire-fighting-inspection-and-testing-co-ltd.46012e61422a06a11d896ecd490758eb"
"2711","Shenyang Wanyi Fire-fighting Inspection ...","Business Support Services","Parent","Shenyang, Liaoning, China","https://dnb.com/business-directory/company-profiles/shenyang-wanyi-fire-fighting-inspection-and-testing-co-ltd.06af21825f6efa95d2048345df4c116d"
"2712","Liaoning Huida Fire-fighting Engineering...","Business Support Services","Subsidiary","Benxi, Liaoning, China","https://dnb.com/business-directory/company-profiles/liaoning-huida-fire-fighting-engineering-inspection-co-ltd.d870ff1d6de6a920c4150c238788cc89"
"2713","Guangdong Andi Security Service Co., Ltd","Business Support Services","Parent","Guangzhou, Guangdong, China","https://dnb.com/business-directory/company-profiles/guangdong-andi-security-service-co-ltd.addb9d2023a3babd6b7a84e16f87d811"
"2714","Yantai Jinjunda Construction Engineering...","Business Support Services","Parent","Yantai, Shandong, China","https://dnb.com/business-directory/company-profiles/yantai-jinjunda-construction-engineering-co-ltd.9dd3ab5d97214f28fc1b17a69ba5a344"
"2715","Shandong Anqiang Fire-fighting Facility ...","Business Support Services","Parent","Jinan, Shandong, China","https://dnb.com/business-directory/company-profiles/shandong-anqiang-fire-fighting-facility-inspection-and-testing-co-ltd.32adb36c03c1a532110ea4572e447709"
"2716","Jiangsu Anwuyu Fire Inspection Service C...","Business Support Services","Subsidiary","Yangzhou, Jiangsu, China","https://dnb.com/business-directory/company-profiles/jiangsu-anwuyu-fire-inspection-service-co-ltd.b35080d65c6d00c88d5645216d50783f"
"2717","Yunnan Guosheng Fire-Fighting Inspection...","Business Support Services","Parent","Kunming, Yunnan, China","https://dnb.com/business-directory/company-profiles/yunnan-guosheng-fire-fighting-inspection--testing-evaluation-coltd.7b7b58c3924263f5192902c9542db61c"
"2718","Hangzhou Zhongjiu Fire-fighting Inspecti...","Business Support Services","Subsidiary","Hangzhou, Zhejiang, China","https://dnb.com/business-directory/company-profiles/hangzhou-zhongjiu-fire-fighting-inspection-and-testing-co-ltd.d6a60e33ce154e2cfbc656fd46c52a02"
"2719","Hengye Fire Protection Technology Co., L...","Business Support Services","Parent","Hangzhou, Zhejiang, China","https://dnb.com/business-directory/company-profiles/hengye-fire-protection-technology-co-ltd.d7e95222badc95848c2e272242bf7474"
"2720","Heilongjiang Fire-fighting Product Quali...","Business Support Services","Subsidiary","Harbin, Heilongjiang, China","https://dnb.com/business-directory/company-profiles/heilongjiang-fire-fighting-product-quality-supervision-and-inspection-centercoltd.dd17a73f4acc9333d9635963e8dae341"
"2721","Huludao Zhong'an Fire-fighting Inspectio...","Business Support Services","Parent","Huludao, Liaoning, China","https://dnb.com/business-directory/company-profiles/huludao-zhongan-fire-fighting-inspection--testing-coltd.868925b0e9805abcf74e2355068c5532"
"2722","Shaoguan Qingchang Fire-fighting Safety ...","Business Support Services","Parent","Shaoguan, Guangdong, China","https://dnb.com/business-directory/company-profiles/shaoguan-qingchang-fire-fighting-safety-inspection-and-testing-co-ltd.c2d74afba0782416fcaeb484e0295428"
"2723","Cangzhou Hengding Fire-fighting Facility...","Business Support Services","Subsidiary","Cangzhou, Hebei, China","https://dnb.com/business-directory/company-profiles/cangzhou-hengding-fire-fighting-facility-inspection-and-testing-co-ltd.75cf28aee37af3466ef100c8e6c71cfc"
"2724","Exquise Inc.","Navigational, Measuring, Electromedical, and Control Instruments Manufacturing","Independent","Detroit, MI, United States","https://dnb.com/business-directory/company-profiles/exquise-inc.2ad0fa67305bf5ad2fc98631b92a9afd"
"2725","Fujian Yuancheng Fire Fighting Technolog...","Residential Building Construction","Independent","Zhangzhou, Fujian, China","https://dnb.com/business-directory/company-profiles/fujian-yuancheng-fire-fighting-technology-co-ltd.7882829b6ddcfb53b7a675604a2ae095"
"2726","Shenzhen Zhongyuan Fire-fighting Electri...","Residential Building Construction","Independent","Shenzhen, Guangdong, China","https://dnb.com/business-directory/company-profiles/shenzhen-zhongyuan-fire-fighting-electric-safety-inspection-and-testing-coltd.7414f000798e57b3d21c1b682874bb03"
"2727","Fujian Fuqi Fire-fighting Inspection & T...","Business Support Services","Parent","Xiamen, Fujian, China","https://dnb.com/business-directory/company-profiles/fujian-fuqi-fire-fighting-inspection--testing-coltd.60004128f27dcbdfa77ca817baf9c52a"
"2728","Puwei Fire Inspection And Maintenance (s...","Personal and Household Goods Repair and Maintenance","Independent","Shanghai, Shanghai, China","https://dnb.com/business-directory/company-profiles/puwei-fire-inspection-and-maintenance-(shanghai)-co-ltd.b188f769e5a69bf1954058ee12e76044"
"2729","Shanxi Yueping Fire Inspection and Maint...","Professional and Commercial Equipment and Supplies Merchant Wholesalers","Independent","Taiyuan, Shanxi, China","https://dnb.com/business-directory/company-profiles/shanxi-yueping-fire-inspection-and-maintenance-engineering-co-ltd.d265436cace036c60ff672d187a8d91f"
"2730","ROAR FIRE INSPECTION & TESTING PTY LTD","Architectural, Engineering, and Related Services","Independent","MORNINGTON, VICTORIA, Australia","https://dnb.com/business-directory/company-profiles/roar-fire-inspection--testing-pty-ltd.e5fc57357a69463a2002497de2b33fc4"
"2731","Liaoning Huajin Firefighting Engineering...","Professional and Commercial Equipment and Supplies Merchant Wholesalers","Parent","Fushun, Liaoning, China","https://dnb.com/business-directory/company-profiles/liaoning-huajin-firefighting-engineering-technology-inspection--testing-coltd.b494c8956f9ce9d5529852ade5c12204"
"2732","Tianjin Chengzhu Construction Engineerin...","Machinery, Equipment, and Supplies Merchant Wholesalers","Independent","Tianjin, Tianjin, China","https://dnb.com/business-directory/company-profiles/tianjin-chengzhu-construction-engineering-co-ltd.ed3509fb742772e48ede9f45fbacc360"
"2733","FIRE INSPECTION SERVICES PTY LTD","Architectural, Engineering, and Related Services","Independent","GLENMORE PARK, NEW SOUTH WALES, Australia","https://dnb.com/business-directory/company-profiles/fire-inspection-services-pty-ltd.0e002a32eea3c85b48ee1ff9f51001cc"
"2734","Alberta Onsite Fire & Safety Inspection ...","Other Miscellaneous Retailers","Independent","Calgary, AB, Canada","https://dnb.com/business-directory/company-profiles/alberta-onsite-fire--safety-inspection-inc.45ed2664ac2fe0c07c3c148775f5649e"
"2735","INDEPENDENT FIRE INSPECTIONS LTD","Justice, Public Order, and Safety Activities","Subsidiary","LINCOLN, England, United Kingdom","https://dnb.com/business-directory/company-profiles/independent-fire-inspections-ltd.f3d33c7af3385b214c6ba5eac7db2e46"
"2736","Hubei Shengtai Fire-fighting Safety Insp...","Management, Scientific, and Technical Consulting Services","Independent","Wuhan, Hubei, China","https://dnb.com/business-directory/company-profiles/hubei-shengtai-fire-fighting-safety-inspection-and-testing-center-co-ltd.717d90c22586968a3863245d55384011"
"2737","Quanzhou Shengyang Min'an Fire-fighting ...","Business Support Services","Independent","Quanzhou, Fujian, China","https://dnb.com/business-directory/company-profiles/quanzhou-shengyang-minan-fire-fighting-engineering-inspection-co-ltd.de16475f38cf3c9a9a00a3134fc72740"
"2738","Hebei Guanglu Fire-fighting Facility Ins...","Business Support Services","Independent","Chengde, Hebei, China","https://dnb.com/business-directory/company-profiles/hebei-guanglu-fire-fighting-facility-inspection-and-testing-co-ltd.7d0baa06c9d7c17fc74ed8cee021e674"
"2739","Hebei Tianyi'an Firefighting Inspection ...","Business Support Services","Independent","Langfang, Hebei, China","https://dnb.com/business-directory/company-profiles/hebei-tianyian-firefighting-inspection-and-testing-co-ltd.8d87bdcf5c2d1748800a7cca896719cb"
"2740","Chongqing Tongrui Fire-fighting Inspecti...","Residential Building Construction","Independent","Chongqing, Chongqing, China","https://dnb.com/business-directory/company-profiles/chongqing-tongrui-fire-fighting-inspection-and-testing-co-ltd.8ef0945b7c25a5f8183a62c4b6d01915"
"2741","Zhejiang Huayu Fire-Fighting Inspection ...","Business Support Services","Parent","Lishui, Zhejiang, China","https://dnb.com/business-directory/company-profiles/zhejiang-huayu-fire-fighting-inspection--testing-co-ltd.a76d9411e2a481f253aa6748dfd269b0"
"2742","Liaocheng Security Inspection Fire Equip...","Lawn and Garden Equipment and Supplies Retailers","Independent","Liaocheng, Shandong, China","https://dnb.com/business-directory/company-profiles/liaocheng-security-inspection-fire-equipment-co-ltd.27286cf7173e2f72bc8fb5ef0e9303f5"
"2743","FIRE PROTECTION INSPECTION COMPANY PTY L...","Architectural, Engineering, and Related Services","Independent","MORNINGTON, VICTORIA, Australia","https://dnb.com/business-directory/company-profiles/fire-protection-inspection-company-pty-ltd.e3c9e57d2938c9f14b56bd12aa05e565"
"2744","FENG TECHNICAL-INSPECTION CO., LTD.","Machinery, Equipment, and Supplies Merchant Wholesalers","Independent","Taipei City, Taipei, Taiwan","https://dnb.com/business-directory/company-profiles/feng-technical-inspection-co-ltd.fd4fce4d16152432c41badb2744b5d6d"
"2745","Tongze Fire-Fighting Electric Equipment ...","Other Specialty Trade Contractors","Parent","Langfang, Hebei, China","https://dnb.com/business-directory/company-profiles/tongze-fire-fighting-electric-equipment-inspection--testing-co-ltd.0b6f9b2aad2e0863c3d840c69580f642"
"2746","Qingdao Xihai'an Fire-fighting Safety In...","Specialty Food Retailers","Subsidiary","Qingdao, Shandong, China","https://dnb.com/business-directory/company-profiles/qingdao-xihaian-fire-fighting-safety-inspection-and-testing-co-ltd.e9bb555cd0c518de5ffb2b281f8ad9b2"
"2747","Henan Jiexun Fire-fighting Inspection An...","Business Support Services","Parent","Zhengzhou, Henan, China","https://dnb.com/business-directory/company-profiles/henan-jiexun-fire-fighting-inspection-and-testing-co-ltd.69b84b45b4939e1dda61cc04181541ca"
"2748","Hangzhou Gede Fire-fighting Inspection &...","Architectural, Engineering, and Related Services","Independent","Hangzhou, Zhejiang, China","https://dnb.com/business-directory/company-profiles/hangzhou-gede-fire-fighting-inspection--testing-co-ltd.1d5f77268ae572632c7867f91568cd4b"
"2749","Liaoning Xinke Fire-fighting Engineering...","Architectural, Engineering, and Related Services","Independent","Anshan, Liaoning, China","https://dnb.com/business-directory/company-profiles/liaoning-xinke-fire-fighting-engineering-inspection-coltd.f4f01a5ac1d4f8e0b7430b1476908ae0"
"2750","Hebei Guan'Ou Fire-Fighting Inspection A...","Other General Purpose Machinery Manufacturing","Independent","Shijiazhuang, Hebei, China","https://dnb.com/business-directory/company-profiles/hebei-guanou-fire-fighting-inspection-and-testing-technology-service-co-ltd.51f767e6b2e29c500fb6e6fe0e4c7e02"
"2751","Guangdong Zhongke Construction Fire-figh...","Business Support Services","Parent","Zhongshan, Guangdong, China","https://dnb.com/business-directory/company-profiles/guangdong-zhongke-construction-fire-fighting-facility-inspection-andtestingcoltd.2ef44eec91a7f49067f65909a802ed1b"
"2752","Hebei Rongtai Fire-Fighting Inspection A...","Business Support Services","Parent","Qinhuangdao, Hebei, China","https://dnb.com/business-directory/company-profiles/hebei-rongtai-fire-fighting-inspection-and-testing-technology-service-co-ltd.da784951496aa04fb912b6b13f36f731"
"2753","Xining Haitong Fire-fighting Technology ...","Business Support Services","Parent","Xining, Qinghai, China","https://dnb.com/business-directory/company-profiles/xining-haitong-fire-fighting-technology-inspection--testing-coltd.7e47d06164ef20c0ca32ff6b98d50cd1"
"2754","Jilin Ping'an Fire-fighting Electric Fac...","Architectural, Engineering, and Related Services","Independent","Changchun, Jilin, China","https://dnb.com/business-directory/company-profiles/jilin-pingan-fire-fighting-electric-facility-inspection--testing-co-ltd.ef2016a3c4949b5b1e815979b0747797"
"2755","Ningxia Ningzhen Fire-fighting Technolog...","Architectural, Engineering, and Related Services","Independent","Yinchuan, Ningxia, China","https://dnb.com/business-directory/company-profiles/ningxia-ningzhen-fire-fighting-technology-inspection--testing-service-co-ltd.3b370cd6111f3bde959de55437c4da56"
"2756","Guangxi Fire-Fighting Product Quality In...","Architectural, Engineering, and Related Services","Independent","Nanning, Guangxi, China","https://dnb.com/business-directory/company-profiles/guangxi-fire-fighting-product-quality-inspection-station.0979d9ee7ff67a0ad56e85d94670558c"
"2757","ACHIEVING HORIZON GENERAL TRADE FIRE EQU...","Warehouse Clubs, Supercenters, and Other General Merchandise Retailers","Independent","Baghdad, Baghdad, Iraq","https://dnb.com/business-directory/company-profiles/achieving-horizon-general-trade-fire-equipment-alarm-installation--engineering-inspection-limited-liability-company.52abb5d1f4ca7b8ed0d3d4c98d75d57b"
"2758","Tianjin Lingying Fire Inspection Co., Lt...","Business Support Services","Independent","Tianjin, Tianjin, China","https://dnb.com/business-directory/company-profiles/tianjin-lingying-fire-inspection-co-ltd.a813c8f20fc5eaf28256437d9a8401dc"
"2759","Shaanxi Licheng Tai'an Fire Inspection C...","Business Support Services","Independent","Yulin, Shaanxi, China","https://dnb.com/business-directory/company-profiles/shaanxi-licheng-taian-fire-inspection-co-ltd.f79a89c59f107e0167a697d4ded14d16"
"2760","Ningbo Zhe'an Fire Inspection Co., Ltd","Business Support Services","Independent","Yuyao, Zhejiang, China","https://dnb.com/business-directory/company-profiles/ningbo-zhean-fire-inspection-co-ltd.8197665bb5c16c69ddc06fe0768dc980"
"2761","Chongqing Shannuo Fire Inspection Co., L...","Business Support Services","Independent","Chongqing, Chongqing, China","https://dnb.com/business-directory/company-profiles/chongqing-shannuo-fire-inspection-co-ltd.1738932b7303bd2a7ddbadd8c60e2370"
"2762","Rongxian Rundongsheng Fire Inspection Co...","Business Support Services","Independent","Rong County, Guangxi, China","https://dnb.com/business-directory/company-profiles/rongxian-rundongsheng-fire-inspection-co-ltd.4923b8d6887ca10567dc1e565d633a79"
"2763","Hebei Yuanfeng Fire-Fighting Inspection ...","Architectural, Engineering, and Related Services","Parent","Shijiazhuang, Hebei, China","https://dnb.com/business-directory/company-profiles/hebei-yuanfeng-fire-fighting-inspection--testing-co-ltd.2c78f00d88b1b098a293a3b981e72499"
"2764","Qingdao Fujiu'an Fire-fighting Inspectio...","Other Personal Services","Independent","Qingdao, Shandong, China","https://dnb.com/business-directory/company-profiles/qingdao-fujiuan-fire-fighting-inspection-and-testing-co-ltd.627b4ccdd8395d45c1e0668d62148393"
"2765","Henan Shengxin Fire-fighting Inspection ...","Business Support Services","Parent","Luohe, Henan, China","https://dnb.com/business-directory/company-profiles/henan-shengxin-fire-fighting-inspection-and-testing-co-ltd.2cf163f0d20ba699eda25a7fccc79f9b"
"2766","Shanghai Yongjian Fire-fighting Engineer...","Business Support Services","Subsidiary","Shanghai, Shanghai, China","https://dnb.com/business-directory/company-profiles/shanghai-yongjian-fire-fighting-engineering-inspection-co-ltd.b595f5f2df332a76c6ff93dc9118c51c"
"2767","FIRE INSPECTION SERVICES (VIC) PTY LTD","Architectural, Engineering, and Related Services","Independent","COBURG, VICTORIA, Australia","https://dnb.com/business-directory/company-profiles/fire-inspection-services-(vic)-pty-ltd.d3407f6c888cfcb6df3f11099f0a3cf5"
"2768","Fujian Pingtan Lixi Fire-fighting Safety...","Architectural, Engineering, and Related Services","Independent","Fuzhou, Fujian, China","https://dnb.com/business-directory/company-profiles/fujian-pingtan-lixi-fire-fighting-safety-inspection-and-testing-co-ltd.a5ffc1c46139e7dd37e555d9cb063f8d"
"2769","Guangdong Tianyi Construction Fire-fight...","Scientific Research and Development Services","Independent","Guangzhou, Guangdong, China","https://dnb.com/business-directory/company-profiles/guangdong-tianyi-construction-fire-fighting-safety-inspection-and-testing-co-l-td.ec14f9349b49e49e2c73bc2198c6140e"
"2770","Jilin Enmin Fire-fighting Electric Safet...","Other Professional, Scientific, and Technical Services","Independent","Changchun, Jilin, China","https://dnb.com/business-directory/company-profiles/jilin-enmin-fire-fighting-electric-safety-inspection--testing-co-ltd.26198e972659a7a1d61d2598691f5955"
"2771","Fujian Jing'an Fire-Fighting Inspection ...","Other Professional, Scientific, and Technical Services","Independent","Fuzhou, Fujian, China","https://dnb.com/business-directory/company-profiles/fujian-jingan-fire-fighting-inspection--testing-co-ltd.34da0f3c286ea1b43b705623654bbaca"
"2772","Hebei Huawei Fire-fighting Inspection An...","Business Support Services","Parent","Shijiazhuang, Hebei, China","https://dnb.com/business-directory/company-profiles/hebei-huawei-fire-fighting-inspection-and-testing-service-co-ltd.c079bd2dc3387f2fd37c89923dbb1610"
"2773","Zhejiang Wenda Fire Fighting Technology ...","Business Support Services","Parent","Jiaxing, Zhejiang, China","https://dnb.com/business-directory/company-profiles/zhejiang-wenda-fire-fighting-technology-co-ltd.ec4158ec3f87c2da3558da2b16a1ed55"
"2774","Shaanxi Fei'erwo Fire-Fighting Inspectio...","Business Support Services","Parent","Xi'an, Shaanxi, China","https://dnb.com/business-directory/company-profiles/shaanxi-feierwo-fire-fighting-inspection--testing-coltd.c470a92651db8d38778d02d4e5392cba"
"2775","Suining Ruiheng Fire-fighting Facility I...","Business Support Services","Parent","Suining, Sichuan, China","https://dnb.com/business-directory/company-profiles/suining-ruiheng-fire-fighting-facility-inspection-and-testing-co-ltd.2db259d92d9dd039a56396809cafc6d5"
"2776","Hebei Quanying Fire-fighting Inspection ...","Management, Scientific, and Technical Consulting Services","Subsidiary","Qinhuangdao, Hebei, China","https://dnb.com/business-directory/company-profiles/hebei-quanying-fire-fighting-inspection-and-testing-co-ltd.769d627780aabe51c5cabe8891e01441"
"2777","NORTHERN FIRE INSPECTION INC.","Other Professional, Scientific, and Technical Services","Independent","Sacramento, CA, United States","https://dnb.com/business-directory/company-profiles/northern-fire-inspection-inc.5a0d08ebe5b54a6c9f3ea70f76243c60"
"2778","Hebei Gaozi Fire-fighting Inspection And...","Hardware, and Plumbing and Heating Equipment and Supplies Merchant Wholesalers","Parent","Qinhuangdao, Hebei, China","https://dnb.com/business-directory/company-profiles/hebei-gaozi-fire-fighting-inspection-and-testing-technology-service-co-ltd.efdf69cf86154b81e6621d237c709c84"
"2779","Heilongjiang Rui'an Fire-fighting Engine...","Other Professional, Scientific, and Technical Services","Independent","Daqing, Heilongjiang, China","https://dnb.com/business-directory/company-profiles/heilongjiang-ruian-fire-fighting-engineering-inspection-coltd.220526ec0269a56974c6357d61d55701"
"2780","Yunnan Yongtai Fire-fighting Inspection ...","Architectural, Engineering, and Related Services","Parent","Kunming, Yunnan, China","https://dnb.com/business-directory/company-profiles/yunnan-yongtai-fire-fighting-inspection--testing-evaluation-co-ltd.ff1bb84d75a3a6d05d16416f4a7d14ab"
"2781","Tibet Bei'an Fire-fighting Inspection An...","Residential Building Construction","Independent","Lhasa, Xizang, China","https://dnb.com/business-directory/company-profiles/tibet-beian-fire-fighting-inspection-and-testing-co-ltd.5cddd26225f5e6a2580f99c3cda136e3"
"2782","Sichuan Jingyi Construction Fire-fightin...","Travel Arrangement and Reservation Services","Independent","Chengdu, Sichuan, China","https://dnb.com/business-directory/company-profiles/sichuan-jingyi-construction-fire-fighting-facility-inspection-and-testing-co-l-td.ebdb57ae8022f7e3bd811136dcfff2f9"
"2783","Guangzhou Youbao Property Service Co., L...","Professional and Commercial Equipment and Supplies Merchant Wholesalers","Subsidiary","Guangzhou, Guangdong, China","https://dnb.com/business-directory/company-profiles/guangzhou-youbao-property-service-co-ltd.b034393eb2309e5c6960aa6d68eeaa5a"
"2784","Henan Anguang Fire-fighting Inspection A...","Business Support Services","Parent","Zhengzhou, Henan, China","https://dnb.com/business-directory/company-profiles/henan-anguang-fire-fighting-inspection-and-testing-technology-co-ltd.a2c23164a8f8945489841e480e70f959"
"2785","Hefei Huaping Fire-Fighting Facility Ins...","Other Professional, Scientific, and Technical Services","Parent","Hefei, Anhui, China","https://dnb.com/business-directory/company-profiles/hefei-huaping-fire-fighting-facility-inspection--testing-coltd.877684376b981883dd18b00a330de0aa"
"2786","Pacific Fire Hydrant Inspection Service","Support Activities for Road Transportation","Independent","Nanaimo, BC, Canada","https://dnb.com/business-directory/company-profiles/pacific-fire-hydrant-inspection-service.964b0d147c9fafcc23ba2c535c720d90"
"2787","Inner Mongolia Mengdong Electric Fire-fi...","Architectural, Engineering, and Related Services","Subsidiary","Chifeng, Inner Mongolia, China","https://dnb.com/business-directory/company-profiles/inner-mongolia-mengdong-electric-fire-fighting-safety-inspection--testing-coltd.6c3a4d28bd5b80d7af49409802525da8"
"2788","Zhejiang Putai Fire Protection Technolog...","Architectural, Engineering, and Related Services","Subsidiary","Ningbo, Zhejiang, China","https://dnb.com/business-directory/company-profiles/zhejiang-putai-fire-protection-technology-co-ltd.aea59f86b1ab05ce914c9009a4f0aeea"
"2789","Guangdong Zhengan Electrical Fire Safety...","Business Support Services","Parent","Guangzhou, Guangdong, China","https://dnb.com/business-directory/company-profiles/guangdong-zhengan-electrical-fire-safety-inspection-co-ltd.b18bdfa6adf4a45a91a9c9bf9fe22361"
"2790","Hunan Jintai Fire Fighting Technology Co...","Other Professional, Scientific, and Technical Services","Parent","Changsha, Hunan, China","https://dnb.com/business-directory/company-profiles/hunan-jintai-fire-fighting-technology-co-ltd.833feaace4a39059bde5b99d227a090c"
"2791","Sichuan Zhirui Electric Fire-fighting Sa...","Business Support Services","Parent","Chengdu, Sichuan, China","https://dnb.com/business-directory/company-profiles/sichuan-zhirui-electric-fire-fighting-safety-inspection-and-testing-co-ltd.611d8436dee77f9c3098dc84030b42fc"
"2792","Henan Landun Fire-fighting Inspection An...","Business Support Services","Parent","Zhengzhou, Henan, China","https://dnb.com/business-directory/company-profiles/henan-landun-fire-fighting-inspection-and-testing-co-ltd.4ab70228f883b40b640c577cc36b4906"
"2793","Liaoning Shou'an Fire Inspection Co., Lt...","Business Support Services","Parent","Huludao, Liaoning, China","https://dnb.com/business-directory/company-profiles/liaoning-shouan-fire-inspection-co-ltd.d2be223b3899af0232481cb53067e030"
"2794","Henan Miaosen Engineering Technology Co....","Residential Building Construction","Independent","Zhoukou, Henan, China","https://dnb.com/business-directory/company-profiles/henan-miaosen-engineering-technology-co-ltd.5fb43f7f1e605b5dc6baa6f5717d11a8"
"2795","Jiaxing Fire-Fighting Inspection & Testi...","Architectural, Engineering, and Related Services","Independent","Jiaxing, Zhejiang, China","https://dnb.com/business-directory/company-profiles/jiaxing-fire-fighting-inspection--testing-association.894b99c24e2bcf3464fdefa46ed2274e"
"2796","PETER PEDERSEN","Architectural, Engineering, and Related Services","Independent","QUEENSLAND, Australia","https://dnb.com/business-directory/company-profiles/peter-pedersen.f11e7bd37cef44133acae92a43fc9c16"
"2797","Yunhe County Jingyuan Fire-fighting Insp...","Agents and Managers for Artists, Athletes, Entertainers, and Other Public Figure...","Subsidiary","Lishui, Zhejiang, China","https://dnb.com/business-directory/company-profiles/yunhe-county-jingyuan-fire-fighting-inspection-and-testing-co-ltd.a4e2882ef3c0157d92be514c77c8da64"
"2798","ANNE ARUNDEL FIRE INSPECTION, INC.","Investigation and Security Services","Independent","Glen Burnie, MD, United States","https://dnb.com/business-directory/company-profiles/anne-arundel-fire-inspection-inc.0f5fb48df88936be08d44056ca9268c1"
"2799","Jilin Yihe Fire-fighting Inspection And ...","Business Support Services","Independent","Jilin, Jilin, China","https://dnb.com/business-directory/company-profiles/jilin-yihe-fire-fighting-inspection-and-testing-co-ltd.6f60e24111fa6b0fb92c01530d10f05e"
"2800","Guangxi Chuang'an Fire Inspection Co., L...","Business Support Services","Independent","Hezhou, Guangxi, China","https://dnb.com/business-directory/company-profiles/guangxi-chuangan-fire-inspection-co-ltd.00be2ec39fc8d7a73e9cd4d93eabf874"
"2801","Heze Haiyu Fire Inspection Co., Ltd","Business Support Services","Independent","Heze, Shandong, China","https://dnb.com/business-directory/company-profiles/heze-haiyu-fire-inspection-co-ltd.e816c6d6c242a47dd759797061632e74"
"2802","Caoxian Weipan Fire Inspection Co., Ltd","Business Support Services","Independent","Heze, Shandong, China","https://dnb.com/business-directory/company-profiles/caoxian-weipan-fire-inspection-co-ltd.6e19d7fc6d843e80977a02ce529bbf81"
"2803","Jinzhou Anyu Anjia Fire Inspection Co., ...","Business Support Services","Independent","Jinzhou, Liaoning, China","https://dnb.com/business-directory/company-profiles/jinzhou-anyu-anjia-fire-inspection-co-ltd.4815d50b652436013f5ec37771823644"
"2804","Shaanxi Detai Anbang Fire Inspection Co....","Business Support Services","Independent","Yulin, Shaanxi, China","https://dnb.com/business-directory/company-profiles/shaanxi-detai-anbang-fire-inspection-co-ltd.f89bc0b5239ede3beee06b8b89eb7217"
"2805","Changzhi Jinshun'an Fire Inspection And ...","Business Support Services","Independent","Changzhi, Shanxi, China","https://dnb.com/business-directory/company-profiles/changzhi-jinshunan-fire-inspection-and-maintenance-co-ltd.2ec445996b1ef8103140c9ccb4ada4fd"
"2806","Linyi Feiting Fire Inspection Department...","Business Support Services","Independent","Linyi, Shandong, China","https://dnb.com/business-directory/company-profiles/linyi-feiting-fire-inspection-department-(sole-proprietorship).ec92c8b2a4cbd3f22bad4d76f19092dd"
"2807","Sichuan Honglan Xindun Fire Inspection C...","Business Support Services","Independent","Chengdu, Sichuan, China","https://dnb.com/business-directory/company-profiles/sichuan-honglan-xindun-fire-inspection-co-ltd.021191a28fd93c38d035843a6700af0c"
"2808","Shanghai Weisha Fire Inspection And Main...","Business Support Services","Independent","Shanghai, Shanghai, China","https://dnb.com/business-directory/company-profiles/shanghai-weisha-fire-inspection-and-maintenance-co-ltd.c1122b9388a0e93877300a192603c95f"
"2809","Inner Mongolia Tianlong Firefighting Tec...","Machinery, Equipment, and Supplies Merchant Wholesalers","Independent","Hohhot, Inner Mongolia, China","https://dnb.com/business-directory/company-profiles/inner-mongolia-tianlong-firefighting-technology-consultation-co-ltd.fb445c06155638342dc835f20775eee2"
"2810","Sichuan Xingkai Fire Inspection Co., Ltd","Business Support Services","Independent","Chengdu, Sichuan, China","https://dnb.com/business-directory/company-profiles/sichuan-xingkai-fire-inspection-co-ltd.07567ff63653651163d0ebfef4935534"
"2811","Jilin An'an Fire Inspection Center (sole...","Business Support Services","Independent","Nongan County, Jilin, China","https://dnb.com/business-directory/company-profiles/jilin-anan-fire-inspection-center-(sole-proprietorship).c6b49f4f1f6e9992ba2d9bcc42e036b5"
"2812","Liaoning Annual Inspection and Fire Test...","Business Support Services","Independent","Shenyang, Liaoning, China","https://dnb.com/business-directory/company-profiles/liaoning-annual-inspection-and-fire-testing-co-ltd.5ce16f63ce988ad6e39497d57b17a27b"
"2813","Sichuan Xingxin Fire-fighting Maintenanc...","Individual and Family Services","Independent","Chengdu, Sichuan, China","https://dnb.com/business-directory/company-profiles/sichuan-xingxin-fire-fighting-maintenance-inspection-and-testing-technology-coltd.685d81253f257c30671fc976526b5e14"
"2814","Sichuan Special Inspection Fire Safety T...","Business Support Services","Independent","Chengdu, Sichuan, China","https://dnb.com/business-directory/company-profiles/sichuan-special-inspection-fire-safety-technology-center-(limited-partnership).a868fd1ab1119654c3afa7de9be02ce3"
"2815","Shenzhen Anzhi Electric Fire-fighting Sa...","Specialized Design Services","Independent","Shenzhen, Guangdong, China","https://dnb.com/business-directory/company-profiles/shenzhen-anzhi-electric-fire-fighting-safety-inspection-and-testing-co-ltd.e27890df471ee519cdcd725daa7b16fe"
"2816","Jiangxi Yuxin Fire-fighting Facility Mai...","Business Support Services","Parent","Ji'an, Jiangxi, China","https://dnb.com/business-directory/company-profiles/jiangxi-yuxin-fire-fighting-facility-maintenance-inspection-and-testing-co-ltd.a54bf98c06558b8625334c7c50d1b25d"
"2817","Jiangxi Mingxiang Fire-fighting Equipmen...","Residential Building Construction","Subsidiary","Shangrao, Jiangxi, China","https://dnb.com/business-directory/company-profiles/jiangxi-mingxiang-fire-fighting-equipment-inspection-and-testing-co-ltd.9b22e145e1368bdb1a018c4b7b620344"
"2818","Henan Zhongbao Fire-fighting Facility In...","Residential Building Construction","Independent","Zhengzhou, Henan, China","https://dnb.com/business-directory/company-profiles/henan-zhongbao-fire-fighting-facility-inspection-and-testing-co-ltd.81af3510d896b9b3ecc996ae44ac412c"
"2819","Jilin Huateng Fire-fighting Engineering ...","Other Specialty Trade Contractors","Independent","Jilin, Jilin, China","https://dnb.com/business-directory/company-profiles/jilin-huateng-fire-fighting-engineering-inspection-co-ltd.f62165388583204b0f33bfc4a4532ce5"
"2820","Tibet Anke Fire-fighting Inspection & Te...","Business Support Services","Parent","Lhasa, Xizang, China","https://dnb.com/business-directory/company-profiles/tibet-anke-fire-fighting-inspection--testing-coltd.369fd3171910ddd66636fc942543b572"
"2821","Peak Fire Extinguisher Inspection and Se...","Business Support Services","Independent","Aurora, CO, United States","https://dnb.com/business-directory/company-profiles/peak-fire-extinguisher-inspection-and-service-llc.5ce1aac22a2ea5e5f75da61818c8bee9"
"2822","Guangxi Jiutaimao Fire-Fighting Inspecti...","Business Support Services","Independent","Beihai, Guangxi, China","https://dnb.com/business-directory/company-profiles/guangxi-jiutaimao-fire-fighting-inspection--testing-coltd.8b9240174ddb684948fbcf9ef4bea6fa"
"2823","Tianjin Boyun Fire-fighting Inspection &...","Business Support Services","Independent","Tianjin, Tianjin, China","https://dnb.com/business-directory/company-profiles/tianjin-boyun-fire-fighting-inspection--testing-coltd.a1b1e3a5b366888ed6b2877e510c49a9"
"2824","ADVANCED FIRE INSPECTION INC","Building Equipment Contractors","Independent","Norcross, GA, United States","https://dnb.com/business-directory/company-profiles/advanced-fire-inspection-inc.54bb286f12535d2c8402c120810d2833"
"2825","Tianjin Jiu'ante Fire-fighting Engineeri...","Business Support Services","Independent","Tianjin, Tianjin, China","https://dnb.com/business-directory/company-profiles/tianjin-jiuante-fire-fighting-engineering-inspection-coltd.3a82107e4b3316537afc424b7f7a2a12"
"2826","Chengde Changyuan Construction Engineeri...","Building Equipment Contractors","Independent","Chengde, Hebei, China","https://dnb.com/business-directory/company-profiles/chengde-changyuan-construction-engineering-co-ltd.03c9e39ba205c82b92dd09f5b2126ce6"
"2827","FIRE DOOR INSPECTION SPECIALISTS LTD","Other Specialty Trade Contractors","Subsidiary","BIRMINGHAM, England, United Kingdom","https://dnb.com/business-directory/company-profiles/fire-door-inspection-specialists-ltd.39d41a2dc99dbe798cadee0dbcd2bbe8"
"2828","Hebei Gongji Construction Fire-fighting ...","Business Support Services","Subsidiary","Zhuozhou, Hebei, China","https://dnb.com/business-directory/company-profiles/hebei-gongji-construction-fire-fighting-inspection-and-testing-co-ltd.6c11aa7b757d249074adbdd3c26eea46"
"2829","Hebei Feitai Fire-fighting Facility Insp...","Business Support Services","Subsidiary","Shijiazhuang, Hebei, China","https://dnb.com/business-directory/company-profiles/hebei-feitai-fire-fighting-facility-inspection-and-testing-co-ltd.4b8ee9893220a55030bf49d19fe6538f"
"2830","Zhejiang Yinyi Fire-Fighting Inspection ...","Business Support Services","Parent","Cixi, Zhejiang, China","https://dnb.com/business-directory/company-profiles/zhejiang-yinyi-fire-fighting-inspection-and-testing-co-ltd.24dd3937622cdf5ee8688f42e9c32fe5"
"2831","Tangshan Jian'an Fire-fighting Inspectio...","Computer Systems Design and Related Services","Independent","Tangshan, Hebei, China","https://dnb.com/business-directory/company-profiles/tangshan-jianan-fire-fighting-inspection-and-testing-technology-co-ltd.99ca017108e6875218c854529e7dec07"
"2832","Wuhan Construction Fire-fighting Facilit...","Residential Building Construction","Independent","Wuhan, Hubei, China","https://dnb.com/business-directory/company-profiles/wuhan-construction-fire-fighting-facility-inspection-station.2ec2e2cf4b0d9ef1fd1e64f50be813e4"
"2833","Beijing Sanhe Yong'an Fire-Fighting Faci...","Other Professional, Scientific, and Technical Services","Independent","Beijing, Beijing, China","https://dnb.com/business-directory/company-profiles/beijing-sanhe-yongan-fire-fighting-facility-inspection--testing-coltd.069e0dd07aa50364625a308cdc1f10b5"
"2834","Guangdong Weimin Electric Fire-fighting ...","Business Support Services","Independent","Shenzhen, Guangdong, China","https://dnb.com/business-directory/company-profiles/guangdong-weimin-electric-fire-fighting-inspection-and-testing-co-ltd.b81d2e3b88dd74e22b18582b5281b42d"
"2835","FDIS LIMITED","Other Schools and Instruction","Independent","LONDON, England, United Kingdom","https://dnb.com/business-directory/company-profiles/fdis-limited.ec63ba0777493cf096bc0ccf4ad260b0"
"2836","Shanxi Dong'an Huatong Construction Engi...","Business Support Services","Independent","Taiyuan, Shanxi, China","https://dnb.com/business-directory/company-profiles/shanxi-dongan-huatong-construction-engineering-co-ltd.98d1f4aa05185dba320590cec4405523"
"2837","Guangzhou Daxiang Industry Development C...","Residential Building Construction","Independent","Guangzhou, Guangdong, China","https://dnb.com/business-directory/company-profiles/guangzhou-daxiang-industry-development-co-ltd.ced33e35946e5a6dfd7ab1e3ce56bb89"
"2838","Guangdong Honghai Construction Fire-figh...","Business Support Services","Independent","Guangzhou, Guangdong, China","https://dnb.com/business-directory/company-profiles/guangdong-honghai-construction-fire-fighting-inspection-and-testing-co-ltd.a06a8e2ea0b283c6c2eff3b691af6ea9"
"2839","Shaanxi Jiaqiang Fire-Fighting Inspectio...","Other Specialty Trade Contractors","Independent","Yulin, Shaanxi, China","https://dnb.com/business-directory/company-profiles/shaanxi-jiaqiang-fire-fighting-inspection--testing-maintenance-co-ltd.6e98ec4a4dab1b2935084c7bbdc9dd97"
"2840","Fujian Longan Fire-fighting Engineering ...","Other Chemical Product and Preparation Manufacturing","Independent","Fuzhou, Fujian, China","https://dnb.com/business-directory/company-profiles/fujian-longan-fire-fighting-engineering-inspection-coltd.0df93c2020905995048146ee3deba0ea"
"2841","Shandong Shengda Fire-fighting Facility ...","Business Support Services","Parent","Jinan, Shandong, China","https://dnb.com/business-directory/company-profiles/shandong-shengda-fire-fighting-facility-inspection-and-testing-co-ltd.5be4a07c62dddb9e2e7f4e3af27b9d1f"
"2842","Shanxi Jinzerui Fire-fighting Inspection...","Business Support Services","Parent","Taiyuan, Shanxi, China","https://dnb.com/business-directory/company-profiles/shanxi-jinzerui-fire-fighting-inspection-and-testing-co-ltd.0a17d4e2847bb76b7c3fc7daf3fd5d69"
"2843","Hunan Zhongkong Fire-fighting Inspection...","Business Support Services","Parent","Yueyang, Hunan, China","https://dnb.com/business-directory/company-profiles/hunan-zhongkong-fire-fighting-inspection-and-testing-co-ltd.8a1209c2d33dad64393467e568fc2e67"
"2844","Sichuan Guojincheng Fire-fighting Equipm...","Business Support Services","Independent","Chengdu, Sichuan, China","https://dnb.com/business-directory/company-profiles/sichuan-guojincheng-fire-fighting-equipment-inspection-and-testing-co-ltd.95dd1798473aaeda004df93c7f31a9ac"
"2845","Shandong Guorun Fire Inspection Co., Ltd","Residential Building Construction","Independent","Binzhou, Shandong, China","https://dnb.com/business-directory/company-profiles/shandong-guorun-fire-inspection-co-ltd.75c780e93aae45e98586c1aa64912f67"
"2846","Zaozhuang Ningquan Fire Inspection Cente...","Business Support Services","Independent","Zaozhuang, Shandong, China","https://dnb.com/business-directory/company-profiles/zaozhuang-ningquan-fire-inspection-center-(sole-proprietorship).b92b45da00ed318618f3c6d6bbc6a5da"
"2847","Anshan Security Inspection And Fire Prot...","Business Support Services","Independent","Haichen, Liaoning, China","https://dnb.com/business-directory/company-profiles/anshan-security-inspection-and-fire-protection-service-co-ltd.8b6fe65e382cd273facc49c2a7040744"
"2848","Liaocheng Sen'an Fire Inspection Center ...","Business Support Services","Independent","Liaocheng, Shandong, China","https://dnb.com/business-directory/company-profiles/liaocheng-senan-fire-inspection-center-(sole-proprietorship).d859cf0b0a54532672995010a293d4f7"
"2849","Rizhao Liancheng Fire Inspection Center ...","Business Support Services","Independent","Rizhao, Shandong, China","https://dnb.com/business-directory/company-profiles/rizhao-liancheng-fire-inspection-center-(sole-proprietorship).e473837cc539122a58e23c0bf5ce3ed0"
"2850","Qisen Fire Inspection Center In Heze Cit...","Business Support Services","Independent","Heze, Shandong, China","https://dnb.com/business-directory/company-profiles/qisen-fire-inspection-center-in-heze-city-(sole-proprietorship).28bc2eb4ddcf5185d16663e30b6e6356"
"2851","Henan Haiwei Inspection And Testing Co.,...","Business Support Services","Independent","Kunshan, Jiangsu, China","https://dnb.com/business-directory/company-profiles/henan-haiwei-inspection-and-testing-co-ltd-jiangsu-haizhicheng-branch.690c1f56768245d5750f7e92cf2be02d"
"2852","Hebei Tian'an Fire-fighting Technology S...","Architectural, Engineering, and Related Services","Parent","Shijiazhuang, Hebei, China","https://dnb.com/business-directory/company-profiles/hebei-tianan-fire-fighting-technology-service-co-ltd.a495d1dd94c93e3b2dfc337a78ae6029"
"2853","Beihai Fire-fighting Inspection & Testin...","Architectural, Engineering, and Related Services","Parent","Beihai, Guangxi, China","https://dnb.com/business-directory/company-profiles/beihai-fire-fighting-inspection--testing-service-center.b15522c7bece440066b047060aa10535"
"2854","NORTHWEST FIRE INSPECTION SERVICES AND P...","Other Professional, Scientific, and Technical Services","Independent","Ferndale, WA, United States","https://dnb.com/business-directory/company-profiles/northwest-fire-inspection-services-and-professional-fire-protection-inc.9fdf3f7d39b6b0d7be409337750bb5bc"
"2855","Hebei Tejin Fire Inspection Co., Ltd","Other Specialty Trade Contractors","Parent","Langfang, Hebei, China","https://dnb.com/business-directory/company-profiles/hebei-tejin-fire-inspection-co-ltd.c1b199721d345344368ee25041eed895"
"2856","Chongqing Yijian Fire-fighting Inspectio...","Business Support Services","Independent","Chongqing, Chongqing, China","https://dnb.com/business-directory/company-profiles/chongqing-yijian-fire-fighting-inspection-and-testing-co-ltd.0717ccd3c53ef5a9d154c9944cb9078f"
"2857","Baoding Qianming Fire-fighting Inspectio...","Machinery, Equipment, and Supplies Merchant Wholesalers","Independent","Baoding, Hebei, China","https://dnb.com/business-directory/company-profiles/baoding-qianming-fire-fighting-inspection-and-testing-co-ltd.b17bf636fa57691c3ad04e61536c1aa2"
"2858","Zibo Wende Fire Inspection Department (s...","Business Support Services","Independent","Zibo, Shandong, China","https://dnb.com/business-directory/company-profiles/zibo-wende-fire-inspection-department-(sole-proprietorship).a427d9fe3651f91bf167f4b434f8778d"
"2859","Shuangyi Ze'an (dalian) Fire Inspection ...","Business Support Services","Independent","Dalian, Liaoning, China","https://dnb.com/business-directory/company-profiles/shuangyi-zean-(dalian)-fire-inspection-co-ltd.9ada35fc121cefe87920f0554a359018"
"2860","Jingdun Intelligent Inspection Fire Prot...","Computer Systems Design and Related Services","Independent","Beijing, Beijing, China","https://dnb.com/business-directory/company-profiles/jingdun-intelligent-inspection-fire-protection-technology-(beijing)-co-ltd.13bccd5eeda724a34b993a01311645b8"
"2861","Zibo Joint Defense Fire Inspection Depar...","Business Support Services","Independent","Zibo, Shandong, China","https://dnb.com/business-directory/company-profiles/zibo-joint-defense-fire-inspection-department-(sole-proprietorship).bd9234faaeec5a9817a446253731ef5d"
"2862","Xizang Chicheng Fire Inspection And Test...","Business Support Services","Independent","Xigaze, Xizang, China","https://dnb.com/business-directory/company-profiles/xizang-chicheng-fire-inspection-and-testing-service-co-ltd.5354dc3e2e9cd449cbaae4bdba4fb409"
"2863","Tai'an Shun'an Fire Inspection Center (s...","Business Support Services","Independent","Tai'an, Shandong, China","https://dnb.com/business-directory/company-profiles/taian-shunan-fire-inspection-center-(sole-proprietorship).6cbd3ea2b91738d359990c3aef47af42"
"2864","Shenyang City Inspection And Fire Testin...","Business Support Services","Independent","Shenyang, Liaoning, China","https://dnb.com/business-directory/company-profiles/shenyang-city-inspection-and-fire-testing-co-ltd.18630b1eca321f5ca2f9866139962555"
"2865","Sichuan Shunyu Fire-fighting Inspection ...","Business Support Services","Independent","Chengdu, Sichuan, China","https://dnb.com/business-directory/company-profiles/sichuan-shunyu-fire-fighting-inspection-and-testing-co-ltd.0f7655171413b35d020369f48c87850c"
"2866","Guangdong Yuetong Fire-fighting Maintena...","Business Support Services","Independent","Guangzhou, Guangdong, China","https://dnb.com/business-directory/company-profiles/guangdong-yuetong-fire-fighting-maintenance-inspection-and-testing-co-ltd.c21db82dd082492bd3b754ae3761cfcb"
"2867","Shaanxi Ducheng Fire-fighting Inspection...","Professional and Commercial Equipment and Supplies Merchant Wholesalers","Independent","Xi'an, Shaanxi, China","https://dnb.com/business-directory/company-profiles/shaanxi-ducheng-fire-fighting-inspection-and-testing-service-co-ltd.cc7627b3280b4f55f01f6d9ea9c10939"
"2868","Shanxi Xinyi'An Fire-Fighting Technology...","Building Material and Supplies Dealers","Independent","Taiyuan, Shanxi, China","https://dnb.com/business-directory/company-profiles/shanxi-xinyian-fire-fighting-technology-inspection--testing-co-ltd.cc02f960ec15146cbab7e700708bb6ec"
"2869","Distribution Bumper Pro Inc","Machinery, Equipment, and Supplies Merchant Wholesalers","Independent","Montréal, QC, Canada","https://dnb.com/business-directory/company-profiles/distribution-bumper-pro-inc.1af3a19d06238019fbd6d4d6bac0abf6"
"2870","Hebei Jietai Fire-fighting Inspection An...","Business Support Services","Independent","Baoding, Hebei, China","https://dnb.com/business-directory/company-profiles/hebei-jietai-fire-fighting-inspection-and-testing-technology-service-co-ltd.665d892e5fe1bb17d72d3506f511e86d"
"2871","Zibo Yongxin Fire-Fighting Inspection & ...","Business Support Services","Independent","Zibo, Shandong, China","https://dnb.com/business-directory/company-profiles/zibo-yongxin-fire-fighting-inspection--testing-coltd.9097477292c0ad7d515fda76baf2238f"
"2872","Hubei Guoxin Fire-fighting Product Inspe...","Business Support Services","Subsidiary","Ezhou, Hubei, China","https://dnb.com/business-directory/company-profiles/hubei-guoxin-fire-fighting-product-inspection-and-testing-technology-co-ltd.7b9846f28317443b85eb36b6f65677e7"
"2873","Henan Dian'an Fire-Fighting Facility Ins...","Business Support Services","Independent","Zhengzhou, Henan, China","https://dnb.com/business-directory/company-profiles/henan-dianan-fire-fighting-facility-inspection--testing-co-ltd.0e9d4b1a27e5cc98c28900a4241cd30a"
"2874","Daqing Haoxin Fire-Fighting Safety Facil...","Motor Vehicle Parts Manufacturing","Parent","Daqing, Heilongjiang, China","https://dnb.com/business-directory/company-profiles/daqing-haoxin-fire-fighting-safety-facility-inspection--testing-co-ltd.44845d92cd43f7d9a835bcc8fa39e929"
"2875","Henan Anjun Fire-fighting Inspection And...","Business Support Services","Independent","Zhengzhou, Henan, China","https://dnb.com/business-directory/company-profiles/henan-anjun-fire-fighting-inspection-and-testing-technology-co-ltd.3dfd7e9ce293a42338e39fb63f3e972c"
"2876","Liaoning Tianmiao Fire-fighting Safety T...","Business Support Services","Independent","Dalian, Liaoning, China","https://dnb.com/business-directory/company-profiles/liaoning-tianmiao-fire-fighting-safety-technology-inspection-and-testing-co-ltd.0407036fdfe9392fedc17514e18314bf"
"2877","Hebei Fengtai Fire-fighting Facility Ins...","Business Support Services","Independent","Handan, Hebei, China","https://dnb.com/business-directory/company-profiles/hebei-fengtai-fire-fighting-facility-inspection-and-testing-co-ltd.9a409d7ff890be81c70f2bd7d31fa3e4"
"2878","Mudanjiang Anshun Fire-fighting Facility...","Business Support Services","Independent","Mudanjiang, Heilongjiang, China","https://dnb.com/business-directory/company-profiles/mudanjiang-anshun-fire-fighting-facility-inspection--testing-coltd.9e5e0a44b4cef10a3f75b8ccf8dcfeab"
"2879","Hebei Guande Fire-fighting Facility Insp...","Business Support Services","Independent","Langfang, Hebei, China","https://dnb.com/business-directory/company-profiles/hebei-guande-fire-fighting-facility-inspection-and-testing-co-ltd.ccbf5838d4e605b360af48a1b0f5a6f5"
"2880","Shanxi Boheng Fire-fighting Facility Ins...","Other Professional, Scientific, and Technical Services","Parent","Taiyuan, Shanxi, China","https://dnb.com/business-directory/company-profiles/shanxi-boheng-fire-fighting-facility-inspection--testing-service-co-ltd.3b9a11f984f3da8945127405d767df89"
"2881","Changzhou Hongyu Fire-fighting Inspectio...","Business Support Services","Independent","Changzhou, Jiangsu, China","https://dnb.com/business-directory/company-profiles/changzhou-hongyu-fire-fighting-inspection--testing-coltd.a5392eef4dc99b3a68fc9c282f6c0e94"
"2882","Hebei Sanjian Fire-Fighting Facility Ins...","Business Support Services","Independent","Cangzhou, Hebei, China","https://dnb.com/business-directory/company-profiles/hebei-sanjian-fire-fighting-facility-inspection--testing-coltd.7b6926f5c915c84ceb8ad5bb7f0c02f4"
"2883","Hebei Chenyuan Fire-fighting Inspection ...","Business Support Services","Independent","Xingtai, Hebei, China","https://dnb.com/business-directory/company-profiles/hebei-chenyuan-fire-fighting-inspection-and-testing-co-ltd.9806ec555b0e22478e70fac67ca29aa3"
"2884","Guangzhou Jundeli Fire-fighting Facility...","Drugs and Druggists' Sundries Merchant Wholesalers","Independent","Guangzhou, Guangdong, China","https://dnb.com/business-directory/company-profiles/guangzhou-jundeli-fire-fighting-facility-inspection-and-testing-co-ltd.27b51b323f95a20efcd928cc29d7d27e"
"2885","Hangzhou Jingcheng Fire-Fighting Inspect...","Architectural, Engineering, and Related Services","Independent","Hangzhou, Zhejiang, China","https://dnb.com/business-directory/company-profiles/hangzhou-jingcheng-fire-fighting-inspection--testing-co-ltd.ead2bbcfe32ba084542280e7114b77da"
"2886","Chongqing Yongqin Fire-fighting Engineer...","Business Support Services","Independent","Chongqing, Chongqing, China","https://dnb.com/business-directory/company-profiles/chongqing-yongqin-fire-fighting-engineering-inspection-co-ltd.e232779948e522c344e17875abef48ec"
"2887","Shangrao Jing'an Fire-fighting Inspectio...","Other Specialty Trade Contractors","Independent","Shangrao, Jiangxi, China","https://dnb.com/business-directory/company-profiles/shangrao-jingan-fire-fighting-inspection-and-testing-technology-service-center.c02c3d6ae2d59c0daf8a3858cf104ed3"
"2888","FIRE INSPECTION SERVICES LLC","Other Professional, Scientific, and Technical Services","Independent","Wheat Ridge, CO, United States","https://dnb.com/business-directory/company-profiles/fire-inspection-services-llc.3a1dd7545a568ace291924e5eeb439a6"
"2889","Chengde Tee Fire-fighting Inspection And...","Business Support Services","Parent","Chengde, Hebei, China","https://dnb.com/business-directory/company-profiles/chengde-tee-fire-fighting-inspection-and-testing-co-ltd.42fe2fbc352b162a78caaa32683a0d95"
"2890","Sichuan An'erte Construction Firefightin...","Business Support Services","Parent","Chengdu, Sichuan, China","https://dnb.com/business-directory/company-profiles/sichuan-anerte-construction-firefighting-safety-inspection-and-testing-coltd.823810c9e8fe071803afbe7285ad8393"
"2891","Huizhou Anfu Electric Fire-fighting Safe...","Business Support Services","Parent","Huizhou, Guangdong, China","https://dnb.com/business-directory/company-profiles/huizhou-anfu-electric-fire-fighting-safety-inspection-and-testing-co-ltd.a45b17accabf786cb4efea9fa92ba4bf"
"2892","Beijing Jing'an Guoshun Electric Fire Fi...","Business Support Services","Parent","Beijing, Beijing, China","https://dnb.com/business-directory/company-profiles/beijing-jingan-guoshun-electric-fire-fighting-safety-inspection-and-surveyingstation.ae6d60f9e5f3ea0ffc1d03d200210b1d"
"2893","Shaanxi Zhiwan Fire-fighting Facility In...","Business Support Services","Parent","Xi'an, Shaanxi, China","https://dnb.com/business-directory/company-profiles/shaanxi-zhiwan-fire-fighting-facility-inspection-and-testing-co-ltd.6b21e2956145e9819b22d1473ddb402c"
"2894","Mingjia Fire Inspection And Maintenance ...","Business Support Services","Subsidiary","Shanghai, Shanghai, China","https://dnb.com/business-directory/company-profiles/mingjia-fire-inspection-and-maintenance-(shanghai)-co-ltd.ed9eed4d0ba67eb94f03d312a690b5cf"
"2895","Henan Hongtai Fire-fighting Equipment In...","Business Support Services","Parent","Zhengzhou, Henan, China","https://dnb.com/business-directory/company-profiles/henan-hongtai-fire-fighting-equipment-inspection-and-testing-technology-co-ltd.199d98ada0a2a98a7efc0d49142cf865"
"2896","Ping'an Fire-fighting Inspection And Tes...","Business Support Services","Subsidiary","Guangzhou, Guangdong, China","https://dnb.com/business-directory/company-profiles/pingan-fire-fighting-inspection-and-testing-(guangzhou)-co-ltd.c2a55a35cc20dd4627392dd4346bd241"
"2897","Sichuan Chuanyun Zhaoxiao Fire Inspectio...","Office Administrative Services","Independent","Chengdu, Sichuan, China","https://dnb.com/business-directory/company-profiles/sichuan-chuanyun-zhaoxiao-fire-inspection-co-ltd.636d5c61f18b388b7f6ca8bd17b9069c"
"2898","Shenzhen Anshun Electric Fire-fighting S...","Business Support Services","Independent","Shenzhen, Guangdong, China","https://dnb.com/business-directory/company-profiles/shenzhen-anshun-electric-fire-fighting-safety-inspection-and-testing-co-ltd.e673ebbb59d596943dcaa9f3ac1c9703"
"2899","Guangdong Yicheng Safety Technical Servi...","Business Support Services","Independent","Huizhou, Guangdong, China","https://dnb.com/business-directory/company-profiles/guangdong-yicheng-safety-technical-service-co-ltd.0624b5d122cb1c52df90defe0363ea3b"
"2900","Hubei Batu Wei'an Fire-fighting Equipmen...","Business Support Services","Independent","Wuhan, Hubei, China","https://dnb.com/business-directory/company-profiles/hubei-batu-weian-fire-fighting-equipment-inspection-and-testing-service-co-ltd.dc8b8f1e8dd9b5ca004d74ea3532c3ae"
"2901","Sichuan Liyou Fire-fighting Electric Ins...","Business Support Services","Independent","Chengdu, Sichuan, China","https://dnb.com/business-directory/company-profiles/sichuan-liyou-fire-fighting-electric-inspection-and-testing-co-ltd.0e19b944928338439b06c651b7c63842"
"2902","Shanxi Tongce Fire-fighting Inspection &...","Architectural, Engineering, and Related Services","Independent","Taiyuan, Shanxi, China","https://dnb.com/business-directory/company-profiles/shanxi-tongce-fire-fighting-inspection--testing-co-ltd.fe10dc79b6e368c8787f8944df108340"
"2903","Hebei An'an Fire-fighting Facility Inspe...","Business Support Services","Independent","Langfang, Hebei, China","https://dnb.com/business-directory/company-profiles/hebei-anan-fire-fighting-facility-inspection-and-testing-technology-service-co-ltd.0303872248a6bbf6b918ec422d131981"
"2904","Tangshan Jinzheng Fire-fighting Equipmen...","Business Support Services","Independent","Tangshan, Hebei, China","https://dnb.com/business-directory/company-profiles/tangshan-jinzheng-fire-fighting-equipment-inspection-and-testing-co-ltd.c9a2a9bad64d8241501cf64d8dbddbde"
"2905","Henan Yong'an Electric Fire-Fighting Ins...","Architectural, Engineering, and Related Services","Independent","Zhengzhou, Henan, China","https://dnb.com/business-directory/company-profiles/henan-yongan-electric-fire-fighting-inspection--testing-co-ltd.e8efcae7ac24c22833ab41bb45e7af48"
"2906","Shanxi Smart Fire Inspection And Evaluat...","Business Support Services","Independent","Shuozhou, Shanxi, China","https://dnb.com/business-directory/company-profiles/shanxi-smart-fire-inspection-and-evaluation-technology-service-co-ltd.8670e147f5b72b241bdf20bd567bded2"
"2907","Guangdong Yixin Fire-fighting Electric S...","Business Support Services","Independent","Shantou, Guangdong, China","https://dnb.com/business-directory/company-profiles/guangdong-yixin-fire-fighting-electric-safety-inspection--testing-center-ltd.82647ff8ea88076b1e431fc759e177e8"
"2908","Sichuan Zhixin Construction Fire-fightin...","Business Support Services","Independent","Chengdu, Sichuan, China","https://dnb.com/business-directory/company-profiles/sichuan-zhixin-construction-fire-fighting-inspection-and-testing-co-ltd.c49d33eef0fe94aef705ef172c29170a"
"2909","Hainan Meng'antai Fire-fighting Safety I...","Business Support Services","Independent","Haikou, Hainan, China","https://dnb.com/business-directory/company-profiles/hainan-mengantai-fire-fighting-safety-inspection-and-testing-co-ltd.019a8cf2b498f22fef6813b089fc22a3"
"2910","Inspectie, Test en Onderhoud B.V.","Architectural, Engineering, and Related Services","Subsidiary","Werkendam, Noord-Brabant, Netherlands","https://dnb.com/business-directory/company-profiles/inspectie-test-en-onderhoud-bv.1e51e87d456fd0dc40b073566b553011"
"2911","NEPTUNE FIRE INSPECTION AND GAS (PTY) LT...","Management, Scientific, and Technical Consulting Services","Independent","DURBAN, KWA-ZULU NATAL, South Africa","https://dnb.com/business-directory/company-profiles/neptune-fire-inspection-and-gas-(pty)-ltd.37a9496cbb20bd6da83393cd52178a1d"
"2912","Yunnan Tianrui Fire-fighting Inspection ...","Architectural, Engineering, and Related Services","Independent","Kunming, Yunnan, China","https://dnb.com/business-directory/company-profiles/yunnan-tianrui-fire-fighting-inspection--testing-evaluation-co-ltd.9c12b5c046e959dfc382a8d886c34fca"
"2913","Jiangsu Longyuan Electric Co., Ltd.","Business Support Services","Independent","Taizhou, Jiangsu, China","https://dnb.com/business-directory/company-profiles/jiangsu-longyuan-electric-co-ltd.1cd0cbe4685a51ae5c18dfd69071b0a0"
"2914","Xinyi Guotai Fire-fighting Inspection & ...","Personal and Household Goods Repair and Maintenance","Independent","Xinyi, Jiangsu, China","https://dnb.com/business-directory/company-profiles/xinyi-guotai-fire-fighting-inspection--testing-repairing-coltd.150ab88adf06265539261ac1fd72cfa4"
"2915","Heilongjiang Xingrun Fire Fighting Facil...","Architectural, Engineering, and Related Services","Independent","Harbin, Heilongjiang, China","https://dnb.com/business-directory/company-profiles/heilongjiang-xingrun-fire-fighting-facilities-inspection-co-ltd.624c8afebe343ae4b14ea12f10131ad6"
"2916","FIRST CALL 24/7 INC.","Personal and Household Goods Repair and Maintenance","Independent","Davie, FL, United States","https://dnb.com/business-directory/company-profiles/first-call-24-7-inc.53554e6284f37359f657c4173359878f"
"2917","Shenzhen Guang'an Electric Fire-fighting...","Household Appliances and Electrical and Electronic Goods Merchant Wholesalers","Independent","Shenzhen, Guangdong, China","https://dnb.com/business-directory/company-profiles/shenzhen-guangan-electric-fire-fighting-safety-inspection-and-testing-co-ltd.77831790f82434f6db511296c8effe6a"
"2918","Hebei Xiaoyi Fire-fighting Inspection An...","Business Support Services","Independent","Baoding, Hebei, China","https://dnb.com/business-directory/company-profiles/hebei-xiaoyi-fire-fighting-inspection-and-testing-co-ltd.586bb2be00017db390d90e2dd507c650"
"2919","Jilin Huiyang Inspection And Testing Co....","Architectural, Engineering, and Related Services","Independent","Jilin, China","https://dnb.com/business-directory/company-profiles/jilin-huiyang-inspection-and-testing-co-ltd.8d7e20637dc2fc50944c5f4e2de25818"
"2920","Jiaxing Junzheng Ecological Technology C...","Business Support Services","Subsidiary","Jiaxing, Zhejiang, China","https://dnb.com/business-directory/company-profiles/jiaxing-junzheng-ecological-technology-co-ltd.8e7c0c9e390da7aae059f7fedbd228af"
"2921","Liaoning Liancheng Fire-fighting Enginee...","Residential Building Construction","Independent","Shenyang, Liaoning, China","https://dnb.com/business-directory/company-profiles/liaoning-liancheng-fire-fighting-engineering-inspection-co-ltd.afb7965bfa951f09519fcce719ab1f95"
"2922","Guangxi Heng'an Fire-fighting Inspection...","Other Personal Services","Independent","Wuzhou, Guangxi, China","https://dnb.com/business-directory/company-profiles/guangxi-hengan-fire-fighting-inspection--testing-co-ltd.d1bb5ecbebfb580888d3d28a894455cc"
"2923","Beijing Zhongtianjianke Fire-Fighting Sa...","Business Support Services","Independent","Beijing, Beijing, China","https://dnb.com/business-directory/company-profiles/beijing-zhongtianjianke-fire-fighting-safety-inspection--testing-coltd.d2ffdc8da4c999dda79b87103ff66380"
"2924","Sichuan Zhengke Fire-fighting Inspection...","Business Support Services","Independent","Chengdu, Sichuan, China","https://dnb.com/business-directory/company-profiles/sichuan-zhengke-fire-fighting-inspection-and-testing-co-ltd.f959dd8373a4b0a891e762a8f33e363a"
"2925","Jilin Zhongding Fire-fighting Maintenanc...","Other Schools and Instruction","Independent","Changchun, Jilin, China","https://dnb.com/business-directory/company-profiles/jilin-zhongding-fire-fighting-maintenance-inspection-and-testing-co-ltd.c01ba9c6720621cc480a73cab144e1a2"
"2926","Shenzhen Guangren Fire-fighting Inspecti...","Professional and Commercial Equipment and Supplies Merchant Wholesalers","Independent","Shenzhen, Guangdong, China","https://dnb.com/business-directory/company-profiles/shenzhen-guangren-fire-fighting-inspection-and-testing-maintenance-technology-co--ltd.c9348670da9cacc307b0ef6c16a65edf"
"2927","Beijing Baofeng Xiangtong Fire-fighting ...","Business Support Services","Independent","Beijing, Beijing, China","https://dnb.com/business-directory/company-profiles/beijing-baofeng-xiangtong-fire-fighting-technology-inspection-and-testing-coltd.c5025e2c408a1e10b3d06a68a2d9b90c"
"2928","Hubei Saifu Fire-fighting Safety Inspect...","Business Support Services","Parent","Wuhan, Hubei, China","https://dnb.com/business-directory/company-profiles/hubei-saifu-fire-fighting-safety-inspection-and-testing-co-ltd.db92907680d849a10a01181cdd7529b4"
"2929","Tangshan Haisheng Fire-fighting Equipmen...","Business Support Services","Subsidiary","Tangshan, Hebei, China","https://dnb.com/business-directory/company-profiles/tangshan-haisheng-fire-fighting-equipment-inspection-and-testing-co-ltd.e67fa08477be59ab0d8a5e2efbbf5bc4"
"2930","Wuhan Buyuan Fire-fighting Technology In...","Business Support Services","Subsidiary","Wuhan, Hubei, China","https://dnb.com/business-directory/company-profiles/wuhan-buyuan-fire-fighting-technology-inspection-and-testing-co-ltd.8b4be71c188800efdc08d484e9f4f2aa"
"2931","Shanxi Wanpeng Fire-fighting Facility In...","Business Support Services","Parent","Taiyuan, Shanxi, China","https://dnb.com/business-directory/company-profiles/shanxi-wanpeng-fire-fighting-facility-inspection--testing-coltd.3f7c43fafcf8f11b3aa8a27117f348e0"
"2932","Hunan Shihe Fire-Fighting Facility Maint...","Business Support Services","Independent","Changsha, Hunan, China","https://dnb.com/business-directory/company-profiles/hunan-shihe-fire-fighting-facility-maintenance-inspection-and-testing-co-ltd.24c60c86774ad4a39ce9deb62ac187d6"
"2933","Tibet Shenhui Fire-Fighting Inspection &...","Business Support Services","Independent","Lhasa, Xizang, China","https://dnb.com/business-directory/company-profiles/tibet-shenhui-fire-fighting-inspection--testing-coltd.5a0c16fae1dd635a0f6aa399f60d5456"
"2934","Hebei Shuilifang Fire-fighting Safety In...","Business Support Services","Independent","Langfang, Hebei, China","https://dnb.com/business-directory/company-profiles/hebei-shuilifang-fire-fighting-safety-inspection-and-testing-co-ltd.a7238ee204ef7540ec893292dc6f097d"
"2935","Tangshan Security Fire-Fighting Inspecti...","Business Support Services","Independent","Qianan, Hebei, China","https://dnb.com/business-directory/company-profiles/tangshan-security-fire-fighting-inspection--testing-co-ltd.af54e9edae9ff85bb32cc322dc3f4012"
"2936","OHIO FIRE SAFETY INSPECTION AND TESTING ...","Business Support Services","Independent","Canton, OH, United States","https://dnb.com/business-directory/company-profiles/ohio-fire-safety-inspection-and-testing-llc.4e10c617e0f39090094939f6b2307896"
"2937","MUNICIPAL FIRE INSPECTION SERVICES LLC","Business Support Services","Independent","Delavan, WI, United States","https://dnb.com/business-directory/company-profiles/municipal-fire-inspection-services-llc.e2091a8c332c648b3c4d66c965298e58"
"2938","Carolina fire alarm inspection company l...","Business Support Services","Independent","Batesburg Leesville, SC, United States","https://dnb.com/business-directory/company-profiles/carolina-fire-alarm-inspection-company-llp.2612da5e3d28845859fe9a2884cc634c"
"2939","Shandong Runsen Fire-fighting Inspection...","Business Support Services","Independent","Qingdao, Shandong, China","https://dnb.com/business-directory/company-profiles/shandong-runsen-fire-fighting-inspection-and-testing-co-ltd.7f0abc9125912ba54f64ce3b622b395b"
"2940","Fujian Minxiang Fire-fighting Inspection...","Business Support Services","Independent","Zhangzhou, Fujian, China","https://dnb.com/business-directory/company-profiles/fujian-minxiang-fire-fighting-inspection-and-testing-co-ltd.df8525f88a6a133d53b10cea6b82ee5d"
"2941","Fire Door Inspection Canada Corp","Architectural, Engineering, and Related Services","Independent","Barrie, ON, Canada","https://dnb.com/business-directory/company-profiles/fire-door-inspection-canada-corp.bdd6260edc57b277b53b2657f263e2af"
"2942","Xining Hua'an Fire-fighting Inspection &...","Business Support Services","Independent","Xining, Qinghai, China","https://dnb.com/business-directory/company-profiles/xining-huaan-fire-fighting-inspection--testing-coltd.1c26c592970759f25ca2eb72b7e3024a"
"2943","Sichuan Huayao Fire-fighting Inspection ...","Business Support Services","Independent","Chengdu, Sichuan, China","https://dnb.com/business-directory/company-profiles/sichuan-huayao-fire-fighting-inspection-and-testing-co-ltd.322d2dad3b78bd53e43e4267bdd8da1d"
"2944","Shaoxing Anke Fire-Fighting Inspection &...","Business Support Services","Independent","Shaoxing, Zhejiang, China","https://dnb.com/business-directory/company-profiles/shaoxing-anke-fire-fighting-inspection--testing-coltd.ebf7041099a6bed3989affcad265aa07"
"2945","Henan Tongtai Fire-fighting Facility Ins...","Business Support Services","Independent","Zhengzhou, Henan, China","https://dnb.com/business-directory/company-profiles/henan-tongtai-fire-fighting-facility-inspection-and-testing-co-ltd.40ec96f4fc1bd4a229e5d861d3c6bb99"
"2946","Beijing Shengding Haohan Fire-fighting S...","Business Support Services","Independent","Beijing, Beijing, China","https://dnb.com/business-directory/company-profiles/beijing-shengding-haohan-fire-fighting-safety-inspection-and-testing-co-ltd.65c69732ebac6d8979c1b9176df1158b"
"2947","Bengbu Zhucheng Fire-Fighting Inspection...","Architectural, Engineering, and Related Services","Independent","Bengbu, Anhui, China","https://dnb.com/business-directory/company-profiles/bengbu-zhucheng-fire-fighting-inspection--testing-service-coltd.1b86cbb845bcbe486cab37833ddb7ac8"
"2948","Hebei Dedun Fire-fighting Facility Inspe...","Business Support Services","Independent","Langfang, Hebei, China","https://dnb.com/business-directory/company-profiles/hebei-dedun-fire-fighting-facility-inspection-and-testing-technology-service-co-ltd.bd681762c1d5b0f43bf12cdc3fa75078"
"2949","Linyi Li'an Fire-fighting Inspection And...","Business Support Services","Independent","Linyi, Shandong, China","https://dnb.com/business-directory/company-profiles/linyi-lian-fire-fighting-inspection-and-testing-co-ltd.01ba3d1f217da735e84b942a7d89f9bc"
"2950","Huai'an Jing'an Fire-fighting Inspection...","Management, Scientific, and Technical Consulting Services","Independent","Huaian, Jiangsu, China","https://dnb.com/business-directory/company-profiles/huaian-jingan-fire-fighting-inspection--testing-technology-coltd.3db864a0cd586034303bdf79eda3d04e"
"2951","Jilin Youbang Fire-fighting Inspection A...","Business Support Services","Independent","Changchun, Jilin, China","https://dnb.com/business-directory/company-profiles/jilin-youbang-fire-fighting-inspection-and-testing-co-ltd.dc42f3191cc3042b356a5b323fee8589"
"2952","Liaoning Puruisheng Fire Fighting Detect...","Business Support Services","Independent","Shenyang, Liaoning, China","https://dnb.com/business-directory/company-profiles/liaoning-puruisheng-fire-fighting-detection-co-ltd.b1bd5587f00117b653498223eda6def7"
"2953","Liaoning Yilong Fire-fighting Engineerin...","Architectural, Engineering, and Related Services","Independent","Fushun, Liaoning, China","https://dnb.com/business-directory/company-profiles/liaoning-yilong-fire-fighting-engineering-inspection-co-ltd.ea6f5f81236507f10021e859929f2d7b"
"2954","Shaanxi Yongli Electric Fire-fighting Sa...","Business Support Services","Independent","Xi'an, Shaanxi, China","https://dnb.com/business-directory/company-profiles/shaanxi-yongli-electric-fire-fighting-safety-inspection--testing-coltd.6b76d88cfaf8a2d9b9ff5209827ac9a6"
"2955","Hunan Hui'an Fire-fighting Inspection & ...","Specialized Design Services","Independent","Changsha, Hunan, China","https://dnb.com/business-directory/company-profiles/hunan-huian-fire-fighting-inspection--testing-coltd.b154ba92e199ba87643154855c59d209"
"2956","Sichuan Chuanqing Construction Fire-figh...","Business Support Services","Independent","Chengdu, Sichuan, China","https://dnb.com/business-directory/company-profiles/sichuan-chuanqing-construction-fire-fighting-inspection-and-testing-co-ltd.054b0a96f2f821913442d296ed002dce"
"2957","Hebei Yuzhou Fire-fighting Facility Insp...","Business Support Services","Independent","Langfang, Hebei, China","https://dnb.com/business-directory/company-profiles/hebei-yuzhou-fire-fighting-facility-inspection-and-testing-service-co-ltd.65fb39f4e2cb79c82a2744a5518a9ab1"
"2958","Taizhou Xinji'an Fire-fighting Inspectio...","Architectural, Engineering, and Related Services","Independent","Taizhou, Zhejiang, China","https://dnb.com/business-directory/company-profiles/taizhou-xinjian-fire-fighting-inspection--testing-co-ltd.f402bc5f9635ddf1cb605d60d82adc3d"
"2959","Beijing Hongren Fire-fighting Safety Ins...","Business Support Services","Independent","Beijing, Beijing, China","https://dnb.com/business-directory/company-profiles/beijing-hongren-fire-fighting-safety-inspection-and-testing-co-ltd.49342d8ef19133913d096cc5728c0afb"
"2960","Xichuan County Yuze Fire-fighting Safety...","Architectural, Engineering, and Related Services","Subsidiary","China","https://dnb.com/business-directory/company-profiles/xichuan-county-yuze-fire-fighting-safety-inspection-and-testing-co-ltd.e077b7bd2d577423ed75f0594541bae6"
"2961","Liaoning Aoruida Fire-fighting Inspectio...","Business Support Services","Independent","Dalian, Liaoning, China","https://dnb.com/business-directory/company-profiles/liaoning-aoruida-fire-fighting-inspection-and-testing-co-ltd.af8f49d03f23884ec90942730d1108ae"
"2962","Beijing Jingjian Xinqi Fire Control Safe...","Other Professional, Scientific, and Technical Services","Independent","Beijing, Beijing, China","https://dnb.com/business-directory/company-profiles/beijing-jingjian-xinqi-fire-control-safety-inspection-limited.eeed1ffdd9b1ce6bc8a58f3527dde12e"
"2963","Ningbo Hongye Fire-fighting Inspection A...","Business Support Services","Independent","Ningbo, Zhejiang, China","https://dnb.com/business-directory/company-profiles/ningbo-hongye-fire-fighting-inspection-and-testing-co-ltd.bb0018121882d3b482d73cc16efdb035"
"2964","Hangzhou Longhua Fire-Fighting Inspectio...","Architectural, Engineering, and Related Services","Independent","Hangzhou, Zhejiang, China","https://dnb.com/business-directory/company-profiles/hangzhou-longhua-fire-fighting-inspection--testing-coltd.9dc2421ceb8face445a8fcb1ad14bd63"
"2965","TRINITY FIRE DOOR INSPECTION LLC","Business Support Services","Independent","York, ME, United States","https://dnb.com/business-directory/company-profiles/trinity-fire-door-inspection-llc.d77d6801a9db3671997e534f02a33444"
"2966","Fire Inspection Safety Services LLC","Business Support Services","Independent","Aurora, CO, United States","https://dnb.com/business-directory/company-profiles/fire-inspection-safety-services-llc.b4ae249368661ea9d30bea190209b1c8"
"2967","ABC Fire Fighting Equipment","Machinery, Equipment, and Supplies Merchant Wholesalers","Independent","Houston, TX, United States","https://dnb.com/business-directory/company-profiles/abc-fire-fighting-equipment.8f29dc15e390027422703813806204e2"
"2968","Shandong Xinmao Fire Fighting Technical ...","Business Support Services","Independent","Jinan, Shandong, China","https://dnb.com/business-directory/company-profiles/shandong-xinmao-fire-fighting-technical-service-co-ltd.73e15ee160d1ba7b91dd0c4c6592e6d3"
"2969","Hebei Bai'an Fire-fighting Facility Insp...","Business Support Services","Independent","Langfang, Hebei, China","https://dnb.com/business-directory/company-profiles/hebei-baian-fire-fighting-facility-inspection-and-testing-co-ltd.2ba2b8db452c945544a236dbe5295d61"
"2970","Shenzhen Jiu'an Fire-fighting Electric I...","Business Support Services","Independent","Shenzhen, Guangdong, China","https://dnb.com/business-directory/company-profiles/shenzhen-jiuan-fire-fighting-electric-inspection-and-testing-co-ltd.d3e453427db0dba63c5b43125f8dd8b2"
"2971","Luzhou Hengrui Fire-fighting Engineering...","Business Support Services","Independent","Luzhou, Sichuan, China","https://dnb.com/business-directory/company-profiles/luzhou-hengrui-fire-fighting-engineering-inspection-co-ltd.54e15e1ce4d09f03a2480f1bae5bb7f1"
"2972","Hebei Kangzheng Fire-fighting Inspection...","Business Support Services","Parent","Shijiazhuang, Hebei, China","https://dnb.com/business-directory/company-profiles/hebei-kangzheng-fire-fighting-inspection-and-testing-technology-service-co-ltd.7094f5917ce8cf67e3ac562992215f9b"
"2973","Shandong Dening Fire-fighting Inspection...","Business Support Services","Subsidiary","Dezhou, Shandong, China","https://dnb.com/business-directory/company-profiles/shandong-dening-fire-fighting-inspection-and-testing-co-ltd.9676edc228d7d2dcd2928d41f1b88c68"
"2974","Qiqihar Shengda Fire-fighting Facility I...","Business Support Services","Independent","Qiqihar, Heilongjiang, China","https://dnb.com/business-directory/company-profiles/qiqihar-shengda-fire-fighting-facility-inspection-and-testing-co-ltd.faad761058884410a9a3258fcb320bb9"
"2975","HA NOI FIRE PREVENTION EQUIPMENT INSPECT...","Architectural, Engineering, and Related Services","Independent","Ha Noi, Ha Noi, Vietnam","https://dnb.com/business-directory/company-profiles/ha-noi-fire-prevention-equipment-inspection-joint-stock-company.3d6c495a26735072d38fc90cde884f8e"
"2976","Liaoning Xinsheng Fire-fighting Inspecti...","Business Support Services","Independent","Fushun, Liaoning, China","https://dnb.com/business-directory/company-profiles/liaoning-xinsheng-fire-fighting-inspection-and-testing-technology-consulting-co-ltd.e4f8e28d71c97b37f04617f069294fd9"
"2977","Sichuan Chengda Fire-fighting Safety Ins...","Business Support Services","Independent","Guangyuan, Sichuan, China","https://dnb.com/business-directory/company-profiles/sichuan-chengda-fire-fighting-safety-inspection-and-testing-co-ltd.a3ac121c7d80bbdd5c27ae47e9a0c555"
"2978","Zhejiang Ansheng Firefighting Inspection...","Business Support Services","Independent","Shaoxing, Zhejiang, China","https://dnb.com/business-directory/company-profiles/zhejiang-ansheng-firefighting-inspection-and-testing-co-ltd.83db753f93dbf2862a82216ef85839d1"
"2979","Zhangjiakou Yong'an Fire-Fighting Facili...","Building Equipment Contractors","Independent","Zhangjiakou, Hebei, China","https://dnb.com/business-directory/company-profiles/zhangjiakou-yongan-fire-fighting-facility-inspection--testing-coltd.5e0a39fc2c042b919adb67434356d0ef"
"2980","Changli Haifeng Fire-fighting Engineerin...","Business Support Services","Independent","Qinhuangdao, Hebei, China","https://dnb.com/business-directory/company-profiles/changli-haifeng-fire-fighting-engineering-inspection-co-ltd.c9f7a1e352a8c17160d8975f7748fff0"
"2981","Zhangjiakou Minxin Fire-fighting Inspect...","Business Support Services","Independent","Zhangjiakou, Hebei, China","https://dnb.com/business-directory/company-profiles/zhangjiakou-minxin-fire-fighting-inspection-and-testing-service-co-ltd.8f2562e64a6c8805731bab50e7c7268f"
"2982","Zhejiang Yuntong Fire-fighting Safety In...","Business Support Services","Independent","Shaoxing, Zhejiang, China","https://dnb.com/business-directory/company-profiles/zhejiang-yuntong-fire-fighting-safety-inspection-and-testing-co-ltd.8634e12cf99a9be0eb6108f9fd6b9dc1"
"2983","Zhejiang Zhengye Fire-fighting Inspectio...","Business Support Services","Independent","Hangzhou, Zhejiang, China","https://dnb.com/business-directory/company-profiles/zhejiang-zhengye-fire-fighting-inspection--testing-coltd.ec6de32baab2d908bb6888da3b16430b"
"2984","Hebei Qingmiao Fire-fighting Facility In...","Business Support Services","Independent","Hengshui, Hebei, China","https://dnb.com/business-directory/company-profiles/hebei-qingmiao-fire-fighting-facility-inspection-and-testing-service-co-ltd.1c3412a61c24677aeb30dad8ab8dd01f"
"2985","Gansu Chengyan Intelligent Inspection Fi...","Other Professional, Scientific, and Technical Services","Independent","Hezuo, Gansu, China","https://dnb.com/business-directory/company-profiles/gansu-chengyan-intelligent-inspection-fire-protection-technology-service-co-ltd.4dd9dda02071a571f92af74234de96d0"
"2986","Liaoning Shunda Fire-fighting Facility I...","Business Support Services","Independent","Jinzhou, Liaoning, China","https://dnb.com/business-directory/company-profiles/liaoning-shunda-fire-fighting-facility-inspection-and-testing-co-ltd.fc31109a6a1aaea849a6c9eb09d3f7df"
"2987","ESCAPE Fire & Safety Services, Inc.","Management, Scientific, and Technical Consulting Services","Independent","Kalamazoo, MI, United States","https://dnb.com/business-directory/company-profiles/escape-fire--safety-services-inc.f62fc5e585e88ab5766f6ca9ff432d75"
"2988","Chengdu Deruijia Fire-fighting Equipment...","Business Support Services","Independent","Chengdu, Sichuan, China","https://dnb.com/business-directory/company-profiles/chengdu-deruijia-fire-fighting-equipment-inspection-and-testing-co-ltd.113e9f6897a57ac824fe4c59995fe822"
"2989","Jiangxi Hao'an Fire-fighting Facility Ma...","Business Support Services","Independent","Nanchang, Jiangxi, China","https://dnb.com/business-directory/company-profiles/jiangxi-haoan-fire-fighting-facility-maintenance-inspection-and-testing-co-ltd.460b59102877aa31c5c08d485b6c3bf7"
"2990","Sichuan Hongteng Fire-fighting Technolog...","Facilities Support Services","Independent","Chengdu, Sichuan, China","https://dnb.com/business-directory/company-profiles/sichuan-hongteng-fire-fighting-technology-inspection--testing-coltd.796b4103ba4337fab04cc075d9f4b635"
"2991","Qinghai Haiti Construction Fire-Fighting...","Architectural, Engineering, and Related Services","Independent","Xining, Qinghai, China","https://dnb.com/business-directory/company-profiles/qinghai-haiti-construction-fire-fighting-inspection--testing-co-ltd.703bd9701476308a340646a098b08fca"
"2992","FLORIDA FIRE INSPECTION CONSULTANTS, LLC","Management, Scientific, and Technical Consulting Services","Independent","Miami, FL, United States","https://dnb.com/business-directory/company-profiles/florida-fire-inspection-consultants-llc.b3e56375ee17851842681ad50ffc273e"
"2993","Chengdu Chuanyu Fire-fighting Safety Tec...","Business Support Services","Independent","Chengdu, Sichuan, China","https://dnb.com/business-directory/company-profiles/chengdu-chuanyu-fire-fighting-safety-technology-inspection-and-testing-co-ltd.5716b25d1db5c8a857d3eb031687f5d4"
"2994","Liaoning Zhenghong Firefighting Inspecti...","Business Support Services","Independent","Shenyang, Liaoning, China","https://dnb.com/business-directory/company-profiles/liaoning-zhenghong-firefighting-inspection-and-testing-co-ltd.832d6bf612fd9c4d602f498ed64b99b7"
"2995","Jiangxi Anke Technology Testing Co., Ltd...","Other Support Services","Independent","Nanchang, Jiangxi, China","https://dnb.com/business-directory/company-profiles/jiangxi-anke-technology-testing-co-ltd.4b96a7ec2c823ccce98dbe6e01977e93"
"2996","Pucheng County Huaxiao Fire Inspection C...","Residential Building Construction","Independent","Weinan, Shaanxi, China","https://dnb.com/business-directory/company-profiles/pucheng-county-huaxiao-fire-inspection-co-ltd.86e34a7f20c69a8ed175bf9a37d424ef"
"2997","Panjin Construction Fire-Fighting Facili...","Architectural, Engineering, and Related Services","Independent","Panjin, Liaoning, China","https://dnb.com/business-directory/company-profiles/panjin-construction-fire-fighting-facility-inspection--testing-coltd.37db10f054537065a62e328ad44194cc"
"2998","Hebei Zhuo'an Fire-fighting Inspection A...","Business Support Services","Independent","Shijiazhuang, Hebei, China","https://dnb.com/business-directory/company-profiles/hebei-zhuoan-fire-fighting-inspection-and-testing-service-co-ltd.8015894d2752ba7368217ffdceed8cc6"
"2999","Yangzhou Ping'an Electric Fire-Fighting ...","Management, Scientific, and Technical Consulting Services","Independent","Yangzhou, Jiangsu, China","https://dnb.com/business-directory/company-profiles/yangzhou-pingan-electric-fire-fighting-inspection--testing-co-ltd.85fab07c9091fbe41b32c6154ab4a1e9"
"3000","FIRE ESCAPE INSPECTION SERVICE","Other Professional, Scientific, and Technical Services","Parent","Somerville, MA, United States","https://dnb.com/business-directory/company-profiles/fire-escape-inspection-service.9e02ef0424e7db267f85a2f01cc47c95"
"3001","Henan Guotai Construction Fire-Fighting ...","Management, Scientific, and Technical Consulting Services","Independent","Zhengzhou, Henan, China","https://dnb.com/business-directory/company-profiles/henan-guotai-construction-fire-fighting-facility-inspection--testing-coltd.7ae2e180e9c70332a2781a59aaca7f54"
"3002","Shandong Xiang'an Construction Co., Ltd","Business Support Services","Independent","Zaozhuang, Shandong, China","https://dnb.com/business-directory/company-profiles/shandong-xiangan-construction-co-ltd.ffdc007b6f2dd187739f933a819cd485"
"3003","Hunan Jingrun Architecture Engineering C...","Personal and Household Goods Repair and Maintenance","Independent","Changsha, Hunan, China","https://dnb.com/business-directory/company-profiles/hunan-jingrun-architecture-engineering-co-ltd.9e306c5575817fbbc46a65fb540e1d59"
"3004","Shanxi Yonghong Automatic Fire-fighting ...","Architectural, Engineering, and Related Services","Independent","Changzhi, Shanxi, China","https://dnb.com/business-directory/company-profiles/shanxi-yonghong-automatic-fire-fighting-facility-inspection--testing-co-ltd.d4de0f908110d538f0534b1fe4451c1c"
"3005","Guangdong Xinhaoyan Fire-fighting Inspec...","Business Support Services","Independent","Guangzhou, Guangdong, China","https://dnb.com/business-directory/company-profiles/guangdong-xinhaoyan-fire-fighting-inspection-and-testing-co-ltd.aae193a11624ef35bab3112cdc92afaa"
"3006","Nantong Ming'an Fire-fighting Inspection...","Other Fabricated Metal Product Manufacturing","Independent","Rugao, Jiangsu, China","https://dnb.com/business-directory/company-profiles/nantong-mingan-fire-fighting-inspection-and-testing-co-ltd.8e98872be7b34b9bd3495e1d236f0f47"
"3007","Harbin Hongxing Fire-fighting Engineerin...","Other Professional, Scientific, and Technical Services","Independent","Harbin, Heilongjiang, China","https://dnb.com/business-directory/company-profiles/harbin-hongxing-fire-fighting-engineering-inspection-coltd.104e657ead4e2324321514be73b9a821"
"3008","Quzhou Yuejia Property Management Co., L...","Lessors of Real Estate","Independent","Quzhou, Zhejiang, China","https://dnb.com/business-directory/company-profiles/quzhou-yuejia-property-management-co-ltd.1d539962fb23b116160e98cdfd430f9f"
"3009","Shaanxi Lanjian Fire-Fighting Inspection...","Other Professional, Scientific, and Technical Services","Independent","Xi'an, Shaanxi, China","https://dnb.com/business-directory/company-profiles/shaanxi-lanjian-fire-fighting-inspection--testing-management-consulting-co-lt-d.5cdf9a10e44d96c0c408798966860712"
"3010","Daqing Fire-Fighting Facility Inspection...","Architectural, Engineering, and Related Services","Independent","Daqing, Heilongjiang, China","https://dnb.com/business-directory/company-profiles/daqing-fire-fighting-facility-inspection--testing-co-ltd.60edd90b376890d2e3ff197fde8a4a67"
"3011","Chongqing Keda Engineering Detection Con...","Management, Scientific, and Technical Consulting Services","Independent","Chongqing, Chongqing, China","https://dnb.com/business-directory/company-profiles/chongqing-keda-engineering-detection-consulting-(group)-co-ltd.3622ac9f689472f6651ce591e70378ab"
"3012","Hebei Xinyu Fire-fighting Facility Inspe...","Business Support Services","Independent","Handan, Hebei, China","https://dnb.com/business-directory/company-profiles/hebei-xinyu-fire-fighting-facility-inspection-and-testing-co-ltd.02c9ba023cf87341bd335fbd8c0c7abe"
"3013","Zhejiang Jintiande Fire-fighting Inspect...","Business Support Services","Independent","Shengzhou, Zhejiang, China","https://dnb.com/business-directory/company-profiles/zhejiang-jintiande-fire-fighting-inspection-and-testing-co-ltd.bfa68fbaf4fedd03db5ddbc6952c5cdd"
"3014","Jiangxi Taihexiang Fire-fighting Inspect...","Business Support Services","Independent","Nanchang, Jiangxi, China","https://dnb.com/business-directory/company-profiles/jiangxi-taihexiang-fire-fighting-inspection-and-testing-evaluation-co-ltd.cad133449ce05199c22a262f725ece90"
"3015","Tianjin Jingpengda Electric Fire-fightin...","Business Support Services","Independent","Tianjin, Tianjin, China","https://dnb.com/business-directory/company-profiles/tianjin-jingpengda-electric-fire-fighting-safety-inspection--testing-coltd.16f91a2c514c505be306771cdc4f528c"
"3016","Jiangxi Zhongqiang Fire Fighting Safety ...","Specialized Design Services","Independent","Nanchang, Jiangxi, China","https://dnb.com/business-directory/company-profiles/jiangxi-zhongqiang-fire-fighting-safety-inspection-co-ltd.1669603bc503e2d7dde5b4b5f17c6bc0"
"3017","FIRE DOOR TRAINING AND INSPECTION LIMITE...","Building Equipment Contractors","Independent","DURHAM, England, United Kingdom","https://dnb.com/business-directory/company-profiles/fire-door-training-and-inspection-limited.8a881550985e7ae761b6c6597b938c36"
"3018","Jiangxi Min'an Fire-fighting Facility In...","Business Support Services","Parent","Shangrao, Jiangxi, China","https://dnb.com/business-directory/company-profiles/jiangxi-minan-fire-fighting-facility-inspection-and-testing-co-ltd.bdab18a925ea1d132049d5e8c9f26b05"
"3019","Shanxi Haixiang Fire Inspection Center (...","Other Professional, Scientific, and Technical Services","Parent","Taiyuan, Shanxi, China","https://dnb.com/business-directory/company-profiles/shanxi-haixiang-fire-inspection-center-(co-ltd).cfcfae6ecc0719f62c773b397d42f643"
"3020","Jilin Hengtong Weiye Fire-Fighting Facil...","Business Support Services","Parent","Liaoyuan, Jilin, China","https://dnb.com/business-directory/company-profiles/jilin-hengtong-weiye-fire-fighting-facility-inspection-and-testing-co-ltd.c53b7a6613d6b621c97d27c53f5c49ec"
"3021","Jinhua Landun Fire-fighting Inspection &...","Business Support Services","Subsidiary","Jinhua, Zhejiang, China","https://dnb.com/business-directory/company-profiles/jinhua-landun-fire-fighting-inspection--testing-service-co-ltd.e9cce76d4bda4b47bd13d742a986692a"
"3022","Ningxia Xiang'an Fire-fighting Equipment...","Business Support Services","Independent","Guyuan, Ningxia, China","https://dnb.com/business-directory/company-profiles/ningxia-xiangan-fire-fighting-equipment-inspection-and-testing-service-co-ltd.9aeec9a03f293795d550f054d3571ff1"
"3023","Yunnan Zhongkong Fireproof Material Insp...","Business Support Services","Independent","Kunming, Yunnan, China","https://dnb.com/business-directory/company-profiles/yunnan-zhongkong-fireproof-material-inspection-co-ltd.d7a5c60ac7509ad559804a38d26b1c42"
"3024","Liaoning Mingke Fire Fighting Maintenanc...","Business Support Services","Independent","Anshan, Liaoning, China","https://dnb.com/business-directory/company-profiles/liaoning-mingke-fire-fighting-maintenance-maintenance-detection-co-ltd.843d02c469f32b1c22aeb789c1d3021c"
"3025","Hubei Yongtuo Fire-fighting Facility Ins...","Business Support Services","Independent","Shiyan, Hubei, China","https://dnb.com/business-directory/company-profiles/hubei-yongtuo-fire-fighting-facility-inspection-and-testing-maintenance-co-ltd.fe325bb89f20e4084d6005c265d7344b"
"3026","Henan Yutai Fire-fighting Inspection And...","Business Support Services","Independent","Zhengzhou, Henan, China","https://dnb.com/business-directory/company-profiles/henan-yutai-fire-fighting-inspection-and-testing-co-ltd.411878b100575acc7437cfee65bf0746"
"3027","Shenzhen Pengrui Electric Fire-fighting ...","Business Support Services","Independent","Shenzhen, Guangdong, China","https://dnb.com/business-directory/company-profiles/shenzhen-pengrui-electric-fire-fighting-safety-inspection-and-testing-co-ltd.15d0142bacfc7993576839a435735f79"
"3028","Henan Wan'an Fire-fighting Engineering I...","Business Support Services","Independent","Pingdingshan, Henan, China","https://dnb.com/business-directory/company-profiles/henan-wanan-fire-fighting-engineering-inspection-co-ltd.ba67ffffa84682d0838afde7d16a53ad"
"3029","Sichuan Lejia Fire-fighting Facility Ins...","Business Support Services","Independent","Chengdu, Sichuan, China","https://dnb.com/business-directory/company-profiles/sichuan-lejia-fire-fighting-facility-inspection-and-testing-co-ltd.4eb03b9c4b67a91c708955386d06a6ce"
"3030","Zhenjiang Yongtai Fire-fighting Inspecti...","Architectural, Engineering, and Related Services","Independent","Zhenjiang, Jiangsu, China","https://dnb.com/business-directory/company-profiles/zhenjiang-yongtai-fire-fighting-inspection--testing-coltd.375e6aaf693f0118d5f8afdd9aa9da9a"
"3031","Shanxi Jinxiaoda Fire-fighting Facility ...","Business Support Services","Independent","Taiyuan, Shanxi, China","https://dnb.com/business-directory/company-profiles/shanxi-jinxiaoda-fire-fighting-facility-inspection--testing-coltd.e90f2f39d84c49ac7221f397d45df7a3"
"3032","Shenzhen Jing'an Electric Fire-fighting ...","Business Support Services","Independent","Shenzhen, Guangdong, China","https://dnb.com/business-directory/company-profiles/shenzhen-jingan-electric-fire-fighting-safety-inspection-and-testing-co-ltd.2eef598f6118a2c5ab8dce47d8cb14e6"
"3033","Liaoning Security Fire-fighting Inspecti...","Business Support Services","Independent","Jinzhou, Liaoning, China","https://dnb.com/business-directory/company-profiles/liaoning-security-fire-fighting-inspection--testing-co-ltd.9b8a840fef52f142afe21d8f1f5f5150"
"3034","Jiangxi Dongsheng Fire Fighting Engineer...","Specialized Design Services","Subsidiary","Shangrao, Jiangxi, China","https://dnb.com/business-directory/company-profiles/jiangxi-dongsheng-fire-fighting-engineering-installation-co-ltd.b913cd797264e77da94d30af024100e8"
"3035","Sichuan Tianzheng Metallurgy Fireproof M...","Business Support Services","Independent","Deyang, Sichuan, China","https://dnb.com/business-directory/company-profiles/sichuan-tianzheng-metallurgy-fireproof-materials-inspection-and-testing-coltd.cff7c535070d8989a5f2efbc1ed0a22b"
"3036","Zigong Yuhong Fire Protection Facilities...","Business Support Services","Independent","Zigong, Sichuan, China","https://dnb.com/business-directory/company-profiles/zigong-yuhong-fire-protection-facilities-inspection-co-ltd.e67b5f808d8461885578849c904595d9"
"3037","Shenzhen Jun'an Electric Fire-fighting I...","Management, Scientific, and Technical Consulting Services","Independent","Shenzhen, Guangdong, China","https://dnb.com/business-directory/company-profiles/shenzhen-junan-electric-fire-fighting-inspection--testing-coltd.5c6c16d12342e54103e08970b6a847a4"
"3038","Chongqing Haiyu Fire-fighting Inspection...","Business Support Services","Independent","Chongqing, Chongqing, China","https://dnb.com/business-directory/company-profiles/chongqing-haiyu-fire-fighting-inspection--testing-coltd.c87cf44c6b2ccf22207fbbfc0d32a0ff"
"3039","Beijing Xinmiao Runze Fire-fighting Faci...","Business Support Services","Independent","Beijing, Beijing, China","https://dnb.com/business-directory/company-profiles/beijing-xinmiao-runze-fire-fighting-facility-inspection--testing-coltd.c5a3d5d02a57391d47558cce8f0b6738"
"3040","Henan Hong'an Fire-fighting Inspection A...","Machinery, Equipment, and Supplies Merchant Wholesalers","Parent","Hebi, Henan, China","https://dnb.com/business-directory/company-profiles/henan-hongan-fire-fighting-inspection-and-testing-technology-co-ltd.ff6a5df5abbdea9cf2ffeb6fdc905ef2"
"3041","Hebei Xinlebang Construction Fire-fighti...","Business Support Services","Independent","Shijiazhuang, Hebei, China","https://dnb.com/business-directory/company-profiles/hebei-xinlebang-construction-fire-fighting-inspection-and-testing-co-ltd.c9c1fb7ee1cc8514c1d1a7df597e34dd"
"3042","Hainan Yujie Fire Inspection Service Co....","Business Support Services","Independent","Qionghai, Hainan, China","https://dnb.com/business-directory/company-profiles/hainan-yujie-fire-inspection-service-co-ltd.0b96b524bd7cb5bab4d143023fcb2f88"
"3043","Wuhan Diyishao Fire-Fighting Engineering...","Architectural, Engineering, and Related Services","Independent","Wuhan, Hubei, China","https://dnb.com/business-directory/company-profiles/wuhan-diyishao-fire-fighting-engineering-technology-inspection--testing-co-l-td.8806a26dd36718e0caa109bef8762014"
"3044","Shanxi Yicheng Fire-fighting Facility In...","Other Personal Services","Independent","Taiyuan, Shanxi, China","https://dnb.com/business-directory/company-profiles/shanxi-yicheng-fire-fighting-facility-inspection--testing-coltd.15186dc03b89a8bc3a3d47c1c05bc5c0"
"3045","Linfen Tiansui Fire-fighting Electric In...","RV (Recreational Vehicle) Parks and Recreational Camps","Independent","Linfen, Shanxi, China","https://dnb.com/business-directory/company-profiles/linfen-tiansui-fire-fighting-electric-inspection--testing-co-ltd.e5538729d74bcbc36cfb48d3cc3e3869"
"3046","Beijing Haian Boda Electric Fire-fightin...","Architectural, Engineering, and Related Services","Independent","Beijing, Beijing, China","https://dnb.com/business-directory/company-profiles/beijing-haian-boda-electric-fire-fighting-safety-inspection--testing-co-ltd.7540adb47519db8ae1198126487327d3"
"3047","Gansu Aomin Fire-Fighting Inspection & T...","Other Professional, Scientific, and Technical Services","Independent","Lanzhou, Gansu, China","https://dnb.com/business-directory/company-profiles/gansu-aomin-fire-fighting-inspection--testing-technology-co-ltd.475969493574d6257bef38867d9249f9"
"3048","Hebei Aorun Fire-fighting Inspection And...","Business Support Services","Independent","Shijiazhuang, Hebei, China","https://dnb.com/business-directory/company-profiles/hebei-aorun-fire-fighting-inspection-and-testing-technology-service-co-ltd.ff6019b767dd8e85000652d320d847c3"
"3049","Liaoning Jiangtai Fire-fighting Inspecti...","Business Support Services","Independent","Shenyang, Liaoning, China","https://dnb.com/business-directory/company-profiles/liaoning-jiangtai-fire-fighting-inspection-and-testing-co-ltd.13864c44182a8bf67fb518a2a474bc81"
"3050","Shandong Rui'er Fire-fighting Inspection...","Business Support Services","Independent","Yantai, Shandong, China","https://dnb.com/business-directory/company-profiles/shandong-ruier-fire-fighting-inspection-and-testing-co-ltd.955097eeecaa18734126e644baeb5153"
"3051","Zhangjiakou Liaohai Fire-Fighting Safety...","Architectural, Engineering, and Related Services","Independent","Zhangjiakou, Hebei, China","https://dnb.com/business-directory/company-profiles/zhangjiakou-liaohai-fire-fighting-safety-inspection--testing-co-ltd.138a1674c633513cdabf908c8cca0181"
"3052","Zhouqu Tenglong Fire Fighting Equipment ...","Lawn and Garden Equipment and Supplies Retailers","Independent","Gannan Tibetan Autonomous Prefecture, Gansu, China","https://dnb.com/business-directory/company-profiles/zhouqu-tenglong-fire-fighting-equipment-maintenance-inspection-co-ltd.992a1ff73afd8e2253cb903242d879cf"
"3053","Shanghai Beiheng Fire-fighting Inspectio...","Business Support Services","Independent","Shanghai, Shanghai, China","https://dnb.com/business-directory/company-profiles/shanghai-beiheng-fire-fighting-inspection-and-testing-technology-center.b59194ec71156da25c1643c56e9e1048"
"3054","Inspection Fire LLC","Other Professional, Scientific, and Technical Services","Independent","Grand Junction, CO, United States","https://dnb.com/business-directory/company-profiles/inspection-fire-llc.3d18ee4316de637be0f6479207af8a4e"
"3055","Hainan Anfuye Fire-Fighting Inspection &...","Architectural, Engineering, and Related Services","Independent","Haikou, Hainan, China","https://dnb.com/business-directory/company-profiles/hainan-anfuye-fire-fighting-inspection--testing-installation-engineering-co-ltd.20f5c00513fb0345f8acd478f111e1da"
"3056","Hebei Sanxin Huarui Fire-Fighting Inspec...","Architectural, Engineering, and Related Services","Independent","Langfang, Hebei, China","https://dnb.com/business-directory/company-profiles/hebei-sanxin-huarui-fire-fighting-inspection--testing-co-ltd.88f991aa139f32906bc87d24f94f9d76"
"3057","Wenzhou Anke Fire-fighting Inspection & ...","Architectural, Engineering, and Related Services","Independent","Wenzhou, Zhejiang, China","https://dnb.com/business-directory/company-profiles/wenzhou-anke-fire-fighting-inspection--testing-co-ltd.d59a52a75d55fd0e0a2fb172203dff1c"
"3058","FIRE PROTECTION INSPECTION SERVICES, LLC","Building Equipment Contractors","Independent","Kalamazoo, MI, United States","https://dnb.com/business-directory/company-profiles/fire-protection-inspection-services-llc.8460e88e872ff3223a2b27f3e3c174c0"
"3059","Anhui Tairan Fire-fighting Consulting In...","Management, Scientific, and Technical Consulting Services","Independent","Maanshan, Anhui, China","https://dnb.com/business-directory/company-profiles/anhui-tairan-fire-fighting-consulting-inspection--testing-co-ltd.d34b40d8c5f4609ad53d8edab7ab039a"
"3060","Inner Mongolia Sentai Fire-fighting Safe...","Management, Scientific, and Technical Consulting Services","Independent","Hohhot, Inner Mongolia, China","https://dnb.com/business-directory/company-profiles/inner-mongolia-sentai-fire-fighting-safety-inspection-and-testing-co-ltd.159dd0f88607ed0b5839606301588436"
"3061","Sichuan Xinxin Fire-fighting Inspection ...","Business Support Services","Parent","Nanchong, Sichuan, China","https://dnb.com/business-directory/company-profiles/sichuan-xinxin-fire-fighting-inspection-and-testing-co-ltd.ed543e85c28cf77dd9868bb24111add2"
"3062","Hebei Ruitong Fire-fighting Inspection A...","Business Support Services","Subsidiary","Shijiazhuang, Hebei, China","https://dnb.com/business-directory/company-profiles/hebei-ruitong-fire-fighting-inspection-and-testing-service-co-ltd.e0f740546414ecf7c55203272ce30824"
"3063","Fujian Tejia Fire-fighting Inspection & ...","Business Support Services","Parent","Xiamen, Fujian, China","https://dnb.com/business-directory/company-profiles/fujian-tejia-fire-fighting-inspection--testing-coltd.45ebd292f861d63c411998732aeccc9a"
"3064","Sichuan Xiling Fire-fighting Safety Insp...","Business Support Services","Independent","Chengdu, Sichuan, China","https://dnb.com/business-directory/company-profiles/sichuan-xiling-fire-fighting-safety-inspection-and-testing-co-ltd.affb8b8f486c20c763d876127aeefa02"
"3065","Guangzhou Anbo Fire Inspection Co., Ltd","Business Support Services","Independent","Guangzhou, Guangdong, China","https://dnb.com/business-directory/company-profiles/guangzhou-anbo-fire-inspection-co-ltd.580354cb9fed676408fd65dd9dc45cb3"
"3066","Harbin Mingze Fire-fighting Engineering ...","Other Miscellaneous Retailers","Independent","Harbin, Heilongjiang, China","https://dnb.com/business-directory/company-profiles/harbin-mingze-fire-fighting-engineering-inspection-co-ltd.b05ce6dbab1f4a36a5f2f858f8b3ca3c"
"3067","Safe House Fire Safety & Inspection Serv...","Architectural, Engineering, and Related Services","Independent","Minneapolis, MN, United States","https://dnb.com/business-directory/company-profiles/safe-house-fire-safety--inspection-services-l-l-c.6db0714ba577cc0eb5098b9885b78f9b"
"3068","Chongqing Zizheng Fire Inspection Co., L...","Business Support Services","Independent","Chongqing, Chongqing, China","https://dnb.com/business-directory/company-profiles/chongqing-zizheng-fire-inspection-co-ltd.a03580f54f9bb5779d16f001f2469c09"
"3069","FIRE INSPECTION SERVICES, INC.","Architectural, Engineering, and Related Services","Independent","Oconomowoc, WI, United States","https://dnb.com/business-directory/company-profiles/fire-inspection-services-inc.0027fc9c32aa325c9dd119a93703571c"
"3070","Jilin Shengxiang Fire-fighting Safety In...","Business Support Services","Independent","Songyuan, Jilin, China","https://dnb.com/business-directory/company-profiles/jilin-shengxiang-fire-fighting-safety-inspection-and-testing-co-ltd.a8607cf389841a7fa9cb6e416bddabed"
"3071","Quzhou Yongyue Fire Inspection Co., Ltd","Business Support Services","Independent","Quzhou, Zhejiang, China","https://dnb.com/business-directory/company-profiles/quzhou-yongyue-fire-inspection-co-ltd.a331da171e61fbf1f41b8d41b10e9691"
"3072","Harbin Guoxin Fire Equipment Inspection ...","Other Professional, Scientific, and Technical Services","Independent","Harbin, Heilongjiang, China","https://dnb.com/business-directory/company-profiles/harbin-guoxin-fire-equipment-inspection-co-ltd.e27a14ac897f5163dfd6717531d2d8f3"
"3073","Fujian Zhong'an Fire Fighting Inspection...","Business Support Services","Independent","Sanming, Fujian, China","https://dnb.com/business-directory/company-profiles/fujian-zhongan-fire-fighting-inspection-detection-technology-co-ltd.8de2bc950b313b8d0235117d9b066087"
"3074","Anshan Xinyuan Fire-fighting Engineering...","Architectural, Engineering, and Related Services","Independent","Anshan, Liaoning, China","https://dnb.com/business-directory/company-profiles/anshan-xinyuan-fire-fighting-engineering-inspection-co-ltd.3d2cee1ab638ce60b51b31c9c01b2ea8"
"3075","Zhejiang Longzhen Fire Inspection Co., L...","Business Support Services","Independent","Wenzhou, Zhejiang, China","https://dnb.com/business-directory/company-profiles/zhejiang-longzhen-fire-inspection-co-ltd.20b6d9a7af782502615d4b5c727f6ce0"
"3076","Jilin Youyin Fire Inspection Co., Ltd","Business Support Services","Independent","Nongan County, Jilin, China","https://dnb.com/business-directory/company-profiles/jilin-youyin-fire-inspection-co-ltd.b4e4843511a5e5bb00736f300151c7f1"
"3077","Wuhan Xinke Zhongjian Fire-fighting Engi...","Business Support Services","Independent","Wuhan, Hubei, China","https://dnb.com/business-directory/company-profiles/wuhan-xinke-zhongjian-fire-fighting-engineering-technology-inspection--testingcoltd.501c1e7f3e136298f5b0e1dabac14a1a"
"3078","Jiangxi Shengxiyuan Digital Technology C...","Business Support Services","Independent","Nanchang, Jiangxi, China","https://dnb.com/business-directory/company-profiles/jiangxi-shengxiyuan-digital-technology-co-ltd.6c7491a665c5902777e18d7586d82268"
"3079","FIRE DOOR CONSULTING & INSPECTION SERVIC...","Architectural, Engineering, and Related Services","Independent","Moreno Valley, CA, United States","https://dnb.com/business-directory/company-profiles/fire-door-consulting--inspection-services-inc.aa51ee351437c1569e6411cd3ba64289"
"3080","Hubei Jingmen San'an Fire-fighting Inspe...","Business Support Services","Independent","Jingmen, Hubei, China","https://dnb.com/business-directory/company-profiles/hubei-jingmen-sanan-fire-fighting-inspection-and-testing-maintenance-co-ltd.677362fda586818606d528a88136f672"
"3081","SUPERIOR FIRE INSPECTION TESTING, LLC","Other Professional, Scientific, and Technical Services","Independent","Oklahoma City, OK, United States","https://dnb.com/business-directory/company-profiles/superior-fire-inspection-testing-llc.8d6918564583a63659a9788549590b36"
"3082","Guizhou Heng'an Fire-fighting Inspection...","Other Professional, Scientific, and Technical Services","Independent","Guiyang, Guizhou, China","https://dnb.com/business-directory/company-profiles/guizhou-hengan-fire-fighting-inspection--testing-coltd.cf8dce0588b6a3f526506754ebf0e6a7"
"3083","INSPECTION SERVICES AND FIRE PROTECTION,...","Building Equipment Contractors","Independent","Santa Rosa, CA, United States","https://dnb.com/business-directory/company-profiles/inspection-services-and-fire-protection-inc.b51326145c1877c686b81c99d74ec682"
"3084","Changsha Panlong Fire-Fighting Safety In...","Specialized Design Services","Independent","Changsha, Hunan, China","https://dnb.com/business-directory/company-profiles/changsha-panlong-fire-fighting-safety-inspection-and-testing-co-ltd.736663eacc03357d5f5d3fb9d6068d9b"
"3085","Changsha Funing Fire-fighting Inspection...","Business Support Services","Independent","Changsha, Hunan, China","https://dnb.com/business-directory/company-profiles/changsha-funing-fire-fighting-inspection-and-testing-co-ltd.98fbd4fc446c7d9c79aa5ac98e75fa0a"
"3086","Sichuan Hongtao Electric Fire-fighting S...","Business Support Services","Independent","Chengdu, Sichuan, China","https://dnb.com/business-directory/company-profiles/sichuan-hongtao-electric-fire-fighting-safety-inspection-and-testing-co-ltd.dfbb89888303369676627269b2157391"
"3087","Xiamen Minzhili Fire-Fighting Inspection...","Business Support Services","Independent","Xiamen, Fujian, China","https://dnb.com/business-directory/company-profiles/xiamen-minzhili-fire-fighting-inspection--testing-coltd.cd22367331bd653d5c80bb547cf05639"
"3088","Hebei Jianmiao Fire-Fighting Inspection ...","Business Support Services","Independent","Xingtai, Hebei, China","https://dnb.com/business-directory/company-profiles/hebei-jianmiao-fire-fighting-inspection--testing-co-ltd.d4427b4ed441d2452a32af8d4aca1a1f"
"3089","MRC FIRE DOOR INSPECTION LTD","Building Equipment Contractors","Independent","JARROW, England, United Kingdom","https://dnb.com/business-directory/company-profiles/mrc-fire-door-inspection-ltd.186ea21392aa52652a6385f5e5c07f33"
"3090","ENSO ENGINEERING, INC.","Architectural, Engineering, and Related Services","Independent","South Berwick, ME, United States","https://dnb.com/business-directory/company-profiles/enso-engineering-inc.4f98677dde83a709c657c468f1d9c3d6"
"3091","Shanxi Guangshengjie Energy Technology C...","Business Support Services","Independent","Taiyuan, Shanxi, China","https://dnb.com/business-directory/company-profiles/shanxi-guangshengjie-energy-technology-co-ltd.0ef5d220bcaa9b8e4129b90a3ed9ac4e"
"3092","Sichuan Ke'an Construction Fire-fighting...","Architectural, Engineering, and Related Services","Independent","Chengdu, Sichuan, China","https://dnb.com/business-directory/company-profiles/sichuan-kean-construction-fire-fighting-inspection-and-testing-co-ltd.d028c86fb5766b2d08e6081e7f941c27"
"3093","Hunan Juntai Fire-fighting Inspection An...","Business Support Services","Independent","Changsha, Hunan, China","https://dnb.com/business-directory/company-profiles/hunan-juntai-fire-fighting-inspection-and-testing-co-ltd.ffa15ea31c51325004ad281b88c3e866"
"3094","Hebei Tianshi Fire-fighting Inspection A...","Business Support Services","Independent","Baoding, Hebei, China","https://dnb.com/business-directory/company-profiles/hebei-tianshi-fire-fighting-inspection-and-testing-service-co-ltd.2bb214f73b820827cccd42d62bd701da"
"3095","Shijiazhuang Xincheng Fire-fighting Insp...","Business Support Services","Independent","Xingtai, Hebei, China","https://dnb.com/business-directory/company-profiles/shijiazhuang-xincheng-fire-fighting-inspection-and-testing-service-co-ltd.28a48ac4aaa1f89e602fcc6c6a0485ad"
"3096","Sichuan Baiguan Construction Fire-fighti...","Business Support Services","Independent","Chengdu, Sichuan, China","https://dnb.com/business-directory/company-profiles/sichuan-baiguan-construction-fire-fighting-inspection-and-testing-co-ltd.1b6c462cd433eebafe7418ee78429432"
"3097","Jiangxi Boya Fire-fighting Inspection An...","Business Support Services","Independent","Nanchang, Jiangxi, China","https://dnb.com/business-directory/company-profiles/jiangxi-boya-fire-fighting-inspection-and-testing-evaluation-co-ltd.d43c4f7e89b5d8c0b27c108934b5743c"
"3098","Guangdong Lihua Fire-Fighting Inspection...","Business Support Services","Independent","Dongguan, Guangdong, China","https://dnb.com/business-directory/company-profiles/guangdong-lihua-fire-fighting-inspection-and-testing-co-ltd.8fd1188776625f57d7aecc8374da525d"
"3099","Sound Fire & Life Safety Inspection Serv...","Management, Scientific, and Technical Consulting Services","Independent","Auburn, WA, United States","https://dnb.com/business-directory/company-profiles/sound-fire--life-safety-inspection-services-llc.65e37721e7d686df0f4a10338e9f83a4"
"3100","Hunan De'an Fire-Fighting Inspection & T...","Office Administrative Services","Independent","Zhuzhou, Hunan, China","https://dnb.com/business-directory/company-profiles/hunan-dean-fire-fighting-inspection--testing-coltd.3cf46a27c1209208d80e492f6da7d0ec"
"3101","Chongqing Tong'an Fire-fighting Inspecti...","Business Support Services","Independent","Chongqing, Chongqing, China","https://dnb.com/business-directory/company-profiles/chongqing-tongan-fire-fighting-inspection--testing-coltd.718de9c3134d4cb9ec862fd0b9d99bdc"
"3102","Hangzhou Xinchuang Fire-Fighting Inspect...","Business Support Services","Independent","Hangzhou, Zhejiang, China","https://dnb.com/business-directory/company-profiles/hangzhou-xinchuang-fire-fighting-inspection--testing-coltd.be41de05ff2b047281bf1cd93696bbcf"
"3103","Zhangzhou Longwen District Min'an Fire-F...","Business Support Services","Independent","Zhangzhou, Fujian, China","https://dnb.com/business-directory/company-profiles/zhangzhou-longwen-district-minan-fire-fighting-equipment-inspection-maintenance-station.9785f4028c9f1570986232d1f5878cfc"
"3104","Henan Hengxin Fire-fighting Inspection &...","Management, Scientific, and Technical Consulting Services","Independent","Zhengzhou, Henan, China","https://dnb.com/business-directory/company-profiles/henan-hengxin-fire-fighting-inspection--testing-coltd.161e546ac55212ecb5306ce2fb4993b7"
"3105","Anhui Quanwei Fire-Fighting Inspection &...","Architectural, Engineering, and Related Services","Independent","Tongling, Anhui, China","https://dnb.com/business-directory/company-profiles/anhui-quanwei-fire-fighting-inspection--testing-co-ltd.efea8336ad8493d9c410390e84c5e58d"
"3106","Guangdong Kangxian Construction Co., Ltd...","Business Support Services","Independent","Guangzhou, Guangdong, China","https://dnb.com/business-directory/company-profiles/guangdong-kangxian-construction-co-ltd.e590e8f6d66b8b5ec744aacbd65884dd"
"3107","Shanxi Qinglan Project Management Co., L...","Business Support Services","Independent","Yuncheng, Shanxi, China","https://dnb.com/business-directory/company-profiles/shanxi-qinglan-project-management-co-ltd.7ddf3fc115a252e5ce0a9477ae289d0e"
"3108","Jilin Tianwei Fire-Fighting Electric Ins...","Other Professional, Scientific, and Technical Services","Independent","Changchun, Jilin, China","https://dnb.com/business-directory/company-profiles/jilin-tianwei-fire-fighting-electric-inspection--testing-co-ltd.78924b98505c412b810107ea59270f9b"
"3109","Qinghai Zeping Fire-fighting Safety Insp...","Architectural, Engineering, and Related Services","Independent","Xining, Qinghai, China","https://dnb.com/business-directory/company-profiles/qinghai-zeping-fire-fighting-safety-inspection-and-testing-co-ltd.ff101af5c63be719f5eb21c41e156c49"
"3110","Longyou Bohao Fire-fighting Inspection A...","Business Support Services","Independent","Longyou County, Zhejiang, China","https://dnb.com/business-directory/company-profiles/longyou-bohao-fire-fighting-inspection-and-testing-co-ltd.fac86d9985404ffe6e60310490b5e1f1"
"3111","Shenzhen Yongyuanda Fire-fighting Inspec...","Business Support Services","Independent","Shenzhen, Guangdong, China","https://dnb.com/business-directory/company-profiles/shenzhen-yongyuanda-fire-fighting-inspection-and-testing-co-ltd.5e664c81c1dcec1c34be0adf5254d0ca"
"3112","NORTH FLORIDA HOSE TESTING SERVICES, LLC","Educational Support Services","Independent","Marianna, FL, United States","https://dnb.com/business-directory/company-profiles/north-florida-hose-testing-services-llc.297910e0c65546647243aa9cc68a21bf"
"3113","Ningbo Xinshuo Trading Co., Ltd.","Business Support Services","Independent","Ningbo, Zhejiang, China","https://dnb.com/business-directory/company-profiles/ningbo-xinshuo-trading-co-ltd.01d5c962e26488261caccef89f68ae71"
"3114","Beijing Tianhui Zhongfang Fire-fighting ...","Architectural, Engineering, and Related Services","Independent","Beijing, Beijing, China","https://dnb.com/business-directory/company-profiles/beijing-tianhui-zhongfang-fire-fighting-technology-inspection--testingco-ltd.4bbb169b6047f08194d0c228075bfe3f"
"3115","Jiangxi Bohao Fire-fighting Inspection A...","Business Support Services","Independent","Gaoan, Jiangxi, China","https://dnb.com/business-directory/company-profiles/jiangxi-bohao-fire-fighting-inspection-and-testing-co-ltd.0eca5f99101fbcd22c6a2fb3ba5732ab"
"3116","Inner Mongolia Haiyi Fire-Fighting Safet...","Business Support Services","Independent","Hohhot, Inner Mongolia, China","https://dnb.com/business-directory/company-profiles/inner-mongolia-haiyi-fire-fighting-safety-inspection--testing-coltd.823f3b92ba87f172d5c42b6aec3eeb29"
"3117","Dongguan Anxin Fire-fighting Inspection ...","Business Support Services","Independent","Dongguan, Guangdong, China","https://dnb.com/business-directory/company-profiles/dongguan-anxin-fire-fighting-inspection-and-testing-technology-co-ltd.886ddaef15e3e6143a691120f4d887db"
"3118","Wenzhou Gangting Entertainment Co., Ltd","Business Support Services","Independent","Wenzhou, Zhejiang, China","https://dnb.com/business-directory/company-profiles/wenzhou-gangting-entertainment-co-ltd.595ca5db017d36903e157bb7d36a72e8"
"3119","Shenzhen Jindun Fire-fighting Inspection...","Business Support Services","Independent","Shenzhen, Guangdong, China","https://dnb.com/business-directory/company-profiles/shenzhen-jindun-fire-fighting-inspection-and-testing-technology-co-ltd.79ceaebff3446e4f6744b99fe1e66935"
"3120","Tangshan Qichuang Fire-fighting Equipmen...","Business Support Services","Independent","Tangshan, Hebei, China","https://dnb.com/business-directory/company-profiles/tangshan-qichuang-fire-fighting-equipment-inspection-and-testing-co-ltd.e3075c39d2bd198ee5f23cb9e7fa3fea"
"3121","ATLANTIC AMERICAN FIRE INSPECTION LLC","Business Support Services","Independent","Elgin, IL, United States","https://dnb.com/business-directory/company-profiles/atlantic-american-fire-inspection-llc.ebe42dd9a8278f7d7b1564ed27b68cfa"
"3122","Sichuan Fuyi Fire-fighting Safety Inspec...","Business Support Services","Independent","Chengdu, Sichuan, China","https://dnb.com/business-directory/company-profiles/sichuan-fuyi-fire-fighting-safety-inspection-and-testing-co-ltd.a442764a69c1c25564fbb96a5ee5aaae"
"3123","Sichuan Guanyu Fire-fighting Safety Insp...","Business Support Services","Independent","Chengdu, Sichuan, China","https://dnb.com/business-directory/company-profiles/sichuan-guanyu-fire-fighting-safety-inspection-and-testing-co-ltd.54827c1598d2b907566308fab0124c73"
"3124","Chongqing Yuxing Fire-fighting Inspectio...","Business Support Services","Independent","Chongqing, Chongqing, China","https://dnb.com/business-directory/company-profiles/chongqing-yuxing-fire-fighting-inspection-and-testing-co-ltd.b8c56bfe7e2e4cf13cc4e924de220505"
"3125","Kesheng Kangyuan Fire Fighting Safety De...","Business Support Services","Independent","Foshan, Guangdong, China","https://dnb.com/business-directory/company-profiles/kesheng-kangyuan-fire-fighting-safety-detection-technology-co-ltd.27141b7256075841a8dfe70b499e9a81"
"3126","Fire Inspection Specialty Company LLC","Building Equipment Contractors","Independent","Las Vegas, NV, United States","https://dnb.com/business-directory/company-profiles/fire-inspection-specialty-company-llc.2a267b7fe799944880072a38169c7600"
"3127","Qingdao Nuo'an Fire-fighting Safety Insp...","Business Support Services","Independent","Qingdao, Shandong, China","https://dnb.com/business-directory/company-profiles/qingdao-nuoan-fire-fighting-safety-inspection-and-testing-co-ltd.2033f943c30f846de06230bdeae64b53"
"3128","Liaoning Shuntong Fire-fighting Inspecti...","Business Support Services","Independent","Dandong, Liaoning, China","https://dnb.com/business-directory/company-profiles/liaoning-shuntong-fire-fighting-inspection-and-testing-co-ltd.44b30bd683a6d47d8ddbd809c1b96c84"
"3129","Hebei Anlang Fire-fighting Inspection An...","Business Support Services","Independent","Langfang, Hebei, China","https://dnb.com/business-directory/company-profiles/hebei-anlang-fire-fighting-inspection-and-testing-technology-service-co-ltd.760939571f4c40fbdbb73236d2237e1f"
"3130","Shenzhen Jinyuntian Fire-fighting Inspec...","Business Support Services","Independent","Shenzhen, Guangdong, China","https://dnb.com/business-directory/company-profiles/shenzhen-jinyuntian-fire-fighting-inspection-and-testing-co-ltd.da1ab0005a9ec2b8ef2f565fee9e79db"
"3131","Zhejiang Wucheng Fire Inspection Co., Lt...","Business Support Services","Independent","Shengzhou, Zhejiang, China","https://dnb.com/business-directory/company-profiles/zhejiang-wucheng-fire-inspection-co-ltd.513d04dec4064ae8c84b9d59f7101120"
"3132","Sichuan Jinhong Xinrui Fire Inspection C...","Business Support Services","Independent","Chengdu, Sichuan, China","https://dnb.com/business-directory/company-profiles/sichuan-jinhong-xinrui-fire-inspection-co-ltd.3719c656f24c74fce2b0b2bc41ab208b"
"3133","Shanxi Zetong Fire-fighting Facility Ins...","Business Support Services","Independent","Jincheng, Shanxi, China","https://dnb.com/business-directory/company-profiles/shanxi-zetong-fire-fighting-facility-inspection--testing-maintenance-coltd.fba4efc0b3f005d7175629abee0ec0dc"
"3134","Hebei Hongchang Fire-fighting Equipment ...","Scientific Research and Development Services","Independent","Shijiazhuang, Hebei, China","https://dnb.com/business-directory/company-profiles/hebei-hongchang-fire-fighting-equipment-inspection-and-testing-technology-co-ltd.aff535501bd1d4dcf78bda0425437a66"
"3135","Jilin Province Chengjian Fire Inspection...","Business Support Services","Independent","Changchun, Jilin, China","https://dnb.com/business-directory/company-profiles/jilin-province-chengjian-fire-inspection-co-ltd.eca2b0b1f6cb14d3fce98eab64d295b6"
"3136","Jilin Hongtai Fire Inspection Co., Ltd","Business Support Services","Independent","Changchun, Jilin, China","https://dnb.com/business-directory/company-profiles/jilin-hongtai-fire-inspection-co-ltd.0ec60b484faf11a9e2938f98b3e817b1"
"3137","Dalian Hailan Fire-fighting Facility Ins...","Business Support Services","Independent","Dalian, Liaoning, China","https://dnb.com/business-directory/company-profiles/dalian-hailan-fire-fighting-facility-inspection--testing-coltd.d15ff41f36af188964ef41efc12e78af"
"3138","POWER HOUSE FIRE PROTECTION INSPECTION S...","Other Professional, Scientific, and Technical Services","Independent","Lubbock, TX, United States","https://dnb.com/business-directory/company-profiles/power-house-fire-protection-inspection-services.6e2804c7836408e850293bb1a4763244"
"3139","Shijiazhuang Huying Fire-fighting Facili...","Business Support Services","Independent","Shijiazhuang, Hebei, China","https://dnb.com/business-directory/company-profiles/shijiazhuang-huying-fire-fighting-facility-inspection-and-testing-technology-service-co-ltd.af58272add83723528ad006d9ccf8396"
"3140","Anhui Minxing Fire-fighting Inspection A...","Business Support Services","Independent","Hefei, Anhui, China","https://dnb.com/business-directory/company-profiles/anhui-minxing-fire-fighting-inspection-and-testing-technology-co-ltd.ffe2b39d41dcca7b80e7ce536cd7ae92"
"3141","USA FIRE DOORS INSPECTION LLC","Lessors of Real Estate","Independent","Tampa, FL, United States","https://dnb.com/business-directory/company-profiles/usa-fire-doors-inspection-llc.656e28e51746fdf58fa41ac6f38f552c"
"3142","Liaoning Lianbang Fire-fighting Facility...","Business Support Services","Independent","Shenyang, Liaoning, China","https://dnb.com/business-directory/company-profiles/liaoning-lianbang-fire-fighting-facility-inspection-and-testing-co-ltd.c819c61949347389a95edf411a43dec1"
"3143","Guangzhou Zhenhua Fire-fighting Inspecti...","Business Support Services","Independent","Guangzhou, Guangdong, China","https://dnb.com/business-directory/company-profiles/guangzhou-zhenhua-fire-fighting-inspection-and-testing-co-ltd.d20144654513ecc88fc3cdd6821e1bae"
"3144","Yidu Hengfeng Fire-fighting Facility Mai...","Business Support Services","Subsidiary","Yichang, Hubei, China","https://dnb.com/business-directory/company-profiles/yidu-hengfeng-fire-fighting-facility-maintenance-inspection-and-testing-co-ltd.72d47e058de7ad77d954419d1545b029"
"3145","Shandong Hengde Engineering Consulting M...","Business Support Services","Subsidiary","Jinan, Shandong, China","https://dnb.com/business-directory/company-profiles/shandong-hengde-engineering-consulting-management-co-ltd.db8d76d462c47eff86813cd70899999b"
"3146","Yantai Sheng'an Fire-fighting Inspection...","Business Support Services","Subsidiary","Yantai, Shandong, China","https://dnb.com/business-directory/company-profiles/yantai-shengan-fire-fighting-inspection-and-testing-technology-service-co-ltd-.5c9e13e460041880af9a9243e9fb3138"
"3147","Zhejiang Wentao Fire-fighting Inspection...","Business Support Services","Parent","Taizhou, Zhejiang, China","https://dnb.com/business-directory/company-profiles/zhejiang-wentao-fire-fighting-inspection--testing-co-ltd.74cbf1830cd164bf1045e4a1e8d6a1df"
"3148","Shenzhen Jingjian Electric Fire-fighting...","Business Support Services","Independent","Shenzhen, Guangdong, China","https://dnb.com/business-directory/company-profiles/shenzhen-jingjian-electric-fire-fighting-safety-inspection-and-testing-co-ltd.faa214a8e17a6e205fde5c8386ba6720"
"3149","Hebei Hongpeng Fire-fighting Inspection ...","Business Support Services","Independent","Shijiazhuang, Hebei, China","https://dnb.com/business-directory/company-profiles/hebei-hongpeng-fire-fighting-inspection-and-testing-technology-service-coltd-ltd.878c5abe8eb4aa80343de8f2872f67fa"
"3150","Sichuan Zhongwang Fire-fighting Technolo...","Computer Systems Design and Related Services","Independent","Chengdu, Sichuan, China","https://dnb.com/business-directory/company-profiles/sichuan-zhongwang-fire-fighting-technology-inspection-and-testing-co-ltd.b36f1d8b648e11686e2033375fa29507"
"3151","Sichuan Tianmai Construction Fire-fighti...","Business Support Services","Independent","Chengdu, Sichuan, China","https://dnb.com/business-directory/company-profiles/sichuan-tianmai-construction-fire-fighting-inspection-and-testing-co-ltd.4b914d0d27a90c836d58edf12124ecb8"
"3152","Chongqing Chengxiao Fire Inspection Co.,...","Lawn and Garden Equipment and Supplies Retailers","Independent","Chongqing, Chongqing, China","https://dnb.com/business-directory/company-profiles/chongqing-chengxiao-fire-inspection-co-ltd.ad33aa8faa7cd743396199f953247f2c"
"3153","Heilongjiang Hongjian Fire-fighting Faci...","Business Support Services","Independent","Jixi, Heilongjiang, China","https://dnb.com/business-directory/company-profiles/heilongjiang-hongjian-fire-fighting-facility-inspection-and-testing-service-coltd.2eaf166a26790097a4d757ad99e4c92f"
"3154","Suzhou Changzheng Electric Fire-Fighting...","Architectural, Engineering, and Related Services","Parent","Suzhou, Jiangsu, China","https://dnb.com/business-directory/company-profiles/suzhou-changzheng-electric-fire-fighting-safety-inspection-station.5c17423a4001d916025bce4437c4a897"
"3155","FLORIDA FIRE DOOR INSPECTION INC","Lessors of Real Estate","Independent","Tampa, FL, United States","https://dnb.com/business-directory/company-profiles/florida-fire-door-inspection-inc.24af5799969553e77d6646d410c1b9c8"
"3156","Nenjiang County Jinyi Technology Electri...","Business Support Services","Independent","Nenjiang County, Heilongjiang, China","https://dnb.com/business-directory/company-profiles/nenjiang-county-jinyi-technology-electric-fire-fighting-inspection-and-testing-c-o-ltd.5b119dda9ecf95c289c977d6bc27f3d9"
"3157","Guangdong Longyang Building Materials Ma...","Business Support Services","Independent","Zhongshan, Guangdong, China","https://dnb.com/business-directory/company-profiles/guangdong-longyang-building-materials-materials-co-ltd.079f68fe45284408e48f3f765d85d6b5"
"3158","Jiangsu Hezhi'An Fire-Fighting Inspectio...","Business Support Services","Independent","Yancheng, Jiangsu, China","https://dnb.com/business-directory/company-profiles/jiangsu-hezhian-fire-fighting-inspection-and-testing-service-co-ltd.b7ad244f7afd67a9ddaeae8a93f5473d"
"3159","Taizhou Qingtai Fire-fighting Inspection...","Business Support Services","Independent","Taizhou, Zhejiang, China","https://dnb.com/business-directory/company-profiles/taizhou-qingtai-fire-fighting-inspection-and-testing-co-ltd.5b337042a7709fbd6f5621777f1f1ee4"
"3160","MC Fire Inspection Services","Support Activities for Forestry","Parent","Scottsdale, AZ, United States","https://dnb.com/business-directory/company-profiles/mc-fire-inspection-services.e4e4b74cd9e98924cf2076cb512fcd1a"
"3161","Sichuan Xinrunhe Fire-Fighting Inspectio...","Business Support Services","Independent","Chengdu, Sichuan, China","https://dnb.com/business-directory/company-profiles/sichuan-xinrunhe-fire-fighting-inspection--testing-coltd.cb1320cd4ac8cc85091797f76b6d288e"
"3162","Shandong Jianzhong Technology Co., Ltd.","Business Support Services","Independent","Rongcheng, Shandong, China","https://dnb.com/business-directory/company-profiles/shandong-jianzhong-technology-co-ltd.b57facd79ac80af685cf47d9b22ffcfd"
"3163","Jilin Keruida Fire-fighting Engineering ...","Business Support Services","Independent","Baicheng, Jilin, China","https://dnb.com/business-directory/company-profiles/jilin-keruida-fire-fighting-engineering-equipment-inspection-and-testing-co-ltd.7056eb719be3553dd5cc4fe5e9eae082"
"3164","Zhejiang Anbang Fire Fighting Technical ...","Business Support Services","Independent","Anji County, Zhejiang, China","https://dnb.com/business-directory/company-profiles/zhejiang-anbang-fire-fighting-technical-service-co-ltd.78eeb0e6e544b20a295a528eed559add"
"3165","PACIFIC ALARM AND FIRE INSPECTION SERVIC...","Other Professional, Scientific, and Technical Services","Independent","Kennewick, WA, United States","https://dnb.com/business-directory/company-profiles/pacific-alarm-and-fire-inspection-services-llc.d1a3e434b37b99810b30c96f4ea7f292"
"3166","Jilin Sanhe Fire-Fighting Anquan Technol...","Architectural, Engineering, and Related Services","Independent","Changchun, Jilin, China","https://dnb.com/business-directory/company-profiles/jilin-sanhe-fire-fighting-anquan-technology-inspection--testing-evaluation-co-ltd.b41217ed6571390f94aefb62c118bf1f"
"3167","Shenzhen Zhongxin Fire-fighting Electric...","Business Support Services","Independent","Shenzhen, Guangdong, China","https://dnb.com/business-directory/company-profiles/shenzhen-zhongxin-fire-fighting-electric-inspection-and-testing-co-ltd.e2b3b4ed5185a526509f4eb5c718c929"
"3168","Kuancheng Aoni Fire-fighting Inspection ...","Business Support Services","Independent","Chengde, Hebei, China","https://dnb.com/business-directory/company-profiles/kuancheng-aoni-fire-fighting-inspection-and-testing-technology-service-co-ltd.a92cf568ccbb9e183124aea1aa2e26eb"
"3169","Tangshan Hongji Fire-fighting Inspection...","Business Support Services","Independent","Tangshan, Hebei, China","https://dnb.com/business-directory/company-profiles/tangshan-hongji-fire-fighting-inspection-and-testing-co-ltd.3c38757070c6c00127c4e77c2d5ce407"
"3170","Dalian Zhongzheng Fire-fighting Technolo...","Business Support Services","Independent","Dalian, Liaoning, China","https://dnb.com/business-directory/company-profiles/dalian-zhongzheng-fire-fighting-technology-safety-inspection-and-testing-co-ltd.c65b93f097ee66b1ec9c0fc0ad9f998f"
"3171","FIRE INSPECTION SERVICES INC.","Other Professional, Scientific, and Technical Services","Independent","Huntley, IL, United States","https://dnb.com/business-directory/company-profiles/fire-inspection-services-inc.e52de9979c62c6cfa0da12044675a540"
"3172","Chengdu Dacheng Fire-fighting Safety Ins...","Business Support Services","Independent","Chengdu, Sichuan, China","https://dnb.com/business-directory/company-profiles/chengdu-dacheng-fire-fighting-safety-inspection-and-testing-co-ltd.9132bc7e8acc4269e7c00362aa05b146"
"3173","Heilongjiang Jiaxin Electric Fire-fighti...","Architectural, Engineering, and Related Services","Independent","Harbin, Heilongjiang, China","https://dnb.com/business-directory/company-profiles/heilongjiang-jiaxin-electric-fire-fighting-safety-inspection--testing-co-ltd.839fa3538ccb4c9909773daf7bed23d0"
"3174","Beijing Huoyan Jinxin Fire-fighting Safe...","Management, Scientific, and Technical Consulting Services","Independent","Beijing, Beijing, China","https://dnb.com/business-directory/company-profiles/beijing-huoyan-jinxin-fire-fighting-safety-inspection-and-testing-technology-consulting-co-ltd.03e2e88da90e509778ad1fc93effcaed"
"3175","Zhangjiakou Zhongcheng Fire-fighting Saf...","Business Support Services","Independent","Zhangjiakou, Hebei, China","https://dnb.com/business-directory/company-profiles/zhangjiakou-zhongcheng-fire-fighting-safety-inspection-and-testing-co-ltd.9c3f394212985af56f04c89612ef2506"
"3176","Nanping Dahua Fire-fighting Inspection A...","Business Support Services","Independent","Shaowu, Fujian, China","https://dnb.com/business-directory/company-profiles/nanping-dahua-fire-fighting-inspection-and-testing-co-ltd.2005e4c54af5c7549bcfc94ca859f1b6"
"3177","FIRE SYSTEMS INSPECTION GROUP, LLC","Business Support Services","Independent","Freeland, MI, United States","https://dnb.com/business-directory/company-profiles/fire-systems-inspection-group-llc.a40125c362a8a2523635ea8656f5f16a"
"3178","Jiangxi Changxin Fire-fighting Safety In...","Business Support Services","Independent","Nanchang, Jiangxi, China","https://dnb.com/business-directory/company-profiles/jiangxi-changxin-fire-fighting-safety-inspection-and-testing-co-ltd.89737f1cbc837cc477a0a08ac90119e1"
"3179","FIRE DOOR INSPECTION & COMPLIANCE LTD","Other Specialty Trade Contractors","Independent","COVENTRY, England, United Kingdom","https://dnb.com/business-directory/company-profiles/fire-door-inspection--compliance-ltd.420ba1992abe2114c0a13a25cbc29348"
"3180","Anhui Xinyi Fire-fighting Facility Inspe...","Business Support Services","Independent","Hefei, Anhui, China","https://dnb.com/business-directory/company-profiles/anhui-xinyi-fire-fighting-facility-inspection-and-testing-co-ltd.88ebbe541ed42bc4adcb694ea726473d"
"3181","CITY OF ER FIRE INSPECTION","Other Professional, Scientific, and Technical Services","Independent","Elk River, MN, United States","https://dnb.com/business-directory/company-profiles/city-of-er-fire-inspection.81437134eef9e3bf3f2e72f1f393926a"
"3182","Geumgang Fire Inspection Co.,Ltd.","Architectural, Engineering, and Related Services","Independent","Gongju, Chungnam, Republic Of Korea","https://dnb.com/business-directory/company-profiles/geumgang-fire-inspection-coltd.11ed28e32dca1ebea373719a48c7d257"
"3183","GREENLINE - FIRE DOOR INSPECTION LTD","Justice, Public Order, and Safety Activities","Independent","DARWEN, England, United Kingdom","https://dnb.com/business-directory/company-profiles/greenline---fire-door-inspection-ltd.768ed661b0395003ecb23b87e40bccf1"
"3184","Guangdong Zhi'an Fire-fighting Electric ...","Business Support Services","Independent","Shenzhen, Guangdong, China","https://dnb.com/business-directory/company-profiles/guangdong-zhian-fire-fighting-electric-fireproof-inspection-and-testing-co-ltd.7986f85310f9f41c800b721e56932d04"
"3185","Shanxi Yuhe Electric Fire-fighting Inspe...","Other Personal Services","Independent","Taiyuan, Shanxi, China","https://dnb.com/business-directory/company-profiles/shanxi-yuhe-electric-fire-fighting-inspection--testing-coltd.16b8fa6791c8fd4e87660643ea0691d1"
"3186","Fire Safety & Inspection Services LLC","Architectural, Engineering, and Related Services","Independent","Fredonia, WI, United States","https://dnb.com/business-directory/company-profiles/fire-safety--inspection-services-llc.ac09cac9cf2213de8e991b6b0f163ebb"
"3187","PACIFIC FIRE INSPECTION SERVICES INC.","Other Professional, Scientific, and Technical Services","Independent","Kennewick, WA, United States","https://dnb.com/business-directory/company-profiles/pacific-fire-inspection-services-inc.f1e8ec15349dc4527474c219b87b9d07"
"3188","Jilin Ji'an Fire Inspection Co., Ltd","Other Professional, Scientific, and Technical Services","Independent","Changchun, Jilin, China","https://dnb.com/business-directory/company-profiles/jilin-jian-fire-inspection-co-ltd.df3f7766f43deb40217cc0325da7b388"
"3189","UP SIDE DOWN INSPECTION & FIRE LLC","Other Professional, Scientific, and Technical Services","Independent","North Las Vegas, NV, United States","https://dnb.com/business-directory/company-profiles/up-side-down-inspection--fire-llc.2ec4ffd6473eb90db5cecd2a55100219"
"3190","Beijing Guotai Hongye Fire-fighting Safe...","Architectural, Engineering, and Related Services","Independent","Beijing, Beijing, China","https://dnb.com/business-directory/company-profiles/beijing-guotai-hongye-fire-fighting-safety-inspection--testing-co-ltd.b533c25a262450301a09099549919d87"
"3191","ABM FIRE INSPECTION & CONSULTING LLC","Management, Scientific, and Technical Consulting Services","Independent","Selden, NY, United States","https://dnb.com/business-directory/company-profiles/abm-fire-inspection--consulting-llc.9b8ed0b3da891344989aaf4e735d17cd"
"3192","Yingkou Qilin Fire-Fighting Inspection &...","Architectural, Engineering, and Related Services","Independent","Yingkou, Liaoning, China","https://dnb.com/business-directory/company-profiles/yingkou-qilin-fire-fighting-inspection--testing-coltd.8bb2e690f87641f404729fe45dbd0c41"
"3193","Tieling Yitai Fire-fighting Facility Ins...","Architectural, Engineering, and Related Services","Independent","Tieling, Liaoning, China","https://dnb.com/business-directory/company-profiles/tieling-yitai-fire-fighting-facility-inspection--testing-co-ltd.5047290070c952422a220321eefb50c0"
"3194","Heilongjiang Longfang Fire Fighting Insp...","Architectural, Engineering, and Related Services","Independent","Harbin, Heilongjiang, China","https://dnb.com/business-directory/company-profiles/heilongjiang-longfang-fire-fighting-inspection-service-co-ltd.74d027df33c55dd909918335102d271e"
"3195","Jiangxi Hong'an Fire-fighting Inspection...","Business Support Services","Independent","Nanchang, Jiangxi, China","https://dnb.com/business-directory/company-profiles/jiangxi-hongan-fire-fighting-inspection-and-testing-technology-co-ltd.3add0f762406d947f734d1c44d375125"
"3196","Under Pressure Fire Equipment Inspection...","Professional and Commercial Equipment and Supplies Merchant Wholesalers","Independent","Hinesville, GA, United States","https://dnb.com/business-directory/company-profiles/under-pressure-fire-equipment-inspection-llc.10cc39e71db0084823a2f0eeae466bfc"
"3197","Dynamic Inspection Fire LLC","Business Support Services","Independent","McKinney, TX, United States","https://dnb.com/business-directory/company-profiles/dynamic-inspection-fire-llc.f7effd30053f4f8d6777e53ccca57b27"
"3198","Red Line Fire Consulting & Home Inspecti...","Management, Scientific, and Technical Consulting Services","Independent","La Vernia, TX, United States","https://dnb.com/business-directory/company-profiles/red-line-fire-consulting--home-inspection-llc.bd0ba569e467721ca89492865fb0977e"
"3199","Sichuan Tongrong Fire Inspection Co., Lt...","Business Support Services","Independent","Luzhou, Sichuan, China","https://dnb.com/business-directory/company-profiles/sichuan-tongrong-fire-inspection-co-ltd.81c7e31555cc1e4c91fd6cc1b82c86a7"
"3200","Sichuan Hubang Fire Inspection Co., Ltd","Business Support Services","Independent","Guangan, Sichuan, China","https://dnb.com/business-directory/company-profiles/sichuan-hubang-fire-inspection-co-ltd.57e590cf5806de826b3b62e86d5db91a"
"3201","Xianju County Shenzhou Fire-fighting Ins...","Architectural, Engineering, and Related Services","Independent","Taizhou, Zhejiang, China","https://dnb.com/business-directory/company-profiles/xianju-county-shenzhou-fire-fighting-inspection--testing-co-ltd.c3f8b9bd594955aa9121d38fb0f10164"
"3202","Shaanxi Wanzhong Anxin Fire Fighting Eng...","Business Support Services","Independent","Xi'an, Shaanxi, China","https://dnb.com/business-directory/company-profiles/shaanxi-wanzhong-anxin-fire-fighting-engineering-co-ltd.00faf681df74a797e2b1b7c01a322c7d"
"3203","Shenzhen Ji'an Fire-fighting Inspection ...","Business Support Services","Independent","Shenzhen, Guangdong, China","https://dnb.com/business-directory/company-profiles/shenzhen-jian-fire-fighting-inspection-and-testing-co-ltd.499ed86b1ef7e055b832d0e3680d0f5c"
"3204","Shaanxi Zhongxiao Anchuang Fire Inspecti...","Business Support Services","Independent","Baoji, Shaanxi, China","https://dnb.com/business-directory/company-profiles/shaanxi-zhongxiao-anchuang-fire-inspection-co-ltd.88ccb8447e2a9cdfcd874fd9ef47dd5f"
"3205","Guangdong Hongan Wisdom Fire Fighting Te...","Management, Scientific, and Technical Consulting Services","Independent","Guangzhou, Guangdong, China","https://dnb.com/business-directory/company-profiles/guangdong-hongan-wisdom-fire-fighting-technology-co-ltd.14f7ab97db9022e1b6524d412519df58"
"3206","Anhui Zhongtian Fire-fighting Safety Ins...","Computer Systems Design and Related Services","Independent","Suzhou, Anhui, China","https://dnb.com/business-directory/company-profiles/anhui-zhongtian-fire-fighting-safety-inspection-and-testing-service-co-ltd.032c2bda0a19751a142630c4a088587b"
"3207","Sichuan Houan Fire Inspection Co., Ltd","Business Support Services","Independent","Chengdu, Sichuan, China","https://dnb.com/business-directory/company-profiles/sichuan-houan-fire-inspection-co-ltd.226e70d87e83c7ca637c901073a37aac"
"3208","Liaoning Xinguangsheng Fire Inspection S...","Business Support Services","Independent","Shenyang, Liaoning, China","https://dnb.com/business-directory/company-profiles/liaoning-xinguangsheng-fire-inspection-service-co-ltd.322093dc3afd1a920a7fc20592142a8e"
"3209","Sichuan Xinmiao Mingyuan Fire Inspection...","Business Support Services","Independent","Deyang, Sichuan, China","https://dnb.com/business-directory/company-profiles/sichuan-xinmiao-mingyuan-fire-inspection-co-ltd.8fc8dc533f90c5b62fc770e010b9b640"
"3210","Cangzhou Paibo Fire Inspection Co., Ltd","Business Support Services","Independent","Qing County, Hebei, China","https://dnb.com/business-directory/company-profiles/cangzhou-paibo-fire-inspection-co-ltd.ca34ac6a8d2fb05bd37cb8911ddec6f2"
"3211","Guangxi Sanyang Fire Inspection Co., Ltd","Business Support Services","Independent","Nanning, Guangxi, China","https://dnb.com/business-directory/company-profiles/guangxi-sanyang-fire-inspection-co-ltd.948222e0fd1e383eb8059dbedea11ab7"
"3212","Chaoyang Aerospace Fire Inspection Co., ...","Business Support Services","Independent","Chaoyang, Liaoning, China","https://dnb.com/business-directory/company-profiles/chaoyang-aerospace-fire-inspection-co-ltd.5cb75110b70ee238d6eeab937c867973"
"3213","Songyuan Song'an Fire Inspection Co., Lt...","Business Support Services","Independent","Songyuan, Jilin, China","https://dnb.com/business-directory/company-profiles/songyuan-songan-fire-inspection-co-ltd.ae7b6b7f6f7c08959e28f1e37970b32d"
"3214","Huludao Hongxingda Fire Inspection Servi...","Business Support Services","Independent","Xingcheng, Liaoning, China","https://dnb.com/business-directory/company-profiles/huludao-hongxingda-fire-inspection-service-co-ltd.4435e4a7d634443c213a8078324e4232"
"3215","Tiantong (shaanxi) Fire Inspection Co., ...","Architectural, Engineering, and Related Services","Independent","Xi'an, Shaanxi, China","https://dnb.com/business-directory/company-profiles/tiantong-(shaanxi)-fire-inspection-co-ltd.ebeb57f1c1805e25bbab1e1475b2d907"
"3216","Changsha Fire Inspection And Firefightin...","Machinery, Equipment, and Supplies Merchant Wholesalers","Independent","Changsha, Hunan, China","https://dnb.com/business-directory/company-profiles/changsha-fire-inspection-and-firefighting-equipment-co-ltd.21af1a518ff7ae00442d57477b62f045"
"3217","Jilin Guo'an Fire-Fighting Electric Faci...","Other Professional, Scientific, and Technical Services","Independent","Changchun, Jilin, China","https://dnb.com/business-directory/company-profiles/jilin-guoan-fire-fighting-electric-facility-inspection--testing-co-ltd.4b05b0d6c9340bdacc493137baa28c59"
"3218","Jilin Jian'an Fire-Fighting Engineering ...","Other Professional, Scientific, and Technical Services","Independent","Jilin, Jilin, China","https://dnb.com/business-directory/company-profiles/jilin-jianan-fire-fighting-engineering-inspection-co-ltd.ff8f11865b66d96b687bc7b8168df94a"
"3219","Jilin Kean Mechanical & Electrical Insta...","Architectural, Engineering, and Related Services","Independent","Changchun, Jilin, China","https://dnb.com/business-directory/company-profiles/jilin-kean-mechanical--electrical-installation-co-ltd.86d7dee3f1559a952c55471e57bc366b"
"3220","Tangshan Ruichi Fire-fighting Equipment ...","Architectural, Engineering, and Related Services","Independent","Tangshan, Hebei, China","https://dnb.com/business-directory/company-profiles/tangshan-ruichi-fire-fighting-equipment-inspection--testing-co-ltd.ba9e60edab8836c9e23b53c3e0c4348c"
"3221","Inner Mongolia Beijiang Weiye Fire-fight...","Other Professional, Scientific, and Technical Services","Independent","Manzhouli, Inner Mongolia, China","https://dnb.com/business-directory/company-profiles/inner-mongolia-beijiang-weiye-fire-fighting-safety-inspection-and-testing-co-ltd.3db7d80a21897b40d7825da8d3f6d3a1"
"3222","Shaanxi Shunming Hongye Fire Inspection ...","Business Support Services","Independent","Weinan, Shaanxi, China","https://dnb.com/business-directory/company-profiles/shaanxi-shunming-hongye-fire-inspection-service-co-ltd.02c983a6862434acc1cf5e6e89392ba6"
"3223","Fujian Longyan Hengda'an Fire-fighting F...","Architectural, Engineering, and Related Services","Independent","Shanghang County, Fujian, China","https://dnb.com/business-directory/company-profiles/fujian-longyan-hengdaan-fire-fighting-facility-inspection-and-testing-service-co-ltd.b36553f2e902769cbeef18045fac1c50"
"3224","Liaoning Shengding Fire-fighting Enginee...","Architectural, Engineering, and Related Services","Independent","Shenyang, Liaoning, China","https://dnb.com/business-directory/company-profiles/liaoning-shengding-fire-fighting-engineering-inspection-co-ltd.db6eba38d523b0f771997479d6feb308"
"3225","Sichuan Yuchen'an Fire-fighting Inspecti...","Management, Scientific, and Technical Consulting Services","Independent","Chengdu, Sichuan, China","https://dnb.com/business-directory/company-profiles/sichuan-yuchenan-fire-fighting-inspection-and-testing-co-ltd.7b6a6ff0f9b30d273f29844d9f18be4a"
"3226","Shaanxi Guangtong Mechanical & Electrica...","Other Professional, Scientific, and Technical Services","Independent","Xianyang, Shaanxi, China","https://dnb.com/business-directory/company-profiles/shaanxi-guangtong-mechanical--electrical-technology-co-ltd.f8b29ca7c8907d0bd84c59a5ff518b18"
"3227","Anyang Zhongan Fire-fighting Maintenance...","Business Support Services","Independent","Anyang, Henan, China","https://dnb.com/business-directory/company-profiles/anyang-zhongan-fire-fighting-maintenance-inspection-and-testing-co-ltd.14f370279263d1172e16409ac8a9c0b4"
"3228","Xiamen Fire Eye House Inspection Supervi...","Management, Scientific, and Technical Consulting Services","Independent","Xiamen, Fujian, China","https://dnb.com/business-directory/company-profiles/xiamen-fire-eye-house-inspection-supervision-consulting-co-ltd.22239cfca481a4e3b48521e38610d9fe"
"3229","Shanxi Zhongantong Fire Fighting Facilit...","Business Support Services","Independent","Yuncheng, Shanxi, China","https://dnb.com/business-directory/company-profiles/shanxi-zhongantong-fire-fighting-facilities-detection-inspection-co-ltd.5b0ded3c46115622fe9a78357119bbfd"
"3230","FLORIDA FIRE PROTECTION AND INSPECTION I...","Other Professional, Scientific, and Technical Services","Independent","Lakeland, FL, United States","https://dnb.com/business-directory/company-profiles/florida-fire-protection-and-inspection-inc.1d942872c55f889c75471ac1d0abec31"
"3231","EDWARD ELIJAH ESQUIVEL","","Independent","Paso Robles, CA, United States","https://dnb.com/business-directory/company-profiles/edward-elijah-esquivel.c681bc536a3c33fe0eb234b8f87caaff"
"3232","FIRE DOOR INSPECTION SCOTLAND LTD","Business Support Services","Independent","OBAN, Scotland, United Kingdom","https://dnb.com/business-directory/company-profiles/fire-door-inspection-scotland-ltd.f6547aa7095e0e86326cb92a9e0567b4"
"3233","Florida Fire Inspection Association Inc","Educational Support Services","Independent","Coral Gables, FL, United States","https://dnb.com/business-directory/company-profiles/florida-fire-inspection-association-inc.c6ba2ca05e666841f0c3a30bd7d90d34"
"3234","FIRE COMPLIANCE INSPECTION SERVICES, LLC","Other Professional, Scientific, and Technical Services","Independent","Parrish, FL, United States","https://dnb.com/business-directory/company-profiles/fire-compliance-inspection-services-llc.d31b871c582fb4973d6d9004b246bbd0"
"3235","Hainan Hondao Technology Co., Ltd. Fire ...","Business Support Services","Branch","Haikou, Hainan, China","https://dnb.com/business-directory/company-profiles/hainan-hondao-technology-co-ltd-fire-inspection-center.63180854ae00490e10e4be39c9ad0ff8"
"3236","FIRE INSPECTION TECHNOLOGIES, LLC","Other Professional, Scientific, and Technical Services","Independent","Hilton Head Island, SC, United States","https://dnb.com/business-directory/company-profiles/fire-inspection-technologies-llc.6b6c042309c81837ce93e211fb103018"
"3237","DRB FIRE INSPECTION SERVICE LLC","Other Professional, Scientific, and Technical Services","Independent","Tangerine, FL, United States","https://dnb.com/business-directory/company-profiles/drb-fire-inspection-service-llc.1d2a61e739982b7fdf6b31032776b347"
"3238","S.W.E.N FIRE ALARM INSPECTION SERVICES L...","Other Professional, Scientific, and Technical Services","Independent","Thomaston, GA, United States","https://dnb.com/business-directory/company-profiles/swen-fire-alarm-inspection-services-llc.ad32b271bb00dc01b674fee29dc39d80"
"3239","ATLANTA FIRE DOOR INSPECTION LLC","Other Professional, Scientific, and Technical Services","Independent","Atlanta, GA, United States","https://dnb.com/business-directory/company-profiles/atlanta-fire-door-inspection-llc.50de4339d7e46077effb947437488d21"
"3240","C-4 FIRE & SECURITY INSPECTION SERVICES,...","Other Professional, Scientific, and Technical Services","Independent","Milledgeville, GA, United States","https://dnb.com/business-directory/company-profiles/c-4-fire--security-inspection-services-llc.0640b06c58b069fe37e8076842d09f55"
"3241","FIRE PROTECTION & INSPECTION SERVICES, I...","Other Professional, Scientific, and Technical Services","Independent","Brighton, TN, United States","https://dnb.com/business-directory/company-profiles/fire-protection--inspection-services-inc.ff9e368999acb1d035335f537ba622bb"
"3242","PAULS CODE RED FIRE INSPECTION LLC","Other Professional, Scientific, and Technical Services","Independent","Westminster, CO, United States","https://dnb.com/business-directory/company-profiles/pauls-code-red-fire-inspection-llc.3289dd26c3e53222361b6897e4ccc6c3"
"3243","CENTRAL ILLINOIS FIRE INSPECTION SERVICE...","Other Professional, Scientific, and Technical Services","Independent","Morton, IL, United States","https://dnb.com/business-directory/company-profiles/central-illinois-fire-inspection-services-llc.762a8fdb058834069d693da35bd29623"
"3244","HOME FIRE INSPECTION, INC.","Other Professional, Scientific, and Technical Services","Independent","Mount Pleasant, SC, United States","https://dnb.com/business-directory/company-profiles/home-fire-inspection-inc.58326e045cdd0c69d97bcb6ea48c91bb"
"3245","UK FIRE DOOR INSPECTION LTD","Other Specialty Trade Contractors","Independent","HARLOW, England, United Kingdom","https://dnb.com/business-directory/company-profiles/uk-fire-door-inspection-ltd.78c80aedebfcfefd220697758909d4a0"
"3246","HUNTER FIRE INSPECTION LLC","Other Professional, Scientific, and Technical Services","Independent","Forney, TX, United States","https://dnb.com/business-directory/company-profiles/hunter-fire-inspection-llc.54edc84f462bf85b54c3d9d2984ec290"
"3247","METRO FIRE INSPECTION AND MAINTENANCE IN...","Services to Buildings and Dwellings","Independent","Wantagh, NY, United States","https://dnb.com/business-directory/company-profiles/metro-fire-inspection-and-maintenance-inc.4396d756fea6d1ee21e96c9209847f5b"
"3248","Hodde Private Fire Hydrant Testing & Ins...","Other Professional, Scientific, and Technical Services","Independent","Coupland, TX, United States","https://dnb.com/business-directory/company-profiles/hodde-private-fire-hydrant-testing--inspection.1fd1184837a830e0e2c3038d11780f4e"
"3249","BADGER FIRE INSPECTION LLC","Other Professional, Scientific, and Technical Services","Independent","Clintonville, WI, United States","https://dnb.com/business-directory/company-profiles/badger-fire-inspection-llc.2af2242e2b792ba5f61fb460946b788a"
"3250","PRE FIRE INSPECTION AND PREVENTION CONSU...","Management, Scientific, and Technical Consulting Services","Independent","Hollister, CA, United States","https://dnb.com/business-directory/company-profiles/pre-fire-inspection-and-prevention-consulting-limited-liability-company.62832bd9d7cafc358f9d5e539550b9c0"
"3251","FIRE PRO INSPECTION SALES AND SERVICE","Other Support Services","Independent","Hermiston, OR, United States","https://dnb.com/business-directory/company-profiles/fire-pro-inspection-sales-and-service.55902cf5bcdf65fe7eea4461e85eb050"
"3252","JD FIRE INSPECTION SERVICE","Other Professional, Scientific, and Technical Services","Independent","Richmond, TX, United States","https://dnb.com/business-directory/company-profiles/jd-fire-inspection-service.4efdb36b27ec410dd9440b13063f41d0"
"3253","Martin, Brenda F","Support Activities for Road Transportation","Independent","Columbus, MS, United States","https://dnb.com/business-directory/company-profiles/martin-brenda-f.66ddfc32f1acd971275621b794638d3a"
"3254","FIRE INSPECTION PREPAREDNESS LLC","Other Professional, Scientific, and Technical Services","Independent","Philadelphia, PA, United States","https://dnb.com/business-directory/company-profiles/fire-inspection-preparedness-llc.e19491a39f54f326cac6505f9899a57e"
"3255","Kirila Fire Inspection & Testing, Inc.","Other Professional, Scientific, and Technical Services","Independent","Fowler, OH, United States","https://dnb.com/business-directory/company-profiles/kirila-fire-inspection--testing-inc.b2edd6f5f0563734dbd470559fb44722"
"3256","INDIANAPOLIS FIRE INSPECTION SERVICE LLC","Other Professional, Scientific, and Technical Services","Independent","Indianapolis, IN, United States","https://dnb.com/business-directory/company-profiles/indianapolis-fire-inspection-service-llc.9ea298bb34fc9b18fc53bc52ab902368"
"3257","D&H FIRE INSPECTION, LLC","Other Professional, Scientific, and Technical Services","Independent","Charlotte, MI, United States","https://dnb.com/business-directory/company-profiles/dh-fire-inspection-llc.1e1e1d031aa46515c14b7a49aec38381"
"3258","The Fire Door Inspection Company","Other Professional, Scientific, and Technical Services","Independent","Stillwater, NY, United States","https://dnb.com/business-directory/company-profiles/the-fire-door-inspection-company.ee9cc7af252e3b9dadaf5cc6ff3bcdd5"
"3259","FIRE DOG INSPECTION SERVICES LLC","Other Professional, Scientific, and Technical Services","Independent","Greenfield, IN, United States","https://dnb.com/business-directory/company-profiles/fire-dog-inspection-services-llc.4e92d14eae989938c926a7febb3c8940"
"3260","Shenzhen Yongyi'an Fire-fighting Inspect...","Business Support Services","Parent","Shenzhen, Guangdong, China","https://dnb.com/business-directory/company-profiles/shenzhen-yongyian-fire-fighting-inspection-and-testing-co-ltd.bf01145c9f3fd2bf80e571f02213be5a"
"3261","Guangdong Hongjun Fire-fighting Inspecti...","Business Support Services","Subsidiary","Guangzhou, Guangdong, China","https://dnb.com/business-directory/company-profiles/guangdong-hongjun-fire-fighting-inspection-andtestingevaluationconsultingcoltd.9a0a6d0e0c97b44012cb9910097abadd"
"3262","Hangzhou Liandun Fire-fighting Inspectio...","Business Support Services","Parent","Hangzhou, Zhejiang, China","https://dnb.com/business-directory/company-profiles/hangzhou-liandun-fire-fighting-inspection--testing-co-ltd.3b123275e6a052617c569085c18d1b34"
"3263","Anqing Pingyu Fire-fighting Facility Ins...","Business Support Services","Subsidiary","Anqing, Anhui, China","https://dnb.com/business-directory/company-profiles/anqing-pingyu-fire-fighting-facility-inspection-and-testing-co-ltd.7820983006b72a49f21f8312e77764da"
"3264","Sichuan Wei'an Fire-fighting Inspection ...","Business Support Services","Parent","Chengdu, Sichuan, China","https://dnb.com/business-directory/company-profiles/sichuan-weian-fire-fighting-inspection-and-testing-co-ltd.d4cd499023341b03055230a018ecc794"
"3265","D & L FIRE EQUIPMENT INSPECTION SERVICE,...","Other Professional, Scientific, and Technical Services","Independent","Miamisburg, OH, United States","https://dnb.com/business-directory/company-profiles/d--l-fire-equipment-inspection-service-llc.3351e503ad173b7eea994c0c7e606fab"
"3266","National Fire Inspection Specialties Com...","Other Professional, Scientific, and Technical Services","Independent","Pittston, PA, United States","https://dnb.com/business-directory/company-profiles/national-fire-inspection-specialties-company.01e4b19d75da6234d3973e33bc4f064c"
"3267","Heilongjiang Kelin Fire-Fighting Facilit...","Business Support Services","Independent","Daqing, Heilongjiang, China","https://dnb.com/business-directory/company-profiles/heilongjiang-kelin-fire-fighting-facility-inspection--testing-maintenance-coltd.6d125063316c8009a0cb7b24dc37feb4"
"3268","A-1 FIRE INSPECTION, LLC","Other Professional, Scientific, and Technical Services","Independent","Albuquerque, NM, United States","https://dnb.com/business-directory/company-profiles/a-1-fire-inspection-llc.786098e3e1f1ae678dea0de0b1c24fbb"
"3269","Riley, Timothy","Business Support Services","Independent","Canandaigua, NY, United States","https://dnb.com/business-directory/company-profiles/riley-timothy.a850c96e96104151508a71d4868c91fb"
"3270","FIRE DOOR INSPECTION AND REPAIR LIMITED","Foundation, Structure, and Building Exterior Contractors","Independent","SUTTON, England, United Kingdom","https://dnb.com/business-directory/company-profiles/fire-door-inspection-and-repair-limited.9b83dfd0cf4fe8c12906db489458747d"
"3271","SECURITY FIRE INSPECTION SERVICE INC.","Other Professional, Scientific, and Technical Services","Independent","Greenlawn, NY, United States","https://dnb.com/business-directory/company-profiles/security-fire-inspection-service-inc.586bd78b0a9b29c57c6e0ed47c91d27d"
"3272","HONG'S FIRE INSPECTION INC","Other Professional, Scientific, and Technical Services","Independent","McKinney, TX, United States","https://dnb.com/business-directory/company-profiles/hongs-fire-inspection-inc.fe79280a4fc2f0efa8ba17167473860f"
"3273","FIRE DOOR INSPECTION SERVICES OF VIRGINI...","Other Professional, Scientific, and Technical Services","Independent","Salem, VA, United States","https://dnb.com/business-directory/company-profiles/fire-door-inspection-services-of-virginia-llc.6b75ffc668eef522cecb904e8eef6946"
"3274","BRG FIRE DOOR INSPECTION LTD","Other Personal Services","Independent","CLACTON-ON-SEA, England, United Kingdom","https://dnb.com/business-directory/company-profiles/brg-fire-door-inspection-ltd.ee93477fde81d7b45a009e3e4740e9fc"
"3275","FIRE INSPECTION SERVICES, INC","Other Professional, Scientific, and Technical Services","Independent","Laura, OH, United States","https://dnb.com/business-directory/company-profiles/fire-inspection-services-inc.08542250cf20357c98078598ef0b3c3f"
"3276","FIRE BREAK INSPECTION LTD","Other Specialty Trade Contractors","Independent","WHITLEY BAY, England, United Kingdom","https://dnb.com/business-directory/company-profiles/fire-break-inspection-ltd.489cff366d6817a2677eda1dd6f018c8"
"3277","Certified Fire Door Inspection, LLC","Accounting, Tax Preparation, Bookkeeping, and Payroll Services","Independent","Pittston, PA, United States","https://dnb.com/business-directory/company-profiles/certified-fire-door-inspection-llc.90cf00a5688789ab4f0c89f613b86f20"
"3278","Fire Guy Home Inspection","Other Professional, Scientific, and Technical Services","Independent","Oswego, IL, United States","https://dnb.com/business-directory/company-profiles/fire-guy-home-inspection.9372310a53686e00651c4b3791615f67"
"3279","HERVAN, JOSEPH FIRE INSPECTION","Other Professional, Scientific, and Technical Services","Independent","Levittown, NY, United States","https://dnb.com/business-directory/company-profiles/hervan-joseph-fire-inspection.85330f18494a4bc2d4694e6f9d85ccc6"
"3280","ALL FLORIDA FIRE DOOR INSPECTION SERVICE","Other Professional, Scientific, and Technical Services","Independent","Port St Lucie, FL, United States","https://dnb.com/business-directory/company-profiles/all-florida-fire-door-inspection-service.3e4dd585c9fdea7a36a7b87107d89a8e"
"3281","FIRE CERTIFICATION AND INSPECTION LTD EO...","Business Support Services","Independent","Vladaya, Sofia (Capital), Bulgaria","https://dnb.com/business-directory/company-profiles/fire-certification-and-inspection-ltd-eood.a767129cecebbbd14721e7ef27fccac0"
"3282","Jilin Jixing Lightning Protection Fire-f...","Business Support Services","Independent","Changchun, Jilin, China","https://dnb.com/business-directory/company-profiles/jilin-jixing-lightning-protection-fire-fighting-inspection-and-testing-co-ltd.fbb2d4f6f87694f5488c57101bc762bd"
"3283","FIRE DOOR INSPECTION, L.L.C.","Architectural, Engineering, and Related Services","Independent","Barbeau, MI, United States","https://dnb.com/business-directory/company-profiles/fire-door-inspection-llc.aec0fefb92408e3f7cbe836b8e2f5997"
"3284","ALL CLEAR FIRE PROTECTION AND INSPECTION...","Other Professional, Scientific, and Technical Services","Independent","Fort Lauderdale, FL, United States","https://dnb.com/business-directory/company-profiles/all-clear-fire-protection-and-inspection-llc.4b6337324df361814e1627c91f02db56"
"3285","MOORE FIRE INSPECTION SERVICES LIMITED","Business Support Services","Independent","LONDON, England, United Kingdom","https://dnb.com/business-directory/company-profiles/moore-fire-inspection-services-limited.e097437bf0c1172eadafdc49225d5a74"
"3286","RH FIRE DOOR INSPECTION SERVICES LLC.","Other Professional, Scientific, and Technical Services","Independent","Fort Collins, CO, United States","https://dnb.com/business-directory/company-profiles/rh-fire-door-inspection-services-llc.09c4f48d77ef4ed9060062ccf5175d8a"
"3287","J ELLIOTT INSPECTION / TESTING & FIRE AL...","Architectural, Engineering, and Related Services","Independent","HASTINGS, England, United Kingdom","https://dnb.com/business-directory/company-profiles/j-elliott-inspection---testing--fire-alarm-safety-ltd.cb1be4af46c91a63c88e0099de07c06d"
"3288","JW FIRE DOOR INSPECTION LTD","Architectural, Engineering, and Related Services","Independent","FOLKESTONE, England, United Kingdom","https://dnb.com/business-directory/company-profiles/jw-fire-door-inspection-ltd.bbdf01b4efa12a30337dded81a435fe3"
"3289","Taizhou Jingzhun Foam Miehuoji Inspectio...","Business Support Services","Independent","Xinghua, Jiangsu, China","https://dnb.com/business-directory/company-profiles/taizhou-jingzhun-foam-miehuoji-inspection-detection-co-ltd.611df2e74fa888de882db6689e46a54b"
"3290","Dalian Zhihong Fire-fighting Inspection ...","Building Equipment Contractors","Parent","Dalian, Liaoning, China","https://dnb.com/business-directory/company-profiles/dalian-zhihong-fire-fighting-inspection-and-testing-engineering-co-ltd.7f84c095e246a3722b913de58bde3497"
"3291","Hangzhou Qi'an Fire Inspection Co., Ltd","Business Support Services","Subsidiary","Hangzhou, Zhejiang, China","https://dnb.com/business-directory/company-profiles/hangzhou-qian-fire-inspection-co-ltd.3efa85bddb9ae1c85a992ac0b2227477"
"3292","Zhejiang Jingxi Engineering Technology C...","Architectural, Engineering, and Related Services","Independent","Changxing County, Zhejiang, China","https://dnb.com/business-directory/company-profiles/zhejiang-jingxi-engineering-technology-co-ltd.64b865c0c5e6e4b642c054875d6e080d"
"3293","VIET NAM TECHNOLOGY DEVELOPMENT AND FIRE...","Architectural, Engineering, and Related Services","Independent","Ha Noi, Ha Noi, Vietnam","https://dnb.com/business-directory/company-profiles/viet-nam-technology-development-and-fire-prevention-inspection-company-limited.405ea43991f19672622639c4316eec02"
"3294","PASSIVE FIRE INSPECTION LTD","Other Specialty Trade Contractors","Independent","POTTERS BAR, England, United Kingdom","https://dnb.com/business-directory/company-profiles/passive-fire-inspection-ltd.814b0afb3c19e5785293b9c902db549d"
"3295","Haochuang Jian'an Fire Inspection and Ma...","Business Support Services","Independent","Liupanshui, Guizhou, China","https://dnb.com/business-directory/company-profiles/haochuang-jianan-fire-inspection-and-maintenance-co-ltd-in-liuzhi-special-zone.4ae37a26b3de88d74541e62c9ffb89d5"
"3296","INDEPENDENT FIRE INSPECTION BODY LTD","Justice, Public Order, and Safety Activities","Subsidiary","LINCOLN, England, United Kingdom","https://dnb.com/business-directory/company-profiles/independent-fire-inspection-body-ltd.d15f9cf528166810636ffd1c7fb75224"
"3297","FIRE DOOR INSPECTION SERVICES LTD","Justice, Public Order, and Safety Activities","Independent","KILMARNOCK, Scotland, United Kingdom","https://dnb.com/business-directory/company-profiles/fire-door-inspection-services-ltd.e8fd8523f387b2c8dab177e640e2230e"
"3298","The European Group of Organisations for ...","","Independent","Gent, Oost-Vlaanderen, Belgium","https://dnb.com/business-directory/company-profiles/the-european-group-of-organisations-for-fire-testing-inspection-and-certification.7679131545386e1c9f65a319f87aac5c"
"3299","H&H FIRE PROTECTION EQUIPMENT, SALES, IN...","","Independent","Saint Ann, Jamaica","https://dnb.com/business-directory/company-profiles/hh-fire-protection-equipment-sales-inspection-installation-limited.fe85ff9a41562f63c10ccf3c2b844a86"
"3300","FIRE INSPECTION CONSULTANTS AND SERVICES...","Justice, Public Order, and Safety Activities","Independent","GERMISTON, GAUTENG, South Africa","https://dnb.com/business-directory/company-profiles/fire-inspection-consultants-and-services-cc.b28a7680d665e92710411ad5e1856d9b"
"3301","Fire Control Inspection Chile Spa","","Independent","Chile","https://dnb.com/business-directory/company-profiles/fire-control-inspection-chile-spa.35f4228401491af1191f7356826ff332"
"3302","FIRE ESCAPE INSPECTION SERVICE","Independent Artists, Writers, and Performers","Branch","Simi Valley, CA, United States","https://dnb.com/business-directory/company-profiles/fire-escape-inspection-service.a7fb8d9e315cd5ef748d856fce0ca1b3"
"3303","City of Albert Lea","Justice, Public Order, and Safety Activities","Branch","Albert Lea, MN, United States","https://dnb.com/business-directory/company-profiles/city-of-albert-lea.5819b831c15baaeda42214e39322bd69"
"3304","COPPELL, CITY OF (INC)","Executive, Legislative, and Other General Government Support","Branch","Coppell, TX, United States","https://dnb.com/business-directory/company-profiles/coppell-city-of-(inc).a2e55c2278a7b80d49b6b2fb10aa0930"
"3305","County of Seminole","Justice, Public Order, and Safety Activities","Branch","Sanford, FL, United States","https://dnb.com/business-directory/company-profiles/county-of-seminole.40fd1e733d2b3a1efc077e6fa48d0b24"
"3306","City of Coral Springs","Justice, Public Order, and Safety Activities","Branch","Coral Springs, FL, United States","https://dnb.com/business-directory/company-profiles/city-of-coral-springs.7c23bcfcab05747aa3d8998567c853d9"
"3307","MC FIRE INSPECTION SERVICES","Support Activities for Forestry","Branch","San Diego, CA, United States","https://dnb.com/business-directory/company-profiles/mc-fire-inspection-services.fe502d02037cd1add6f11bdadc80d647"
"3308","City Of St. John's","Executive, Legislative, and Other General Government Support","Branch","Saint John, NB, Canada","https://dnb.com/business-directory/company-profiles/city-of-st-johns.b753314cd47f027d306b78ed6a3b035f"
"3309","Guangdong Anxin Fire Inspection Co., Ltd...","Business Support Services","Branch","Shantou, Guangdong, China","https://dnb.com/business-directory/company-profiles/guangdong-anxin-fire-inspection-co-ltd-shantou-branch.5dfc7de10bd99de4caca365e587f3444"
"3310","Guangdong Anxin Fire Inspection Co., Ltd...","Business Support Services","Branch","Zhaoqing, Guangdong, China","https://dnb.com/business-directory/company-profiles/guangdong-anxin-fire-inspection-co-ltd-zhaoqing-branch.bc23d18fe2906c3f9e966c473e633033"
"3311","Anhui Tianyi Fire Inspection Consulting ...","Management, Scientific, and Technical Consulting Services","Branch","Chuzhou, Anhui, China","https://dnb.com/business-directory/company-profiles/anhui-tianyi-fire-inspection-consulting-co-ltd-chuzhou-branch.8c9550e5bffda489a104e09cdb163f77"
"3312","Anhui Jiangyang Fire-fighting Safety Ins...","Business Support Services","Branch","Chuzhou, Anhui, China","https://dnb.com/business-directory/company-profiles/anhui-jiangyang-fire-fighting-safety-inspection-and-testing-maintenance-co-ltd--chuzhou-branch.a2cb925c179a9c5032c2a341c6856367"
"3313","Sichuan Xinxin Fire-fighting Inspection ...","Other Fabricated Metal Product Manufacturing","Branch","Guangyuan, Sichuan, China","https://dnb.com/business-directory/company-profiles/sichuan-xinxin-fire-fighting-inspection-and-testing-co-ltd-guangyuanyi-branch.84579616f1860dfdb56c5d29229d84ab"
"3314","Hubei Tianyi Fire-fighting Safety Inspec...","Business Support Services","Branch","Yichang, Hubei, China","https://dnb.com/business-directory/company-profiles/hubei-tianyi-fire-fighting-safety-inspection-and-testing-co-ltd-yichang-branc-h.443a370ab10e9903ea7d5d309fe6972d"
"3315","Hebei Antai Fire Inspection Co., Ltd. La...","Business Support Services","Branch","Langfang, Hebei, China","https://dnb.com/business-directory/company-profiles/hebei-antai-fire-inspection-co-ltd-langfang-branch.03515a2b8020910140d8e4d8543b0d4d"
"3316","Henan Blue Shield Fire Inspection Co., L...","Other Personal Services","Branch","Pingdingshan, Henan, China","https://dnb.com/business-directory/company-profiles/henan-blue-shield-fire-inspection-co-ltd-pingdingshan-inspection-station.25c4ccdd9eabc7a992f5c01ba1e606b0"
"3317","Zhejiang Huayu Fire Inspection Co., Ltd....","Business Support Services","Branch","Wenzhou, Zhejiang, China","https://dnb.com/business-directory/company-profiles/zhejiang-huayu-fire-inspection-co-ltd-wenzhou-branch.6386e3a39803987a51edec0f5ee480f2"
"3318","Shandong Anqiang Fire-fighting Facility ...","Business Support Services","Branch","Dongying, Shandong, China","https://dnb.com/business-directory/company-profiles/shandong-anqiang-fire-fighting-facility-inspection-and-testing-co-ltd-dongyin-g-branch.516bf84779fee2df11a83f317effb949"
"3319","Hebei Anshun Fire Inspection Service Co....","Business Support Services","Branch","Shijiazhuang, Hebei, China","https://dnb.com/business-directory/company-profiles/hebei-anshun-fire-inspection-service-co-ltd-shijiazhuang-branch.a4d9b6f40c9ddacd264c9209bb1cc926"
"3320","Zhejiang Huazeng Fire Inspection Co., Lt...","Business Support Services","Branch","Lishui, Zhejiang, China","https://dnb.com/business-directory/company-profiles/zhejiang-huazeng-fire-inspection-co-ltd-lishui-branch.320a48843df8ab8714ab1d395254844c"
"3321","Anshan Houan Fire Inspection Co., Ltd. B...","Business Support Services","Branch","Zhuozhou, Hebei, China","https://dnb.com/business-directory/company-profiles/anshan-houan-fire-inspection-co-ltd-baoding-branch.1959a45843f0939bdf889e0f6a0a4ed9"
"3322","Guangxi Zhizhineng Fire Inspection Co., ...","Business Support Services","Branch","Nanning, Guangxi, China","https://dnb.com/business-directory/company-profiles/guangxi-zhizhineng-fire-inspection-co-ltd-nanning-branch.2c5892a8e3fce687cf5a864516afc3d0"
"3323","Fujian Teng'an Fire Inspection Co., Ltd....","Business Support Services","Branch","Xiamen, Fujian, China","https://dnb.com/business-directory/company-profiles/fujian-tengan-fire-inspection-co-ltd-xiamen-branch.525a300c9b04a00637b25dec69486bba"
"3324","Fujian Lisheng Fire Inspection Co., Ltd....","Business Support Services","Branch","Fuqing, Fujian, China","https://dnb.com/business-directory/company-profiles/fujian-lisheng-fire-inspection-co-ltd-fuqing-branch.32f077901549edd3e7596ddc092f962d"
"3325","Zhejiang Huayu Fire Inspection Co., Ltd....","Business Support Services","Branch","Lishui, Zhejiang, China","https://dnb.com/business-directory/company-profiles/zhejiang-huayu-fire-inspection-co-ltd-lishui-branch.5adb548477ff378313cf35e96a45b514"
"3326","Hubei Xiangtai Fire Inspection Co., Ltd....","Business Support Services","Branch","Wuhan, Hubei, China","https://dnb.com/business-directory/company-profiles/hubei-xiangtai-fire-inspection-co-ltd-dunkou-branch.e1a4b9c8c88526c2560bd53c33dc9edb"
"3327","Fujian Teng'an Fire Inspection Co., Ltd....","Business Support Services","Branch","Ningde, Fujian, China","https://dnb.com/business-directory/company-profiles/fujian-tengan-fire-inspection-co-ltd-ningde-branch.3d01e7b84113b6e28329e2e081545b6f"
"3328","Guangdong Fuhua Fire Inspection And Main...","Business Support Services","Branch","Huizhou, Guangdong, China","https://dnb.com/business-directory/company-profiles/guangdong-fuhua-fire-inspection-and-maintenance-technology-co-ltd-huizhou-branch.8c1bb7c20fdbdcf871ab77c640d29243"
"3329","Shandong Anjie Rui Fire Inspection Co., ...","Business Support Services","Branch","Yantai, Shandong, China","https://dnb.com/business-directory/company-profiles/shandong-anjie-rui-fire-inspection-co-ltd-yantai-first-branch.806f016e5cb34426f140ff7ba11e96fe"
"3330","Guangdong Haian Fire Inspection Co., Ltd...","Business Support Services","Branch","Qingyuan, Guangdong, China","https://dnb.com/business-directory/company-profiles/guangdong-haian-fire-inspection-co-ltd-qingyuan-branch.10ab9ec2c59b373fb18f6b6d49c6b515"
"3331","Wenzhou Jinjia Fire Inspection Co., Ltd....","Business Support Services","Branch","Qingtian County, Zhejiang, China","https://dnb.com/business-directory/company-profiles/wenzhou-jinjia-fire-inspection-co-ltd-qingtian-branch.52b585c5bc04b8e85ea95e4437050f4c"
"3332","Guangdong Anxin Fire Inspection Co., Ltd...","Business Support Services","Branch","Dongguan, Guangdong, China","https://dnb.com/business-directory/company-profiles/guangdong-anxin-fire-inspection-co-ltd-dongguan-tangxia-branch.229affd76bd4ac98a8fbb12154d41f8b"
"3333","Hebei Tejin Fire Inspection Co., Ltd. Ca...","Business Support Services","Branch","Cangzhou, Hebei, China","https://dnb.com/business-directory/company-profiles/hebei-tejin-fire-inspection-co-ltd-cangzhou-branch.bc4c297728317bdf0e5f8c81ecb15277"
"3334","Xilin Gol Station, Inner Mongolia Electr...","Architectural, Engineering, and Related Services","Branch","Xilinhaote, Inner Mongolia, China","https://dnb.com/business-directory/company-profiles/xilin-gol-station-inner-mongolia-electric-fire-fighting-safety-inspection-stat-ion.d6c8eb6e9c2e452170b5ade4410a9375"
"3335","Hefei Tai'an Fire-Fighting Safety Inspec...","Business Support Services","Branch","Bengbu, Anhui, China","https://dnb.com/business-directory/company-profiles/hefei-taian-fire-fighting-safety-inspection--testing-coltd-bengbu-branch.1d481ffb47e92c616946bb37083a29b4"
"3336","Changzhou Tai'an Fire Inspection Co., Lt...","Other Professional, Scientific, and Technical Services","Branch","Liyang, Jiangsu, China","https://dnb.com/business-directory/company-profiles/changzhou-taian-fire-inspection-co-ltd-liyang-branch.facba7431d8e04be5fa0c305c808e64e"
"3337","Fujian Fuqi Fire-Fighting Inspection & T...","Business Support Services","Branch","Shaowu, Fujian, China","https://dnb.com/business-directory/company-profiles/fujian-fuqi-fire-fighting-inspection--testing-co-ltd-nanping-branch.cdf363982b368fd8e9842c2c83cdda5f"
"3338","Zhejiang Yinghua Safety Technology Co., ...","Business Support Services","Branch","Huzhou, Zhejiang, China","https://dnb.com/business-directory/company-profiles/zhejiang-yinghua-safety-technology-co-ltd-huzhou-branch.a37c84ea83a07712d575b4a4a2387cd3"
"3339","Zhejiang Guang'an Construction Fire-figh...","Business Support Services","Branch","Yiwu, Zhejiang, China","https://dnb.com/business-directory/company-profiles/zhejiang-guangan-construction-fire-fighting-facility-inspection--testing-co-ltd-yiwu-branch.4a2f06332e35742a5e5b149c8fdcaa77"
"3340","Zhejiang Huayu Fire Inspection Co., Ltd....","Business Support Services","Branch","Changxing County, Zhejiang, China","https://dnb.com/business-directory/company-profiles/zhejiang-huayu-fire-inspection-co-ltd-changxing-branch.3d6595e57cf26eb7725e226d73ddbcd3"
"3341","Qingdao Jingmin Fire-fighting Safety Ins...","Business Support Services","Branch","Liaoyang, Liaoning, China","https://dnb.com/business-directory/company-profiles/qingdao-jingmin-fire-fighting-safety-inspection-and-testing-co-ltd-liaoyang-b-ranch.b08e35cc882a89a26dcdaeae816c00b2"
"3342","North Dakota Dept of Insurance","Administration of Economic Programs","Branch","Bismarck, ND, United States","https://dnb.com/business-directory/company-profiles/north-dakota-dept-of-insurance.d7e55bdc4984e143be7b3017f672ded7"
"3343","Hebei Yue'an Building Fire Inspection Se...","Architectural, Engineering, and Related Services","Branch","Qinhuangdao, Hebei, China","https://dnb.com/business-directory/company-profiles/hebei-yuean-building-fire-inspection-service-co-ltd-qinhuangdao-branch.794c2138983879e755566fe89908411b"
"3344","Guangxi Hengshuntai Fire Inspection Co.,...","Management, Scientific, and Technical Consulting Services","Branch","Yulin, Guangxi, China","https://dnb.com/business-directory/company-profiles/guangxi-hengshuntai-fire-inspection-co-ltd-rongxian-branch.09ada72e6d52232daf41c2f0dfe6cda0"
"3345","Qinzhou Branch Of Beihai Fire Inspection...","Business Support Services","Branch","Qinzhou, Guangxi, China","https://dnb.com/business-directory/company-profiles/qinzhou-branch-of-beihai-fire-inspection-service-center.72bce0cf5402c85ceed566c102154a93"
"3346","Yunnan Bai'an Fire Inspection And Evalua...","Business Support Services","Branch","Lijiang, Yunnan, China","https://dnb.com/business-directory/company-profiles/yunnan-baian-fire-inspection-and-evaluation-co-ltd-dianxi-branch.6bb288213855faa117de84160bc6d88a"
"3347","Henan Hongtai Fire-Fighting Equipment In...","Business Support Services","Branch","Hebi, Henan, China","https://dnb.com/business-directory/company-profiles/henan-hongtai-fire-fighting-equipment-inspection-and-testing-technology-co-ltd-hebi-branch.45abb6b1b26ca6cd3b9ba1d0a543bd3c"
"3348","Hangzhou Liandun Fire-fighting Inspectio...","Business Support Services","Branch","Wenzhou, Zhejiang, China","https://dnb.com/business-directory/company-profiles/hangzhou-liandun-fire-fighting-inspection--testing-co-ltd-wenzhou-cangnan-branch.b4cf4d27e28a8827bffe85da8740ee4c"
"3349","Henan Tai'an Fire Inspection Co., Ltd. Z...","Business Support Services","Branch","Zhumadian, Henan, China","https://dnb.com/business-directory/company-profiles/henan-taian-fire-inspection-co-ltd-zhumadian-branch.de77410325b9b39d113d310df2f43408"
"3350","Xun'an Fire Inspection (zhejiang) Co., L...","Business Support Services","Branch","Ningbo, Zhejiang, China","https://dnb.com/business-directory/company-profiles/xunan-fire-inspection-(zhejiang)-co-ltd-ningbo-branch.b55562ef5072bad6fafa1e6ff9bb9253"
"3351","Jiangxi Yuxin Fire Protection Facility M...","Business Support Services","Branch","Ganzhou, Jiangxi, China","https://dnb.com/business-directory/company-profiles/jiangxi-yuxin-fire-protection-facility-maintenance-and-inspection-co-ltd-ganzhou-branch.79abb156dbc9b6aae6d7091f2a15b02f"
"3352","Jiangxi Yuxin Fire Protection Facility M...","Business Support Services","Branch","Shangrao, Jiangxi, China","https://dnb.com/business-directory/company-profiles/jiangxi-yuxin-fire-protection-facility-maintenance-and-inspection-co-ltd-shangrao-branch.9529837613941a323aae41ddace30818"
"3353","JAPAN FIRE EQUIPMENT INSPECTION INSTITUT...","Civic and Social Organizations","Branch","OSAKA, OSAKA, Japan","https://dnb.com/business-directory/company-profiles/japan-fire-equipment-inspection-institute.ab126243c8ede3595063b43f78c0fd44"
"3354","JAPAN FIRE EQUIPMENT INSPECTION INSTITUT...","Civic and Social Organizations","Branch","MINATO-KU, TOKYO, Japan","https://dnb.com/business-directory/company-profiles/japan-fire-equipment-inspection-institute.790fb5956424a9786cfb6f6e88460da5"
"3355","Henan Shengxin Fire Inspection Co., Ltd....","Business Support Services","Branch","Zhumadian, Henan, China","https://dnb.com/business-directory/company-profiles/henan-shengxin-fire-inspection-co-ltd-zhumadian-branch.de99858c9a9be1a138ce2cd043f0ed0b"
"3356","Shanxi Zhonghui'an Fire Inspection Co., ...","Other Schools and Instruction","Branch","Qi County, Shanxi, China","https://dnb.com/business-directory/company-profiles/shanxi-zhonghuian-fire-inspection-co-ltd-qixian-branch.6db264934b017784b8858399ebf057c5"
"3357","Changchun Zhonghe Fire Inspection Co., L...","Business Support Services","Branch","Yanji, Jilin, China","https://dnb.com/business-directory/company-profiles/changchun-zhonghe-fire-inspection-co-ltd-yanji-branch.7f3c145f794279024a9391470b6bb3ae"
"3358","Tibet Anke Fire-fighting Inspection & Te...","Other Professional, Scientific, and Technical Services","Branch","Lhasa, Xizang, China","https://dnb.com/business-directory/company-profiles/tibet-anke-fire-fighting-inspection--testing-coltd-changdu-branch.ca9cf6b806522833ccd22d48f8ac6235"
"3359","Yunnan Yongtai Fire Inspection And Evalu...","Business Support Services","Branch","Yulong Naxi Autonomous County, Yunnan, China","https://dnb.com/business-directory/company-profiles/yunnan-yongtai-fire-inspection-and-evaluation-co-ltd-lijiang-branch.392f273cd64f9b54cde7b8f24343698a"
"3360","Borough of Wildwood Crest","Justice, Public Order, and Safety Activities","Branch","Wildwood, NJ, United States","https://dnb.com/business-directory/company-profiles/borough-of-wildwood-crest.18551418e69e5741f96416b70e700668"
"3361","City of Irving","Justice, Public Order, and Safety Activities","Branch","Irving, TX, United States","https://dnb.com/business-directory/company-profiles/city-of-irving.c2fcb64bbf69edf4da44b6d2ff1ae846"
"3362","Vermont Department of Public Safety","Justice, Public Order, and Safety Activities","Branch","Williston, VT, United States","https://dnb.com/business-directory/company-profiles/vermont-department-of-public-safety.a40fa2c592931eb50a5dd3eaf7b3f0d6"
"3363","Hunan Jiandian Fire Inspection Co., Ltd....","Business Support Services","Branch","Zhuzhou, Hunan, China","https://dnb.com/business-directory/company-profiles/hunan-jiandian-fire-inspection-co-ltd-zhuzhou-branch.5900af0202a2c19d4673a9b8620cf1d4"
"3364","Henan Huayuda Fire-Fighting Safety Inspe...","Residential Building Construction","Branch","Zhengzhou, Henan, China","https://dnb.com/business-directory/company-profiles/henan-huayuda-fire-fighting-safety-inspection--testing-co-ltd-zhengzhou-branch.ab36a18b6545af8270b9b633d81ab8c1"
"3365","City of Reynoldsburg","Justice, Public Order, and Safety Activities","Branch","Reynoldsburg, OH, United States","https://dnb.com/business-directory/company-profiles/city-of-reynoldsburg.38f195d6f5a70a1f45d87b1ad268717c"
"3366","POLAND TOWNSHIP GOVERNMENT CENTER","Justice, Public Order, and Safety Activities","Branch","Poland, OH, United States","https://dnb.com/business-directory/company-profiles/poland-township-government-center.59c295e73b5a720021055f3cc0b6803f"
"3367","BRIDGEPORT HOSPITAL","General Medical and Surgical Hospitals","Branch","Gatesville, NC, United States","https://dnb.com/business-directory/company-profiles/bridgeport-hospital.4ccd6b9dee2c21339ae1035eae206ccc"
"3368","Yongzhou Runye Fire Inspection And Maint...","Business Support Services","Branch","Yongzhou, Hunan, China","https://dnb.com/business-directory/company-profiles/yongzhou-runye-fire-inspection-and-maintenance-co-ltd-cold-water-beach-branch.7d9b02145bf1bceb28427228aa5bec64"
