#,Company,Industry,Type,Location,Profile URL
1,"San Ramon Valley Fire Protection Dist","Justice, Public Order, and Safety Activities","Parent","San Ramon, CA, United States","https://dnb.com/business-directory/company-profiles/san-ramon-valley-fire-protection-dist.5eec6a569391f330501315bb4adc36b0"
2,"National Fire Protection Association, In...","Other Support Services","Parent","Quincy, MA, United States","https://dnb.com/business-directory/company-profiles/national-fire-protection-association-inc.7c246fc382d8de601336ecdea3b88527"
3,"United States Alliance Fire Protection, ...","Building Equipment Contractors","Subsidiary","Lake Forest, IL, United States","https://dnb.com/business-directory/company-profiles/united-states-alliance-fire-protection-inc.079bec1960fb444c8d7bc01040e3f5c8"
4,"F. E. Moran, Inc. Fire Protection","Building Equipment Contractors","Parent","Northbrook, IL, United States","https://dnb.com/business-directory/company-profiles/f-e-moran-inc-fire-protection.4982d7c2d52e86d39737f806eaa0d303"
5,"BFPE International, Inc.","Machinery, Equipment, and Supplies Merchant Wholesalers","Parent","Hanover, MD, United States","https://dnb.com/business-directory/company-profiles/bfpe-international-inc.d5ee50cfbe87597a582e407a4f4d82ce"
6,"The Viking Corporation","Other General Purpose Machinery Manufacturing","Subsidiary","Caledonia, MI, United States","https://dnb.com/business-directory/company-profiles/the-viking-corporation.28241831523900b793efd7ed0132784f"
7,"Supply Network, Inc.","Machinery, Equipment, and Supplies Merchant Wholesalers","Subsidiary","Caledonia, MI, United States","https://dnb.com/business-directory/company-profiles/supply-network-inc.f84a75335266765ea5c27c4d066b1bed"
8,"International Fire Protection, Inc.","Building Equipment Contractors","Subsidiary","Madison, AL, United States","https://dnb.com/business-directory/company-profiles/international-fire-protection-inc.191b61b6f80bf0a71c94c9f70a1cc9be"
9,"Menlo Park Fire Protection District","Justice, Public Order, and Safety Activities","Parent","Menlo Park, CA, United States","https://dnb.com/business-directory/company-profiles/menlo-park-fire-protection-district.407f179cbb9b25dad4e78caa338893a8"
10,"2182553 Ontario Ltd","Other Support Services","Independent","Sarnia, ON, Canada","https://dnb.com/business-directory/company-profiles/2182553-ontario-ltd.2a7173256c38fde9397152b4cadb06b0"
11,"PEFIPRESA SA","Building Equipment Contractors","Subsidiary","MADRID, Madrid, Spain","https://dnb.com/business-directory/company-profiles/pefipresa-sa.de52d4ec04a33f314f57a04685033823"
12,"UNITED SAFETY & SURVIVABILITY CORPORATIO...","Navigational, Measuring, Electromedical, and Control Instruments Manufacturing","Independent","RUTHERFORD, NEW SOUTH WALES, Australia","https://dnb.com/business-directory/company-profiles/united-safety--survivability-corporation-pty-ltd.1a64b4309296e01eff14087c7e4dd2c5"
13,"DELUGE FIRE PROTECTION (S.E.A.) PTE LTD","Building Equipment Contractors","Subsidiary","Singapore, Singapore","https://dnb.com/business-directory/company-profiles/deluge-fire-protection-(sea)-pte-ltd.c3be923226309187ea2e368bf20fa1b7"
14,"CLARKE FIRE PROTECTION PRODUCTS LIMITED","Engine, Turbine, and Power Transmission Equipment Manufacturing","Subsidiary","COATBRIDGE, Scotland, United Kingdom","https://dnb.com/business-directory/company-profiles/clarke-fire-protection-products-limited.a491804e3459d2249cb08f381aa57aa5"
15,"UNIVERSITY OF FIRE PROTECTION","Colleges, Universities, and Professional Schools","Subsidiary","Ha Noi, Ha Noi, Vietnam","https://dnb.com/business-directory/company-profiles/university-of-fire-protection.adbf0714d48e4b018ec7ccb6f15d2d4b"
16,"SHANGHAI HUANYU CONSTRUCTION (GROUP) CO....","Building Equipment Contractors","Parent","Shanghai, Shanghai, China","https://dnb.com/business-directory/company-profiles/shanghai-huanyu-construction-(group)-coltd.bc71887388ac9056d71ba0d37553d391"
17,"ANAF FIRE PROTECTION SPA","Other General Purpose Machinery Manufacturing","Subsidiary","TORRE D'ISOLA, PAVIA, Italy","https://dnb.com/business-directory/company-profiles/anaf-fire-protection-spa.a989d42c85354db9bdbbd0b03ee6185e"
18,"Islands Mechanical Contractor, Inc.","Nonresidential Building Construction","Independent","Middleburg, FL, United States","https://dnb.com/business-directory/company-profiles/islands-mechanical-contractor-inc.73ba68eeb00a427ea9390932d64dbc52"
19,"ARGUS FIRE PROTECTION COMPANY LIMITED","Architectural, Engineering, and Related Services","Subsidiary","LONDON, England, United Kingdom","https://dnb.com/business-directory/company-profiles/argus-fire-protection-company-limited.d6a82509864d4ec6349f240a49fe7857"
20,"W.W. Gay Fire Protection, Inc.","Building Equipment Contractors","Subsidiary","Jacksonville, FL, United States","https://dnb.com/business-directory/company-profiles/ww-gay-fire-protection-inc.d216fac418306014dc743abc0e94cafa"
21,"Shandong Longcheng Fire Science And Tech...","Other General Purpose Machinery Manufacturing","Parent","Tai'an, Shandong, China","https://dnb.com/business-directory/company-profiles/shandong-longcheng-fire-science-and-technology-coltd.d022b9b72af1af9cd8494bcedaf7fa00"
22,"SURESERVE COMPLIANCE FIRE LIMITED","Building Equipment Contractors","Subsidiary","LONDON, England, United Kingdom","https://dnb.com/business-directory/company-profiles/sureserve-compliance-fire-limited.39a76e82e5248b191b8e20e061074fec"
23,"Beijing Urban Construction Tianning Fire...","Other Specialty Trade Contractors","Parent","Beijing, Beijing, China","https://dnb.com/business-directory/company-profiles/beijing-urban-construction-tianning-fire-protection-co-ltd.d4a3d21a1eb9905bc54a216ac2b0f63d"
24,"Automatic Fire Protection, Incorporated","Building Equipment Contractors","Parent","San Angelo, TX, United States","https://dnb.com/business-directory/company-profiles/automatic-fire-protection-incorporated.b21726ab190bca4f62c5e87a5c53c6c6"
25,"Grinnell LLC","Other General Purpose Machinery Manufacturing","Subsidiary","Boca Raton, FL, United States","https://dnb.com/business-directory/company-profiles/grinnell-llc.ec54589c2bb388887efb456d4c7818b7"
26,"Shanghai Sheng'an Construction Engineeri...","Architectural, Engineering, and Related Services","Subsidiary","Shanghai, Shanghai, China","https://dnb.com/business-directory/company-profiles/shanghai-shengan-construction-engineering-(group)-coltd.ce5a7b841d216bd27efe4ecfd531f8d8"
27,"Walter Kidde Portable Equipment, LLC","Communications Equipment Manufacturing","Subsidiary","Mebane, NC, United States","https://dnb.com/business-directory/company-profiles/walter-kidde-portable-equipment-llc.a47e0abd3ca6c669037f5550e2c6ab25"
28,"Jet Fire Protection LLC","Other Support Services","Parent","Salem, OR, United States","https://dnb.com/business-directory/company-profiles/jet-fire-protection-llc.96f70523c34f5c45410fd6582700f33a"
29,"Shaanxi Yinhe Fire-Fighting Technology E...","Other General Purpose Machinery Manufacturing","Subsidiary","Baoji, Shaanxi, China","https://dnb.com/business-directory/company-profiles/shaanxi-yinhe-fire-fighting-technology-equipment-co-ltd.3b97bb7f24485406712a869cc01ffcef"
30,"Orland Fire Protection District","Justice, Public Order, and Safety Activities","Parent","Orland Park, IL, United States","https://dnb.com/business-directory/company-profiles/orland-fire-protection-district.7f6cceae09737a9ed6c898ea125d254e"
31,"Wolman Wood and Fire Protection GmbH","Soap, Cleaning Compound, and Toilet Preparation Manufacturing","Subsidiary","Sinzheim, Baden-Württemberg, Germany","https://dnb.com/business-directory/company-profiles/wolman-wood-and-fire-protection-gmbh.9f64e75babccbfb41266ea2204454958"
32,"Fire Safety and Protection, LLC","Other Fabricated Metal Product Manufacturing","Parent","Atlanta, GA, United States","https://dnb.com/business-directory/company-profiles/fire-safety-and-protection-llc.c21dede9b0e2e316a6f0c4a599fa7500"
33,"Total Fire Protection West, LLC.","Building Equipment Contractors","Subsidiary","Grand Rapids, MI, United States","https://dnb.com/business-directory/company-profiles/total-fire-protection-west-llc.6f15acbe0850f1e2579234dc943fa0ff"
34,"KOREAN FIRE PROTECTION ASSOCIATION","Business, Professional, Labor, Political, and Similar Organizations","Subsidiary","Seoul, Seoul, Republic Of Korea","https://dnb.com/business-directory/company-profiles/korean-fire-protection-association.6ed3ba46b28ad94e1ad03e20c3ea803b"
35,"Hubei Fire Protection Equipment Factory","Motor Vehicle Manufacturing","Subsidiary","Wuhan, Hubei, China","https://dnb.com/business-directory/company-profiles/hubei-fire-protection-equipment-factory.05f054da06793131074f855d94551775"
36,"YANTAI JINRUN NUCLEAR MATERIALS CO., LTD","Clay Product and Refractory Manufacturing","Parent","Yantai, Shandong, China","https://dnb.com/business-directory/company-profiles/yantai-jinrun-nuclear-materials-co-ltd.69d43e2c1001b16fbccb81bdee02075f"
37,"CHENG DEH FIRE PROTECTION INDUSTRIAL COR...","Building Equipment Contractors","Parent","Taoyuan City, Taoyuan, Taiwan","https://dnb.com/business-directory/company-profiles/cheng-deh-fire-protection-industrial-corp.a4b52a2231d04e5a267424a062aeeec3"
38,"Bison Fire Protection Inc","Other Support Services","Parent","Springfield, MB, Canada","https://dnb.com/business-directory/company-profiles/bison-fire-protection-inc.5e41d0cd517a1afd4ac40b081e3179a5"
39,"Reliance Smart Fire Protection Inc.","Architectural, Engineering, and Related Services","Parent","Xiamen, Fujian, China","https://dnb.com/business-directory/company-profiles/reliance-smart-fire-protection-inc.ccd64388e385fe0be357ebb04a164339"
40,"TYCO FIRE PROTECTION PRODUCTS (MALAYSIA)...","Other Fabricated Metal Product Manufacturing","Subsidiary","Petaling Jaya, Selangor, Malaysia","https://dnb.com/business-directory/company-profiles/tyco-fire-protection-products-(malaysia)-sdn-bhd.5260a0d19678befc8275686fc1f830bf"
41,"Universal Piping Industries, LLC","Building Equipment Contractors","Subsidiary","Troy, MI, United States","https://dnb.com/business-directory/company-profiles/universal-piping-industries-llc.461767d39a5f5166bad79850b8eb8be3"
42,"Woodside Fire Protection District","Justice, Public Order, and Safety Activities","Parent","Woodside, CA, United States","https://dnb.com/business-directory/company-profiles/woodside-fire-protection-district.dae8e13185c1ce5adf0940f3d7b7130f"
43,"CERTIFIED FIRE PROTECTION SPECIALIST OF ...","Justice, Public Order, and Safety Activities","Independent","Quezon City, Metro Manila, Philippines","https://dnb.com/business-directory/company-profiles/certified-fire-protection-specialist-of-the-philippines-(cfpsp)-inc.96d4edae49b306449d35a3341d7edb15"
44,"Hampshire Fire Protection Co., LLC","Building Equipment Contractors","Parent","Londonderry, NH, United States","https://dnb.com/business-directory/company-profiles/hampshire-fire-protection-co-llc.2a0b50f209ef3fb2cfb6ef1dbd86e36b"
45,"Haitian Fire Fighting Technology Co., Lt...","Other Chemical Product and Preparation Manufacturing","Parent","Zhengzhou, Henan, China","https://dnb.com/business-directory/company-profiles/haitian-fire-fighting-technology-co-ltd.681318fbfd49695a79ae1fcf198ba792"
46,"Rapid Fire Protection, Inc.","Building Equipment Contractors","Subsidiary","Rapid City, SD, United States","https://dnb.com/business-directory/company-profiles/rapid-fire-protection-inc.3db3872f2c8df5fc51f2d9bcbebdbd87"
47,"North County Fire Protection District","Justice, Public Order, and Safety Activities","Independent","Fallbrook, CA, United States","https://dnb.com/business-directory/company-profiles/north-county-fire-protection-district.d2b5da4ad96c9f2de09f460bd7d75d85"
48,"Beijing Jinzhou Jianwei Fire Protection ...","Building Equipment Contractors","Parent","Beijing, Beijing, China","https://dnb.com/business-directory/company-profiles/beijing-jinzhou-jianwei-fire-protection-technology-co-ltd.b526290dcf14d918b00b1fabd59f183d"
49,"Inner Mongolia Ruiyu Shengke Fire Protec...","Residential Building Construction","Subsidiary","Ordos, Inner Mongolia, China","https://dnb.com/business-directory/company-profiles/inner-mongolia-ruiyu-shengke-fire-protection-engineering-co-ltd.30d0590d243d18c9285f1e7cfd24aa41"
50,"Metro West Fire Protection District","Other Support Services","Parent","Grover, MO, United States","https://dnb.com/business-directory/company-profiles/metro-west-fire-protection-district.f2bdf5ac56728eca1357aeaa31e09d23"
51,"Thurston County Fire Protection District...","Other Support Services","Independent","Lacey, WA, United States","https://dnb.com/business-directory/company-profiles/thurston-county-fire-protection-district--3.1e331bc082f97fc4b0cde3cc0c60bab5"
52,"Stoughton Fire Protection Ltd","Other Support Services","Independent","Calgary, AB, Canada","https://dnb.com/business-directory/company-profiles/stoughton-fire-protection-ltd.d17ddd4161870e69812fe34fe3e669d7"
53,"NEWAGE FIRE PROTECTION INDUSTRIES PRIVAT...","Machinery, Equipment, and Supplies Merchant Wholesalers","Parent","Mumbai, Maharashtra, India","https://dnb.com/business-directory/company-profiles/newage-fire-protection-industries-private-limited.2055a503f7f79e580cc6bb49d62e2b59"
54,"Sirina Fire Protection Corp.","Building Equipment Contractors","Parent","Garden City Park, NY, United States","https://dnb.com/business-directory/company-profiles/sirina-fire-protection-corp.e9381b99cfa1f51a49fab2b1c97811d7"
55,"Beijing Taihejia Technology Co., Ltd","Other General Purpose Machinery Manufacturing","Parent","Beijing, Beijing, China","https://dnb.com/business-directory/company-profiles/beijing-taihejia-technology-co-ltd.f5d44fd4a3984b636d694fa4b65b40ac"
56,"China Construction Second Engineering Bu...","Other Investment Pools and Funds","Subsidiary","Guangzhou, Guangdong, China","https://dnb.com/business-directory/company-profiles/china-construction-second-engineering-bureau-(guangdong)-construction-co-ltd.72bf6e8573559927f004bda233c232a9"
57,"Plainfield Fire Protection District","Other Support Services","Independent","Plainfield, IL, United States","https://dnb.com/business-directory/company-profiles/plainfield-fire-protection-district.c79a81ea1ea3dcdd842eda59c9040558"
58,"Quick Response Fire Protection, Inc.","Building Equipment Contractors","Subsidiary","Freehold, NJ, United States","https://dnb.com/business-directory/company-profiles/quick-response-fire-protection-inc.94161641f0dc47e9ee4ed50ab647d31b"
59,"Guardian Fire Protection Services, LLC","Building Equipment Contractors","Parent","Rockville, MD, United States","https://dnb.com/business-directory/company-profiles/guardian-fire-protection-services-llc.6c93dde3854154fab3d4ffac428ae450"
60,"Shanghai Shihua Fire-Fighting Engineerin...","Machinery, Equipment, and Supplies Merchant Wholesalers","Subsidiary","Shanghai, Shanghai, China","https://dnb.com/business-directory/company-profiles/shanghai-shihua-fire-fighting-engineering-co-ltd.e39e0e7b5c71b2f5b813e31e4b509deb"
61,"ALLIED FIRE PROTECTIONS-SA, LLC","Building Equipment Contractors","Subsidiary","Pearland, TX, United States","https://dnb.com/business-directory/company-profiles/allied-fire-protections-sa-llc.abe2a536d4647e0e6df3b5577e84b3e8"
62,"UNISAFE FIRE PROTECTION SPECIALISTS (L.L...","Other Support Services","Subsidiary","Dubai, Dubai, United Arab Emirates","https://dnb.com/business-directory/company-profiles/unisafe-fire-protection-specialists-(llc).6e9e3568d2ae1f15cd21d7295cfb9675"
63,"THORN SECURITY LIMITED","Other Miscellaneous Manufacturing","Subsidiary","SUNBURY-ON-THAMES, England, United Kingdom","https://dnb.com/business-directory/company-profiles/thorn-security-limited.e4ef57552f044414e95103ebaf23ce65"
64,"Dongbang Fire Protection Co., Ltd.","Building Equipment Contractors","Independent","Yongin, Gyeonggi, Republic Of Korea","https://dnb.com/business-directory/company-profiles/dongbang-fire-protection-co-ltd.d3e0a77b09fe65b6475f0796943d00e5"
65,"Hunan Jing'an Engineering Co., Ltd.","Other Specialty Trade Contractors","Parent","Changsha, Hunan, China","https://dnb.com/business-directory/company-profiles/hunan-jingan-engineering-co-ltd.3d92d945d7fd67a12ad3e43752ec2f7e"
66,"Lisle-Woodridge Fire Protection District","Justice, Public Order, and Safety Activities","Parent","Lisle, IL, United States","https://dnb.com/business-directory/company-profiles/lisle-woodridge-fire-protection-district.5460536aa7b9ea09ae1e2e1d2a31ef0d"
67,"FIRE PROTECTION LIMITED","Boiler, Tank, and Shipping Container Manufacturing","Subsidiary","HARLOW, England, United Kingdom","https://dnb.com/business-directory/company-profiles/fire-protection-limited.d9186bb1824839100c35e381afb3aafe"
68,"Foothill Fire Protection, Inc.","Building Equipment Contractors","Parent","Loomis, CA, United States","https://dnb.com/business-directory/company-profiles/foothill-fire-protection-inc.ed7f740426f03d8495864d78488ef4e6"
69,"United Fire Protection Corporation","Other Support Services","Parent","Kenilworth, NJ, United States","https://dnb.com/business-directory/company-profiles/united-fire-protection-corporation.e04c559f99567a5f8445d41f18cfd754"
70,"Clarke Fire Protection Products, Inc.","Machinery, Equipment, and Supplies Merchant Wholesalers","Subsidiary","Cincinnati, OH, United States","https://dnb.com/business-directory/company-profiles/clarke-fire-protection-products-inc.e4887a187514d3393656adc79ec31507"
71,"Southeast Mechanical Systems, Inc.","Building Equipment Contractors","Parent","Jacksonville, FL, United States","https://dnb.com/business-directory/company-profiles/southeast-mechanical-systems-inc.3f1dec2b2f12f52f64fec9316e0ac6f4"
72,"Guangxi Jiusheng Construction Engineerin...","Other Specialty Trade Contractors","Subsidiary","Liuzhou, Guangxi, China","https://dnb.com/business-directory/company-profiles/guangxi-jiusheng-construction-engineering-co-ltd.201946319241d6bdce62a14ef8dbfae6"
73,"Beijing Nanrui Fire Protection Technolog...","Computer Systems Design and Related Services","Subsidiary","Beijing, Beijing, China","https://dnb.com/business-directory/company-profiles/beijing-nanrui-fire-protection-technology-co-ltd.a6cbe88acc831e8842cc1e56b158fc6e"
74,"Patriot Fire Protection, Inc.","Building Equipment Contractors","Parent","Tacoma, WA, United States","https://dnb.com/business-directory/company-profiles/patriot-fire-protection-inc.bfdbd76fa1c6c3aa3663430611b6462a"
75,"Lakeside Fire Protection District","Other Support Services","Independent","Lakeside, CA, United States","https://dnb.com/business-directory/company-profiles/lakeside-fire-protection-district.ce85bcfc9792884d6a0d1344fe177c04"
76,"North-Lake-Tahoe-Fire-Protection-Distric...","Justice, Public Order, and Safety Activities","Independent","Incline Village, NV, United States","https://dnb.com/business-directory/company-profiles/north-lake-tahoe-fire-protection-district.30ddc635cdb66d0abf7a09ccea8fe31b"
77,"Geo. W. Kistler, Inc.","Household Appliances and Electrical and Electronic Goods Merchant Wholesalers","Parent","Allentown, PA, United States","https://dnb.com/business-directory/company-profiles/geo-w-kistler-inc.3bde28c36224953a6633e71d8d0bf0b1"
78,"Eagle River Fire Protection District","Architectural, Engineering, and Related Services","Independent","Edwards, CO, United States","https://dnb.com/business-directory/company-profiles/eagle-river-fire-protection-district.86a2a0d1affab270e9c75be6c0c8462f"
79,"Uniformed Fire Officers Assn Retired Fam...","Business, Professional, Labor, Political, and Similar Organizations","Independent","New York, NY, United States","https://dnb.com/business-directory/company-profiles/uniformed-fire-officers-assn-retired-family-protection-plan.556d4e636e2b9b09f9d64011280509d9"
80,"PRECISION FIRE PROTECTION SERVICES PTY. ...","Building Equipment Contractors","Independent","BELLA VISTA, NEW SOUTH WALES, Australia","https://dnb.com/business-directory/company-profiles/precision-fire-protection-services-pty-limited.3b1f4acb6b191f35cc7b510590330cec"
81,"The Oliver Sprinkler Co., Inc","Building Equipment Contractors","Independent","King OF Prussia, PA, United States","https://dnb.com/business-directory/company-profiles/the-oliver-sprinkler-co-inc.f2aae67ea256f9eb0ff065d9bda3eaec"
82,"ATHERTON AND PARTNERS LIMITED","Residential Building Construction","Subsidiary","BIRKENHEAD, England, United Kingdom","https://dnb.com/business-directory/company-profiles/atherton-and-partners-limited.a5129f71be937696df6f283ed1a00623"
83,"AMIT FIRE PROTECTION SYSTEMS","Investigation and Security Services","Independent","Prayagraj, Uttar Pradesh, India","https://dnb.com/business-directory/company-profiles/amit-fire-protection-systems.e746b939ee3617c4cfa67ca3cca8ddef"
84,"Monona Plumbing and Fire Protection, Inc...","Building Equipment Contractors","Independent","Madison, WI, United States","https://dnb.com/business-directory/company-profiles/monona-plumbing-and-fire-protection-inc.408c579ae7d0171d284534c254a970d2"
85,"Guizhou Anxing Construction Engineering ...","Other Specialty Trade Contractors","Independent","Zunyi, Guizhou, China","https://dnb.com/business-directory/company-profiles/guizhou-anxing-construction-engineering-(group)-coltd.ae2a371f19baf78f300ed8b867e38fc4"
86,"Fire Safe Protection Services, LP","Investigation and Security Services","Independent","Houston, TX, United States","https://dnb.com/business-directory/company-profiles/fire-safe-protection-services-lp.4a1ab312d57279959402916ccf58e170"
87,"Manteca Lathrop Rural County Fire Protec...","Justice, Public Order, and Safety Activities","Independent","Lathrop, CA, United States","https://dnb.com/business-directory/company-profiles/manteca-lathrop-rural-county-fire-protection-district.a99f33fa7dcce52dddbdbd4f965f1536"
88,"Windsor Severance Fire Protection Distri...","Justice, Public Order, and Safety Activities","Independent","Windsor, CO, United States","https://dnb.com/business-directory/company-profiles/windsor-severance-fire-protection-district.43edf70ca98511c737493d7bad2f5d35"
89,"East Fork Fire Protection District","Justice, Public Order, and Safety Activities","Independent","Minden, NV, United States","https://dnb.com/business-directory/company-profiles/east-fork-fire-protection-district.b25a89204838f2edb6737a5ae2063264"
90,"Comfort Systems USA (Syracuse), Inc.","Building Equipment Contractors","Subsidiary","East Syracuse, NY, United States","https://dnb.com/business-directory/company-profiles/comfort-systems-usa-(syracuse)-inc.ebceee6c0457692d95bf6de90c61786f"
91,"Fire Tech Fire Protection Inc","Other Support Services","Parent","Edmonton, AB, Canada","https://dnb.com/business-directory/company-profiles/fire-tech-fire-protection-inc.9c543a9ef5d6457e569d8cc51bc1beeb"
92,"Gisborne Fire Protection Alberta Ltd","Building Equipment Contractors","Subsidiary","Burnaby, BC, Canada","https://dnb.com/business-directory/company-profiles/gisborne-fire-protection-alberta-ltd.c2466deb50e5a5ce1ab53970ae068015"
93,"Par Plumbing Co., Inc.","Building Equipment Contractors","Independent","Lynbrook, NY, United States","https://dnb.com/business-directory/company-profiles/par-plumbing-co-inc.9499ffd4624c739f0198a1df90a37788"
94,"Valley Fire Protection Systems, LLC","Building Equipment Contractors","Independent","Saint Charles, IL, United States","https://dnb.com/business-directory/company-profiles/valley-fire-protection-systems-llc.3cec3fef635995e3c55bcadd52c71bcd"
95,"Jiangxi Ganlian Fire-fighting Engineerin...","Foundation, Structure, and Building Exterior Contractors","Parent","Ji'an, Jiangxi, China","https://dnb.com/business-directory/company-profiles/jiangxi-ganlian-fire-fighting-engineering-co-ltd.f740b84fe47748ec7871d4c1b7169f7f"
96,"SAMHO ELECTRIC & FIRE PROTECTION CO., LT...","Building Equipment Contractors","Independent","Suwon, Gyeonggi, Republic Of Korea","https://dnb.com/business-directory/company-profiles/samho-electric--fire-protection-co-ltd.87e9afad4644ecc616409f5add93e99c"
97,"SCUTUM FIRE & SECURITY LIMITED","Investigation and Security Services","Subsidiary","LINLITHGOW, Scotland, United Kingdom","https://dnb.com/business-directory/company-profiles/scutum-fire--security-limited.8577b34217d5eb89e3c4545458a54e70"
98,"Hangzhou Wanshihe Technology Co., Ltd","Automobile Dealers","Subsidiary","Hangzhou, Zhejiang, China","https://dnb.com/business-directory/company-profiles/hangzhou-wanshihe-technology-co-ltd.5e486892dd101e8eb2cd9ca36c0624ea"
99,"Shanxi Huacheng Construction Group Co., ...","Residential Building Construction","Parent","Shanxi Transformation Comprehensive Reform Demonstration, Shanxi, China","https://dnb.com/business-directory/company-profiles/shanxi-huacheng-construction-group-co-ltd.c4ee947ec5597fef275da864b435b1a2"
100,"Florissant Valley Fire Protection Distri...","Justice, Public Order, and Safety Activities","Parent","Florissant, MO, United States","https://dnb.com/business-directory/company-profiles/florissant-valley-fire-protection-district.3c15886cb2b46219c4f978d65d8d6012"
101,"UNISAFE FIRE PROTECTION SPECIALISTS - LL...","Other Miscellaneous Retailers","Independent","Abu Dhabi, Abu Dhabi, United Arab Emirates","https://dnb.com/business-directory/company-profiles/unisafe-fire-protection-specialists---llc.3bcbfce58f5333e32aefe231bf091479"
102,"Shandong Dingmengda Fire Protection Engi...","Residential Building Construction","Subsidiary","Liaocheng, Shandong, China","https://dnb.com/business-directory/company-profiles/shandong-dingmengda-fire-protection-engineering-co-ltd.7d15ac67bdb895ed9c9bce8a3ee18b0e"
103,"Rizhao Jiaxu Investment Co., Ltd.","Residential Building Construction","Subsidiary","Rizhao, Shandong, China","https://dnb.com/business-directory/company-profiles/rizhao-jiaxu-investment-co-ltd.4434c3869e4c5800db81263d2803bc1a"
104,"Hangzhou Tongren Fire Protection Co., Lt...","Residential Building Construction","Subsidiary","Hangzhou, Zhejiang, China","https://dnb.com/business-directory/company-profiles/hangzhou-tongren-fire-protection-co-ltd.6cff3fe6ad9d69a0796df264efa92277"
105,"SPEED FIRE PROTECTION SRL","Justice, Public Order, and Safety Activities","Independent","BUCURESTI, Bucuresti, Romania","https://dnb.com/business-directory/company-profiles/speed-fire-protection-srl.f2d25e83abfed5a0bca2b9013db22496"
106,"Guangdong Hengji Fire Fighting Technolog...","Other Specialty Trade Contractors","Parent","Zhongshan, Guangdong, China","https://dnb.com/business-directory/company-profiles/guangdong-hengji-fire-fighting-technology-co-ltd.66b395d79f9d4a5ef8f943245510a4cf"
107,"THAMESIDE FIRE PROTECTION CO. LIMITED","Architectural, Engineering, and Related Services","Parent","BASILDON, England, United Kingdom","https://dnb.com/business-directory/company-profiles/thameside-fire-protection-co-limited.6a914e255e74d65415d5b3c1dd3ae047"
108,"FIRESAFE INSTALLATIONS LIMITED","Other Specialty Trade Contractors","Subsidiary","PRESCOT, England, United Kingdom","https://dnb.com/business-directory/company-profiles/firesafe-installations-limited.673970bfcea885446d584668ff007c34"
109,"NEAT Intelligent Technology Co., Ltd.","Other Electrical Equipment and Component Manufacturing","Parent","Qinhuangdao, Hebei, China","https://dnb.com/business-directory/company-profiles/neat-intelligent-technology-co-ltd.ec124073a5207fc443fc26de11121e0c"
110,"Jian An Construction (guangdong) Co., Lt...","Business Support Services","Parent","Shenzhen, Guangdong, China","https://dnb.com/business-directory/company-profiles/jian-an-construction-(guangdong)-co-ltd.f36136c75fd664ba4b05168c2567128f"
111,"Oswego Fire Protection District","Justice, Public Order, and Safety Activities","Independent","Oswego, IL, United States","https://dnb.com/business-directory/company-profiles/oswego-fire-protection-district.cc7ec1159664ea8d52e50e30ce3b72e5"
112,"AAA Fire Protection Inc.","Miscellaneous Durable Goods Merchant Wholesalers","Parent","Seattle, WA, United States","https://dnb.com/business-directory/company-profiles/aaa-fire-protection-inc.b7c57e3225aeaee345a94ed3a02c0d0f"
113,"Addison Fire Protection District","Other Support Services","Parent","Addison, IL, United States","https://dnb.com/business-directory/company-profiles/addison-fire-protection-district.af2d2e2f422de3bd44d33d35ea14917a"
114,"GWO JIEH FIRE PROTECTION CO., LTD.","Building Equipment Contractors","Independent","Taichung City, Taichung, Taiwan","https://dnb.com/business-directory/company-profiles/gwo-jieh-fire-protection-co-ltd.998c0d2fdd53ef0f415e0d088f44f19a"
115,"Lemont Protection Fire District","Justice, Public Order, and Safety Activities","Independent","Lemont, IL, United States","https://dnb.com/business-directory/company-profiles/lemont-protection-fire-district.85a7ed508d58257ae84ef190966463bd"
116,"Shandong Jiwang Fire-fighting Technology...","Metal and Mineral (except Petroleum) Merchant Wholesalers","Parent","Jining, Shandong, China","https://dnb.com/business-directory/company-profiles/shandong-jiwang-fire-fighting-technology-co-ltd.f475ed12ff90eee650669feb235d7892"
117,"KFI U.K. LIMITED","Other Miscellaneous Manufacturing","Subsidiary","LANCASTER, England, United Kingdom","https://dnb.com/business-directory/company-profiles/kfi-uk-limited.e5b86af0128e7e08a33704e674900f36"
118,"EQUANS FIRE PROTECTION SERVICES PTY LIMI...","Building Equipment Contractors","Independent","SILVERWATER, NEW SOUTH WALES, Australia","https://dnb.com/business-directory/company-profiles/equans-fire-protection-services-pty-limited.c0e80c8ffa18fe58f26df567a138cbb4"
119,"HOA KANG FIRE PROTECTION CO., LTD.","Machinery, Equipment, and Supplies Merchant Wholesalers","Parent","Taichung City, Taichung, Taiwan","https://dnb.com/business-directory/company-profiles/hoa-kang-fire-protection-co-ltd.b208cf71d95fae9a8c473a23c1f12cd2"
120,"G & A FIRE PROTECTION LIMITED","Architectural, Engineering, and Related Services","Parent","HAVERHILL, England, United Kingdom","https://dnb.com/business-directory/company-profiles/g--a-fire-protection-limited.4c24b0632c007539248e39d54529dfc6"
121,"Shenzhen Shengjie Fire Protection Group ...","Architectural, Engineering, and Related Services","Subsidiary","Shenzhen, Guangdong, China","https://dnb.com/business-directory/company-profiles/shenzhen-shengjie-fire-protection-group-co-ltd.d20ed784c514bb1516154cdf5506eadf"
122,"Bernel, Inc.","Building Equipment Contractors","Independent","Orange, CA, United States","https://dnb.com/business-directory/company-profiles/bernel-inc.cbe67130b1031e0c1c1b183586907a6f"
123,"ACTIVE FIRE PROTECTION SYSTEMS PTE. LTD.","Other Support Services","Parent","Singapore, Singapore","https://dnb.com/business-directory/company-profiles/active-fire-protection-systems-pte-ltd.372393237d19baa20ce604911677f7b5"
124,"Shenzhen Guosheng Construction Engineeri...","Residential Building Construction","Parent","Shenzhen, Guangdong, China","https://dnb.com/business-directory/company-profiles/shenzhen-guosheng-construction-engineering-co-ltd.528a85f5f54d9c60278d08c55e2c7d39"
125,"Century Fire Protection - ASA, LLC","Investigation and Security Services","Subsidiary","Cartersville, GA, United States","https://dnb.com/business-directory/company-profiles/century-fire-protection---asa-llc.bf31f5e3402cb12856411e89042c0886"
126,"Changsha Hefeng New Energy Co., Ltd","Individual and Family Services","Subsidiary","Changsha, Hunan, China","https://dnb.com/business-directory/company-profiles/changsha-hefeng-new-energy-co-ltd.736b0f2f7cc56c13491f8978b83b07d3"
127,"Shenzhen Jincan Fire Decoration Engineer...","Other Specialty Trade Contractors","Parent","Shenzhen, Guangdong, China","https://dnb.com/business-directory/company-profiles/shenzhen-jincan-fire-decoration-engineering-co-ltd.575f85de11d6199b6f62fe0e42378277"
128,"CENTURY FIRE PROTECTION HOUSTON, INC.","Other General Purpose Machinery Manufacturing","Subsidiary","Magnolia, TX, United States","https://dnb.com/business-directory/company-profiles/century-fire-protection-houston-inc.72c3d1faec03fc37b907397edaab028b"
129,"Hubei Dongjiu Construction Engineering C...","Residential Building Construction","Parent","Wuhan, Hubei, China","https://dnb.com/business-directory/company-profiles/hubei-dongjiu-construction-engineering-co-ltd.d3e0eb6ffafda655fc01e21109fb50c0"
130,"Addison Fire Protection District #1","Justice, Public Order, and Safety Activities","Independent","Addison, IL, United States","https://dnb.com/business-directory/company-profiles/addison-fire-protection-district--1.2d9c15306c538ea1c3026d1dbaf9b94c"
131,"Guotai Ruian Fire Fighting Engineering C...","Architectural, Engineering, and Related Services","Parent","Beijing, Beijing, China","https://dnb.com/business-directory/company-profiles/guotai-ruian-fire-fighting-engineering-co-ltd.e3c4af0b263e1191820fbdbbe8e7a56b"
132,"Century Fire Protection - Advanced, Inc.","Building Equipment Contractors","Subsidiary","Pompano Beach, FL, United States","https://dnb.com/business-directory/company-profiles/century-fire-protection---advanced-inc.a46d018036e213df570b346629a87c78"
133,"GXT FIRE AND SECURITY PROTECTION (PTY) L...","Securities and Commodity Contracts Intermediation and Brokerage","Independent","BENONI, GAUTENG, South Africa","https://dnb.com/business-directory/company-profiles/gxt-fire-and-security-protection-(pty)-ltd.7bdfcf1f03e4b05a89e7aca23d94c782"
134,"FIRE CENTER PROTECTION SERVICES (PTY) LT...","Securities and Commodity Contracts Intermediation and Brokerage","Independent","PRETORIA, GAUTENG, South Africa","https://dnb.com/business-directory/company-profiles/fire-center-protection-services-(pty)-ltd.9cd34f52f9022c7f8c49901f00bb6986"
135,"MAPHANGELA FIRE SERVICE PROTECTION (PTY)...","Securities and Commodity Contracts Intermediation and Brokerage","Independent","WARMBATHS, NORTHWEST PROVINCE, South Africa","https://dnb.com/business-directory/company-profiles/maphangela-fire-service-protection-(pty)-ltd.d0cfed3f6086b7beebe14e54994f024b"
136,"PROTECTION FIRE SECURITY SERVICES (PTY) ...","Securities and Commodity Contracts Intermediation and Brokerage","Independent","SOWETO, GAUTENG, South Africa","https://dnb.com/business-directory/company-profiles/protection-fire-security-services-(pty)-ltd.9b2488c456e710584c4457712551a72d"
137,"MOTLEJOENG FIRE PROTECTION AND SAFETY SY...","Securities and Commodity Contracts Intermediation and Brokerage","Independent","KAGISO, GAUTENG, South Africa","https://dnb.com/business-directory/company-profiles/motlejoeng-fire-protection-and-safety-systems-(pty)-ltd.9e111eb91f74f119b84f389b2424f384"
138,"MBANDENI PROTECTION FIRE SERVICES (PTY) ...","Securities and Commodity Contracts Intermediation and Brokerage","Independent","PIETERMARITZBURG, KWA-ZULU NATAL, South Africa","https://dnb.com/business-directory/company-profiles/mbandeni-protection-fire-services-(pty)-ltd.c0fd9ec71ef9a9f15fd19f8ab2ec3720"
139,"I AND I FIRE PROTECTION AND SECURITY (PT...","Securities and Commodity Contracts Intermediation and Brokerage","Independent","KATLEHONG, GAUTENG, South Africa","https://dnb.com/business-directory/company-profiles/i-and-i-fire-protection-and-security-(pty)-ltd.4294e2daf5f5fee4224179902037665c"
140,"West County Ems & Fire Protection Distri...","Justice, Public Order, and Safety Activities","Parent","Ballwin, MO, United States","https://dnb.com/business-directory/company-profiles/west-county-ems--fire-protection-district.ba82e92852568d362b555f6acff0599f"
141,"Commercial Fire Protection, Inc.","Other Support Services","Parent","Irvine, CA, United States","https://dnb.com/business-directory/company-profiles/commercial-fire-protection-inc.b3deccc5bd8f3473fa28867993a8cbd0"
142,"Fire Protection Inc","Other Support Services","Independent","Edmonton, AB, Canada","https://dnb.com/business-directory/company-profiles/fire-protection-inc.782df42ca1aeaa8bc952b175c0d30f2a"
143,"Chongqing Zhongkai Fire-fighting Enginee...","Building Equipment Contractors","Parent","Chongqing, Chongqing, China","https://dnb.com/business-directory/company-profiles/chongqing-zhongkai-fire-fighting-engineering-co-ltd.3ad7ce9b3997e51eda53bf9ee5fbbd1b"
144,"MOHAMED ZAKI AND PARTNERS","Machinery, Equipment, and Supplies Merchant Wholesalers","Independent","Giza, Giza, Egypt","https://dnb.com/business-directory/company-profiles/mohamed-zaki-and-partners.d1e00b822b43a559cadd3e8218516b36"
145,"CHINA FIRE PROTECTION GROUP INC","Other Financial Investment Activities","Independent","New Delhi, Delhi, India","https://dnb.com/business-directory/company-profiles/china-fire-protection-group-inc.3bd85cf46a092d872591f27c15c037ba"
146,"Cintas Corporation No. 2","Commercial and Service Industry Machinery Manufacturing","Subsidiary","Coppell, TX, United States","https://dnb.com/business-directory/company-profiles/cintas-corporation-no-2.9003b5a2d011cc9e2fc567a86c2fb41f"
147,"Shaanxi Jiaokong Silk Road Construction ...","Residential Building Construction","Subsidiary","Xi'an, Shaanxi, China","https://dnb.com/business-directory/company-profiles/shaanxi-jiaokong-silk-road-construction-engineering-co-ltd.b15348565bc8c6a2d297ddd3fa022138"
148,"BINH MINH FIRE PROTECTION AND ELECTROMEC...","Residential Building Construction","Parent","Bac Giang Ward, Bac Ninh, Vietnam","https://dnb.com/business-directory/company-profiles/binh-minh-fire-protection-and-electromechanical-company-limited.d5f4481941a2fa9a620299cbb3d16ec0"
149,"Performance Fire Protection, LLC","Building Equipment Contractors","Independent","Mooresville, NC, United States","https://dnb.com/business-directory/company-profiles/performance-fire-protection-llc.9540a553a79bc76dc2c3e51fea9a52b2"
150,"Harvest-Monrovia Water, Sewer And Fire P...","Water, Sewage and Other Systems","Independent","Harvest, AL, United States","https://dnb.com/business-directory/company-profiles/harvest-monrovia-water-sewer-and-fire-protection-authority.28cbace1e4a5bdd94036b08827c75a6e"
151,"Zhejiang Taiyi Intelligent Control Techn...","Grocery and Convenience Retailers","Parent","Jiaxing, Zhejiang, China","https://dnb.com/business-directory/company-profiles/zhejiang-taiyi-intelligent-control-technology-co-ltd.fd152fe8a56edb3b1b6081020f191ead"
152,"Constant Fire Protection Systems Ltd","Other Support Services","Independent","Calgary, AB, Canada","https://dnb.com/business-directory/company-profiles/constant-fire-protection-systems-ltd.24ce4980d9749a42dac1e2bce4b36a46"
153,"PEGASUS FIRE PROTECTION COMPANY LIMITED","Foundation, Structure, and Building Exterior Contractors","Independent","EDINBURGH, Scotland, United Kingdom","https://dnb.com/business-directory/company-profiles/pegasus-fire-protection-company-limited.5d717c25c3c85136b4f80d7470322760"
154,"Tri-state Fire Protection, Inc.","Building Equipment Contractors","Independent","Newburgh, IN, United States","https://dnb.com/business-directory/company-profiles/tri-state-fire-protection-inc.6bbb998d0d8dc8f4bd76a4df0251e629"
155,"Desert Fire Protection LP","Building Equipment Contractors","Subsidiary","Reno, NV, United States","https://dnb.com/business-directory/company-profiles/desert-fire-protection-lp.74311d43bedc5df48ea96a8d93ef073e"
156,"Infinite Construction Development Group ...","Residential Building Construction","Parent","Zhengzhou, Henan, China","https://dnb.com/business-directory/company-profiles/infinite-construction-development-group-co-ltd.b4ed409cbcd9824c8ec49ca46bfc699e"
157,"Chapman Mechanical Ltd","Building Equipment Contractors","Independent","Vernon, BC, Canada","https://dnb.com/business-directory/company-profiles/chapman-mechanical-ltd.762eb043ab8bed1daf2114d3e908554c"
158,"M&P FIRE PROTECTION LTD","Machinery, Equipment, and Supplies Merchant Wholesalers","Subsidiary","MANCHESTER, England, United Kingdom","https://dnb.com/business-directory/company-profiles/mp-fire-protection-ltd.1d72b10cd58673eb20c811ee4414bb99"
159,"FIRE PROTECTION FOR BuildingS GEN CONT C...","Nonresidential Building Construction","Independent","Hawalli, Hawalli, Kuwait","https://dnb.com/business-directory/company-profiles/fire-protection-for-buildings-gen-cont-co-wll.20441fdabf3cd7a7f7c4af15b021c7bf"
160,"Algonquin-Lake In The Hills Fire Protect...","Justice, Public Order, and Safety Activities","Independent","Lake In The Hills, IL, United States","https://dnb.com/business-directory/company-profiles/algonquin-lake-in-the-hills-fire-protection-district.1a66b74f2c123e94c24c64f31d9dfbc8"
161,"Stanislaus Consolidated Fire Protection ...","Other Support Services","Parent","Riverbank, CA, United States","https://dnb.com/business-directory/company-profiles/stanislaus-consolidated-fire-protection-district.6f6a47f303cfe2cdce59055fd9c9b285"
162,"Jiangsu Ping'an Fire Protection Group Co...","Other Specialty Trade Contractors","Parent","Nanjing, Jiangsu, China","https://dnb.com/business-directory/company-profiles/jiangsu-pingan-fire-protection-group-coltd.a62b20784b48dd226f2af23c9f91924d"
163,"Piper Fire Protection, LLC","Building Equipment Contractors","Subsidiary","Clearwater, FL, United States","https://dnb.com/business-directory/company-profiles/piper-fire-protection-llc.c80d76600111088af2c804783838bc08"
164,"T V F (UK) LIMITED","Justice, Public Order, and Safety Activities","Subsidiary","HIGH WYCOMBE, England, United Kingdom","https://dnb.com/business-directory/company-profiles/t-v-f-(uk)-limited.cbcebe8963b6bdf29d7ab6a8c355bf72"
165,"COUNTRYSIDE FIREFIGHTER'S ASSOCIATION","Justice, Public Order, and Safety Activities","Parent","Vernon Hills, IL, United States","https://dnb.com/business-directory/company-profiles/countryside-firefighters-association.045a80a6d17875bdea7e79bb71f0014f"
166,"Shandong Ruixing Construction Engineerin...","Machinery, Equipment, and Supplies Merchant Wholesalers","Parent","Jinan, Shandong, China","https://dnb.com/business-directory/company-profiles/shandong-ruixing-construction-engineering-co-ltd.609a132f653f36a35e104aa94fbdc7e2"
167,"Hunan Minqiang Engineering Co., Ltd.","Building Equipment Contractors","Parent","Changsha, Hunan, China","https://dnb.com/business-directory/company-profiles/hunan-minqiang-engineering-co-ltd.52962d82f3c70c6bc700a760a99cdf76"
168,"ABL & ASSOCIATES PLUMBING, LLC","Building Equipment Contractors","Independent","Raleigh, NC, United States","https://dnb.com/business-directory/company-profiles/abl--associates-plumbing-llc.67b465961d2f4701c0b07ad348e5ac7c"
169,"Consolidated Fire Protection, LLC","Other Support Services","Subsidiary","Irvine, CA, United States","https://dnb.com/business-directory/company-profiles/consolidated-fire-protection-llc.a7d0cc976a4feb9c1b7c7fdd126b6618"
170,"1st FP Services, LLC","Building Equipment Contractors","Parent","San Antonio, TX, United States","https://dnb.com/business-directory/company-profiles/1st-fp-services-llc.d0399a6b001fea87ea399c9d613cda37"
171,"SA FIRE PROTECTION SRL","Architectural and Structural Metals Manufacturing","Subsidiary","SAN PIER NICETO, MESSINA, Italy","https://dnb.com/business-directory/company-profiles/sa-fire-protection-srl.ffa9101cc4be27adce5d1d884bed10ad"
172,"WAYMAN FIRE PROTECTION, INC.","Building Equipment Contractors","Independent","Wilmington, DE, United States","https://dnb.com/business-directory/company-profiles/wayman-fire-protection-inc.2f696880186055162eddbe9339cc6954"
173,"Patriot Fire Protection Inc","Building Equipment Contractors","Independent","Stockbridge, GA, United States","https://dnb.com/business-directory/company-profiles/patriot-fire-protection-inc.49738affbf048ad3fcea3cf29e9b86c7"
174,"Chongqing Chongxiao Fire Protection Tech...","Other General Purpose Machinery Manufacturing","Subsidiary","Chongqing, Chongqing, China","https://dnb.com/business-directory/company-profiles/chongqing-chongxiao-fire-protection-technology-group-co-ltd.82361c7b3cd4056e5b051563a54541d6"
175,"ENCOMPASS FIRE PROTECTION, LLC","Other Support Services","Parent","Westminster, MD, United States","https://dnb.com/business-directory/company-profiles/encompass-fire-protection-llc.11b36ca71c5176b613c105d93fa4af3b"
176,"Judd Fire Protection LLC","Building Equipment Contractors","Subsidiary","Westminster, MD, United States","https://dnb.com/business-directory/company-profiles/judd-fire-protection-llc.74aaecad4883ff57627cdd399cebee6f"
177,"J.D. Collins Fire Protection Company Inc","Other Support Services","Independent","Woodbridge, ON, Canada","https://dnb.com/business-directory/company-profiles/jd-collins-fire-protection-company-inc.afe79cc97e18501c5f4be2d8e2838e28"
178,"PROMAT UK LIMITED","Building Equipment Contractors","Subsidiary","HEYWOOD, England, United Kingdom","https://dnb.com/business-directory/company-profiles/promat-uk-limited.a07748872700251cad675f0db8c02fdc"
179,"New Lenox Fire Protection District","Justice, Public Order, and Safety Activities","Independent","New Lenox, IL, United States","https://dnb.com/business-directory/company-profiles/new-lenox-fire-protection-district.c5cb427f6dfbed857f40d4296b5435d0"
180,"BLUE DIAMOND FIRE PROTECTION","Nonmetallic Mineral Mining and Quarrying","Independent","Doha, Ad Dawhah (Doha), Qatar","https://dnb.com/business-directory/company-profiles/blue-diamond-fire-protection.f8898a440f14604ca60f838e3be4dc2c"
181,"M.G.N. FIRE PROTECTION LIMITED","Architectural, Engineering, and Related Services","Independent","CRAMLINGTON, England, United Kingdom","https://dnb.com/business-directory/company-profiles/mgn-fire-protection-limited.894e518ced80f715ebdae9cdb633650c"
182,"Hubei JiAnDun Fire Technology Co., Ltd.","Other General Purpose Machinery Manufacturing","Subsidiary","Yichang, Hubei, China","https://dnb.com/business-directory/company-profiles/hubei-jiandun-fire-technology-co-ltd.bd9c06e78c34011f707277d7e1d49d63"
183,"Anhui Sansheng Construction Engineering ...","Other Specialty Trade Contractors","Parent","Hefei, Anhui, China","https://dnb.com/business-directory/company-profiles/anhui-sansheng-construction-engineering-co-ltd.fe24dec2f944aa41892777982d051c1e"
184,"COMMERCIAL FIRE PROTECTION, LLC","Household Appliances and Electrical and Electronic Goods Merchant Wholesalers","Independent","Newport Beach, CA, United States","https://dnb.com/business-directory/company-profiles/commercial-fire-protection-llc.9a8dfc76378b03cc692521b039340086"
185,"Shaanxi Ningtaisheng Industry Co., Ltd.","Machinery, Equipment, and Supplies Merchant Wholesalers","Parent","Xi'an, Shaanxi, China","https://dnb.com/business-directory/company-profiles/shaanxi-ningtaisheng-industry-co-ltd.7794f696f67c95baeeaf75128726080a"
186,"Shenzhen Kuailejia Trading Co., Ltd.","Machinery, Equipment, and Supplies Merchant Wholesalers","Subsidiary","Shenzhen, Guangdong, China","https://dnb.com/business-directory/company-profiles/shenzhen-kuailejia-trading-co-ltd.16042f960d9a6b93ef107548f75fee9b"
187,"Southern Fire Protection Of Orlando, Inc...","Building Equipment Contractors","Parent","Sanford, FL, United States","https://dnb.com/business-directory/company-profiles/southern-fire-protection-of-orlando-inc.35398901d3f982bd6b288d2d6240364f"
188,"West Chicago Fire Protection District","Justice, Public Order, and Safety Activities","Independent","West Chicago, IL, United States","https://dnb.com/business-directory/company-profiles/west-chicago-fire-protection-district.1fb04c236561881a8e90220cf4a23031"
189,"South Elgin & Countryside Fire Protectio...","Justice, Public Order, and Safety Activities","Parent","South Elgin, IL, United States","https://dnb.com/business-directory/company-profiles/south-elgin--countryside-fire-protection-district.11edec688cfde5af81ae800d727fe58c"
190,"General Underground Fire Protection, Inc...","Building Equipment Contractors","Independent","Orange, CA, United States","https://dnb.com/business-directory/company-profiles/general-underground-fire-protection-inc.8bdd6c8fce1f05200d0488a9100b956b"
191,"Koetter Fire Protection Of Austin, L.L.C...","Building Equipment Contractors","Subsidiary","Pflugerville, TX, United States","https://dnb.com/business-directory/company-profiles/koetter-fire-protection-of-austin-llc.e977b3f5a5cba02b035437bb93c207fc"
192,"Hainan Shenghua Technology Co., Ltd","Other Specialty Trade Contractors","Parent","Haikou, Hainan, China","https://dnb.com/business-directory/company-profiles/hainan-shenghua-technology-co-ltd.b3155bd96d2f3658cdc9c1f32fd18b97"
193,"Alert Holdings Group, Inc.","Investigation and Security Services","Parent","Honolulu, HI, United States","https://dnb.com/business-directory/company-profiles/alert-holdings-group-inc.d97b080bf37960bbbd84fd84a2c876af"
194,"Frontier Fire Protection, LLC","Building Equipment Contractors","Independent","Denver, CO, United States","https://dnb.com/business-directory/company-profiles/frontier-fire-protection-llc.8d92a2fdc2cae33a6ef4c57e81c928d4"
195,"THE FIRE PROTECTION ASSOCIATION","Business Support Services","Parent","BANBURY, England, United Kingdom","https://dnb.com/business-directory/company-profiles/the-fire-protection-association.aca92168909349baa3566a81d882f6ed"
196,"Standard Fire Protection Inc","Other Support Services","Independent","Toronto, ON, Canada","https://dnb.com/business-directory/company-profiles/standard-fire-protection-inc.e94cfd736a44ff422afcff64b28b5d73"
197,"Western Fire Protection Inc","Other Support Services","Independent","London, ON, Canada","https://dnb.com/business-directory/company-profiles/western-fire-protection-inc.9df95d6a7d3c99660601d92bd9d10b9f"
198,"Healey Fire Protection, Inc.","Household Appliances and Electrical and Electronic Goods Merchant Wholesalers","Independent","Orion, MI, United States","https://dnb.com/business-directory/company-profiles/healey-fire-protection-inc.eea730fb1712ea95eb61483eca90b446"
199,"East Alabama Water, Sewage & Fire Protec...","Water, Sewage and Other Systems","Parent","Valley, AL, United States","https://dnb.com/business-directory/company-profiles/east-alabama-water-sewage--fire-protection-district.f84fa334cfcfd6bf4da7888260a632d1"
200,"Xiangke Guang'an Fire Fighting Engineeri...","Metal and Mineral (except Petroleum) Merchant Wholesalers","Subsidiary","Guizhou, China","https://dnb.com/business-directory/company-profiles/xiangke-guangan-fire-fighting-engineering-co-ltd.fb942caf176f5edde1a8f74dccc7ab56"
201,"Shandong Qiangli Fire Protection Enginee...","Other Specialty Trade Contractors","Parent","Jinan, Shandong, China","https://dnb.com/business-directory/company-profiles/shandong-qiangli-fire-protection-engineering-co-ltd.26c369acf37312ae2ab0adf17da7c419"
202,"High Rise Fire Protection Corp.","Investigation and Security Services","Independent","Brooklyn, NY, United States","https://dnb.com/business-directory/company-profiles/high-rise-fire-protection-corp.a8ee1dd2056fde4900c32347c1ffd5b2"
203,"Frederick Area Fire Protection District","Justice, Public Order, and Safety Activities","Parent","Frederick, CO, United States","https://dnb.com/business-directory/company-profiles/frederick-area-fire-protection-district.127715f0d8214da5dc46f4bcae105bf1"
204,"Xiao'an Tiantiancha (shaanxi) Fire Prote...","Other Electrical Equipment and Component Manufacturing","Subsidiary","Xi'an, Shaanxi, China","https://dnb.com/business-directory/company-profiles/xiaoan-tiantiancha-(shaanxi)-fire-protection-technology-co-ltd.9051a41459426cb9aaea6b849d0d5961"
205,"Shanghai Fire Protection Association","Scientific Research and Development Services","Parent","Shanghai, Shanghai, China","https://dnb.com/business-directory/company-profiles/shanghai-fire-protection-association.759ce9d2779e089072f3189a256cf94d"
206,"Aspen Fire Protection District","Justice, Public Order, and Safety Activities","Independent","Aspen, CO, United States","https://dnb.com/business-directory/company-profiles/aspen-fire-protection-district.4d4ae127c77d018a584ff91a38b29dac"
207,"Liya Fire Protection Technology Group Co...","Metal and Mineral (except Petroleum) Merchant Wholesalers","Parent","Guiyang, Guizhou, China","https://dnb.com/business-directory/company-profiles/liya-fire-protection-technology-group-co-ltd.c61e034c55f8a58c65d063eeefbd4239"
208,"Tianjin Jianzheng Decoration Engineering...","Metal and Mineral (except Petroleum) Merchant Wholesalers","Subsidiary","Tianjin, Tianjin, China","https://dnb.com/business-directory/company-profiles/tianjin-jianzheng-decoration-engineering-co-ltd.33ab92f969ad7b92f815361a583d75a8"
209,"Shanxi Xiangyuanjie Trading Co., Ltd.","Metal and Mineral (except Petroleum) Merchant Wholesalers","Subsidiary","Taiyuan, Shanxi, China","https://dnb.com/business-directory/company-profiles/shanxi-xiangyuanjie-trading-co-ltd.a484370333b75e5127a5b26026ba87b3"
210,"Commonwealth Fire Protection Company","Building Equipment Contractors","Parent","Leola, PA, United States","https://dnb.com/business-directory/company-profiles/commonwealth-fire-protection-company.c7378fb208208434c3809e5368ddb789"
211,"TFP1 Inc.","Architectural, Engineering, and Related Services","Independent","Woodbury, NY, United States","https://dnb.com/business-directory/company-profiles/tfp1-inc.a53bb8381ac0eafab00a3f4a53c34483"
212,"The Safety Team Inc.","Building Equipment Contractors","Subsidiary","Layton, UT, United States","https://dnb.com/business-directory/company-profiles/the-safety-team-inc.7ac77573ecbc678a34fdbf092f8b7669"
213,"Alliance Fire Protection Services, Inc.","Building Equipment Contractors","Independent","Loganville, GA, United States","https://dnb.com/business-directory/company-profiles/alliance-fire-protection-services-inc.9abd409f9b1818839fac2c41794797f3"
214,"Absolute Fire Protection, Inc","Building Equipment Contractors","Parent","Annapolis, MD, United States","https://dnb.com/business-directory/company-profiles/absolute-fire-protection-inc.60b9a5c83f341a9e2e0f47bb9981dd1b"
215,"South Metropolitan Fire Protection Distr...","Justice, Public Order, and Safety Activities","Independent","Raymore, MO, United States","https://dnb.com/business-directory/company-profiles/south-metropolitan-fire-protection-district.521850c67fdc7436e909fbcef3e7cfbd"
216,"Jarmon Services, Inc.","Building Equipment Contractors","Independent","Dallas, TX, United States","https://dnb.com/business-directory/company-profiles/jarmon-services-inc.78d6cf94b0b555de0b913424d668bc7a"
217,"STAVELEY INDUSTRIES LIMITED","Management of Companies and Enterprises","Subsidiary","LONDON, England, United Kingdom","https://dnb.com/business-directory/company-profiles/staveley-industries-limited.9c14d0543c6bbf46926d4bd3ef493bc1"
218,"APW FIRE PROTECTION LIMITED","Building Equipment Contractors","Subsidiary","BELFAST, Northern Ireland, United Kingdom","https://dnb.com/business-directory/company-profiles/apw-fire-protection-limited.2385cce820d8e2f35a2f5804687c1f4a"
219,"Canon City Area Fire Protection District","Justice, Public Order, and Safety Activities","Independent","Canon City, CO, United States","https://dnb.com/business-directory/company-profiles/canon-city-area-fire-protection-district.3fd574044394f08b66621fe67c7bc49c"
220,"Zhejiang Fang'an Fire Fighting Co., Ltd.","Residential Building Construction","Parent","Jiaxing, Zhejiang, China","https://dnb.com/business-directory/company-profiles/zhejiang-fangan-fire-fighting-co-ltd.4799ec3b9fec9f8fe06e44f9e748ca8b"
221,"Robertson Fire Protection District","Justice, Public Order, and Safety Activities","Parent","Hazelwood, MO, United States","https://dnb.com/business-directory/company-profiles/robertson-fire-protection-district.cc9f4eb35cad347c5d60c87474e61a0c"
222,"Guangdong Zhongqiang Construction Develo...","Architectural, Engineering, and Related Services","Parent","Guangzhou, Guangdong, China","https://dnb.com/business-directory/company-profiles/guangdong-zhongqiang-construction-development-co-ltd.dc088af213f0965a8683979467482b24"
223,"6232698 Canada Inc","Other Support Services","Independent","Etobicoke, ON, Canada","https://dnb.com/business-directory/company-profiles/6232698-canada-inc.e33ec5bd541284fed5f19d28cbd083c6"
224,"D. R. Brenton Limited","Miscellaneous Durable Goods Merchant Wholesalers","Independent","Lakeside, NS, Canada","https://dnb.com/business-directory/company-profiles/d-r-brenton-limited.cdc38f2bdb485c99750979d452bb6311"
225,"Quanzhou Shanhe Fire Fighting Technology...","Business Support Services","Parent","Nanan, Fujian, China","https://dnb.com/business-directory/company-profiles/quanzhou-shanhe-fire-fighting-technology-co-ltd.bddbd2481bbc1b1b23d780ae4ca6c20e"
226,"TAAN FIRE PROTECTION CO., LTD.","Building Equipment Contractors","Independent","Taichung City, Taichung, Taiwan","https://dnb.com/business-directory/company-profiles/taan-fire-protection-co-ltd.01fd484abbb60b0779b91fe468fd5ca5"
227,"Meadowlands Fire Protection Corp","Building Equipment Contractors","Subsidiary","Secaucus, NJ, United States","https://dnb.com/business-directory/company-profiles/meadowlands-fire-protection-corp.d4282fdfb7f71bf159023534244deca8"
228,"Sunland Fire Protection, Inc.","Building Equipment Contractors","Parent","High Point, NC, United States","https://dnb.com/business-directory/company-profiles/sunland-fire-protection-inc.b09ca0fb7119a2b1fd4bb4612ca000b5"
229,"Keizer Rural Fire Protection District","Justice, Public Order, and Safety Activities","Independent","Keizer, OR, United States","https://dnb.com/business-directory/company-profiles/keizer-rural-fire-protection-district.55cbcf9dbd5d49a8dd88602ccdd5a17a"
230,"A.F.P. Corporation","Building Equipment Contractors","Independent","Omaha, NE, United States","https://dnb.com/business-directory/company-profiles/afp-corporation.b0f254844a4c59a9424d597048472b45"
231,"FIREWORKS FIRE PROTECTION LIMITED","Architectural, Engineering, and Related Services","Subsidiary","ATTLEBOROUGH, England, United Kingdom","https://dnb.com/business-directory/company-profiles/fireworks-fire-protection-limited.0f38d1f197ba64e478a8b2c35a6856fa"
232,"Nova Fire Protection, Inc.","Building Equipment Contractors","Parent","Fargo, ND, United States","https://dnb.com/business-directory/company-profiles/nova-fire-protection-inc.518fb6777aa3664710a5e45b1741a8ec"
233,"Fire-Pro Fire Protection Ltd","Other Support Services","Independent","Burnaby, BC, Canada","https://dnb.com/business-directory/company-profiles/fire-pro-fire-protection-ltd.1aeeb785ffb5ddad69cb5174bd99a2df"
234,"TBL FIRE PROTECTION LIMITED","Nonresidential Building Construction","Independent","COVENTRY, England, United Kingdom","https://dnb.com/business-directory/company-profiles/tbl-fire-protection-limited.d1c99de8adec5370c57c04a82a27cf38"
235,"Paradigm Fire Protection Services B.V.","Computer Systems Design and Related Services","Subsidiary","Groot Ammers, Zuid-Holland, Netherlands","https://dnb.com/business-directory/company-profiles/paradigm-fire-protection-services-bv.9f086d81b8707f0c036e36f7e73bc437"
236,"Symons Fire Protection, Inc.","Investigation and Security Services","Independent","San Diego, CA, United States","https://dnb.com/business-directory/company-profiles/symons-fire-protection-inc.3a933bf9649986ed3a3abcf779c07b94"
237,"China Fire Protection Association","Civic and Social Organizations","Parent","Beijing, Beijing, China","https://dnb.com/business-directory/company-profiles/china-fire-protection-association.ec882803419b1bf046268f7aa09f7b8f"
238,"Shenzhen Weijing Fire-fighting Technolog...","Business Support Services","Parent","Shenzhen, Guangdong, China","https://dnb.com/business-directory/company-profiles/shenzhen-weijing-fire-fighting-technology-co-ltd.daad2e45ebe37511ae6b483d6b09e262"
239,"Tongsheng Fire Fighting Technology (shen...","Business Support Services","Parent","Shenyang, Liaoning, China","https://dnb.com/business-directory/company-profiles/tongsheng-fire-fighting-technology-(shenyang)-co-ltd.3349222e7b7ebda7c48c96723f007baf"
240,"Escape Fire Protection Ltd","Other Support Services","Independent","Abbotsford, BC, Canada","https://dnb.com/business-directory/company-profiles/escape-fire-protection-ltd.462fb29a4e309f2c5b131211fef7886f"
241,"Jili Industry Management (shenzhen) Co.,...","Other General Purpose Machinery Manufacturing","Parent","Shenzhen, Guangdong, China","https://dnb.com/business-directory/company-profiles/jili-industry-management-(shenzhen)-co-ltd.25001dae32fca5aceb294a5268194d1f"
242,"A/D Fire Protection Systems Inc","Coating, Engraving, Heat Treating, and Allied Activities","Subsidiary","Scarborough, ON, Canada","https://dnb.com/business-directory/company-profiles/a-d-fire-protection-systems-inc.28c497257652a1fa2f98bb43c2e0f914"
243,"Homer Township Fire Protection District","Other Support Services","Parent","Lockport, IL, United States","https://dnb.com/business-directory/company-profiles/homer-township-fire-protection-district.d14c2abb7952b2a3d3ef73c6ce816328"
244,"Performance Systems Integration, Inc.","Architectural, Engineering, and Related Services","Subsidiary","San Jose, CA, United States","https://dnb.com/business-directory/company-profiles/performance-systems-integration-inc.203f22e52546c7e6f10989369120f68d"
245,"Virginia Sprinkler Company, Inc.","Building Equipment Contractors","Subsidiary","Ashland, VA, United States","https://dnb.com/business-directory/company-profiles/virginia-sprinkler-company-inc.6aca9385ecc48da9e46a422a3e6b4a2a"
246,"JAM Fire Protection, Inc.","Investigation and Security Services","Parent","Monrovia, CA, United States","https://dnb.com/business-directory/company-profiles/jam-fire-protection-inc.cd5c7a201ee596b2cbc0d8dc44f19602"
247,"GORDONSON FIRE PROTECTION LIMITED","Machinery, Equipment, and Supplies Merchant Wholesalers","Independent","EPPING, England, United Kingdom","https://dnb.com/business-directory/company-profiles/gordonson-fire-protection-limited.1c498820d609c84bc86d64171b7b8899"
248,"Fujian Police Sound Construction And Dev...","Architectural, Engineering, and Related Services","Parent","Fuzhou, Fujian, China","https://dnb.com/business-directory/company-profiles/fujian-police-sound-construction-and-development-group-co-ltd.2891f7f465dbb5717a1666200d443b11"
249,"Chattanooga Fire Protection, Inc.","Building Equipment Contractors","Parent","Chattanooga, TN, United States","https://dnb.com/business-directory/company-profiles/chattanooga-fire-protection-inc.c18cf4b8b22e74b3eafe1af6ee1927d9"
250,"Montrose Fire Protection District","Justice, Public Order, and Safety Activities","Independent","Montrose, CO, United States","https://dnb.com/business-directory/company-profiles/montrose-fire-protection-district.b84af65ad92dec06e7ebd90af1eb0c30"
251,"Advanced Fire Protection Services Inc.","Building Equipment Contractors","Parent","Fort Walton Beach, FL, United States","https://dnb.com/business-directory/company-profiles/advanced-fire-protection-services-inc.42656c982dba7ceb9eb9b28fae81c0c7"
252,"Crested Butte Fire Protection District","Other Support Services","Independent","Crested Butte, CO, United States","https://dnb.com/business-directory/company-profiles/crested-butte-fire-protection-district.b44e8aec0afd8980519d1c2c666ee771"
253,"Bayside Fire Protection, L.L.C.","Building Equipment Contractors","Independent","Owings, MD, United States","https://dnb.com/business-directory/company-profiles/bayside-fire-protection-llc.53f6347af963761503b0f3a6f4345e37"
254,"D.E.P. Protection Services Inc.","Building Equipment Contractors","Independent","North York, ON, Canada","https://dnb.com/business-directory/company-profiles/dep-protection-services-inc.620c5151e8d2263b5b02cd5be70f4362"
255,"Zhejiang Zhongshuan Group Co., Ltd","Other Fabricated Metal Product Manufacturing","Parent","Hangzhou, Zhejiang, China","https://dnb.com/business-directory/company-profiles/zhejiang-zhongshuan-group-co-ltd.7f89a6c28a97471fda75bbb9ed27d9f2"
256,"Associated Fire Protection Sales Company...","Miscellaneous Durable Goods Merchant Wholesalers","Parent","Paterson, NJ, United States","https://dnb.com/business-directory/company-profiles/associated-fire-protection-sales-company-inc.566a45b59df1336ae15e399e6f8c200a"
257,"Northern Lakes Fire Protection District","Justice, Public Order, and Safety Activities","Independent","Hayden, ID, United States","https://dnb.com/business-directory/company-profiles/northern-lakes-fire-protection-district.e915e3005c5a11ecd222233c90a35853"
258,"Fire Protection Service, Inc.","Other Support Services","Parent","Houston, TX, United States","https://dnb.com/business-directory/company-profiles/fire-protection-service-inc.56abf0271dcc9efa1f1b900086914edd"
259,"Milton J. Wood Fire Protection, Inc.","Other Support Services","Parent","Jacksonville, FL, United States","https://dnb.com/business-directory/company-profiles/milton-j-wood-fire-protection-inc.c7497835ebc354432f6a87c79aeda2be"
260,"Shanxi Wanhong Engineering Co., Ltd.","Residential Building Construction","Parent","Taiyuan, Shanxi, China","https://dnb.com/business-directory/company-profiles/shanxi-wanhong-engineering-co-ltd.488b08e047a5c22d708ce63d82a48cc8"
261,"Confires Fire Protection Service LLC","Machinery, Equipment, and Supplies Merchant Wholesalers","Independent","South Plainfield, NJ, United States","https://dnb.com/business-directory/company-profiles/confires-fire-protection-service-llc.b937684c7173979c0e7c621fdbd6d123"
262,"Guardian Plumbing & Heating, Inc.","Building Equipment Contractors","Independent","Livonia, MI, United States","https://dnb.com/business-directory/company-profiles/guardian-plumbing--heating-inc.95d11eda40a8d98d74235d8414d17d15"
263,"Shanghai Zhengdeh Tianyou Fire Protectio...","Other Specialty Trade Contractors","Subsidiary","Shanghai, Shanghai, China","https://dnb.com/business-directory/company-profiles/shanghai-zhengdeh-tianyou-fire-protection-equipment-installation-co-ltd.372cf7ff290145dd2be419641746857c"
264,"Advance Management Corp.","Building Equipment Contractors","Independent","Moorestown, NJ, United States","https://dnb.com/business-directory/company-profiles/advance-management-corp.584e5394fd12a07d46fcfeeffb33d0f9"
265,"Fujian Huodi Architecture Fire Fighting ...","Other Specialty Trade Contractors","Parent","Fuzhou, Fujian, China","https://dnb.com/business-directory/company-profiles/fujian-huodi-architecture-fire-fighting-engineering-co-ltd.f49fefb6586a0192ed3c72b590f6f507"
266,"A & A FIRE PROTECTION, LLC","Building Equipment Contractors","Independent","Greenville, SC, United States","https://dnb.com/business-directory/company-profiles/a--a-fire-protection-llc.74171a8a107709e9102af92c5ca025ee"
267,"Henan Honghai Industry Co., Ltd.","Residential Building Construction","Parent","Kaifeng, Henan, China","https://dnb.com/business-directory/company-profiles/henan-honghai-industry-co-ltd.b42c2a57084ac95bba5e7dd7ec42ce15"
268,"Darien Woodridge Fire Protection Distric...","Justice, Public Order, and Safety Activities","Parent","Darien, IL, United States","https://dnb.com/business-directory/company-profiles/darien-woodridge-fire-protection-district-inc.8bb591a4c19ad22a7174a91c42bbfebc"
269,"MORGAN FIRE PROTECTION LIMITED","Justice, Public Order, and Safety Activities","Subsidiary","LONDON, England, United Kingdom","https://dnb.com/business-directory/company-profiles/morgan-fire-protection-limited.7175ceb17d46570b273e2044b50347d2"
270,"Coastal Plumbing & Mechanical Corporatio...","Building Equipment Contractors","Independent","Naples, FL, United States","https://dnb.com/business-directory/company-profiles/coastal-plumbing--mechanical-corporation.31d726f30a98b7c2fad5c1ccaf79c07a"
271,"Central Fire Protection, Inc.","Building Equipment Contractors","Independent","Birmingham, AL, United States","https://dnb.com/business-directory/company-profiles/central-fire-protection-inc.b192be68c0cdf6ae7d2eedd3fa947e0b"
272,"Jiangsu Teling Safety Technology Co., Lt...","Other Specialty Trade Contractors","Subsidiary","Suzhou, Jiangsu, China","https://dnb.com/business-directory/company-profiles/jiangsu-teling-safety-technology-co-ltd.5496300213bba2105d70eda2960430c0"
273,"Zhongshan Xinghe Mechanical And Electric...","Residential Building Construction","Parent","Zhongshan, Guangdong, China","https://dnb.com/business-directory/company-profiles/zhongshan-xinghe-mechanical-and-electricalfirefightingdecorationengineeringco-ltd.e009d58a2bdd41fa4081e471fb6d2b4f"
274,"Brothers Fire Protection Co.","Building Equipment Contractors","Parent","Elk River, MN, United States","https://dnb.com/business-directory/company-profiles/brothers-fire-protection-co.51deed059b5b0af881213338f2affe03"
275,"Northeast Alabama Water, Sewer & Fire Pr...","Water, Sewage and Other Systems","Parent","Fort Payne, AL, United States","https://dnb.com/business-directory/company-profiles/northeast-alabama-water-sewer--fire-protection-district.0cb040653d0ad87c4c042667bffe49a1"
276,"AIDANT FIRE PROTECTION CO.","Other Miscellaneous Retailers","Parent","Scottsdale, AZ, United States","https://dnb.com/business-directory/company-profiles/aidant-fire-protection-co.7ee5a6ec72081a56dcf2a84a20ee9ab3"
277,"1084999 Ontario Inc","Investigation and Security Services","Independent","Ottawa, ON, Canada","https://dnb.com/business-directory/company-profiles/1084999-ontario-inc.66cbcdbc960a31198db014c33ff76e7e"
278,"Zhejiang Jiangjun Fire-fighting Engineer...","Personal and Household Goods Repair and Maintenance","Independent","Hangzhou, Zhejiang, China","https://dnb.com/business-directory/company-profiles/zhejiang-jiangjun-fire-fighting-engineering-co-ltd.75baa5205d399d91cafc12302fb22f7f"
279,"MINOOKA FIRE PROTECTION DISTRICT","Justice, Public Order, and Safety Activities","Independent","Minooka, IL, United States","https://dnb.com/business-directory/company-profiles/minooka-fire-protection-district.e7483913dd7acd0d9dca264356e7cfe6"
280,"Shandong Huoyan Lanxiaoan Emergency Resc...","Business Support Services","Parent","Jinan, Shandong, China","https://dnb.com/business-directory/company-profiles/shandong-huoyan-lanxiaoan-emergency-rescue-service-co-ltd.239245fa7508755c3ceb3fe4a318fefc"
281,"Zhongsheng Yuanchuang Construction Group...","Machinery, Equipment, and Supplies Merchant Wholesalers","Subsidiary","Xi'an, Shaanxi, China","https://dnb.com/business-directory/company-profiles/zhongsheng-yuanchuang-construction-group-co-ltd.d5edfe0b26f752deeecef43505ef68d2"
282,"AAA Restaurant Fire Control, Inc.","Other Support Services","Independent","Union City, CA, United States","https://dnb.com/business-directory/company-profiles/aaa-restaurant-fire-control-inc.c2f48fe58493a85dd450ea7dc8433fa4"
283,"Southern Nevada Fire Protection, Inc.","Building Equipment Contractors","Parent","Las Vegas, NV, United States","https://dnb.com/business-directory/company-profiles/southern-nevada-fire-protection-inc.f594fb23fce6c9e0724183b9627f44e7"
284,"Eureka Fire Protection District","Justice, Public Order, and Safety Activities","Independent","Eureka, MO, United States","https://dnb.com/business-directory/company-profiles/eureka-fire-protection-district.4c0fa09c934408a225eea861c0ed78b2"
285,"CFP Fire Protection, Inc.","Building Equipment Contractors","Subsidiary","Irvine, CA, United States","https://dnb.com/business-directory/company-profiles/cfp-fire-protection-inc.8b791769357591b94b5ae75ae6bc41a7"
286,"Luoyang Rongding Fire Protection Technol...","Residential Building Construction","Independent","Luoyang, Henan, China","https://dnb.com/business-directory/company-profiles/luoyang-rongding-fire-protection-technology-co-ltd.98c7c5cf3b0db3787fdcff43aa56f733"
287,"JOINT VENTURE OF CITY DISASTER PROTECTIO...","Other Schools and Instruction","Independent","Thailand","https://dnb.com/business-directory/company-profiles/joint-venture-of-city-disaster-protection-company-limited-shinaracha-frotector-company-limited-and-the-fire-service-collage.155cf8fbc3e055e65f579f79abc76841"
288,"Fire Protection Testing, Inc","Building Equipment Contractors","Independent","Cheshire, CT, United States","https://dnb.com/business-directory/company-profiles/fire-protection-testing-inc.a5f4eb66bfa92907d9626589fe988bf7"
289,"Jiangxi Licheng Technology Security Grou...","Residential Building Construction","Parent","Xinyu, Jiangxi, China","https://dnb.com/business-directory/company-profiles/jiangxi-licheng-technology-security-group-co-ltd.4772dd3189e3a44a20347c67c5f45d83"
290,"Engineered Corrosion Solutions, LLC","Architectural, Engineering, and Related Services","Parent","Saint Louis, MO, United States","https://dnb.com/business-directory/company-profiles/engineered-corrosion-solutions-llc.54621fba89a6285ed9b62d1361752b00"
291,"Covenant Fire Protection, Inc.","Other Support Services","Parent","Manchester, NH, United States","https://dnb.com/business-directory/company-profiles/covenant-fire-protection-inc.378282f5203c87dc79bd8683af8a6396"
292,"Zhongjing Construction Co., Ltd.","Electronics and Appliance Retailers","Subsidiary","Shanghai, Shanghai, China","https://dnb.com/business-directory/company-profiles/zhongjing-construction-co-ltd.a3d7193672127d02b9e230f3f1d6c8fb"
293,"Shanghai Zhongning Tai Intelligent Techn...","Business Support Services","Parent","Shanghai, Shanghai, China","https://dnb.com/business-directory/company-profiles/shanghai-zhongning-tai-intelligent-technology-co-ltd.9c26e0edb0908116180605f22aed5198"
294,"Encore Fire Protection","Other General Purpose Machinery Manufacturing","Subsidiary","Needham, MA, United States","https://dnb.com/business-directory/company-profiles/encore-fire-protection.40f90713d38e3731143b76244f8e012b"
295,"millenium fire protection llc","Building Equipment Contractors","Independent","Rockaway, NJ, United States","https://dnb.com/business-directory/company-profiles/millenium-fire-protection-llc.41c17de1d211fa24848f13f9e54db488"
296,"Streamline Fire Protection Ltd","Investigation and Security Services","Independent","Acheson, AB, Canada","https://dnb.com/business-directory/company-profiles/streamline-fire-protection-ltd.2e04efa051df661c37b3545660ab5b49"
297,"Guangxi Guiyue Fire Fighting Mechanical ...","Services to Buildings and Dwellings","Parent","Nanning, Guangxi, China","https://dnb.com/business-directory/company-profiles/guangxi-guiyue-fire-fighting-mechanical--electrical-engineering-co-ltd.f33511225f04f18f874a813bcdb5580e"
298,"JASPER FIRE PROTECTION, INC.","Other Support Services","Independent","Jasper, AL, United States","https://dnb.com/business-directory/company-profiles/jasper-fire-protection-inc.a52d861480a5f7163f4d24950e8980c9"
299,"Ryan Plumbing, Heating, Air Conditioning...","Building Equipment Contractors","Independent","Rochester, NY, United States","https://dnb.com/business-directory/company-profiles/ryan-plumbing-heating-air-conditioning-and-fire-protection-llc.f1a5e5ef0be3d81a79cfa53f54ac8d53"
300,"Chongqing Kunchuan Materials Co., Ltd.","Computer Systems Design and Related Services","Parent","Chongqing, Chongqing, China","https://dnb.com/business-directory/company-profiles/chongqing-kunchuan-materials-co-ltd.5cb8432876846b0613c093866cb19da9"
301,"Jiangsu Ninghe Construction Group Co., L...","Lawn and Garden Equipment and Supplies Retailers","Parent","Nanjing, Jiangsu, China","https://dnb.com/business-directory/company-profiles/jiangsu-ninghe-construction-group-co-ltd.ddd0f17ef33f2839815d31eef1d7313d"
302,"Residential Fire Protection","Other Support Services","Independent","Las Vegas, NV, United States","https://dnb.com/business-directory/company-profiles/residential-fire-protection.5fdbf0288b528e555be7672a78df2283"
303,"Nelson Fire Protection Co.","Building Equipment Contractors","Subsidiary","Rockford, IL, United States","https://dnb.com/business-directory/company-profiles/nelson-fire-protection-co.55e1b8456d5e010ba52ef08dc4b659e4"
304,"ORR (FIRE PROTECTION) LIMITED","Nonresidential Building Construction","Subsidiary","GLASGOW, Scotland, United Kingdom","https://dnb.com/business-directory/company-profiles/orr-(fire-protection)-limited.1b4b053818a6f25c5d13f73d24dbf64d"
305,"Tech Mechanical Systems Ltd","Building Equipment Contractors","Independent","Victoria, BC, Canada","https://dnb.com/business-directory/company-profiles/tech-mechanical-systems-ltd.e6db64134dc4cc487875f2f7e4ac57eb"
306,"Shenzhen Hengtongyuan New Energy Technol...","Residential Building Construction","Subsidiary","Shenzhen, Guangdong, China","https://dnb.com/business-directory/company-profiles/shenzhen-hengtongyuan-new-energy-technology-co-ltd.1acb5b31e3a62501f0705bead233202b"
307,"Capital Fire Protection Co.","Other Specialty Trade Contractors","Parent","Columbus, OH, United States","https://dnb.com/business-directory/company-profiles/capital-fire-protection-co.d4d7ced918ab5e1511b2a6a0aa750aeb"
308,"Admiral Fire","Machinery, Equipment, and Supplies Merchant Wholesalers","Independent","HIGH WYCOMBE, England, United Kingdom","https://dnb.com/business-directory/company-profiles/admiral-fire.fd60212116e39fef322456ce22676d67"
309,"Jarrett Fire Protection, LLC","Miscellaneous Durable Goods Merchant Wholesalers","Independent","Nashville, TN, United States","https://dnb.com/business-directory/company-profiles/jarrett-fire-protection-llc.00a05151948141556e7d7dae5b9673ab"
310,"Lake Ozark Fire Protection District","Justice, Public Order, and Safety Activities","Independent","Lake Ozark, MO, United States","https://dnb.com/business-directory/company-profiles/lake-ozark-fire-protection-district.2e3e8162f9cf26f7db56272e8cd6cad9"
311,"Abco Fire Protection, Inc.","Building Equipment Contractors","Independent","Lubbock, TX, United States","https://dnb.com/business-directory/company-profiles/abco-fire-protection-inc.1b6b4d0c4068c1fd5e4dddb162488bcd"
312,"T G PRODUCTS LIMITED","Other Miscellaneous Manufacturing","Subsidiary","BLACKBURN, England, United Kingdom","https://dnb.com/business-directory/company-profiles/t-g-products-limited.0e42d46d2a02039864fafb910de26d14"
313,"DAFOOS FIRE PROTECTION EQUIPMENT TRADING...","Management, Scientific, and Technical Consulting Services","Independent","Dubai, Dubai, United Arab Emirates","https://dnb.com/business-directory/company-profiles/dafoos-fire-protection-equipment-trading-llc.cf75b8ecb491766a9ec83ae93c23f011"
314,"Anne Arundel Fire Protection, Inc.","Building Equipment Contractors","Independent","Glen Burnie, MD, United States","https://dnb.com/business-directory/company-profiles/anne-arundel-fire-protection-inc.71106cb2691ac139b4f6a89677ab675d"
315,"Schirmer Fire Protection Engineering Cor...","Agencies, Brokerages, and Other Insurance Related Activities","Subsidiary","Chicago, IL, United States","https://dnb.com/business-directory/company-profiles/schirmer-fire-protection-engineering-corporation.ee0ba7d614a200993305c0409c2fa5fb"
316,"Schmidt Fire Protection Company, Inc.","Building Equipment Contractors","Independent","San Diego, CA, United States","https://dnb.com/business-directory/company-profiles/schmidt-fire-protection-company-inc.36928f4d5e1dec7a0fd831d18b095a4a"
317,"PROTECTION FROM FIRE","Other Miscellaneous Manufacturing","Independent","Damascus, Syria","https://dnb.com/business-directory/company-profiles/protection-from-fire.ed2be0898acfcb19c48e401d3c613cfa"
318,"Hainan Anxin Engineering Co., Ltd.","Other Specialty Trade Contractors","Parent","Haikou, Hainan, China","https://dnb.com/business-directory/company-profiles/hainan-anxin-engineering-co-ltd.6edd3c1b0989590287c558048ee5d6c0"
319,"Jiangsu Diting Construction Engineering ...","Residential Building Construction","Parent","Changzhou, Jiangsu, China","https://dnb.com/business-directory/company-profiles/jiangsu-diting-construction-engineering-co-ltd.29e1c9f8964d9a435b82cbac08bb6b19"
320,"FirePro, LLC","Building Equipment Contractors","Independent","Madison, AL, United States","https://dnb.com/business-directory/company-profiles/firepro-llc.737e23d816016b19126710600144bad8"
321,"Zhongtai Xiang (Beijing) Fire Protection...","Miscellaneous Durable Goods Merchant Wholesalers","Parent","Beijing, Beijing, China","https://dnb.com/business-directory/company-profiles/zhongtai-xiang-(beijing)-fire-protection-technology-co-ltd.709b9723bc77ad871e074ec8cac65412"
322,"BACH - FIRE PROTECTION, LDA","Architectural and Structural Metals Manufacturing","Subsidiary","MORTÁGUA, VISEU, Portugal","https://dnb.com/business-directory/company-profiles/bach---fire-protection-lda.f0d65950b05cc132c4a507accc99189c"
323,"Hunan Zhengbang Fire-fighting Technology...","Investigation and Security Services","Parent","Changsha, Hunan, China","https://dnb.com/business-directory/company-profiles/hunan-zhengbang-fire-fighting-technology-service-co-ltd.6b74df4db248c6704637aa2490b6a69f"
324,"PDS Fire Protection Inc","Other Support Services","Independent","Calgary, AB, Canada","https://dnb.com/business-directory/company-profiles/pds-fire-protection-inc.44ab4d483e8d1a300f727fdc9312019e"
325,"Carbondale & Rural Fire Protection Distr...","Other Support Services","Independent","Carbondale, CO, United States","https://dnb.com/business-directory/company-profiles/carbondale--rural-fire-protection-district.9a20e5c0de464649ed894f0b59147cc9"
326,"Federated Contracting Corp.","Building Equipment Contractors","Independent","Mount Vernon, NY, United States","https://dnb.com/business-directory/company-profiles/federated-contracting-corp.9136633eb5c40731fcfaebb3f45e43c1"
327,"Zhong'an (shandong) Security Technology ...","Lawn and Garden Equipment and Supplies Retailers","Subsidiary","Weifang, Shandong, China","https://dnb.com/business-directory/company-profiles/zhongan-(shandong)-security-technology-co-ltd.e8b2fa92b5c5465b6166b5b0fc7a3f59"
328,"AN PHAT VINA FIRE PROTECTION CONSTRUCTIO...","Metal and Mineral (except Petroleum) Merchant Wholesalers","Independent","My Hao Ward, Hung Yen, Vietnam","https://dnb.com/business-directory/company-profiles/an-phat-vina-fire-protection-construction-trading-company-limited.8102be3bfee6a2b27856a5ecb4b6e93e"
329,"AFFORDABLE FIRE PROTECTION, INC.","Building Equipment Contractors","Parent","Linwood, NJ, United States","https://dnb.com/business-directory/company-profiles/affordable-fire-protection-inc.c5aad0e5ddc2ab483234d389c9f81473"
330,"RED FLAMES FIRE PROTECTION SOLUTIONS L.L...","Navigational, Measuring, Electromedical, and Control Instruments Manufacturing","Independent","Dubai, Dubai, United Arab Emirates","https://dnb.com/business-directory/company-profiles/red-flames-fire-protection-solutions-llc.022f401b6cfd23365719d9f492c306a4"
331,"LONGFORD WOODS PTY. LTD.","Electric Power Generation, Transmission and Distribution","Subsidiary","MONT ALBERT, VICTORIA, Australia","https://dnb.com/business-directory/company-profiles/longford-woods-pty-ltd.b013ec14366dcf41732de4871b30a976"
332,"Fraser Valley Fire Protection Ltd","Building Equipment Contractors","Independent","Abbotsford, BC, Canada","https://dnb.com/business-directory/company-profiles/fraser-valley-fire-protection-ltd.f17eca4b81b00b7333f6089bc8379ba5"
333,"Servant Fire Protection LLC","Building Equipment Contractors","Independent","Nashville, TN, United States","https://dnb.com/business-directory/company-profiles/servant-fire-protection-llc.44f9b973d07768c96902dcba13c6ff3c"
334,"PLATTE VALLEY FIRE PROTECTION DISTRICT","Justice, Public Order, and Safety Activities","Independent","Kersey, CO, United States","https://dnb.com/business-directory/company-profiles/platte-valley-fire-protection-district.8eb4054fd2baea30edfbf63d2b70ce56"
335,"Hebei Tianlong Fire Fighting Group Co., ...","Residential Building Construction","Parent","Baoding, Hebei, China","https://dnb.com/business-directory/company-profiles/hebei-tianlong-fire-fighting-group-co-ltd.95e65cddaaeeb023cb50e0f175b7799b"
336,"Basalt And Rural Fire Protection Distric...","Justice, Public Order, and Safety Activities","Independent","Carbondale, CO, United States","https://dnb.com/business-directory/company-profiles/basalt-and-rural-fire-protection-district.a15db2d64fd0c9db667ceb357c780ae1"
337,"Voltech Electric Ltd","Investigation and Security Services","Independent","Burnaby, BC, Canada","https://dnb.com/business-directory/company-profiles/voltech-electric-ltd.09c11f3122ee73d2fdeb5b94114a040d"
338,"Jejudo Fire Fire Protection Center","Justice, Public Order, and Safety Activities","Subsidiary","Jeju, Jeju, Republic Of Korea","https://dnb.com/business-directory/company-profiles/jejudo-fire-fire-protection-center.b83b159bc21aac1dc91f8c50cba432fa"
339,"ORR(FIRE PROTECTION GROUP) LIMITED","Building Finishing Contractors","Parent","GLASGOW, Scotland, United Kingdom","https://dnb.com/business-directory/company-profiles/orr(fire-protection-group)-limited.ad84257ccd41c47d968dc117099e8bc3"
340,"Bensenville Fire Protection District 2","Justice, Public Order, and Safety Activities","Independent","Bensenville, IL, United States","https://dnb.com/business-directory/company-profiles/bensenville-fire-protection-district-2.44d16018abfd41de174f84148e9077fe"
341,"Carrier Safety System (Hebei) Co., Ltd.","Communications Equipment Manufacturing","Subsidiary","Qinhuangdao, Hebei, China","https://dnb.com/business-directory/company-profiles/carrier-safety-system-(hebei)-co-ltd.8f23fa8ae12df904f3f096239a2015b1"
342,"MINIMAX CHINA FIRE PROTECTION SYSTEM CO....","Investigation and Security Services","Subsidiary","Jordan, Kowloon, Hong Kong","https://dnb.com/business-directory/company-profiles/minimax-china-fire-protection-system-co-limited.0a777589a7e9f2dbb51cc5d823568c2e"
343,"XL Fire Protection Co.","Building Equipment Contractors","Parent","Santa Ana, CA, United States","https://dnb.com/business-directory/company-profiles/xl-fire-protection-co.08212b4c349c8475f952db344988be7b"
344,"1022423 Ontario Ltd","Building Equipment Contractors","Independent","Markham, ON, Canada","https://dnb.com/business-directory/company-profiles/1022423-ontario-ltd.2c2e558b5497f06cae60cd83f075a569"
345,"Hanguk Fire Protection Technology Co.,Lt...","Building Material and Supplies Dealers","Independent","Seoul, Seoul, Republic Of Korea","https://dnb.com/business-directory/company-profiles/hanguk-fire-protection-technology-coltd.e096dd492890ebcda0cfa7688bff0453"
346,"Premium Fire Protection Ltd","Other Professional, Scientific, and Technical Services","Parent","Okotoks, AB, Canada","https://dnb.com/business-directory/company-profiles/premium-fire-protection-ltd.847d749f3f83de6591f274884ee6fb3a"
347,"Forbes Fire Protection Inc","Other Support Services","Subsidiary","Gloucester, ON, Canada","https://dnb.com/business-directory/company-profiles/forbes-fire-protection-inc.e926aa5f782d415a8672a4a3083b6c96"
348,"Champion Fire Protection, Inc.","Building Equipment Contractors","Independent","Savannah, GA, United States","https://dnb.com/business-directory/company-profiles/champion-fire-protection-inc.2ad0a9953d94f817ceeea3662adc6665"
349,"Phaser Fire Protection Ltd","Building Equipment Contractors","Independent","Surrey, BC, Canada","https://dnb.com/business-directory/company-profiles/phaser-fire-protection-ltd.3e6942ef6a6addc571164a1cda8b1718"
350,"Fuzhou Youjin Fire Protection Engineerin...","Residential Building Construction","Subsidiary","Fuzhou, Fujian, China","https://dnb.com/business-directory/company-profiles/fuzhou-youjin-fire-protection-engineering-co-ltd.27f5ffc3c3b00f7cbb0ec69711216511"
351,"BEENEE FIRE PROTECTION","Metal and Mineral (except Petroleum) Merchant Wholesalers","Independent","Mumbai, Maharashtra, India","https://dnb.com/business-directory/company-profiles/beenee-fire-protection.3d13cdf1a74b438a2d420562bd1d968f"
352,"Hunan Police Safety Co., Ltd","Machinery, Equipment, and Supplies Merchant Wholesalers","Subsidiary","Changsha, Hunan, China","https://dnb.com/business-directory/company-profiles/hunan-police-safety-co-ltd.542fec43868d22a90ecfa399c686c3f9"
353,"Northeast Ambulance and Fire Protection ...","Justice, Public Order, and Safety Activities","Independent","Saint Louis, MO, United States","https://dnb.com/business-directory/company-profiles/northeast-ambulance-and-fire-protection-district.e4fa2089d112dc09532c5cfaf9c8a2f7"
354,"Superior Welding Supply Co.","Machinery, Equipment, and Supplies Merchant Wholesalers","Parent","Waterloo, IA, United States","https://dnb.com/business-directory/company-profiles/superior-welding-supply-co.76a7e669ff84102a50665d6045afcf22"
355,"TAN LONG HAI FIRE PROTECTION TRADING AND...","Miscellaneous Durable Goods Merchant Wholesalers","Parent","Cho Quan Ward, Ho Chi Minh, Vietnam","https://dnb.com/business-directory/company-profiles/tan-long-hai-fire-protection-trading-and-service-company-limited.41fb9ada147832f12ecb8aff97bea088"
356,"PHOENIX FIRE PROTECTION, INC.","Building Equipment Contractors","Independent","Upper Marlboro, MD, United States","https://dnb.com/business-directory/company-profiles/phoenix-fire-protection-inc.fc4882449efbf980fb73f8e6911bb12d"
357,"Liheng Fire Protection Decoration Engine...","Architectural, Engineering, and Related Services","Parent","Shenzhen, Guangdong, China","https://dnb.com/business-directory/company-profiles/liheng-fire-protection-decoration-engineering-co-ltd.8719c279ac456458784c70018d48f6bb"
358,"BARRIER FIRE PROTECTION LIMITED","Other Specialty Trade Contractors","Subsidiary","WALLSEND, England, United Kingdom","https://dnb.com/business-directory/company-profiles/barrier-fire-protection-limited.723c4c4a031610acac26985668d8b44b"
359,"Manhattan Fire Protection District","Justice, Public Order, and Safety Activities","Independent","Manhattan, IL, United States","https://dnb.com/business-directory/company-profiles/manhattan-fire-protection-district.7d575ece3352db06444d36141796456c"
360,"Victory Fire Protection, Inc.","Building Equipment Contractors","Independent","Pottstown, PA, United States","https://dnb.com/business-directory/company-profiles/victory-fire-protection-inc.2264476ad6197ff947ebcca3064ae9e7"
361,"Wolf Fire Protection, Inc.","Building Equipment Contractors","Independent","Baltimore, MD, United States","https://dnb.com/business-directory/company-profiles/wolf-fire-protection-inc.b02692e7022d4a0c9af58c1f6aa04a40"
362,"EVOLUTION","Business Support Services","Parent","Zhengzhou, Henan, China","https://dnb.com/business-directory/company-profiles/evolution.d1eb880259d7125eee081dff7b1e6601"
363,"Jiangsu Shuangjia Fire Protection Engine...","Nonresidential Building Construction","Parent","Rugao, Jiangsu, China","https://dnb.com/business-directory/company-profiles/jiangsu-shuangjia-fire-protection-engineering-co-ltd.3b3f6074b825b8947ac1dcdb74c52134"
364,"Rustic Fire Protection, Inc.","Building Equipment Contractors","Independent","Norton, MA, United States","https://dnb.com/business-directory/company-profiles/rustic-fire-protection-inc.8ce319e7e9cd4b327eac46955fc49b21"
365,"INTERNATIONAL THERMAL INSULATION & FIRE ...","Support Activities for Mining","Independent","Manama, Al Asimah, Bahrain","https://dnb.com/business-directory/company-profiles/international-thermal-insulation--fire-protection-company---intherpro-wll.08bcc5f5f6652c862edad4b77dfe3365"
366,"Delta Fire Sprinklers, Inc.","Building Equipment Contractors","Parent","Sanford, FL, United States","https://dnb.com/business-directory/company-profiles/delta-fire-sprinklers-inc.ef5eddd525414405726f94724aa75c51"
367,"Shandong Xiang'an Construction Group Co....","Residential Building Construction","Parent","Zaozhuang, Shandong, China","https://dnb.com/business-directory/company-profiles/shandong-xiangan-construction-group-co-ltd.faa400975bd15d345c43bf1c3d1fb3ea"
368,"Guangshengyuan Group Co., Ltd","Residential Building Construction","Subsidiary","Qingdao, Shandong, China","https://dnb.com/business-directory/company-profiles/guangshengyuan-group-co-ltd.71edbf41194ed978188a739d3aaf3f6f"
369,"Shanxi Fangsheng Fire Protection Enginee...","Other Specialty Trade Contractors","Parent","Taiyuan, Shanxi, China","https://dnb.com/business-directory/company-profiles/shanxi-fangsheng-fire-protection-engineering-co-ltd.231f43197abe4bdc359ab4d9a1f92f6c"
370,"BHAWANI FIRE PROTECTION PRIVATE LIMITED","Architectural and Structural Metals Manufacturing","Parent","Ghaziabad, Uttar Pradesh, India","https://dnb.com/business-directory/company-profiles/bhawani-fire-protection-private-limited.15c456e3603cc8595506014c793932b9"
371,"Orange Beach Water Sewer And Fire Protec...","Water, Sewage and Other Systems","Independent","Orange Beach, AL, United States","https://dnb.com/business-directory/company-profiles/orange-beach-water-sewer-and-fire-protection-authority.19bf19318e296130e3f0fab48b90362c"
372,"Henan Anzhu Fire Protection Parts Techno...","Clay Product and Refractory Manufacturing","Subsidiary","Jiaozuo, Henan, China","https://dnb.com/business-directory/company-profiles/henan-anzhu-fire-protection-parts-technology-co-ltd.97838da75595c375ea6a0a0129a31431"
373,"Coastal Fire Protection, L.L.C.","Building Equipment Contractors","Parent","La Place, LA, United States","https://dnb.com/business-directory/company-profiles/coastal-fire-protection-llc.053ebdfadad12e8fe02159eb2a875c71"
374,"HAI LAP FIRE PROTECTION CONSTRUCTION AND...","Building Equipment Contractors","Parent","Viet Tri Ward, Phu Tho, Vietnam","https://dnb.com/business-directory/company-profiles/hai-lap-fire-protection-construction-and-design-consultant-company-limited.e29b20d9baab1c0faf74d0e1a5982dc7"
375,"WAYGD, INC.","Household Appliances and Electrical and Electronic Goods Merchant Wholesalers","Independent","Rochester, NY, United States","https://dnb.com/business-directory/company-profiles/waygd-inc.f94ad5f57314990445988c419d39dc33"
376,"DOR SAFETY AND FIRE PROTECTION LTD","Other Professional, Scientific, and Technical Services","Independent","KIRYAT GAT, Southern District, Israel","https://dnb.com/business-directory/company-profiles/dor-safety-and-fire-protection-ltd.c0f0dffa89cfd9aca1cd8bccbdb48e30"
377,"VARDI - ADVANCED FIRE PROTECTION INSTITU...","Other Professional, Scientific, and Technical Services","Independent","CAESAREA, Northern District, Israel","https://dnb.com/business-directory/company-profiles/vardi---advanced-fire-protection-institute-ltd.e1fe3b0a543006d6f1d3d27234c927f0"
378,"DELTA FIRE PROTECTION","Other Support Services","Independent","Doha, Ad Dawhah (Doha), Qatar","https://dnb.com/business-directory/company-profiles/delta-fire-protection.5808152f14ed5f27585d1299652a6d9a"
379,"Y. YANKOVICH FIRE PROTECTION ENGINEERING...","Other Professional, Scientific, and Technical Services","Independent","HOD HASHARON, Central District, Israel","https://dnb.com/business-directory/company-profiles/y-yankovich-fire-protection-engineering-ltd.c5f678cfc5f5c60d96e6049276492d88"
380,"PROTECTION EYE TRADE INSTALLATION & MAIN...","Business Support Services","Independent","Mansour, Baghdad, Iraq","https://dnb.com/business-directory/company-profiles/protection-eye-trade-installation--maintenance-of-cameras-early-warning-systems-theft--fire--internet-systems.3bbe70e5673911d639b8abbff20e17ab"
381,"ARAPAHOE FIRE PROTECTION, LLC","Architectural, Engineering, and Related Services","Parent","Aurora, CO, United States","https://dnb.com/business-directory/company-profiles/arapahoe-fire-protection-llc.5f1630f01f3cc1b3f05d5415be7ec97f"
382,"BRYLAND FIRE PROTECTION LIMITED","Machinery, Equipment, and Supplies Merchant Wholesalers","Subsidiary","DUDLEY, England, United Kingdom","https://dnb.com/business-directory/company-profiles/bryland-fire-protection-limited.7cd763dc5add94386e9ddfe0b74fc1d1"
383,"DEBASISH FIRE PROTECTION SYSTEMS","Miscellaneous Durable Goods Merchant Wholesalers","Independent","New Delhi, Delhi, India","https://dnb.com/business-directory/company-profiles/debasish-fire-protection-systems.86957cc6835d0ccb42a04f7bbe2cd070"
384,"Wuhan Hengji Fire Protection Engineering...","Other Fabricated Metal Product Manufacturing","Branch","Xiangyang, Hubei, China","https://dnb.com/business-directory/company-profiles/wuhan-hengji-fire-protection-engineering-co-ltd-xiangyang-branch.28d9c8ffc13a55e02f10f6dd7e229e41"
385,"Shanghai Huanyu Fire Fighting Group Co.,...","Architectural, Engineering, and Related Services","Parent","Shanghai, Shanghai, China","https://dnb.com/business-directory/company-profiles/shanghai-huanyu-fire-fighting-group-co-ltd.692e8acefb513330c8ee6e2991116704"
386,"Shenyang Daliao Construction Group Co., ...","Residential Building Construction","Parent","Shenyang, Liaoning, China","https://dnb.com/business-directory/company-profiles/shenyang-daliao-construction-group-co-ltd.e1d28c0136ad3c808b95f0a8146b9e69"
387,"Shanxi Yisheng Shuzhi Fire Protection Co...","Residential Building Construction","Parent","Taiyuan, Shanxi, China","https://dnb.com/business-directory/company-profiles/shanxi-yisheng-shuzhi-fire-protection-coltd.94da230395b77a4c2312eb07f6418609"
388,"SPARK FIRE PROTECTION PRIVATE LIMITED","Support Activities for Air Transportation","Independent","Gwalior, Madhya Pradesh, India","https://dnb.com/business-directory/company-profiles/spark-fire-protection-private-limited.7ad92b8f0594528cca32fb2dfc389d70"
389,"CALEDONIA FIRE AND SECURITY LIMITED","Furniture and Home Furnishings Retailers","Subsidiary","KIRKCALDY, Scotland, United Kingdom","https://dnb.com/business-directory/company-profiles/caledonia-fire-and-security-limited.296be831f4dc04088932c8f8a8391818"
390,"Jilin Jili Fire Fighting Engineering Co....","Foundation, Structure, and Building Exterior Contractors","Parent","Jilin, Jilin, China","https://dnb.com/business-directory/company-profiles/jilin-jili-fire-fighting-engineering-co-ltd.5054615f97e43d9c5c5160c3a72d3ca5"
391,"FIRE PROTECTION SERVICES, LLC","Other Support Services","Independent","Perry, GA, United States","https://dnb.com/business-directory/company-profiles/fire-protection-services-llc.b160d82d677b1693ae608abdfa67b8e3"
392,"Prospect Heights Fire Protection Distric...","Justice, Public Order, and Safety Activities","Independent","Prospect Heights, IL, United States","https://dnb.com/business-directory/company-profiles/prospect-heights-fire-protection-district.28bdbec261e591110b88efaa37a9ff6b"
393,"Zhongyi Jian'an Technology Co., Ltd.","Architectural, Engineering, and Related Services","Parent","Yixing, Jiangsu, China","https://dnb.com/business-directory/company-profiles/zhongyi-jianan-technology-co-ltd.48b8acba5ad1d594d5a75143acf5b9b2"
394,"ESCAPE FIRE PROTECTION INC","Building Equipment Contractors","Independent","Saint Paul, MN, United States","https://dnb.com/business-directory/company-profiles/escape-fire-protection-inc.7d93c07850fb9a41dd5aa107177ab5d6"
395,"Qingyuan Guosheng Firefighting Engineeri...","Building Finishing Contractors","Subsidiary","Qingyuan, Guangdong, China","https://dnb.com/business-directory/company-profiles/qingyuan-guosheng-firefighting-engineering-co-ltd.c1bbf3fd456e3bc5f8f5d3c782feab64"
396,"Shenzhen Zhonggong Jianye Construction G...","Building Finishing Contractors","Subsidiary","Shenzhen, Guangdong, China","https://dnb.com/business-directory/company-profiles/shenzhen-zhonggong-jianye-construction-group-co-ltd.d5113656c37345a4ecf6e04b8fcae220"
397,"Jiangsu Yunshang Chen'an Fire Protection...","Building Finishing Contractors","Subsidiary","Suzhou, Jiangsu, China","https://dnb.com/business-directory/company-profiles/jiangsu-yunshang-chenan-fire-protection-engineering-co-ltd.8cb209ad4e451af2387b8f55266681ca"
398,"Shandong Ju'an Fire Protection Technolog...","Building Finishing Contractors","Subsidiary","Qingdao, Shandong, China","https://dnb.com/business-directory/company-profiles/shandong-juan-fire-protection-technology-co-ltd.5ebb60320a8ff38febe051d7d7500f08"
399,"SNOWMASS WILDCAT FIRE PROTECTION DISTRIC...","Justice, Public Order, and Safety Activities","Independent","Snowmass Village, CO, United States","https://dnb.com/business-directory/company-profiles/snowmass-wildcat-fire-protection-district.1b88e4f75b04fbc059c757a7cc4db63c"
400,"Baotou Second Metallurgical Mechanical A...","Residential Building Construction","Independent","Baotou, Inner Mongolia, China","https://dnb.com/business-directory/company-profiles/baotou-second-metallurgical-mechanical-and-electrical-fire-protection-engineering-co-ltd.91b4d607611cf114806d8d404511fe16"
401,"Inner Mongolia Huawei Fire Protection En...","Nonresidential Building Construction","Independent","Hohhot, Inner Mongolia, China","https://dnb.com/business-directory/company-profiles/inner-mongolia-huawei-fire-protection-engineering-coltd.3083f453789c7231260e96887e41189e"
402,"SUN FIRE PROTECTION SYSTEMS","Miscellaneous Durable Goods Merchant Wholesalers","Independent","Chennai, Tamil Nadu, India","https://dnb.com/business-directory/company-profiles/sun-fire-protection-systems.ab4f0dbc0e4900198b4e7bfb73d819a9"
403,"Millennium Fire Protection Corporation","Building Equipment Contractors","Independent","Carlsbad, CA, United States","https://dnb.com/business-directory/company-profiles/millennium-fire-protection-corporation.c051745a0a9585fe558e7bf6fcd0af08"
404,"QUALITY FIRE PROTECTION, INC.","Other Specialty Trade Contractors","Independent","Woods Cross, UT, United States","https://dnb.com/business-directory/company-profiles/quality-fire-protection-inc.338b8540b94322f8d4e0bc0126ab0921"
405,"Hunan Shengheng Environmental Protection...","Commercial and Service Industry Machinery Manufacturing","Independent","Changsha, Hunan, China","https://dnb.com/business-directory/company-profiles/hunan-shengheng-environmental-protection-fireproof-technology-coltd.d9ec8aa6a54dee5675e0c4017c6776a1"
406,"Guangxi Liuzhou Lingzhi Fire Protection ...","Residential Building Construction","Independent","Liuzhou, Guangxi, China","https://dnb.com/business-directory/company-profiles/guangxi-liuzhou-lingzhi-fire-protection-engineering-co-ltd.a500145cd420ff673ebce380e1a9a047"
407,"Hangzhou Hengji Fire Protection Engineer...","Residential Building Construction","Independent","Hangzhou, Zhejiang, China","https://dnb.com/business-directory/company-profiles/hangzhou-hengji-fire-protection-engineering-co-ltd.31a708d4ded46a3b5f1172f7eb548a4a"
408,"Baotou Fuyuan Fire Protection Engineerin...","Residential Building Construction","Independent","Baotou, Inner Mongolia, China","https://dnb.com/business-directory/company-profiles/baotou-fuyuan-fire-protection-engineering-installation-and-maintenance-service-co-ltd.e68d1c01bfdd5ac9efa0332dd796dd78"
409,"ENGINEERED FIRE PROTECTION INC.","Building Equipment Contractors","Independent","Ballwin, MO, United States","https://dnb.com/business-directory/company-profiles/engineered-fire-protection-inc.3ebda6797729f500fd8451f05790a33f"
410,"Boston Fire Sprinkler Protection Company...","Building Equipment Contractors","Independent","Hanover, MA, United States","https://dnb.com/business-directory/company-profiles/boston-fire-sprinkler-protection-company-inc.d9413c3f77d6fd7212600b8d08879543"
411,"Gongyi Jixing Environmental Protection F...","Clay Product and Refractory Manufacturing","Independent","Gongyi, Henan, China","https://dnb.com/business-directory/company-profiles/gongyi-jixing-environmental-protection-fire-proof-materials-coltd.724ae1a5a022a702c59079adb78eaa9b"
412,"Deschutes County Rural Fire Protection D...","Justice, Public Order, and Safety Activities","Independent","Bend, OR, United States","https://dnb.com/business-directory/company-profiles/deschutes-county-rural-fire-protection-district--2.9997e23ccbffc9e431fe04c5a57692d0"
413,"Fujian Minxiao Tianxin Fire Fighting Tec...","Other Specialty Trade Contractors","Subsidiary","Fuzhou, Fujian, China","https://dnb.com/business-directory/company-profiles/fujian-minxiao-tianxin-fire-fighting-technology-co-ltd.f01f93428caee48be516f8e451eeaec1"
414,"Shanghai Yingshuo Fire Protection Engine...","Building Equipment Contractors","Parent","Shanghai, Shanghai, China","https://dnb.com/business-directory/company-profiles/shanghai-yingshuo-fire-protection-engineering-co-ltd.359423bfa4737da2e2ca15a864c2af17"
415,"Zhejiang Yinxiang Fire Fighting Engineer...","Architectural, Engineering, and Related Services","Parent","Taizhou, Zhejiang, China","https://dnb.com/business-directory/company-profiles/zhejiang-yinxiang-fire-fighting-engineering-co-ltd.41246c70c34773d1f42c753504db92a8"
416,"Ishank Fire Protection System","Miscellaneous Nondurable Goods Merchant Wholesalers","Independent","New Delhi, Delhi, India","https://dnb.com/business-directory/company-profiles/ishank-fire-protection-system.c6c83985ce96cb5099a0b4cc9ea48483"
417,"BRIGHT FIRE PROTECTION SDN. BHD.","Support Activities for Mining","Independent","Kuala Lumpur, Wilayah Persekutuan Kuala Lumpur, Malaysia","https://dnb.com/business-directory/company-profiles/bright-fire-protection-sdn-bhd.52d5b3d6a3e751d6f4a95a6fb890993c"
418,"Henan Liucheng Fire Fighting Installatio...","Residential Building Construction","Parent","Zhengzhou, Henan, China","https://dnb.com/business-directory/company-profiles/henan-liucheng-fire-fighting-installation-engineering-co-ltd.beb9ccede59a54ba901c10243a4fa1c8"
419,"ABCO Fire Protection Inc.","Building Equipment Contractors","Parent","Pittsburgh, PA, United States","https://dnb.com/business-directory/company-profiles/abco-fire-protection-inc.09264f56e1ab926c0322cc757ba4ac0f"
420,"ORLY FIRE PROTECTION AND SAFETY LTD.","Electric Power Generation, Transmission and Distribution","Independent","RISHON LEZION, Central District, Israel","https://dnb.com/business-directory/company-profiles/orly-fire-protection-and-safety-ltd.310b7bcdf1237b992e94bfbea1889c1f"
421,"Guangdong Jian'an Fire Protection Electr...","Building Equipment Contractors","Parent","Foshan, Guangdong, China","https://dnb.com/business-directory/company-profiles/guangdong-jianan-fire-protection-electromechanical-engineering-co-ltd.ef2060c0c6b9f7fe67e143992b9b15ea"
422,"DEESCO OF GEORGIA, LLC","Machinery, Equipment, and Supplies Merchant Wholesalers","Independent","Atlanta, GA, United States","https://dnb.com/business-directory/company-profiles/deesco-of-georgia-llc.f68d921008112699af44e21c47e009b3"
423,"Chengdu Akepu Mechanical & Electrical In...","Machinery, Equipment, and Supplies Merchant Wholesalers","Parent","Chengdu, Sichuan, China","https://dnb.com/business-directory/company-profiles/chengdu-akepu-mechanical--electrical-installation-engineering-co-ltd.f8ad7cd51b2d5d618596883d2f8835fb"
424,"Jinan No.4 Construction Group Intelligen...","Building Equipment Contractors","Subsidiary","Jinan, Shandong, China","https://dnb.com/business-directory/company-profiles/jinan-no4-construction-group-intelligent-fire-protection-engineeringco-ltd.d857e7712ea9305b219bb81e676fa1fa"
425,"Blivex Energy Technology Co., Ltd","Other Electrical Equipment and Component Manufacturing","Parent","Xi'an, Shaanxi, China","https://dnb.com/business-directory/company-profiles/blivex-energy-technology-co-ltd.345c3c7ff0ed151685009906a0ef8c0e"
426,"PRECISION FIRE PROTECTION, INC.","Building Equipment Contractors","Independent","Reinholds, PA, United States","https://dnb.com/business-directory/company-profiles/precision-fire-protection-inc.c364c11dee4f7bfb8d3cf51b02dc9436"
427,"SOYUZ FIRE PROTECTION SYSTEMS AFRICA (PT...","Water, Sewage and Other Systems","Independent","WALKERVILLE, GAUTENG, South Africa","https://dnb.com/business-directory/company-profiles/soyuz-fire-protection-systems-africa-(pty)-ltd.47cd1cb855f6ce8d9fb587032811359c"
428,"Controx-Fire Protection AG in Liquidatio...","Architectural, Engineering, and Related Services","Independent","Winterthur, ZÜRICH, Switzerland","https://dnb.com/business-directory/company-profiles/controx-fire-protection-ag-in-liquidation.0ffafa17a0eb45b3265dd79d4b475225"
429,"ALPHNAT CONSTRUCTION AND FIRE PROTECTION...","Nonresidential Building Construction","Independent","JOHANNESBURG, GAUTENG, South Africa","https://dnb.com/business-directory/company-profiles/alphnat-construction-and-fire-protection-(pty)-ltd.da08b65d4f71933431d8add0bee3bbe2"
430,"EUNIX FIRE PROTECTION PTE. LTD.","Household Appliances and Electrical and Electronic Goods Merchant Wholesalers","Independent","Singapore, Singapore","https://dnb.com/business-directory/company-profiles/eunix-fire-protection-pte-ltd.7dc79645da5b01293a8925215d066df1"
431,"Shanghai Keyi Intelligent Technology Co....","Residential Building Construction","Subsidiary","Shanghai, Shanghai, China","https://dnb.com/business-directory/company-profiles/shanghai-keyi-intelligent-technology-co-ltd.1ba02a4be872ddee12efd86148ecb9a0"
432,"Total Fire Protection, LLC.","Building Equipment Contractors","Independent","Alabaster, AL, United States","https://dnb.com/business-directory/company-profiles/total-fire-protection-llc.b59861215824fe1dd6f37574b6d40780"
433,"Vavenby Fire Hall Non Emrgncy","Other Support Services","Independent","Vavenby, BC, Canada","https://dnb.com/business-directory/company-profiles/vavenby-fire-hall-non-emrgncy.0abac434b97381e476c6723157fafb37"
434,"Advanced Fire Protection Systems, LLC","Building Equipment Contractors","Subsidiary","Baltimore, MD, United States","https://dnb.com/business-directory/company-profiles/advanced-fire-protection-systems-llc.b376f627ef9c3ac4b5cc7bceee3ccdc9"
435,"Rockridge LLC","Residential Building Construction","Independent","Las Vegas, NV, United States","https://dnb.com/business-directory/company-profiles/rockridge-llc.1f63c1408bdeda6cc55e930cb3e39487"
436,"Henan Fu'Erdun Fire-Fighting Technology ...","Commercial and Service Industry Machinery Manufacturing","Subsidiary","Zhengzhou, Henan, China","https://dnb.com/business-directory/company-profiles/henan-fuerdun-fire-fighting-technology-co-ltd.9b120e9c006d5246d84d2e48470e2c88"
437,"Chongqing Quanming Construction Engineer...","Residential Building Construction","Parent","Chongqing, Chongqing, China","https://dnb.com/business-directory/company-profiles/chongqing-quanming-construction-engineering-co-ltd.f6c2a1ac11f40415806aabb499a5b142"
438,"THIEN PHUC FIRE PROTECTION CONSTRUCTION ...","Residential Building Construction","Independent","Ho Chi Minh, Ho Chi Minh, Vietnam","https://dnb.com/business-directory/company-profiles/thien-phuc-fire-protection-construction-trading-company-limited.ea24dbcae028091eab7e6d68921fda58"
439,"Genesis Fire Protection, Inc.","Building Equipment Contractors","Independent","Seagoville, TX, United States","https://dnb.com/business-directory/company-profiles/genesis-fire-protection-inc.b7a83f93654b3154c4151bfcdbf153a7"
440,"F.E. MORAN, INC. FIRE PROTECTION EAST CO...","Building Equipment Contractors","Subsidiary","Northbrook, IL, United States","https://dnb.com/business-directory/company-profiles/fe-moran-inc-fire-protection-east-coast.60fbcdbd781ccc38fd6eb80ddf708572"
441,"Kazal Fire Protection, Inc.","Building Equipment Contractors","Independent","Tucson, AZ, United States","https://dnb.com/business-directory/company-profiles/kazal-fire-protection-inc.2b04568d1d0da182f85d48f94735c5c6"
442,"Absolute Fire Protection, Inc.","Building Equipment Contractors","Independent","Rockford, IL, United States","https://dnb.com/business-directory/company-profiles/absolute-fire-protection-inc.6887d2deee447368b827884b086e257c"
443,"Zhengyu Construction Group Co., Ltd.","Other Specialty Trade Contractors","Subsidiary","Hefei, Anhui, China","https://dnb.com/business-directory/company-profiles/zhengyu-construction-group-co-ltd.844d505967200ce3d98f3503eaa07832"
444,"Hainan DAKAI Intelligent Fire Protection...","Other Specialty Trade Contractors","Subsidiary","Haikou, Hainan, China","https://dnb.com/business-directory/company-profiles/hainan-dakai-intelligent-fire-protection-coltd.9291ef20d3e7d76d1fea080fc273ee97"
445,"Industrial/Commercial Fire Protection, I...","Building Equipment Contractors","Independent","Lucedale, MS, United States","https://dnb.com/business-directory/company-profiles/industrial-commercial-fire-protection-inc.402f2126ab567e1ceb776bf488363078"
446,"KULSWAMINI FIRE PROTECTION","Support Activities for Air Transportation","Independent","Thane, Maharashtra, India","https://dnb.com/business-directory/company-profiles/kulswamini-fire-protection.67e7d66aa196b05db5b9c17b34d3d1bb"
447,"DAKSH FIRE SAFETY AND PROTECTION SERVICE","Support Activities for Air Transportation","Independent","Ghaziabad, Uttar Pradesh, India","https://dnb.com/business-directory/company-profiles/daksh-fire-safety-and-protection-service.bbc45f178b1cc83690393ba9d6c54313"
448,"PERFECT FIRE PROTECTION SYSTEMS","Support Activities for Air Transportation","Independent","Nashik, Maharashtra, India","https://dnb.com/business-directory/company-profiles/perfect-fire-protection-systems.35827029ea9bfb8cde19a146a39cc199"
449,"MARQUEE FIRE PROTECTION, LLC","Building Equipment Contractors","Parent","Rocklin, CA, United States","https://dnb.com/business-directory/company-profiles/marquee-fire-protection-llc.1a71e89166f18340ad8046690a8d8cc3"
450,"Jiurui Jian'an Industry Co., Ltd.","Building Finishing Contractors","Subsidiary","Chengdu, Sichuan, China","https://dnb.com/business-directory/company-profiles/jiurui-jianan-industry-co-ltd.1b9b422ffa866f49a4fa9be9f2b0f978"
451,"Advance Fire Protection Co., Inc.","Building Equipment Contractors","Independent","La Habra, CA, United States","https://dnb.com/business-directory/company-profiles/advance-fire-protection-co-inc.d5a10f2ba2dd4ed703377ca2a0f2e600"
452,"Regional Fire Protection, LLC","Building Equipment Contractors","Independent","Williamsport, MD, United States","https://dnb.com/business-directory/company-profiles/regional-fire-protection-llc.3d9ba729e8dc1ea17fe210ef82505a3b"
453,"HC Services Inc","Residential Building Construction","Parent","Laurel, MS, United States","https://dnb.com/business-directory/company-profiles/hc-services-inc.8ea58abffc84793831b7e29a6ac52da2"
454,"RK FIRE PROTECTION","Metal and Mineral (except Petroleum) Merchant Wholesalers","Independent","Surat, Gujarat, India","https://dnb.com/business-directory/company-profiles/rk-fire-protection.2fffdd886001be56cb246d486e6326e2"
455,"UNIQUE FIRE PROTECTION EQUIPMENTS","Metal and Mineral (except Petroleum) Merchant Wholesalers","Independent","New Delhi, Delhi, India","https://dnb.com/business-directory/company-profiles/unique-fire-protection-equipments.231f94c99e88a378f1eb9faba7845b13"
456,"SS FIRE PROTECTION","Metal and Mineral (except Petroleum) Merchant Wholesalers","Independent","Gurugram, Haryana, India","https://dnb.com/business-directory/company-profiles/ss-fire-protection.4e5aecd009c32dc020e77457b2100b4b"
457,"ADITYA FIRE PROTECTION SYSTEMS","Metal and Mineral (except Petroleum) Merchant Wholesalers","Independent","Ranchi, Jharkhand, India","https://dnb.com/business-directory/company-profiles/aditya-fire-protection-systems.cc8de6f1c5f8f1460f74fac5e4abe4a2"
458,"FOGTEC FIRE PROTECTION PRIVATE LIMITED","Machinery, Equipment, and Supplies Merchant Wholesalers","Subsidiary","Mumbai, Maharashtra, India","https://dnb.com/business-directory/company-profiles/fogtec-fire-protection-private-limited.8ca552da70adb4e5c7729a79b4e7cb25"
459,"Hailongsheng Fire-fighting Engineering C...","Residential Building Construction","Parent","Liaocheng, Shandong, China","https://dnb.com/business-directory/company-profiles/hailongsheng-fire-fighting-engineering-co-ltd.aa216169678492e0597b4d58e3da242b"
460,"Boyiheng Fire Fighting Mechanical & Elec...","Residential Building Construction","Subsidiary","Wuhan, Hubei, China","https://dnb.com/business-directory/company-profiles/boyiheng-fire-fighting-mechanical--electrical-engineering-group-co-ltd.7f8ff6a212864ef83e3cadb42d43de02"
461,"Metropolitan Fire Protection, Inc.","Building Equipment Contractors","Independent","Clinton, MD, United States","https://dnb.com/business-directory/company-profiles/metropolitan-fire-protection-inc.bedd07de7ec42ef8eeed9e3cd1904f4f"
462,"Hangzhou Hongtai Fire Engineering Co., L...","Residential Building Construction","Subsidiary","Hangzhou, Zhejiang, China","https://dnb.com/business-directory/company-profiles/hangzhou-hongtai-fire-engineering-co-ltd.aa93b656c71963820ed26dc6f18c514d"
463,"Zhejiang Xinyuan Fire Protection Technol...","Residential Building Construction","Subsidiary","Ningbo, Zhejiang, China","https://dnb.com/business-directory/company-profiles/zhejiang-xinyuan-fire-protection-technology-co-ltd.2cac53372b8874621c9e17a74339df59"
464,"Daewoo Fire Protection Ind. Co., Ltd.","Building Equipment Contractors","Independent","Pohang, Gyeongbuk, Republic Of Korea","https://dnb.com/business-directory/company-profiles/daewoo-fire-protection-ind-co-ltd.e3af0a114b919f781fe00792d9930784"
465,"Mid County Fire Protection District of S...","Justice, Public Order, and Safety Activities","Independent","Saint Louis, MO, United States","https://dnb.com/business-directory/company-profiles/mid-county-fire-protection-district-of-st-louis-county.8ad8a27c119e67e7e90226b315f412d0"
466,"COMPASS FIRE PROTECTION, LLC","Other Support Services","Subsidiary","Gig Harbor, WA, United States","https://dnb.com/business-directory/company-profiles/compass-fire-protection-llc.94c5716764046da0179bda628319f94c"
467,"FIREMARK LTD","Machinery, Equipment, and Supplies Merchant Wholesalers","Parent","BRIDGWATER, England, United Kingdom","https://dnb.com/business-directory/company-profiles/firemark-ltd.b4a16f6421dc26b4ed1f3bee7f622384"
468,"Active Fire Protection, Inc.","Building Equipment Contractors","Independent","Monroe, NY, United States","https://dnb.com/business-directory/company-profiles/active-fire-protection-inc.cabe8ba159103371574ab0dd0d9f99e0"
469,"CANNON FIRE PROTECTION LIMITED","Business Support Services","Subsidiary","NEWARK, England, United Kingdom","https://dnb.com/business-directory/company-profiles/cannon-fire-protection-limited.9ca13b62e7dcda35c83f5b911ad06073"
470,"Winfield Fire Protection District","Justice, Public Order, and Safety Activities","Independent","Winfield, IL, United States","https://dnb.com/business-directory/company-profiles/winfield-fire-protection-district.89043b1fefafc5e9dc999f63953c7460"
471,"Treasure Valley Fire Protection, Inc.","Building Equipment Contractors","Subsidiary","Boise, ID, United States","https://dnb.com/business-directory/company-profiles/treasure-valley-fire-protection-inc.8c4dbd714d68c32b59d6a66574af426d"
472,"A.A FIRE PROTECTION LTD","Navigational, Measuring, Electromedical, and Control Instruments Manufacturing","Independent","GILAT, Southern District, Israel","https://dnb.com/business-directory/company-profiles/aa-fire-protection-ltd.df4847ae5966df5e061f6a8f52363047"
473,"Guangdong Jinli Construction Engineering...","Other Specialty Trade Contractors","Subsidiary","Shenzhen, Guangdong, China","https://dnb.com/business-directory/company-profiles/guangdong-jinli-construction-engineering-co-ltd.d60074889aee7cc922b0fd1a0e5943f4"
474,"Kraico Mechanical Ltd","Building Equipment Contractors","Independent","Port Coquitlam, BC, Canada","https://dnb.com/business-directory/company-profiles/kraico-mechanical-ltd.37c2333dddc9e743829e2adc704cc700"
475,"Spira Fire Protection Ltd","Building Equipment Contractors","Independent","Guelph, ON, Canada","https://dnb.com/business-directory/company-profiles/spira-fire-protection-ltd.b6318b3e44169ab14e59636edcb05505"
476,"Zhejiang Liandun Fire Fighting Safety Te...","Residential Building Construction","Parent","Jiaxing, Zhejiang, China","https://dnb.com/business-directory/company-profiles/zhejiang-liandun-fire-fighting-safety-technology-co-ltd.430fea92a5ec6e72ff8af0e5a68abc78"
477,"Central Fire Protection Co., Inc.","Building Equipment Contractors","Independent","Springfield, OH, United States","https://dnb.com/business-directory/company-profiles/central-fire-protection-co-inc.4c0e4cbf52998051348d87a846c49d70"
478,"POLYTECH MOULDINGS LIMITED","Personal and Household Goods Repair and Maintenance","Independent","WAKEFIELD, England, United Kingdom","https://dnb.com/business-directory/company-profiles/polytech-mouldings-limited.fc87c04086eaf03a706f86eb16264919"
479,"Anhui Xiangyi Construction Co., Ltd.","Residential Building Construction","Parent","Wuhu, Anhui, China","https://dnb.com/business-directory/company-profiles/anhui-xiangyi-construction-co-ltd.97536a507136630f6c3a49695e83fbac"
480,"AN BAO PHAT FIRE PROTECTION TECHNICAL TR...","Residential Building Construction","Parent","Da Nang, Da Nang, Vietnam","https://dnb.com/business-directory/company-profiles/an-bao-phat-fire-protection-technical-trading-and-service-company-limited.d127d8227891f7bd7333aee4d8186854"
481,"TITAN FIRE PROTECTION, INC.","Building Equipment Contractors","Parent","Green Bay, WI, United States","https://dnb.com/business-directory/company-profiles/titan-fire-protection-inc.555d437f9695ad5f96d12e0365c06f3a"
482,"Shanghai Shenxin Fire Protection Enginee...","Industrial Machinery Manufacturing","Independent","Shanghai, Shanghai, China","https://dnb.com/business-directory/company-profiles/shanghai-shenxin-fire-protection-engineering-coltd.5567015688b40c6e92392d581fd82350"
483,"FIRE X, INC","Household Appliances and Electrical and Electronic Goods Merchant Wholesalers","Independent","Atlanta, GA, United States","https://dnb.com/business-directory/company-profiles/fire-x-inc.f5b9e78b63b9dfafe816c10205823bd7"
484,"Shenzhen Jiatai Fire Protection Technolo...","Other Miscellaneous Retailers","Subsidiary","Shenzhen, Guangdong, China","https://dnb.com/business-directory/company-profiles/shenzhen-jiatai-fire-protection-technology-co-ltd.f8d0b7b1e163d5678c146cf712c90815"
485,"Shandong Huasen Construction Fire Fighti...","Building Equipment Contractors","Parent","Jinan, Shandong, China","https://dnb.com/business-directory/company-profiles/shandong-huasen-construction-fire-fighting-project-management-coltd.1313ea4cf73503170198d0e941e47ce0"
486,"Essential Fire Protection Systems, Inc.","Building Equipment Contractors","Independent","El Paso, TX, United States","https://dnb.com/business-directory/company-profiles/essential-fire-protection-systems-inc.31644a59517f84bcebbfdd0a28e7fbae"
487,"Union Fire Protection District","Individual and Family Services","Independent","Union, KY, United States","https://dnb.com/business-directory/company-profiles/union-fire-protection-district.c5ce3528196323a0df77cb5332c13e10"
488,"A.L.Fire Protection Ltd","Other Chemical Product and Preparation Manufacturing","Independent","KIRYAT GAT, Southern District, Israel","https://dnb.com/business-directory/company-profiles/alfire-protection-ltd.bcb944897000b64a3be8db82a16f6dd9"
489,"RISE AND SHINE INSULATION AND FIRE PROTE...","Other Chemical Product and Preparation Manufacturing","Independent","Dubai, Dubai, United Arab Emirates","https://dnb.com/business-directory/company-profiles/rise-and-shine-insulation-and-fire-protection-l-l-c---dubai-branch.3e2eb0f7a1bd2df0323b9f384c8dc32e"
490,"JAVA FIRE PROTECTION SAL","Other Chemical Product and Preparation Manufacturing","Independent","Sin El Fil, Mount Lebanon, Lebanon","https://dnb.com/business-directory/company-profiles/java-fire-protection-sal.98f759a12ed046e37ff3d40ee4d894d7"
491,"PHOENIX FIRE PROTECTION ASIA LIMITED BRA...","Lumber and Other Construction Materials Merchant Wholesalers","Independent","Dubai, Dubai, United Arab Emirates","https://dnb.com/business-directory/company-profiles/phoenix-fire-protection-asia-limited-branch.4118e39a23f7831c52870058daeae9e6"
492,"Eastern Fire Protection Company, Inc.","Building Equipment Contractors","Subsidiary","Auburn, ME, United States","https://dnb.com/business-directory/company-profiles/eastern-fire-protection-company-inc.9daeb84916802c74798a034f5772ff14"
493,"DOLAN'S FIRE PROTECTION SUPPLY, LLC","Miscellaneous Durable Goods Merchant Wholesalers","Independent","Farmingdale, NJ, United States","https://dnb.com/business-directory/company-profiles/dolans-fire-protection-supply-llc.cc2060f20a65996aa1c1e857a029f004"
494,"Associated Fire Protection Corp.","Building Equipment Contractors","Independent","Syracuse, NY, United States","https://dnb.com/business-directory/company-profiles/associated-fire-protection-corp.373ebccbbc67a5c43144e812dd1532c3"
495,"JiangSu Hengan Fire Technology Co., Ltd.","Architectural, Engineering, and Related Services","Parent","Changzhou, Jiangsu, China","https://dnb.com/business-directory/company-profiles/jiangsu-hengan-fire-technology-co-ltd.52d9b9f54e98fae5a9c5c2556a217fde"
496,"Mid Atlantic Fire Protection, Inc.","Building Equipment Contractors","Independent","Virginia Beach, VA, United States","https://dnb.com/business-directory/company-profiles/mid-atlantic-fire-protection-inc.2b1cc0dae6f058171689f92dc4172b05"
497,"Hebei Junchen Construction Engineering C...","Residential Building Construction","Parent","Shijiazhuang, Hebei, China","https://dnb.com/business-directory/company-profiles/hebei-junchen-construction-engineering-co-ltd.0af38fc29ff9ced3d50b2fec9a7c8b8e"
498,"Xintu Construction Group Co., Ltd.","Residential Building Construction","Subsidiary","Zhengzhou, Henan, China","https://dnb.com/business-directory/company-profiles/xintu-construction-group-co-ltd.b154b78300296466ee823c4a071c5c5c"
499,"Shandong Yilonglian Fire Protection Tech...","Residential Building Construction","Parent","Rizhao, Shandong, China","https://dnb.com/business-directory/company-profiles/shandong-yilonglian-fire-protection-technology-co-ltd.4b912e704cfb005b2142128b315409a2"
500,"V3M FIRE PROTECTION SERVICES L.L.C","Residential Building Construction","Independent","Dubai, Dubai, United Arab Emirates","https://dnb.com/business-directory/company-profiles/v3m-fire-protection-services-llc.babc5b6e624531197fdaa406075e46ab"
501,"STOP FIRE PROTECTION LLC - DUBAI BRANCH","Residential Building Construction","Independent","Dubai, Dubai, United Arab Emirates","https://dnb.com/business-directory/company-profiles/stop-fire-protection-llc---dubai-branch.c8e6c47759acf07d7dc27b0bc23be7a6"
502,"FIRE PROTECTION CENTER INC.","Business Support Services","Independent","OTA-KU, TOKYO, Japan","https://dnb.com/business-directory/company-profiles/fire-protection-center-inc.bc852694d426afba1b2ed1d341fdd225"
503,"Sichuan Guojin Construction Co., Ltd","Other Specialty Trade Contractors","Parent","Chengdu, Sichuan, China","https://dnb.com/business-directory/company-profiles/sichuan-guojin-construction-co-ltd.8c11de41a98ba6bb96d40b6103232010"
504,"Absolute Fire Protection, Inc.","Miscellaneous Durable Goods Merchant Wholesalers","Independent","Odessa, TX, United States","https://dnb.com/business-directory/company-profiles/absolute-fire-protection-inc.133d51a97b7e40c2c35302daa9b1cec3"
505,"TAN DUC PHAT FIRE PROTECTION ONE MEMBER ...","Other Miscellaneous Manufacturing","Parent","Tran Bien Ward, Dong Nai, Vietnam","https://dnb.com/business-directory/company-profiles/tan-duc-phat-fire-protection-one-member-company-limited.d120c9ea212b25b7c7646c81d601a826"
506,"Panjin (liaohe) Fire Engineering Technol...","Building Finishing Contractors","Parent","Panjin, Liaoning, China","https://dnb.com/business-directory/company-profiles/panjin-(liaohe)-fire-engineering-technology-co-ltd.fb9ce79e7d0eac2c347b2a2f3a07429d"
507,"J W KENNEDY FIRE PROTECTION, LLC","Machinery, Equipment, and Supplies Merchant Wholesalers","Independent","Trenton, NJ, United States","https://dnb.com/business-directory/company-profiles/j-w-kennedy-fire-protection-llc.1a823b4946c55146623b3478756e5749"
508,"Remal Al Mansourah Fire Protection Devic...","Hardware, and Plumbing and Heating Equipment and Supplies Merchant Wholesalers","Independent","Sharjah, Sharjah, United Arab Emirates","https://dnb.com/business-directory/company-profiles/remal-al-mansourah-fire-protection-devices-fix-(llc).6cab34099d4aac936748360d2506e1ed"
509,"Winsupply Denver Fire Protection","Machinery, Equipment, and Supplies Merchant Wholesalers","Independent","Denver, CO, United States","https://dnb.com/business-directory/company-profiles/winsupply-denver-fire-protection.ab747f5be6a620f8e6d121f63b7ce797"
510,"Hunan Ziqiang Construction Engineering C...","Residential Building Construction","Parent","Changsha, Hunan, China","https://dnb.com/business-directory/company-profiles/hunan-ziqiang-construction-engineering-co-ltd.cecced3212ffb221ebadcd0be3749743"
511,"Guangxi Fudijia Fire Protection Equipmen...","Machinery, Equipment, and Supplies Merchant Wholesalers","Parent","Guilin, Guangxi, China","https://dnb.com/business-directory/company-profiles/guangxi-fudijia-fire-protection-equipment-maintenance-co-ltd.63459634429b8f5dab7ed1d0187af57a"
512,"D.T. Fire Protection Systems Ltd","Other Support Services","Independent","Calgary, AB, Canada","https://dnb.com/business-directory/company-profiles/dt-fire-protection-systems-ltd.82af52bd502b6f4da4510ffebd397b42"
513,"KORSMEYER FIRE PROTECTION, L.L.C.","Miscellaneous Durable Goods Merchant Wholesalers","Independent","Jefferson City, MO, United States","https://dnb.com/business-directory/company-profiles/korsmeyer-fire-protection-llc.0d3fbe911d55dd60a481a5c8453fc2ac"
514,"Jiangxi Jian'an Fire Fighting Technology...","Other Chemical Product and Preparation Manufacturing","Parent","Xinyu, Jiangxi, China","https://dnb.com/business-directory/company-profiles/jiangxi-jianan-fire-fighting-technology-co-ltd.1cb615fa4013133f2d277efe9a9d34ae"
515,"Olympic Fire Protection Corp.","Building Equipment Contractors","Independent","Owatonna, MN, United States","https://dnb.com/business-directory/company-profiles/olympic-fire-protection-corp.77e8038128260486da95b61bc948fd57"
516,"PD Industries, Inc.","Building Equipment Contractors","Independent","Bangor, ME, United States","https://dnb.com/business-directory/company-profiles/pd-industries-inc.ff4a4a54b94fc5ee59d4a763b2eaa2f5"
517,"RTF FIRE PROTECTION, LLC","Building Equipment Contractors","Independent","Cincinnati, OH, United States","https://dnb.com/business-directory/company-profiles/rtf-fire-protection-llc.63e9cf677741b82c8488c833173af13f"
518,"Triangle Fire Protection, Inc.","Building Equipment Contractors","Independent","Carlisle, PA, United States","https://dnb.com/business-directory/company-profiles/triangle-fire-protection-inc.a131d9eaa991c6c08515ebd8f37e9d4c"
519,"ACE TURNKEY FIRE PROTECTION PRIVATE LIMI...","Other Heavy and Civil Engineering Construction","Independent","New Delhi, Delhi, India","https://dnb.com/business-directory/company-profiles/ace-turnkey-fire-protection-private-limited.b45180903dc4ef79fbce13c694501472"
520,"Wenzhou Huichun Valve Co., Ltd","Motor Vehicle Parts Manufacturing","Subsidiary","Wenzhou, Zhejiang, China","https://dnb.com/business-directory/company-profiles/wenzhou-huichun-valve-co-ltd.fcfbe390ff6d050cd08c88b1ba7e7c69"
521,"Grand Fire Protection, LLC","Building Equipment Contractors","Independent","Madison, TN, United States","https://dnb.com/business-directory/company-profiles/grand-fire-protection-llc.87f656ffb890c9ab15e145670a22d78f"
522,"Jiangsu Zheng'an Fire Fighting Engineeri...","Personal and Household Goods Repair and Maintenance","Parent","Changzhou, Jiangsu, China","https://dnb.com/business-directory/company-profiles/jiangsu-zhengan-fire-fighting-engineering-technology-co-ltdng-technology-co-ltd.2bfe5530dceb9f391cbbd5fc69519414"
523,"Linxiang Xueting Fire Protection Enginee...","Residential Building Construction","Independent","Linxiang, Hunan, China","https://dnb.com/business-directory/company-profiles/linxiang-xueting-fire-protection-engineering-co-ltd.bc657236c037bf91ed5ffaaad6eb6d17"
524,"Anchor Fire Protection Company","Building Equipment Contractors","Independent","Perkiomenville, PA, United States","https://dnb.com/business-directory/company-profiles/anchor-fire-protection-company.86da2ff4589ac62d2ba26d34bc1f2184"
525,"Shanghai Lingang Jinghong Safety & Defen...","Business Support Services","Subsidiary","Shanghai, Shanghai, China","https://dnb.com/business-directory/company-profiles/shanghai-lingang-jinghong-safety--defense-science--technology-development-co.3d80a40cf60e0e6ec6356916a66adc82"
526,"Wuhan Junhuang Fire Protection Technolog...","Clay Product and Refractory Manufacturing","Independent","Wuhan, Hubei, China","https://dnb.com/business-directory/company-profiles/wuhan-junhuang-fire-protection-technology-co-ltd.81be7db2ef701a2bb911345b4a7fc023"
527,"Total Fire Protection, Inc.","Other Electrical Equipment and Component Manufacturing","Independent","Grand Rapids, MI, United States","https://dnb.com/business-directory/company-profiles/total-fire-protection-inc.67074b12ddfcc48a55720a607d059851"
528,"Guangdong Andun Construction Development...","Residential Building Construction","Parent","Guangzhou, Guangdong, China","https://dnb.com/business-directory/company-profiles/guangdong-andun-construction-development-co-ltd.e4d14df64570a17648f75a586cb6798c"
529,"Triple A Fire Protection, Inc.","Building Equipment Contractors","Independent","Semmes, AL, United States","https://dnb.com/business-directory/company-profiles/triple-a-fire-protection-inc.664d6e986ec7a052c96f46160566f72a"
530,"AN SINH FIRE PROTECTION CONSTRUCTION TRA...","Securities and Commodity Contracts Intermediation and Brokerage","Independent","Ho Chi Minh, Ho Chi Minh, Vietnam","https://dnb.com/business-directory/company-profiles/an-sinh-fire-protection-construction-trading-company-limited.006dfd75dcf166f4399c65a30bf1c452"
531,"Allied Fire Protection","Building Equipment Contractors","Independent","Oakland, CA, United States","https://dnb.com/business-directory/company-profiles/allied-fire-protection.5f3a0e9a562ef7f906cbf98d3837ad28"
532,"FIRE PROTECTION COATINGS AUSTRALIA LIMIT...","Coating, Engraving, Heat Treating, and Allied Activities","Independent","BEAUMARIS, VICTORIA, Australia","https://dnb.com/business-directory/company-profiles/fire-protection-coatings-australia-limited.ca0d99a6902d90016425d8512422abad"
533,"Guangdong Andun Fire Protection Electrom...","Building Finishing Contractors","Parent","Dongguan, Guangdong, China","https://dnb.com/business-directory/company-profiles/guangdong-andun-fire-protection-electromechanical-group-co-ltd.b26f08196304c287303ae83903d47b50"
534,"Samsung Fire Protection Co.,Ltd.","Building Equipment Contractors","Independent","Suwon, Gyeonggi, Republic Of Korea","https://dnb.com/business-directory/company-profiles/samsung-fire-protection-coltd.2625da2b59d487650b8a3924a8aab156"
535,"Foshan South Fire Protection Power Engin...","Building Equipment Contractors","Parent","Foshan, Guangdong, China","https://dnb.com/business-directory/company-profiles/foshan-south-fire-protection-power-engineering-co-ltd.75838927f6acf7591feb0a6cd8a1bcff"
536,"PHOENIX FIRE PROTECTION, INC.","Building Equipment Contractors","Independent","Sanford, NC, United States","https://dnb.com/business-directory/company-profiles/phoenix-fire-protection-inc.0a4656cbdb3c2d2013f0336fa8e70527"
537,"BMC GULF FIRE PROTECTION ONE PERSON CO L...","Other Electrical Equipment and Component Manufacturing","Independent","Dubai, Dubai, United Arab Emirates","https://dnb.com/business-directory/company-profiles/bmc-gulf-fire-protection-one-person-co-llc.46ea0682d7ec2b26b446090e6148db0f"
538,"Star Fire Protection Co., Inc.","Building Equipment Contractors","Subsidiary","Queens Village, NY, United States","https://dnb.com/business-directory/company-profiles/star-fire-protection-co-inc.fefdc10a5fd3da8e1028634a055b7adf"
539,"Shandong Shitong Fire Fighting Engineeri...","Residential Building Construction","Parent","Jining, Shandong, China","https://dnb.com/business-directory/company-profiles/shandong-shitong-fire-fighting-engineering-co-ltd.811d28c4302dae3363635fa74525eef1"
540,"Beian Technology (shanxi) Co., Ltd","Residential Building Construction","Subsidiary","Beian, Shanxi, China","https://dnb.com/business-directory/company-profiles/beian-technology-(shanxi)-co-ltd.78b03b60456ddd3249045162ff881493"
541,"TOTAL FIRE PROTECTION CC","Gasoline Stations","Independent","JOHANNESBURG, GAUTENG, South Africa","https://dnb.com/business-directory/company-profiles/total-fire-protection-cc.897ddc2e4b9d35609dc66b521bcee59e"
542,"K & M Fire Protection Services, Inc.","Utility System Construction","Subsidiary","Plantsville, CT, United States","https://dnb.com/business-directory/company-profiles/k--m-fire-protection-services-inc.1960219300a1e09aedd06608ff1f4e7c"
543,"Coal City Fire Protection District","Justice, Public Order, and Safety Activities","Independent","Coal City, IL, United States","https://dnb.com/business-directory/company-profiles/coal-city-fire--protection-district.7c46e6834157c8cc143b0b05c380ce4a"
544,"Noel's Fire Protection, LLC","Building Equipment Contractors","Independent","Williamsport, MD, United States","https://dnb.com/business-directory/company-profiles/noels-fire-protection-llc.f1dd25a82689a4638dd3d0ae528fa7c0"
545,"PLUMBING, GAS & FIRE PROTECTION PTY. LTD...","Natural Gas Distribution","Subsidiary","QUEENSLAND, Australia","https://dnb.com/business-directory/company-profiles/plumbing-gas--fire-protection-pty-ltd.2b26aadc64adc1f7cd450efdf9b7c83b"
546,"Allegiant Fire Protection LLC","Other Support Services","Subsidiary","Aurora, IL, United States","https://dnb.com/business-directory/company-profiles/allegiant-fire-protection-llc.b21e9aec090cc23df611f64733f853d8"
547,"Yixing Chengxin Fire Protection Equipmen...","Architectural and Structural Metals Manufacturing","Independent","Yixing, Jiangsu, China","https://dnb.com/business-directory/company-profiles/yixing-chengxin-fire-protection-equipment-coltd.049fec481a992eafe9c270051360b0fd"
548,"Shandong Yuchen Construction Engineering...","Foundation, Structure, and Building Exterior Contractors","Parent","Jinan, Shandong, China","https://dnb.com/business-directory/company-profiles/shandong-yuchen-construction-engineering-co-ltd.744ce46d1daec514fa53e84f76a4c079"
549,"Junhui Technology Group Co., Ltd.","Computer Systems Design and Related Services","Subsidiary","Guangzhou, Guangdong, China","https://dnb.com/business-directory/company-profiles/junhui-technology-group-co-ltd.ecd184a1e4125586cd85b8856e81e22d"
550,"K & E Fire Protection Corp","Building Equipment Contractors","Independent","Manalapan, NJ, United States","https://dnb.com/business-directory/company-profiles/k--e-fire-protection-corp.3780531edfa8fea8fb65a0769b87cf1f"
551,"Houying Group Haicheng Environmental Pro...","Lime and Gypsum Product Manufacturing","Parent","Anshan, Liaoning, China","https://dnb.com/business-directory/company-profiles/houying-group-haicheng-environmental-protection-fire-proof-materials-coltd.6bd302da220270ad22956419a7fb3e81"
552,"Ningbo Anxin Future New Energy Co., Ltd","Residential Building Construction","Independent","Ningbo, Zhejiang, China","https://dnb.com/business-directory/company-profiles/ningbo-anxin-future-new-energy-co-ltd.ed181487f71353b49ec13d11de4dcb8d"
553,"FIRE PROTECTION PROFESSIONALS, LLC","Other Support Services","Independent","Indianola, IA, United States","https://dnb.com/business-directory/company-profiles/fire-protection-professionals-llc.3f0862d1fd450c3b31748cc656ad62e7"
554,"Lianyungang Zhipeng Fire Protection Inst...","Private Households","Independent","Lianyungang, Jiangsu, China","https://dnb.com/business-directory/company-profiles/lianyungang-zhipeng-fire-protection-installation-engineering-co-ltd.829a90b49355cf683998e568c54d7eb0"
555,"Frontline Fire Protection, Inc.","Machinery, Equipment, and Supplies Merchant Wholesalers","Independent","Dallas, TX, United States","https://dnb.com/business-directory/company-profiles/frontline-fire-protection-inc.350f833883f906b141221c1e1ea8551b"
556,"OPT FIRE PROTECTION LIMITED","Other Specialty Trade Contractors","Parent","WOKINGHAM, England, United Kingdom","https://dnb.com/business-directory/company-profiles/opt-fire-protection-limited.01ddc3c51e637e4888c28d72cb59ec9b"
557,"Huizhou Shengtuo Fire Protection Technol...","Private Households","Independent","Huizhou, Guangdong, China","https://dnb.com/business-directory/company-profiles/huizhou-shengtuo-fire-protection-technology-co-ltd.a8f3269e7e4f6609e25404ba9ec99639"
558,"ASIA FIRE PROTECTION CO,.LTD.","Building Equipment Contractors","Independent","Seoul, Seoul, Republic Of Korea","https://dnb.com/business-directory/company-profiles/asia-fire-protection-coltd.70b58683f8f9d1f816c2a9aa0efb8b6d"
559,"Grand Fire Protection District 1","Justice, Public Order, and Safety Activities","Independent","Granby, CO, United States","https://dnb.com/business-directory/company-profiles/grand-fire-protection-district-1.a4587a209d113e8a7bc8175f18d62c2d"
560,"AGNICE FIRE PROTECTION PRIVATE LIMITED","Building Equipment Contractors","Parent","Chennai, Tamil Nadu, India","https://dnb.com/business-directory/company-profiles/agnice-fire-protection-private-limited.31094f308fc0aea8755a9b8528d865a1"
561,"Rodel Fire Protection Systems Inc","Building Equipment Contractors","Parent","Miami, FL, United States","https://dnb.com/business-directory/company-profiles/rodel-fire-protection-systems-inc.705121f0ceaca0d399dd4dca3c437eab"
562,"Dalian Feitian Construction Co., Ltd.","Residential Building Construction","Parent","Zhuanghe, Liaoning, China","https://dnb.com/business-directory/company-profiles/dalian-feitian-construction-co-ltd.5b920207bd72a75ccea3ffa1b730ed4e"
563,"Beijing Zhonglun Xinheng Fire Protection...","Residential Building Construction","Parent","Beijing, Beijing, China","https://dnb.com/business-directory/company-profiles/beijing-zhonglun-xinheng-fire-protection-engineering-co-ltd.981d4540c4672a61a1e85125557eb0d1"
564,"Telluride Fire Protection District","Justice, Public Order, and Safety Activities","Independent","Telluride, CO, United States","https://dnb.com/business-directory/company-profiles/telluride-fire-protection-district.002fff65ca27d772a384b3dbec131436"
565,"FACILITIES FIRE PROTECTION LIMITED","Building Equipment Contractors","Subsidiary","HENLEY-ON-THAMES, England, United Kingdom","https://dnb.com/business-directory/company-profiles/facilities-fire-protection-limited.7f3394e7cf3cb938d7f6f94ad7b96c74"
566,"YOOSUN FIRE PROTECTION INC.","Building Equipment Contractors","Independent","Seoul, Seoul, Republic Of Korea","https://dnb.com/business-directory/company-profiles/yoosun-fire-protection-inc.bfd88cf14cd95a30814717cf87c9859f"
567,"Valor Fire Protection, LLC","Investigation and Security Services","Subsidiary","Waco, TX, United States","https://dnb.com/business-directory/company-profiles/valor-fire-protection-llc.d4d4edede50ac4fe7625b3b828c4ce48"
568,"Fujian Xiaoyi Control Intelligent Fire P...","Other Financial Investment Activities","Independent","Xiamen, Fujian, China","https://dnb.com/business-directory/company-profiles/fujian-xiaoyi-control-intelligent-fire-protection-technology-co-ltd.726d0d1f0ec1f28c1b52a8b71911be94"
569,"RUSHIL FIRE PROTECTION SYSTEMS","Miscellaneous Durable Goods Merchant Wholesalers","Independent","Mumbai, Maharashtra, India","https://dnb.com/business-directory/company-profiles/rushil-fire-protection-systems.8a5051f43b5258deead84e20c51fda27"
570,"GIA HUNG GROUP FIRE PROTECTION TRADING A...","Residential Building Construction","Independent","Nhi Chieu Ward, Hai Phong, Vietnam","https://dnb.com/business-directory/company-profiles/gia-hung-group-fire-protection-trading-and-service-joint-stock-company.e96db47b4bee9734d3866e3856507059"
571,"MINH PHONG FIRE PROTECTION WORKS CONSULT...","Residential Building Construction","Independent","Nam Sach Commune, Hai Phong, Vietnam","https://dnb.com/business-directory/company-profiles/minh-phong-fire-protection-works-consultant-and-construction-joint-stock-company.5518c8a87c6a79e42b9c30baca46d4bc"
572,"THANH BINH FIRE PROTECTION CONSTRUCTION ...","Residential Building Construction","Independent","Phu Duc Commune, Hung Yen, Vietnam","https://dnb.com/business-directory/company-profiles/thanh-binh-fire-protection-construction-joint-stock-company.c1c4f46c4069185b0fdec7aa2f324cb2"
573,"SONG HONG FIRE PROTECTION CONSULTANT DES...","Residential Building Construction","Independent","Cam Pha Ward, Quang Ninh, Vietnam","https://dnb.com/business-directory/company-profiles/song-hong-fire-protection-consultant-design-construction-joint-stock-company.6a73f1c5d0e754cbb220fc1de8851408"
574,"GLOBAL FIRE PROTECTION AND FIGHTING CONS...","Residential Building Construction","Independent","Soc Son Commune, Ha Noi, Vietnam","https://dnb.com/business-directory/company-profiles/global-fire-protection-and-fighting-construction-joint-stock-company.d2c9ffab02fcf55728f5e78e4922815f"
575,"Shandong Ruihai Construction Engineering...","Residential Building Construction","Subsidiary","Rizhao, Shandong, China","https://dnb.com/business-directory/company-profiles/shandong-ruihai-construction-engineering-co-ltd.ce70b0c824b0c50142098cb9f4b073ae"
576,"HA NOI CONSTRUCTION ENVIRONMENTAL PROTEC...","Residential Building Construction","Independent","Ha Noi, Ha Noi, Vietnam","https://dnb.com/business-directory/company-profiles/ha-noi-construction-environmental-protection-establishing-fire-prevention-extinguishment-joint-stock-company.d67feb28f6761484882b76540bc3111b"
577,"Guangdong Zhigu Mechanical & Electrical ...","Residential Building Construction","Parent","Shenzhen, Guangdong, China","https://dnb.com/business-directory/company-profiles/guangdong-zhigu-mechanical--electrical-fire-fighting-engineering-co-ltd.128ea3b31103ce103b6c0776a1a8c56e"
578,"TRUONG AN FIRE PROTECTION JOINT STOCK CO...","Residential Building Construction","Independent","Kinh Mon Township,, Hai Duong, Vietnam","https://dnb.com/business-directory/company-profiles/truong-an-fire-protection-joint-stock-company.939021ced938338dd5bdc836d42b0a3c"
579,"Xi'an Ruian Fire Protection Engineering ...","Building Equipment Contractors","Parent","Xi'an, Shaanxi, China","https://dnb.com/business-directory/company-profiles/xian-ruian-fire-protection-engineering-co-ltd.29def392b64544e90387de309ae9851c"
580,"Gansu Dongfang Mechanical & Electrical E...","Building Equipment Contractors","Subsidiary","Lanzhou, Gansu, China","https://dnb.com/business-directory/company-profiles/gansu-dongfang-mechanical--electrical-engineering-co-ltd.72aead17728053e9b8c9702a815cacb1"
581,"Xi'an Huazhong Fire Protection Equipment...","Architectural and Structural Metals Manufacturing","Independent","Xi'an, Shaanxi, China","https://dnb.com/business-directory/company-profiles/xian-huazhong-fire-protection-equipment-co-ltd.c30c3641114abe178dfa994e40ae68ae"
582,"Lida (shaanxi) Fire Protection Technolog...","Machinery, Equipment, and Supplies Merchant Wholesalers","Subsidiary","Xi'an, Shaanxi, China","https://dnb.com/business-directory/company-profiles/lida-(shaanxi)-fire-protection-technology-co-ltd.94505e601bc5f4e7ce34f3a2617e2808"
583,"Fujian Jinhuaxia Construction Developmen...","Other Specialty Trade Contractors","Parent","Fuzhou, Fujian, China","https://dnb.com/business-directory/company-profiles/fujian-jinhuaxia-construction-development-co-ltd.8a0db8c1885ab8f24f61647b36fdd65a"
584,"Xi'an Fire Protection Equipment Factory","Other General Purpose Machinery Manufacturing","Independent","Xi'an, Shaanxi, China","https://dnb.com/business-directory/company-profiles/xian-fire-protection-equipment-factory.ddb1d4a151fabc2e9946fc5ef14fd387"
585,"Beijing Shenwei Jingxiang Fire Protectio...","Automobile Dealers","Independent","Beijing, Beijing, China","https://dnb.com/business-directory/company-profiles/beijing-shenwei-jingxiang-fire-protection-engineering-co-ltd.5780f30d8559d9814aebf635ff2aaac0"
586,"Liaoning Zhonghai Firefighting Engineeri...","Residential Building Construction","Independent","Shenyang, Liaoning, China","https://dnb.com/business-directory/company-profiles/liaoning-zhonghai-firefighting-engineering-coltd.72e50fd86361f471e0cdc4f63bd4d14d"
587,"Aqueduct Fire Protection Systems Limited...","Building Equipment Contractors","Independent","Williamstown, NJ, United States","https://dnb.com/business-directory/company-profiles/aqueduct-fire-protection-systems-limited-liability-company.f4cd5f051be40542a6c51bee9cb790f2"
588,"Associated Fire Protection, Inc.","Building Equipment Contractors","Independent","Clayton, NC, United States","https://dnb.com/business-directory/company-profiles/associated-fire-protection-inc.1cc57f079ca28f5b46a30327d687550b"
589,"ALLEGIANT FIRE PROTECTION PRIVATE LIMITE...","Electrical Equipment Manufacturing","Parent","Panchkula, Haryana, India","https://dnb.com/business-directory/company-profiles/allegiant-fire-protection-private-limited.14d0787f7c7476afdcaed02b736db001"
590,"Kunkook Fire Protection Engineering Co, ...","Other Specialty Trade Contractors","Independent","Seoul, Seoul, Republic Of Korea","https://dnb.com/business-directory/company-profiles/kunkook-fire-protection-engineering-co-ltd.102574bd5fee7df4408c8f1f13a3e049"
591,"Wuhan Nan'An Fire Protection Equipment F...","Other General Purpose Machinery Manufacturing","Independent","Wuhan, Hubei, China","https://dnb.com/business-directory/company-profiles/wuhan-nanan-fire-protection-equipment-factory.16bee9f39579866d3c6ac87aad271860"
592,"Gulf States Fire Protection, Inc.","Building Equipment Contractors","Independent","Houston, TX, United States","https://dnb.com/business-directory/company-profiles/gulf-states-fire-protection-inc.5fd0a58034ee5a003829b2779607171b"
593,"Nanjing Shengtai Fire Door Co., Ltd","Clay Product and Refractory Manufacturing","Independent","Nanjing, Jiangsu, China","https://dnb.com/business-directory/company-profiles/nanjing-shengtai-fire-door-co-ltd.4e49692088ba449725963250a2e5e7d1"
594,"Elite Fire Protection, Inc.","Other General Purpose Machinery Manufacturing","Independent","Tavares, FL, United States","https://dnb.com/business-directory/company-profiles/elite-fire-protection-inc.5d18f1fc73c35f2cf6536484d63a69b0"
595,"Wuxue Mingyao Security And Surveillance ...","Residential Building Construction","Independent","Wuxue, Hubei, China","https://dnb.com/business-directory/company-profiles/wuxue-mingyao-security-and-surveillance-system-engineering-co-ltd.7198cb25a1b53e501876fd7e25e48e54"
596,"Tianjin Longshui Fire-fighting Engineeri...","Residential Building Construction","Independent","Tianjin, Tianjin, China","https://dnb.com/business-directory/company-profiles/tianjin-longshui-fire-fighting-engineering-co-ltd.5cbd290b5c9cbb9d39635eb49f7f8d4e"
597,"Jiangmen Xinhui Public Yuenan Municipal ...","Architectural, Engineering, and Related Services","Subsidiary","Jiangmen, Guangdong, China","https://dnb.com/business-directory/company-profiles/jiangmen-xinhui-public-yuenan-municipal-engineering-co-ltd.c4ee5170806fac2c26933a101a926b88"
598,"Chongqing Zhineng Fire Protection Engine...","Other Specialty Trade Contractors","Independent","Chongqing, Chongqing, China","https://dnb.com/business-directory/company-profiles/chongqing-zhineng-fire-protection-engineering-co-ltd.8b7126fe6ecbaef110036d0402f55f18"
599,"Zhejiang Jindun Fire Fighting Equipment ...","Other General Purpose Machinery Manufacturing","Parent","Shaoxing, Zhejiang, China","https://dnb.com/business-directory/company-profiles/zhejiang-jindun-fire-fighting-equipment-co-ltd.abac187841c4d79c09eeeb9e1100482b"
600,"Bayside Fire Protection Company Inc","Building Equipment Contractors","Independent","Salisbury, MD, United States","https://dnb.com/business-directory/company-profiles/bayside-fire-protection-company-inc.289a6657534725e8c2669c7757730abd"
601,"Shiyan Chenxin Engineering Co., Ltd","Residential Building Construction","Independent","Shiyan, Hubei, China","https://dnb.com/business-directory/company-profiles/shiyan-chenxin-engineering-co-ltd.33cece9417eb848e583d044449c56133"
602,"Molalla Rural Fire Protection District #...","Other Support Services","Independent","Molalla, OR, United States","https://dnb.com/business-directory/company-profiles/molalla-rural-fire-protection-district--73.5807c6c20659721e2e79a7dfefffc0a9"
603,"Interstate Fire Protection","Miscellaneous Durable Goods Merchant Wholesalers","Independent","Gardiner, ME, United States","https://dnb.com/business-directory/company-profiles/interstate-fire-protection.20cd7adc8d0c0c73cc577227ab8c7d76"
604,"Qinhuangdao Zhong'an Fire Protection Eng...","Other Specialty Trade Contractors","Independent","Qinhuangdao, Hebei, China","https://dnb.com/business-directory/company-profiles/qinhuangdao-zhongan-fire-protection-engineering-co-ltd.e0a261df6c958c91a598f90adfff934d"
605,"Dongguan Li'an Fire Protection Hydropowe...","Other Specialty Trade Contractors","Independent","Dongguan, Guangdong, China","https://dnb.com/business-directory/company-profiles/dongguan-lian-fire-protection-hydropower-engineering-co-ltd.50856d2a677cdbffdcbaa118e897bf1f"
606,"Liaoning Wote Fire Fighting Engineering ...","Other Specialty Trade Contractors","Independent","Fuxin, Liaoning, China","https://dnb.com/business-directory/company-profiles/liaoning-wote-fire-fighting-engineering-co-ltd.187e83f2a2f20ebb880b1f6ab4f37521"
607,"Fuyang Gengxin Fire Protection Engineeri...","Department Stores","Independent","Fuyang, Anhui, China","https://dnb.com/business-directory/company-profiles/fuyang-gengxin-fire-protection-engineering-co-ltd.8c9e6f21b820638a5addfd9b8c33326b"
608,"Fujian Quanzhou Jiachuang Fire Protectio...","Residential Building Construction","Independent","Quanzhou, Fujian, China","https://dnb.com/business-directory/company-profiles/fujian-quanzhou-jiachuang-fire-protection-co-ltd.7a37477dc0fde5915b17ad7a16d5143d"
609,"Beijing Hualian Chengxin Fire Protection...","Other Specialty Trade Contractors","Independent","Beijing, Beijing, China","https://dnb.com/business-directory/company-profiles/beijing-hualian-chengxin-fire-protection-products-development-co-ltd.8f8795476387b38b82b82cc44149b585"
610,"CENTER FOR APPLICATION OF SCIENCE AND TE...","Business, Professional, Labor, Political, and Similar Organizations","Subsidiary","Vinh, Nghe An, Vietnam","https://dnb.com/business-directory/company-profiles/center-for-application-of-science-and-technology-on-fire-protection-and-rescue.c87620587fb37f17382ad98c85d82266"
611,"Jiuzhou Yongtai Construction Engineering...","Other Specialty Trade Contractors","Parent","Yancheng, Jiangsu, China","https://dnb.com/business-directory/company-profiles/jiuzhou-yongtai-construction-engineering-jiangsu-co-ltd.734068bfc3b534397cbb7760f5aef454"
612,"FISK FIRE PROTECTION LIMITED.","Architectural, Engineering, and Related Services","Independent","CHELMSFORD, England, United Kingdom","https://dnb.com/business-directory/company-profiles/fisk-fire-protection-limited.a85b1cd14699b47c28ff92dada8d59d7"
613,"Kuna Rural Fire Protection District","Justice, Public Order, and Safety Activities","Independent","Kuna, ID, United States","https://dnb.com/business-directory/company-profiles/kuna-rural-fire-protection-district.bc88aeeda79983104daabfbd8f6b1a24"
614,"Best Defense Fire Protection & Security,...","Household Appliances and Electrical and Electronic Goods Merchant Wholesalers","Parent","Waunakee, WI, United States","https://dnb.com/business-directory/company-profiles/best-defense-fire-protection--security-inc.378b8fc88add2b07f45b290f472b2210"
615,"Hangzhou Guangming Fire Protection Engin...","Other Specialty Trade Contractors","Independent","Hangzhou, Zhejiang, China","https://dnb.com/business-directory/company-profiles/hangzhou-guangming-fire-protection-engineering-co-ltd.4a5bd8a0131261a2b6b17fea8962f624"
616,"Ningxia Fengheng Environmental Protectio...","Building Equipment Contractors","Independent","Yinchuan, Ningxia, China","https://dnb.com/business-directory/company-profiles/ningxia-fengheng-environmental-protection-fire-fighting-engineering-co-ltd.d3c6ce80abfe557524c64b277255b840"
617,"Wuhan Zhongnan Fire Protection Engineeri...","Building Equipment Contractors","Independent","Wuhan, Hubei, China","https://dnb.com/business-directory/company-profiles/wuhan-zhongnan-fire-protection-engineering-company.cbbf7050654943ff02e4e415a8df1686"
618,"Xusheng Fire-fighting Engineering Co., L...","Lawn and Garden Equipment and Supplies Retailers","Independent","Shangqiu, Henan, China","https://dnb.com/business-directory/company-profiles/xusheng-fire-fighting-engineering-co-ltd.4db47de5497d5d22c4e244091cf0d771"
619,"A. W. Crisp Fire Sprinkler, Inc.","Building Equipment Contractors","Independent","Fort Worth, TX, United States","https://dnb.com/business-directory/company-profiles/a-w-crisp-fire-sprinkler-inc.0907a3f729a629c9b42a4cb9245c79da"
620,"Shandong Fu'an Fire Fighting Engineering...","Residential Building Construction","Independent","Rizhao, Shandong, China","https://dnb.com/business-directory/company-profiles/shandong-fuan-fire-fighting-engineering-co-ltd.dfa342b41e39e78b0c802f8aa7a79445"
621,"Qingdao Juteshun Fire Protection Enginee...","Residential Building Construction","Independent","Jiaozhou, Shandong, China","https://dnb.com/business-directory/company-profiles/qingdao-juteshun-fire-protection-engineering-co-ltd.509a1bb70780508fd3fa69509aaccf00"
622,"Yunnan Anjian Fire Fighting Engineering ...","Residential Building Construction","Independent","Kunming, Yunnan, China","https://dnb.com/business-directory/company-profiles/yunnan-anjian-fire-fighting-engineering-co-ltd.8fbeb413ce2d4c0507330edf2d388e3f"
623,"Passive Fire Protection Partners","Other Chemical Product and Preparation Manufacturing","Independent","Delta, BC, Canada","https://dnb.com/business-directory/company-profiles/passive-fire-protection-partners.83567344f13469290f3072477de686d1"
624,"FIRE PROTECTION SPECIALISTS LIMITED","Apparel, Piece Goods, and Notions Merchant Wholesalers","Subsidiary","DUBLIN, Ireland","https://dnb.com/business-directory/company-profiles/fire-protection-specialists-limited.8cdac814921030e98a1ed2cb20680d97"
625,"A1 Fire Protection Industry Co.,Ltd.","Building Equipment Contractors","Independent","Gunpo, Gyeonggi, Republic Of Korea","https://dnb.com/business-directory/company-profiles/a1-fire-protection-industry-coltd.85ed5565bc588de73b148ec2e2b8a08d"
626,"DENLAR FIRE PROTECTION LLC","Architectural and Structural Metals Manufacturing","Subsidiary","Chester, CT, United States","https://dnb.com/business-directory/company-profiles/denlar-fire-protection-llc.6710528243bdfd4bd1278349e4818bf7"
627,"Fujian Lisheng Fire Protection Technolog...","Residential Building Construction","Parent","Fuzhou, Fujian, China","https://dnb.com/business-directory/company-profiles/fujian-lisheng-fire-protection-technology-co-ltd.639c32ff39f682eab1358b6af0ec5a57"
628,"Qingyang Department Ruitai Oil & Gas Eng...","Residential Building Construction","Independent","Qingyang, Gansu, China","https://dnb.com/business-directory/company-profiles/qingyang-department-ruitai-oil--gas-engineering-technical-service-co-ltd.6202a7bcaa41f30ea9580a9373aa04a7"
629,"ADDHIRA FIRE PROTECTION PRIVATE LIMITED","Other Miscellaneous Retailers","Independent","Pune, Maharashtra, India","https://dnb.com/business-directory/company-profiles/addhira-fire-protection-private-limited.61885ecf65a3ab89c79a672bc05dc12e"
630,"Shaanxi Yilingyang Fire Protection Techn...","Department Stores","Independent","Xi'an, Shaanxi, China","https://dnb.com/business-directory/company-profiles/shaanxi-yilingyang-fire-protection-technology-co-ltd.10ab6174248e896c27130788d95180b6"
631,"Shandong Hongzhan Fire-fighting Engineer...","Residential Building Construction","Parent","Binzhou, Shandong, China","https://dnb.com/business-directory/company-profiles/shandong-hongzhan-fire-fighting-engineering-co-ltd.4af9f62412934a17ea56e3a0d8daa530"
632,"KORIN FIRE PROTECTION SDN. BHD.","Residential Building Construction","Independent","Kuala Lumpur, Wilayah Persekutuan Kuala Lumpur, Malaysia","https://dnb.com/business-directory/company-profiles/korin-fire-protection-sdn-bhd.e9abd979e5557ab2aa12167e79809428"
633,"Zhejiang Changrong Fire Protection Techn...","Residential Building Construction","Parent","Ningbo, Zhejiang, China","https://dnb.com/business-directory/company-profiles/zhejiang-changrong-fire-protection-technology-co-ltd.d0d8d024a5adb53ac7e1efbcdc89d9bf"
634,"Guangdong Zhongwei Architecture Technolo...","Residential Building Construction","Subsidiary","Shenzhen, Guangdong, China","https://dnb.com/business-directory/company-profiles/guangdong-zhongwei-architecture-technology-co-ltd.b2e6441eaf37a77fb33c03ece719f318"
635,"TEXAS FIRE SERVICES, LLC","Building Equipment Contractors","Independent","New Braunfels, TX, United States","https://dnb.com/business-directory/company-profiles/texas-fire-services-llc.b17d60f7b231aea4860a6278c88c2941"
636,"Integrity Fire Protection LLC","Other General Purpose Machinery Manufacturing","Independent","Stevens Point, WI, United States","https://dnb.com/business-directory/company-profiles/integrity-fire-protection-llc.1ed2b99f2f0bc5b8136f4f780deb2820"
637,"Blazeguard Partners, Inc.","Building Equipment Contractors","Independent","Sykesville, MD, United States","https://dnb.com/business-directory/company-profiles/blazeguard-partners-inc.af2391162f7a70ad045261e3c1981f2a"
638,"Heze Andun Zhilian Fire Protection Techn...","Department Stores","Independent","Heze, Shandong, China","https://dnb.com/business-directory/company-profiles/heze-andun-zhilian-fire-protection-technology-co-ltd.289c4158ac2385a2421f4e658c391a70"
639,"Guangdong Wenhua Fire-fighting Engineeri...","Other Specialty Trade Contractors","Parent","Guangzhou, Guangdong, China","https://dnb.com/business-directory/company-profiles/guangdong-wenhua-fire-fighting-engineering-co-ltd.b92f1d92cdedbe7fe29bb1d9152b1dc1"
640,"Zhuhai Xiangzhou District Zhuzhou Fire P...","Other Specialty Trade Contractors","Parent","Zhuhai, Guangdong, China","https://dnb.com/business-directory/company-profiles/zhuhai-xiangzhou-district-zhuzhou-fire-protection-engineering-co-ltd.058a56744473ce2d0ab74ca37efa444f"
641,"Monmouth Controls & Instrument Co Inc","Building Equipment Contractors","Independent","Raritan, NJ, United States","https://dnb.com/business-directory/company-profiles/monmouth-controls--instrument-co-inc.06d00a53e442a36609791fdf55beacdd"
642,"Anderson Fire Protection, Inc.","Building Equipment Contractors","Independent","Elkridge, MD, United States","https://dnb.com/business-directory/company-profiles/anderson-fire-protection-inc.a1b9a35b1b2d4a3b8e7683db38d3ac78"
643,"Sichuan Shuxing Niuniu Commerce And Trad...","Building Equipment Contractors","Parent","Chengdu, Sichuan, China","https://dnb.com/business-directory/company-profiles/sichuan-shuxing-niuniu-commerce-and-trade-co-ltd.3ffdb8d50fa485b454934ec02aceac52"
644,"Premier Fire Protection, Inc.","Miscellaneous Durable Goods Merchant Wholesalers","Independent","Bristol, TN, United States","https://dnb.com/business-directory/company-profiles/premier-fire-protection-inc.3e59d483efa19b7c0f624ebfceffc5c0"
645,"Odyssey Fire Protection, LLC","Other Support Services","Subsidiary","Wilmington, NC, United States","https://dnb.com/business-directory/company-profiles/odyssey-fire-protection-llc.eac744b579ebd0f7e2fd68ec12103715"
646,"PHILIPPINE INTEGRATED FIRE PROTECTION OR...","Architectural, Engineering, and Related Services","Independent","Caloocan City, Metro Manila, Philippines","https://dnb.com/business-directory/company-profiles/philippine-integrated-fire-protection-organization-inc.a613e66684c8058802f5a0a635fef75c"
647,"Guangzhou Panyu District Fan'en Fire-fig...","Residential Building Construction","Independent","Guangzhou, Guangdong, China","https://dnb.com/business-directory/company-profiles/guangzhou-panyu-district-fanen-fire-fighting-engineering-co-ltd.82894b701cd7c0ae4f4aca37fbddb0f2"
648,"High Sierra Fire Protection, LLC","Building Equipment Contractors","Subsidiary","Reno, NV, United States","https://dnb.com/business-directory/company-profiles/high-sierra-fire-protection-llc.54797c314c909262c64f7a41d0d0af63"
649,"Jersey Fire Protection Corp","Building Equipment Contractors","Subsidiary","West Deptford, NJ, United States","https://dnb.com/business-directory/company-profiles/jersey-fire-protection-corp.95035ad68f7d7f952f713f0cba292fe4"
650,"Langfang Shuanglan Fire Protection Techn...","Residential Building Construction","Independent","Langfang, Hebei, China","https://dnb.com/business-directory/company-profiles/langfang-shuanglan-fire-protection-technology-co-ltd.3a7de907ae38b69c0a5e8a38aa5f17ed"
651,"Sichuan Baishun Petroleum Engineering Te...","Residential Building Construction","Independent","Suining, Sichuan, China","https://dnb.com/business-directory/company-profiles/sichuan-baishun-petroleum-engineering-technology-co-ltd.b4ec7769298f20e954aeb043e8193af4"
652,"Shouguang Longsheng Fire Fighting Engine...","Residential Building Construction","Independent","Shouguang, Shandong, China","https://dnb.com/business-directory/company-profiles/shouguang-longsheng-fire-fighting-engineering-co-ltd.c890abd59e18c2a3e2b562a8a23a5c37"
653,"MULLER FIRE PROTECTION INC.","Other General Purpose Machinery Manufacturing","Independent","Miami, FL, United States","https://dnb.com/business-directory/company-profiles/muller-fire-protection-inc.fda51f70467acfd4d89ac8d0394573c2"
654,"Eagle Fire Protection, Inc.","Building Equipment Contractors","Independent","Sunny Isles Beach, FL, United States","https://dnb.com/business-directory/company-profiles/eagle-fire-protection-inc.5bdbda49b426fef0f1f401db5a2a3e9c"
655,"J.G. Tate Fire Protection Systems, Inc.","Building Equipment Contractors","Independent","Poway, CA, United States","https://dnb.com/business-directory/company-profiles/jg-tate-fire-protection-systems-inc.0d482155089493d3e7a6b86781c97213"
656,"Tianjin Fire Protection Hospital","General Medical and Surgical Hospitals","Independent","Tianjin, Tianjin, China","https://dnb.com/business-directory/company-profiles/tianjin-fire-protection-hospital.9c07616f191b59a40f0e60349655f90a"
657,"Shenyang Wanxinhong Technology Co., Ltd","Residential Building Construction","Independent","Shenyang, Liaoning, China","https://dnb.com/business-directory/company-profiles/shenyang-wanxinhong-technology-co-ltd.59ecb1d60c371b58fd61def5dbcad2f6"
658,"Linqu County Xinkongjian Construction En...","Residential Building Construction","Independent","Weifang, Shandong, China","https://dnb.com/business-directory/company-profiles/linqu-county-xinkongjian-construction-engineering-co-ltd.02060fdf621f60c8eb12d3da507c853c"
659,"Chongqing Weitian Construction Engineeri...","Other Specialty Trade Contractors","Parent","Chongqing, Chongqing, China","https://dnb.com/business-directory/company-profiles/chongqing-weitian-construction-engineering-technology-co-ltd.12f78881418e0409d40a12122e07d3c7"
660,"Cascade Fire Protection Co.","Building Equipment Contractors","Parent","Kennewick, WA, United States","https://dnb.com/business-directory/company-profiles/cascade-fire-protection-co.4af3e2c293aa482d98b61f3173b61b03"
661,"Tyco Fire Protection Products","Nonferrous Metal (except Aluminum) Production and Processing","Independent","FROME, England, United Kingdom","https://dnb.com/business-directory/company-profiles/tyco-fire-protection-products.43ef25a49ead2ce61f76536d8f1687f4"
662,"Hebei Heheng Fire Protection Technology ...","Machinery, Equipment, and Supplies Merchant Wholesalers","Subsidiary","Shijiazhuang, Hebei, China","https://dnb.com/business-directory/company-profiles/hebei-heheng-fire-protection-technology-co-ltd.f9fba803a02fded646e07e2a65f64824"
663,"Yulin Hongruqiao Fire Fighting Technolog...","Specialty Food Retailers","Independent","Yulin, Shaanxi, China","https://dnb.com/business-directory/company-profiles/yulin-hongruqiao-fire-fighting-technology-co-ltd.fdb79a3b915c3ff63ba358adef511b91"
664,"Hankook Fire-Protection Engineering Co.,...","Architectural, Engineering, and Related Services","Independent","Incheon, Incheon, Republic Of Korea","https://dnb.com/business-directory/company-profiles/hankook-fire-protection-engineering-co-ltd.6cfea298dad16f00f6908231759e1a98"
665,"Vulcan Enterprises, Inc.","Building Equipment Contractors","Independent","Carey, OH, United States","https://dnb.com/business-directory/company-profiles/vulcan-enterprises-inc.9b62e33935b520e6f83f538f17588659"
666,"JC FIRE PROTECTION SDN. BHD.","Justice, Public Order, and Safety Activities","Independent","Puchong, Selangor, Malaysia","https://dnb.com/business-directory/company-profiles/jc-fire-protection-sdn-bhd.4021502624a9e26fb6e0b9765bc98781"
667,"PRO-FIRE PROTECTION SDN. BHD.","Justice, Public Order, and Safety Activities","Independent","Kuala Lumpur, Wilayah Persekutuan Kuala Lumpur, Malaysia","https://dnb.com/business-directory/company-profiles/pro-fire-protection-sdn-bhd.c9b33da61a77ddfa341ed6be0f21dfe6"
668,"DRAGON FIRE PROTECTION SERVICES SDN. BHD...","Justice, Public Order, and Safety Activities","Independent","Klang, Selangor, Malaysia","https://dnb.com/business-directory/company-profiles/dragon-fire-protection-services-sdn-bhd.1861f6a8834080eadffa149a78123327"
669,"NEW TECH FIRE PROTECTION SDN. BHD.","Justice, Public Order, and Safety Activities","Independent","Klang, Selangor, Malaysia","https://dnb.com/business-directory/company-profiles/new-tech-fire-protection-sdn-bhd.a68243c1b5eb1fbf05c8c614f197d1b2"
670,"NOBEL POWER FIRE PROTECTION & ENGINEERIN...","Justice, Public Order, and Safety Activities","Independent","Kuala Lumpur, Wilayah Persekutuan Kuala Lumpur, Malaysia","https://dnb.com/business-directory/company-profiles/nobel-power-fire-protection--engineering-sdn-bhd.cd69b26d833ae41774e94a4b5785b574"
671,"MILLENNIUM FIRE PROTECTION SDN. BHD.","Justice, Public Order, and Safety Activities","Independent","Puchong, Selangor, Malaysia","https://dnb.com/business-directory/company-profiles/millennium-fire-protection--sdn-bhd.ce711507b70388836f8be0cfa2e0ed45"
672,"AEGIS FIRE PROTECTION SDN. BHD.","Justice, Public Order, and Safety Activities","Independent","Kamunting, Perak, Malaysia","https://dnb.com/business-directory/company-profiles/aegis-fire-protection-sdn-bhd.1cc38f53662cb6af64893aae27c281ee"
673,"M&L Sprinkler Inc.","Building Equipment Contractors","Independent","Lawrenceville, GA, United States","https://dnb.com/business-directory/company-profiles/ml-sprinkler-inc.87270b13d3dacb200c91142a1db5fcd0"
674,"Henan Zhongwo Fire Protection Technology...","Architectural and Structural Metals Manufacturing","Independent","Zhengzhou, Henan, China","https://dnb.com/business-directory/company-profiles/henan-zhongwo-fire-protection-technology-co-ltd.73f0d48d95663e2e41c41624ad2b73fe"
675,"Rui'an Jindun Fire Protection Equipment ...","Miscellaneous Nondurable Goods Merchant Wholesalers","Independent","Wenzhou, Zhejiang, China","https://dnb.com/business-directory/company-profiles/ruian-jindun-fire-protection-equipment-business-department.0a3a55fd17d0d8b98df731bd1c5a27b1"
676,"Jilin Shengtai Fire Fighting Engineering...","Other Support Services","Parent","Changchun, Jilin, China","https://dnb.com/business-directory/company-profiles/jilin-shengtai-fire-fighting-engineering-co-ltd.f0bf8cd3999e1fd9cd3a07e72b320c45"
677,"PHOENIX FIRE PROTECTION, INC.","Other Support Services","Independent","Tallahassee, FL, United States","https://dnb.com/business-directory/company-profiles/phoenix-fire-protection-inc.5961fcc3be7aae492f47877113ad9e02"
678,"North American Fire Protection LLC","Building Equipment Contractors","Independent","Fort Wayne, IN, United States","https://dnb.com/business-directory/company-profiles/north-american-fire-protection-llc.e15b727d744b0f2e7696e02fb26fc290"
679,"AMERICAN EAGLE FIRE PROTECTION, INC.","Building Equipment Contractors","Independent","Boca Raton, FL, United States","https://dnb.com/business-directory/company-profiles/american-eagle-fire-protection-inc.fc1c8944892ba804f21728739df706f4"
680,"Hedrick Fire Protection","Building Equipment Contractors","Independent","Chino, CA, United States","https://dnb.com/business-directory/company-profiles/hedrick-fire-protection.546a32e4892f954a1f8593d800f21124"
681,"NICKELL FIRE PROTECTION INC","Building Equipment Contractors","Independent","San Jose, CA, United States","https://dnb.com/business-directory/company-profiles/nickell-fire-protection-inc.cdc053f75c034eb95a31cbf15d2fe02f"
682,"Yulin Qianbaiwan Commerce And Trade Co.,...","Specialty Food Retailers","Independent","Yulin, Shaanxi, China","https://dnb.com/business-directory/company-profiles/yulin-qianbaiwan-commerce-and-trade-co-ltd.5f1f185870491886890240ac0447fd55"
683,"Chongqing Qigang Construction Engineerin...","Residential Building Construction","Parent","Chongqing, Chongqing, China","https://dnb.com/business-directory/company-profiles/chongqing-qigang-construction-engineering-co-ltd.9505572e8141b3de240792034b84ba6c"
684,"ABSOLUTE FIRE PROTECTION, LLC","Building Equipment Contractors","Independent","Selkirk, NY, United States","https://dnb.com/business-directory/company-profiles/absolute-fire-protection-llc.3e1e8f06fceed9043d48e687f875d12c"
685,"Unlimited Sprinkler Fire Protection, Inc...","Building Equipment Contractors","Independent","Wylie, TX, United States","https://dnb.com/business-directory/company-profiles/unlimited-sprinkler-fire-protection-inc.34ad096d6c5ecb2ac21160f36c638de8"
686,"UV FIRE PROTECTION SYSTEMS, INC","Building Equipment Contractors","Independent","Hialeah, FL, United States","https://dnb.com/business-directory/company-profiles/uv-fire-protection-systems-inc.67bead6f681dfc4fd0fcbba02e566fbc"
687,"ABC Fire Protection Inc.","Miscellaneous Durable Goods Merchant Wholesalers","Independent","Newark, CA, United States","https://dnb.com/business-directory/company-profiles/abc-fire-protection-inc.9900b94311383fc0638808538354a8a0"
688,"Carter Fire Protection, Inc.","Machinery, Equipment, and Supplies Merchant Wholesalers","Independent","Ventura, CA, United States","https://dnb.com/business-directory/company-profiles/carter-fire-protection-inc.f1b8bbcc33932c6da187db3d16a4922b"
689,"H.J. Pertzborn Plumbing And Fire Protect...","Building Equipment Contractors","Independent","Madison, WI, United States","https://dnb.com/business-directory/company-profiles/hj-pertzborn-plumbing-and-fire-protection-corporation.e66ec2907d3293a0f2a5f28898c3019b"
690,"Rudd Contracting Co., Inc.","Building Equipment Contractors","Parent","Tyler, TX, United States","https://dnb.com/business-directory/company-profiles/rudd-contracting-co-inc.8ac055c12af0a605805f19b9e0a5cf33"
691,"Qujing Qilin District Changyu Fire Fight...","Residential Building Construction","Independent","Qujing, Yunnan, China","https://dnb.com/business-directory/company-profiles/qujing-qilin-district-changyu-fire-fighting-installation-engineering-co-ltd.dd0ea1282847d80f4df760108869a0d0"
692,"Sprinklermatic Fire Protection Systems, ...","Building Equipment Contractors","Independent","Davie, FL, United States","https://dnb.com/business-directory/company-profiles/sprinklermatic-fire-protection-systems-inc.e8579842a4e1eede5150a749c3bce962"
693,"Guangdong Baichang Yongbang Communicatio...","Business Support Services","Subsidiary","Guangzhou, Guangdong, China","https://dnb.com/business-directory/company-profiles/guangdong-baichang-yongbang-communications-equipment-co-ltd.6ba0592c7ea09b75063e4174c7ec2f07"
694,"Inland Fire Protection, Inc.","Building Equipment Contractors","Parent","Yakima, WA, United States","https://dnb.com/business-directory/company-profiles/inland-fire-protection-inc.c8116063e5a1eda44e7f5049f8fa9c2a"
695,"Fort Osage Fire Protection District","Other Support Services","Independent","Buckner, MO, United States","https://dnb.com/business-directory/company-profiles/fort-osage-fire-protection-district.f2b0ed06b735bcdb5bedd16d88d2cc99"
696,"BFP Fire Protection, Inc.","Building Equipment Contractors","Independent","Scotts Valley, CA, United States","https://dnb.com/business-directory/company-profiles/bfp-fire-protection-inc.a5c166e0811b2bdab6935ca58dca65f8"
697,"Liberty Fire Protection Services, LLC","Miscellaneous Durable Goods Merchant Wholesalers","Independent","Claysburg, PA, United States","https://dnb.com/business-directory/company-profiles/liberty-fire-protection-services-llc.189e359df4d30286b1aa87ad14ebc212"
698,"Fairview Construction, Inc.","Nonresidential Building Construction","Independent","Troy, MI, United States","https://dnb.com/business-directory/company-profiles/fairview-construction-inc.72530c8a79e912461e520c19baef1d01"
699,"ALUMOT ESH FIRE PROTECTION TECHNOLOGIES ...","Navigational, Measuring, Electromedical, and Control Instruments Manufacturing","Parent","PETAH TIKVA, Central District, Israel","https://dnb.com/business-directory/company-profiles/alumot-esh-fire-protection-technologies-ltd.19f46ac73c123385a37ae2842ca2a638"
700,"Total Fire Protection, Inc.","Building Equipment Contractors","Independent","Brandon, SD, United States","https://dnb.com/business-directory/company-profiles/total-fire-protection-inc.39a3151e62bff126fed4535c5e90d042"
701,"Dalian Hongan Mechanical & Electrical In...","Residential Building Construction","Independent","Dalian, Liaoning, China","https://dnb.com/business-directory/company-profiles/dalian-hongan-mechanical--electrical-installation-engineering-co-ltd.f8251b08b784a11ff9ed7aa405bc1919"
702,"Guangdong Kaian Construction Co., Ltd.","Residential Building Construction","Independent","Shenzhen, Guangdong, China","https://dnb.com/business-directory/company-profiles/guangdong-kaian-construction-co-ltd.287fc7c7e112c7109b6f56187574e608"
703,"CFP DESIGNS, INC.","Building Equipment Contractors","Independent","Bakersfield, CA, United States","https://dnb.com/business-directory/company-profiles/cfp-designs-inc.28f527d4f8912a38fa2949851f106a9a"
704,"HUNG PHAT FIRE PROTECTION EQUIPMENT COMP...","Building Equipment Contractors","Parent","Tan Hiep Ward, Ho Chi Minh, Vietnam","https://dnb.com/business-directory/company-profiles/hung-phat-fire-protection-equipment-company-limited.b8b673b4c460c1748b872e205e4575f2"
705,"Megacity Fire Protection Inc","Other Support Services","Parent","Dayton, OH, United States","https://dnb.com/business-directory/company-profiles/megacity-fire-protection-inc.c4937a967a929bf9224d8ff5925e55fd"
706,"ARK FIRE PROTECTION LTD","Land Subdivision","Subsidiary","PETERBOROUGH, England, United Kingdom","https://dnb.com/business-directory/company-profiles/ark-fire-protection-ltd.50a5978239861a5e16fec4db03762b76"
707,"FIRE PROTECTION CHEMICALS (PTY) LTD","Pesticide, Fertilizer, and Other Agricultural Chemical Manufacturing","Independent","KRUGERSDORP, GAUTENG, South Africa","https://dnb.com/business-directory/company-profiles/fire-protection-chemicals-(pty)-ltd.6ccd264e223fdcb5b77807f0782eea49"
708,"SAFETY & PROTECTION FAaCTORY FOR MANUFAC...","Electric Lighting Equipment Manufacturing","Subsidiary","Dammam, Ash Sharqiyah, Saudi Arabia","https://dnb.com/business-directory/company-profiles/safety--protection-faactory-for-manufacture-of-electrical-materials-and-resistance-for-explosion-and-fire.013ef4a205c3000d3a3ec900d5179ab6"
709,"Rudd Fire Protection, Inc.","Other Support Services","Independent","Tyler, TX, United States","https://dnb.com/business-directory/company-profiles/rudd-fire-protection-inc.450f46e3cb68a7c4a99ed3b1ba4a50c4"
710,"Xining Yinrun Fire Protection Technology...","Professional and Commercial Equipment and Supplies Merchant Wholesalers","Parent","Xining, Qinghai, China","https://dnb.com/business-directory/company-profiles/xining-yinrun-fire-protection-technology-co-ltd.dd9409349b71d34122ee1862fd8d44b0"
711,"NATIONAL FIRE PROTECTION AND SAFETY ENGI...","Support Activities for Air Transportation","Independent","Pune, Maharashtra, India","https://dnb.com/business-directory/company-profiles/national-fire-protection-and-safety-engineers.eec685ad99b26d5300396cfab404cff9"
712,"SRI RENGA FIRE PROTECTION SYSTEMS","Support Activities for Air Transportation","Independent","Tiruchirappalli, Tamil Nadu, India","https://dnb.com/business-directory/company-profiles/sri-renga-fire-protection-systems.9143f82c439784dc6359fd20289f1dee"
713,"SANGEETA FIRE PROTECTION","Support Activities for Air Transportation","Independent","Thane, Maharashtra, India","https://dnb.com/business-directory/company-profiles/sangeeta-fire-protection.5e61894a72973535468c8741b09ae260"
714,"AST Fire Protection Company","Management, Scientific, and Technical Consulting Services","Independent","Minneapolis, MN, United States","https://dnb.com/business-directory/company-profiles/ast-fire-protection-company.fd77db2ef0752de77eac41b5719fe1fb"
715,"ADELAIDE FIRE DOORS PTY. LTD.","Architectural and Structural Metals Manufacturing","Subsidiary","GEPPS CROSS, SOUTH AUSTRALIA, Australia","https://dnb.com/business-directory/company-profiles/adelaide-fire-doors-pty-ltd.c8e6dd1e11d974d14334e3f6d11f2ee4"
716,"TAI CHOU FIRE PROTECTION EQUIPMENTS CO.,...","Electronics and Appliance Retailers","Independent","Taipei City, Taipei, Taiwan","https://dnb.com/business-directory/company-profiles/tai-chou-fire-protection-equipments-co-ltd.ce75a51c3c0be2295fb99163b1a46c40"
717,"Fritz Fire Protection Co., Inc.","Building Equipment Contractors","Parent","Harrisburg, PA, United States","https://dnb.com/business-directory/company-profiles/fritz-fire-protection-co-inc.b61e9bfe19600677d1eae14b833dd378"
718,"Anhui Ze'an Xinchen Construction And Ins...","Machinery, Equipment, and Supplies Merchant Wholesalers","Parent","Anqing, Anhui, China","https://dnb.com/business-directory/company-profiles/anhui-zean-xinchen-construction-and-installation-co-ltd.d0379d717fde57fec65c37300f288f3a"
719,"GMW Fire Protection, Inc.","Building Equipment Contractors","Independent","Anchorage, AK, United States","https://dnb.com/business-directory/company-profiles/gmw-fire-protection-inc.beaed9b75459ee01a1e91dc26fb08175"
720,"Foothills Fire Protection, Inc.","Building Equipment Contractors","Independent","Scottsdale, AZ, United States","https://dnb.com/business-directory/company-profiles/foothills-fire-protection-inc.2ac70909c4c12f961e31fa88c1928178"
721,"Edge Fire Protection Inc.","Other Support Services","Subsidiary","Pelham, AL, United States","https://dnb.com/business-directory/company-profiles/edge-fire-protection-inc.2b96ff36e8ef447d1fc4a13f2096c35c"
722,"Shasta Fire Protection, Inc.","Building Equipment Contractors","Independent","Thousand Palms, CA, United States","https://dnb.com/business-directory/company-profiles/shasta-fire-protection-inc.8ff9ca9997befe76e6263ad899d19f37"
723,"Focus Fire Protection LLC","Building Equipment Contractors","Independent","Las Vegas, NV, United States","https://dnb.com/business-directory/company-profiles/focus-fire-protection-llc.b6b78f80c2e240df10eca3f26ee4f500"
724,"Boyer Fire Protection, LLC","Building Equipment Contractors","Independent","Saint Louis, MO, United States","https://dnb.com/business-directory/company-profiles/boyer-fire-protection-llc.c4c19d45a00d7cff2670ea1f01f24cf5"
725,"Sichuan Zhongji Zhihui Fire-Fighting Tec...","Services to Buildings and Dwellings","Subsidiary","Chengdu, Sichuan, China","https://dnb.com/business-directory/company-profiles/sichuan-zhongji-zhihui-fire-fighting-technology-co-ltd.d5deb7025ef8ee86b0f537b1f2109959"
726,"360 Fire Protection, LLC","Other General Purpose Machinery Manufacturing","Independent","Springfield, MO, United States","https://dnb.com/business-directory/company-profiles/360-fire-protection-llc.5af08e51e86b1095544de89232f8d465"
727,"Knight Fire Protection, Inc.","Building Equipment Contractors","Parent","Olympia, WA, United States","https://dnb.com/business-directory/company-profiles/knight-fire-protection-inc.9d5bd9c6a537601a61e60f4901bc9885"
728,"Yunnan Hongchuang Fire Protection Techno...","Residential Building Construction","Independent","Kunming, Yunnan, China","https://dnb.com/business-directory/company-profiles/yunnan-hongchuang-fire-protection-technology-co-ltd.8b7b4cccf8c160e22d21111e36456421"
729,"Tri State Fire Protection (inc)","Household Appliances and Electrical and Electronic Goods Merchant Wholesalers","Independent","Sewell, NJ, United States","https://dnb.com/business-directory/company-profiles/tri-state-fire-protection-(inc).a7eb1fe45c660de19fbfe81d6dd184cb"
730,"Northstar Fire Protection Ltd","Other Support Services","Independent","Calgary, AB, Canada","https://dnb.com/business-directory/company-profiles/northstar-fire-protection-ltd.889a6b6436bdc754abd2f6477c12c84c"
731,"AMMO FIRE PROTECTION CC","Investigation and Security Services","Parent","JOHANNESBURG, GAUTENG, South Africa","https://dnb.com/business-directory/company-profiles/ammo-fire-protection-cc.69f38a72956aaafc3c084864eaa75200"
732,"Qi'An Fire Fighting Engineering (Group) ...","Building Equipment Contractors","Parent","Hohhot, Inner Mongolia, China","https://dnb.com/business-directory/company-profiles/qian-fire-fighting-engineering-(group)-co-ltd.62e4122e71e27940a8fb2e2c92845152"
733,"Fujian Wangshun Fire Fighting Technology...","Residential Building Construction","Independent","Zhangzhou, Fujian, China","https://dnb.com/business-directory/company-profiles/fujian-wangshun-fire-fighting-technology-co-ltd.adfb53e18bb6e2511a74b3ffd85f5edc"
734,"Zhejiang Yuanbang E-commerce Co., Ltd","Residential Building Construction","Independent","Jiangshan, Zhejiang, China","https://dnb.com/business-directory/company-profiles/zhejiang-yuanbang-e-commerce-co-ltd.571b272216a1bbd422fe885c13924188"
735,"Shanghai Duotang Property Management Co....","Residential Building Construction","Independent","Shanghai, Shanghai, China","https://dnb.com/business-directory/company-profiles/shanghai-duotang-property-management-co-ltd.0ea810c74a9063ab0789dae1d8c6a246"
736,"Central Fire Protection, Inc.","Building Equipment Contractors","Independent","Dallas, TX, United States","https://dnb.com/business-directory/company-profiles/central-fire-protection-inc.0d38f1c29d1174f8fbbc9de618da27b3"
737,"Basic Fire Protection, Inc.","Building Equipment Contractors","Independent","Portland, OR, United States","https://dnb.com/business-directory/company-profiles/basic-fire-protection-inc.b1e3bc4d056be3f8bd4bc0a4c1c40993"
738,"Aegis Fire Protection, LLC","Other Miscellaneous Retailers","Parent","Overland Park, KS, United States","https://dnb.com/business-directory/company-profiles/aegis-fire-protection-llc.911680caa8e3495741745380c5af5c46"
739,"Cross Fire Protection LLC","Miscellaneous Durable Goods Merchant Wholesalers","Independent","Chandler, AZ, United States","https://dnb.com/business-directory/company-profiles/cross-fire-protection-llc.3ee56b5fb68c8e989ce9b1632a2a315b"
740,"Shanghai Anning Fire Protection Engineer...","Other Specialty Trade Contractors","Parent","Shanghai, Shanghai, China","https://dnb.com/business-directory/company-profiles/shanghai-anning-fire-protection-engineering-co-ltd.53afe636a64f3444e2c0ce180c850b88"
741,"Aquamatic Fire Protection, Inc.","Building Equipment Contractors","Parent","Pittsburg, CA, United States","https://dnb.com/business-directory/company-profiles/aquamatic-fire-protection-inc.38099f738cffe977c7b3a103ea5fe43f"
742,"ALL AMERICAN FIRE PROTECTION OF FAYETTEV...","Other Support Services","Independent","Spring Lake, NC, United States","https://dnb.com/business-directory/company-profiles/all-american-fire-protection-of-fayetteville-inc.8d13bee55b467b0a308f975261ff4580"
743,"Urban Fire Protection, Inc.","Building Equipment Contractors","Parent","Rockwall, TX, United States","https://dnb.com/business-directory/company-profiles/urban-fire-protection-inc.7260fe16361b64f213e3317c3f778038"
744,"Shandong Xingze Fire Fighting Engineerin...","Residential Building Construction","Independent","Rizhao, Shandong, China","https://dnb.com/business-directory/company-profiles/shandong-xingze-fire-fighting-engineering-co-ltd.e7dfddf2a74bd97e5ece37a7caebd16f"
745,"Absolute Fire Protection, Inc.","Building Equipment Contractors","Parent","Mount Clemens, MI, United States","https://dnb.com/business-directory/company-profiles/absolute-fire-protection-inc.9ae46b0e8713a02652537654415da4a3"
746,"Nanjing Nanxiao Fire Fighting Technical ...","Machinery, Equipment, and Supplies Merchant Wholesalers","Subsidiary","Nanjing, Jiangsu, China","https://dnb.com/business-directory/company-profiles/nanjing-nanxiao-fire-fighting-technical-service-co-ltd.29a7d5879677d57c7333ea5f873a6ddd"
747,"Meridian Fire Protection Inc","Machinery, Equipment, and Supplies Merchant Wholesalers","Independent","Edmonton, AB, Canada","https://dnb.com/business-directory/company-profiles/meridian-fire-protection-inc.e012e5e6e01c858d864d42d8d85126f8"
748,"RELIABLE FIRE PROTECTION, INC.","Building Equipment Contractors","Parent","Lewiston, ME, United States","https://dnb.com/business-directory/company-profiles/reliable-fire-protection-inc.260ddbe1489825d4a9988f74066e3aab"
749,"Tangshan Zeyuan Fire Fighting Engineerin...","Residential Building Construction","Independent","Tangshan, Hebei, China","https://dnb.com/business-directory/company-profiles/tangshan-zeyuan-fire-fighting-engineering-co-ltd.b316867ba2ab6dc629ed9dd7b439dbe8"
750,"Hebei Basike Technology Co., Ltd.","Residential Building Construction","Independent","Shijiazhuang, Hebei, China","https://dnb.com/business-directory/company-profiles/hebei-basike-technology-co-ltd.65ebe55bb8cf432aba4c828182049169"
751,"Yongxiu County Hui'an Fire Protection In...","Residential Building Construction","Independent","Jiujiang, Jiangxi, China","https://dnb.com/business-directory/company-profiles/yongxiu-county-huian-fire-protection-installation-engineering-co-ltd.01c79128de0836d0cc282a869bacc04c"
752,"GFP Enterprises, LLC","Support Activities for Forestry","Parent","Sisters, OR, United States","https://dnb.com/business-directory/company-profiles/gfp-enterprises-llc.11e94d7a1020924638838d0e6923c196"
753,"SR FIRE PROTECTION PTE. LTD.","Metal and Mineral (except Petroleum) Merchant Wholesalers","Independent","Singapore, Singapore","https://dnb.com/business-directory/company-profiles/sr-fire-protection-pte-ltd.bcec983a69b7eb6cf4cdc4b310ee81dc"
754,"PSG Fire Protection Ltd","Utility System Construction","Independent","ZARZIR, Northern District, Israel","https://dnb.com/business-directory/company-profiles/psg-fire-protection-ltd.204a66391d98380dd2374b272dc19474"
755,"GALA WATER SYSTEMS AND FIRE PROTECTION L...","Utility System Construction","Independent","PETAH TIKVA, Central District, Israel","https://dnb.com/business-directory/company-profiles/gala-water-systems-and-fire-protection-ltd.6b5f1e881540ec786d804abb243d43cb"
756,"FLOW FIRE PROTECTION, INC.","Building Equipment Contractors","Independent","Fort Collins, CO, United States","https://dnb.com/business-directory/company-profiles/flow-fire-protection-inc.9725f4b6c01fa89d713db1dd2efdc818"
757,"Advanced Fire Protection, Inc.","Miscellaneous Durable Goods Merchant Wholesalers","Parent","Woburn, MA, United States","https://dnb.com/business-directory/company-profiles/advanced-fire-protection-inc.3865c5c3f691d4afefa4f7c280ed4971"
758,"ADANAC FIRE PROTECTION, INC.","Building Equipment Contractors","Independent","Milpitas, CA, United States","https://dnb.com/business-directory/company-profiles/adanac-fire-protection-inc.3d0f8e005f931624ee45d1bc8ea7c8e0"
759,"Preferred Fire Protection, Inc.","Building Equipment Contractors","Independent","Pittsburgh, PA, United States","https://dnb.com/business-directory/company-profiles/preferred-fire-protection-inc.d0885c14806ded9ca17a984554306d87"
760,"Shandong Lida Firefighting Equipment Co....","Household Appliances and Electrical and Electronic Goods Merchant Wholesalers","Subsidiary","Yantai, Shandong, China","https://dnb.com/business-directory/company-profiles/shandong-lida-firefighting-equipment-co-ltd.28adc943ccdc5ec2353ccfa433905c25"
761,"Transbay Fire Protection, Inc.","Building Equipment Contractors","Parent","Pleasanton, CA, United States","https://dnb.com/business-directory/company-profiles/transbay-fire-protection-inc.f6d122befc009b42dba07b89d45e65d2"
762,"C&L Hendrix Enterprises, Inc.","Household Appliances and Electrical and Electronic Goods Merchant Wholesalers","Independent","Statesboro, GA, United States","https://dnb.com/business-directory/company-profiles/cl-hendrix-enterprises-inc.f73634e6dcda17d68f672a6dacd8dbd4"
763,"Inner Mongolia Hong'an Fire Protection T...","Grocery and Convenience Retailers","Independent","Hohhot, Inner Mongolia, China","https://dnb.com/business-directory/company-profiles/inner-mongolia-hongan-fire-protection-technology-co-ltd.dcb715ec3ce3ca8db72ceb11e5765bd5"
764,"LIFESAVER FIRE PROTECTION, INC","Building Equipment Contractors","Independent","Minneapolis, MN, United States","https://dnb.com/business-directory/company-profiles/lifesaver-fire-protection-inc.454c52eb45786f02c2cccf8ac9a6734a"
765,"Guangdong Jiatai Fire Protection Technol...","Chemical and Allied Products Merchant Wholesalers","Parent","Guangzhou, Guangdong, China","https://dnb.com/business-directory/company-profiles/guangdong-jiatai-fire-protection-technology-co-ltd.bc5361b9b5473ba428913b6a9e46cf0c"
766,"Arena Fire Protection, Inc.","Building Equipment Contractors","Independent","Moss Point, MS, United States","https://dnb.com/business-directory/company-profiles/arena-fire-protection-inc.ca6fe520cbaad3b921a111d513d1315c"
767,"POLARIS FIRE PROTECTION INC","Other Support Services","Independent","Plantation, FL, United States","https://dnb.com/business-directory/company-profiles/polaris-fire-protection-inc.b0c8b71c02ff64b9b512d8a111c6d76e"
768,"Pangzhan Construction Engineering Co., L...","Building Equipment Contractors","Subsidiary","Shijiazhuang, Hebei, China","https://dnb.com/business-directory/company-profiles/pangzhan-construction-engineering-co-ltd.626e5d6eec118ad2c985f8a853165aa2"
769,"HILL FIRE PROTECTION, LLC","Building Equipment Contractors","Independent","Franklin Park, IL, United States","https://dnb.com/business-directory/company-profiles/hill-fire-protection-llc.2dc8a01e033dd51a80091691961877c6"
770,"Zhongjian Construction Group Co., Ltd.","Residential Building Construction","Subsidiary","Nanjing, Jiangsu, China","https://dnb.com/business-directory/company-profiles/zhongjian-construction-group-co-ltd.05ac5603bf886dd9c2c309991e597368"
771,"Daedong Fire Protection Doors Co., Ltd.","Architectural and Structural Metals Manufacturing","Independent","Pocheon, Gyeonggi, Republic Of Korea","https://dnb.com/business-directory/company-profiles/daedong-fire-protection-doors-co-ltd.267bf3ad55d50606b6ba957e6e1620d2"
772,"Dehn Holding Inc.","Building Equipment Contractors","Independent","Loveland, CO, United States","https://dnb.com/business-directory/company-profiles/dehn-holding-inc.e72884c50b65fe7a9cf8c77befc433b5"
773,"BOLES FIRE PROTECTION DISTRICT","Justice, Public Order, and Safety Activities","Independent","Labadie, MO, United States","https://dnb.com/business-directory/company-profiles/boles-fire-protection-district.9570198ed48761ab9cf4f8350c47e53b"
774,"National Fire Protection, LLC","Other Support Services","Independent","Sunrise, FL, United States","https://dnb.com/business-directory/company-profiles/national-fire-protection-llc.8860165de3a68448458c1117151e25d9"
775,"Cerullo Fire Protection, Inc.","Building Equipment Contractors","Independent","Rahway, NJ, United States","https://dnb.com/business-directory/company-profiles/cerullo-fire-protection-inc.7823a41cc37fcce13a06e51a41b8325f"
776,"KJ Assests, Inc","Other Support Services","Independent","Oklahoma City, OK, United States","https://dnb.com/business-directory/company-profiles/kj-assests-inc.7707aa710f9ea581c42c427c9defa1f3"
777,"Shanghai Huanyu Jiuyang Fire Fighting Te...","Other Miscellaneous Retailers","Subsidiary","Shanghai, Shanghai, China","https://dnb.com/business-directory/company-profiles/shanghai-huanyu-jiuyang-fire-fighting-technology-co-ltd.4fb4f7ddbc5c5f36ccd3eb4c9a73f29b"
778,"Jerric Corp","Building Equipment Contractors","Independent","Poland, ME, United States","https://dnb.com/business-directory/company-profiles/jerric-corp.16b663aae2fb77ed04ee0d1b2e9d9acc"
779,"Valley Suburban Fire Protection District...","Justice, Public Order, and Safety Activities","Independent","Valley, NE, United States","https://dnb.com/business-directory/company-profiles/valley-suburban-fire-protection-district-no-5.954b408e91d144b8526c7e24eaaa6f5b"
780,"Cornet, Inc.","Building Equipment Contractors","Parent","Sterling, VA, United States","https://dnb.com/business-directory/company-profiles/cornet-inc.cb534677b7ae43b5ac9967f2cbf42bd6"
781,"Tier 1 Fire Protection LLC","Other Support Services","Independent","Brownsville, TN, United States","https://dnb.com/business-directory/company-profiles/tier-1-fire-protection-llc.05a2aed71d7e7f841520ff93a8e78a47"
782,"Foshan Dun'an Fire Protection Technology...","Architectural and Structural Metals Manufacturing","Independent","Foshan, Guangdong, China","https://dnb.com/business-directory/company-profiles/foshan-dunan-fire-protection-technology-co-ltd.804c4310e56fa17f462f03418161f0a4"
783,"Five Star Automatic Fire Protection LLC.","Building Equipment Contractors","Independent","El Paso, TX, United States","https://dnb.com/business-directory/company-profiles/five-star-automatic-fire-protection-llc.d7288e8cdbaca441787f9111481f458c"
784,"LYNCO FIRE PROTECTION, INC.","Building Equipment Contractors","Independent","Burlington, MA, United States","https://dnb.com/business-directory/company-profiles/lynco-fire-protection-inc.970987ce43d1c952391e5e54400667be"
785,"NGUYEN NGOC BAO FIRE PROTECTION TRADING ...","Residential Building Construction","Independent","Hoa Loi Ward, Ho Chi Minh, Vietnam","https://dnb.com/business-directory/company-profiles/nguyen-ngoc-bao-fire-protection-trading-service-company-limited.8e1149a9adc8f447529c2fea20f9501b"
786,"19/5 FIRE PROTECTION TRADING SERVICE PRO...","Residential Building Construction","Independent","An Phu Ward, Ho Chi Minh, Vietnam","https://dnb.com/business-directory/company-profiles/19-5-fire-protection-trading-service-production-company-limited.919878b8cf6d74cbebf67702fd1d3a00"
787,"KHANH AN FIRE PROTECTION AND TECHNICAL C...","Residential Building Construction","Independent","Dien Khanh Commune, Khanh Hoa, Vietnam","https://dnb.com/business-directory/company-profiles/khanh-an-fire-protection-and-technical-company-limited.77b7d945ac29f956626979f9f567fbf7"
788,"VINH KIM FIRE PROTECTION AND HOA AUTOMAT...","Residential Building Construction","Independent","Vinh Tuong Commune, Nghe An, Vietnam","https://dnb.com/business-directory/company-profiles/vinh-kim-fire-protection-and-hoa-automation-technology-company-limited.824f9383ce3114909cc0e83e11d0a621"
789,"BAO AN PHAT FIRE PROTECTION ENGINEERING ...","Residential Building Construction","Independent","Yen Hoa Ward, Ha Noi, Vietnam","https://dnb.com/business-directory/company-profiles/bao-an-phat-fire-protection-engineering-company-limited.c21569b8359693b66bb2f899e7a44285"
790,"HUY HOANG FIRE PROTECTION TECHNOLOGY AND...","Residential Building Construction","Independent","Yen Hoa Ward, Ha Noi, Vietnam","https://dnb.com/business-directory/company-profiles/huy-hoang-fire-protection-technology-and-solutions-company-limited.96aeb89822e69083df8bfd20295f3a42"
791,"HUONG SON FIRE PROTECTION AND CONSTRUCTI...","Residential Building Construction","Independent","Cho Lon Ward, Ho Chi Minh, Vietnam","https://dnb.com/business-directory/company-profiles/huong-son-fire-protection-and-construction-trading-company-limited.96a2005808cb6e1874a61541fa72ca86"
792,"DAO GIA THINH FIRE PROTECTION COMPANY LI...","Residential Building Construction","Independent","Di An Ward, Ho Chi Minh, Vietnam","https://dnb.com/business-directory/company-profiles/dao-gia-thinh-fire-protection-company-limited.cc5ea2a7e833f63ac10aed62a914176b"
793,"AN PHUONG NAM 272 FIRE PROTECTION TECHNO...","Residential Building Construction","Independent","Lang Giang Commune, Bac Ninh, Vietnam","https://dnb.com/business-directory/company-profiles/an-phuong-nam-272-fire-protection-technology-development-company-limited.f41e59a26b8e116c9dc2b2a7321563f6"
794,"UY DUNG FIRE PROTECTION SERVICE AND CONS...","Residential Building Construction","Independent","Thoi An Ward, Ho Chi Minh, Vietnam","https://dnb.com/business-directory/company-profiles/uy-dung-fire-protection-service-and-construction-installation-company-limited.edb8ec49eb55bef6b400ea8715e38f4e"
795,"HOANG ANH FIRE PROTECTION ONE MEMBER COM...","Residential Building Construction","Independent","Thoi Hoa Ward, Ho Chi Minh, Vietnam","https://dnb.com/business-directory/company-profiles/hoang-anh-fire-protection-one-member-company-limited.bedb40a44c33dc7afac48aa62cb96ca4"
796,"AN PHAT FIRE PROTECTION TRADING SERVICE ...","Residential Building Construction","Independent","Linh Xuan Ward, Ho Chi Minh, Vietnam","https://dnb.com/business-directory/company-profiles/an-phat-fire-protection-trading-service-company-limited.25519aa98a38828d4f1f03ff62fd9ca9"
797,"THANG LONG SAFETY SOLUTIONS FIRE PROTECT...","Residential Building Construction","Independent","Cua Nam Ward, Ha Noi, Vietnam","https://dnb.com/business-directory/company-profiles/thang-long-safety-solutions-fire-protection-company-limited.f9564890dbf6b8a539d4bcd3f0a0e32a"
798,"DAI HAI FIRE PROTECTION COMPANY LIMITED","Residential Building Construction","Independent","Thuan Hoa Ward, Hue, Vietnam","https://dnb.com/business-directory/company-profiles/dai-hai-fire-protection-company-limited.1a5d75398b0aedc5d6181ba2cdadc9fe"
799,"FIRETECH VIET NAM FIRE PROTECTION EQUIPM...","Residential Building Construction","Independent","Yen Hoa Ward, Ha Noi, Vietnam","https://dnb.com/business-directory/company-profiles/firetech-viet-nam-fire-protection-equipment-company-limited.be0572cd382fd6380680913a4b11c526"
800,"TOAN PHAT FIRE PROTECTION INVESTMENT CON...","Residential Building Construction","Independent","Trang Dai Ward, Dong Nai, Vietnam","https://dnb.com/business-directory/company-profiles/toan-phat-fire-protection-investment-construction-company-limited.f53cd3198eebdd598888a6f1e5a7d65d"
801,"DAI PHAT FIRE PROTECTION TECHNICAL AND C...","Residential Building Construction","Independent","Dinh Cong Ward, Ha Noi, Vietnam","https://dnb.com/business-directory/company-profiles/dai-phat-fire-protection-technical-and-consultant-company-limited.d6b71e79d25cbf3a400dfcc3d6ce9010"
802,"AI QUOC FIRE PROTECTION CONSTRUCTION INS...","Residential Building Construction","Independent","Ai Quoc Commune, Hung Yen, Vietnam","https://dnb.com/business-directory/company-profiles/ai-quoc-fire-protection-construction-installation-trading-company-limited.148e032ddede0b39c4d4aeb5e8b93623"
803,"DUC AN PHAT FIRE PROTECTION AND CONSTRUC...","Residential Building Construction","Independent","Kien Hung Ward, Ha Noi, Vietnam","https://dnb.com/business-directory/company-profiles/duc-an-phat-fire-protection-and-construction-company-limited.a2437de176f9bf26d03045aea564e9dd"
804,"TRUNG THANH GIA PHAT FIRE PROTECTION TRA...","Residential Building Construction","Independent","My Hanh Commune, Tay Ninh, Vietnam","https://dnb.com/business-directory/company-profiles/trung-thanh-gia-phat-fire-protection-trading-service-company-limited.517467a3fd86506ffa038a1bcc82c055"
805,"HUNG THINH FIRE PROTECTION TRADING AND S...","Residential Building Construction","Independent","Khoai Chau Commune, Hung Yen, Vietnam","https://dnb.com/business-directory/company-profiles/hung-thinh-fire-protection-trading-and-service-company-limited.cc445dc2ec18b4b9c27cb78bc0ed10a4"
806,"TUAN MINH 114 FIRE PROTECTION ENGINEERIN...","Residential Building Construction","Independent","Hoang Mai Ward, Ha Noi, Vietnam","https://dnb.com/business-directory/company-profiles/tuan-minh-114-fire-protection-engineering-company-limited.495776f939d42dc4e37df4a5446d0b93"
807,"AN TAM PHAT FIRE PROTECTION COMPANY LIMI...","Residential Building Construction","Independent","Yet Kieu Commune, Hai Phong, Vietnam","https://dnb.com/business-directory/company-profiles/an-tam-phat-fire-protection-company-limited.dbadb05026ffd6bba9ddcc99ba42cf80"
808,"THINH VUONG FIRE PROTECTION AND ELECTROM...","Residential Building Construction","Independent","Dien Ban Dong Ward, Da Nang, Vietnam","https://dnb.com/business-directory/company-profiles/thinh-vuong-fire-protection-and-electromechanical-construction-installation-company-limited.6997ca6adb19193bb64e688512d3d7b8"
809,"PHUONG NAM FIRE PROTECTION TECHNOLOGY CO...","Residential Building Construction","Independent","Lang Giang Commune, Bac Ninh, Vietnam","https://dnb.com/business-directory/company-profiles/phuong-nam-fire-protection-technology-company-limited.1c1a40893d6932ae91d84435d6fceae6"
810,"THANH HUNG FIRE PROTECTION AND CONSTRUCT...","Residential Building Construction","Independent","Yen Lac Commune, Phu Tho, Vietnam","https://dnb.com/business-directory/company-profiles/thanh-hung-fire-protection-and-construction-company-limited.81c481e715e299f4cfab326be3ffb3d0"
811,"HD GROUP FIRE FIGHTING FIRE PROTECTION S...","Residential Building Construction","Independent","Bo De Ward, Ha Noi, Vietnam","https://dnb.com/business-directory/company-profiles/hd-group-fire-fighting-fire-protection-service-and-commerce-company-limited.50a440f003c0d9bab4dfa806924868b6"
812,"LAM KHANG FIRE PROTECTION & ELECTRIC COM...","Residential Building Construction","Independent","Quy Nhon Nam Ward, Gia Lai, Vietnam","https://dnb.com/business-directory/company-profiles/lam-khang-fire-protection--electric-company-limited.a668ac1127cfa5ce56178ea1a8f8b63b"
813,"VAN XUAN HP FIRE PROTECTION COMPANY LIMI...","Residential Building Construction","Independent","Thanh Dong Ward, Hai Phong, Vietnam","https://dnb.com/business-directory/company-profiles/van-xuan-hp-fire-protection-company-limited.5163b3da61f74ec027dbc13b0e3117f0"
814,"HTC FIRE PROTECTION COMPANY LIMITED","Residential Building Construction","Independent","Binh Loi Trung Ward, Ho Chi Minh, Vietnam","https://dnb.com/business-directory/company-profiles/htc-fire-protection-company-limited.a95b2dc7bbc9be3bfb1198b9fe5a2c66"
815,"HAI HA FIRE PROTECTION ELECTROMECHANICAL...","Residential Building Construction","Independent","Vo Cuong Ward, Bac Ninh, Vietnam","https://dnb.com/business-directory/company-profiles/hai-ha-fire-protection-electromechanical--construction-company-limited.ea99484cafdb3eb45a901eae088eeb43"
816,"NGOC HAI FIRE PROTECTION TECHNICAL TRADI...","Residential Building Construction","Independent","Tuy Phuoc Tay Commune, Gia Lai, Vietnam","https://dnb.com/business-directory/company-profiles/ngoc-hai-fire-protection-technical-trading-service-company-limited.e91cda8049f29355d5801624447a0a36"
817,"TRAN DUY FIRE PROTECTION AND CONSTRUCTIO...","Residential Building Construction","Independent","Tan Phong Ward, Lai Chau, Vietnam","https://dnb.com/business-directory/company-profiles/tran-duy-fire-protection-and-construction-company-limited.2b06f7cfbb7449d64cd15385a7c5fb18"
818,"THIEN AN FIRE PROTECTION TRADING AND SER...","Residential Building Construction","Independent","Yen Phong Commune, Bac Ninh, Vietnam","https://dnb.com/business-directory/company-profiles/thien-an-fire-protection-trading-and-service-company-limited.cdf3471d824c1e689ce161db1eb2887f"
819,"Qingdao Huamai Sheng'an Fire Protection ...","Residential Building Construction","Subsidiary","Qingdao, Shandong, China","https://dnb.com/business-directory/company-profiles/qingdao-huamai-shengan-fire-protection-technology-engineering-co-ltd.3b26456fc8f75127587a06efbe2524e1"
820,"Qingdao Zhenhua Huiyuan Fire Protection ...","Residential Building Construction","Parent","Qingdao, Shandong, China","https://dnb.com/business-directory/company-profiles/qingdao-zhenhua-huiyuan-fire-protection-engineering-co-ltd.49bc3ef9d7f7bebee3d36b2b24132fe4"
821,"Fuyang Jieling Fire Protection Engineeri...","Residential Building Construction","Subsidiary","Fuyang, Anhui, China","https://dnb.com/business-directory/company-profiles/fuyang-jieling-fire-protection-engineering-co-ltd.cb8814177d3b2a2afc93f7b36c452562"
822,"Wuhan Zhiwu Pig Fire Protection Engineer...","Residential Building Construction","Subsidiary","Wuhan, Hubei, China","https://dnb.com/business-directory/company-profiles/wuhan-zhiwu-pig-fire-protection-engineering-co-ltd.71ffb54ffb98e4e0b6ad2e20c78cea0e"
823,"Guangzhou Lingshi Fire Protection Engine...","Residential Building Construction","Subsidiary","Guangzhou, Guangdong, China","https://dnb.com/business-directory/company-profiles/guangzhou-lingshi-fire-protection-engineering-co-ltd.d951568815f8121f39a2b5ed1f5a938d"
824,"Henan Leirong Fire Protection Engineerin...","Residential Building Construction","Subsidiary","Zhengzhou, Henan, China","https://dnb.com/business-directory/company-profiles/henan-leirong-fire-protection-engineering-co-ltd.ff18447566fcd4625b9d5650b749b43f"
825,"Hubei Zhaotai Fire Protection Engineerin...","Residential Building Construction","Subsidiary","Xiangyang, Hubei, China","https://dnb.com/business-directory/company-profiles/hubei-zhaotai-fire-protection-engineering-co-ltd.0bdbe352691a2fa37bb921cbb1187667"
826,"Weifang Xinzhi Fire Protection Engineeri...","Residential Building Construction","Subsidiary","Weifang, Shandong, China","https://dnb.com/business-directory/company-profiles/weifang-xinzhi-fire-protection-engineering-co-ltd.8584dc97367c1cd4ff21063f16f02cbf"
827,"Wuhan Zhonghui Fire Protection Engineeri...","Residential Building Construction","Subsidiary","Wuhan, Hubei, China","https://dnb.com/business-directory/company-profiles/wuhan-zhonghui-fire-protection-engineering-co-ltd.da6949adf3d7dbe795d20f65c7ceed69"
828,"Chongqing Jianxing Fire Protection Engin...","Residential Building Construction","Subsidiary","Chongqing, Chongqing, China","https://dnb.com/business-directory/company-profiles/chongqing-jianxing-fire-protection-engineering-co-ltd.f32ac7428c42c4df5168dfa00f7c7161"
829,"Anhui Zhiyan Fire Protection Engineering...","Residential Building Construction","Subsidiary","Bozhou, Anhui, China","https://dnb.com/business-directory/company-profiles/anhui-zhiyan-fire-protection-engineering-co-ltd.94d855cb5ce5c40c0911d3948bcbe3ff"
830,"Anhui Chi'an Fire Protection Engineering...","Residential Building Construction","Parent","Anqing, Anhui, China","https://dnb.com/business-directory/company-profiles/anhui-chian-fire-protection-engineering-co-ltd.6800cb548a759b41af00ecb1bb0af525"
831,"Chongqing Nawenlan Fire Protection Engin...","Residential Building Construction","Parent","Chongqing, Chongqing, China","https://dnb.com/business-directory/company-profiles/chongqing-nawenlan-fire-protection-engineering-co-ltd.0b1358f558348cd82abb3e7c4ba4cefe"
832,"Wuhan Haihuisi Fire Protection Engineeri...","Residential Building Construction","Subsidiary","Wuhan, Hubei, China","https://dnb.com/business-directory/company-profiles/wuhan-haihuisi-fire-protection-engineering-co-ltd.2b7349f3be7f3e012c9e6df0dc23888d"
833,"Henan Eastward Fire Protection Engineeri...","Residential Building Construction","Subsidiary","Zhengzhou, Henan, China","https://dnb.com/business-directory/company-profiles/henan-eastward-fire-protection-engineering-co-ltd.ef4838c18cb78671cbd3c7b87e04c199"
834,"Qingdao Taidun Fire Protection Engineeri...","Residential Building Construction","Subsidiary","Qingdao, Shandong, China","https://dnb.com/business-directory/company-profiles/qingdao-taidun-fire-protection-engineering-co-ltd.9d751382e39132b82165e4a52465da11"
835,"Liaoning Taida'an Fire Protection Engine...","Residential Building Construction","Subsidiary","Shenyang, Liaoning, China","https://dnb.com/business-directory/company-profiles/liaoning-taidaan-fire-protection-engineering-co-ltd.d41452d3465c1806b467ffd5831cdfb7"
836,"Bozhou Huozheng Fire Protection Engineer...","Residential Building Construction","Subsidiary","Bozhou, Anhui, China","https://dnb.com/business-directory/company-profiles/bozhou-huozheng-fire-protection-engineering-co-ltd.bd9bf3f1cd11eca7034655209f0e6c0d"
837,"Shandong Tewang Fire Protection Engineer...","Residential Building Construction","Subsidiary","Liaocheng, Shandong, China","https://dnb.com/business-directory/company-profiles/shandong-tewang-fire-protection-engineering-co-ltd.338d33171d8271297bdae851266970a2"
838,"Jiangxi Zhongwen Zhicun Fire Protection ...","Residential Building Construction","Subsidiary","Jiujiang, Jiangxi, China","https://dnb.com/business-directory/company-profiles/jiangxi-zhongwen-zhicun-fire-protection-engineering-co-ltd.a7c80feefb9b9ff83f3279ae60ba4aec"
839,"Fangcheng Xinghong Fire Protection Engin...","Residential Building Construction","Subsidiary","Nanyang, Henan, China","https://dnb.com/business-directory/company-profiles/fangcheng-xinghong-fire-protection-engineering-co-ltd.bd05a6c1f2ac13d49fc8680606815fd0"
840,"Anhui Wenyu Fire Protection Technology C...","Residential Building Construction","Subsidiary","Bozhou, Anhui, China","https://dnb.com/business-directory/company-profiles/anhui-wenyu-fire-protection-technology-co-ltd.6ef1b2c5dff5e03eb8960bd588e7e3f8"
841,"Hunan Pingze Fire Protection Engineering...","Residential Building Construction","Subsidiary","Lengshuijiang, Hunan, China","https://dnb.com/business-directory/company-profiles/hunan-pingze-fire-protection-engineering-co-ltd.a4fe52b1f5573e2805e2bbb790a6bbea"
842,"Jiujiang Xunke Fire Protection Engineeri...","Residential Building Construction","Subsidiary","Jiujiang, Jiangxi, China","https://dnb.com/business-directory/company-profiles/jiujiang-xunke-fire-protection-engineering-co-ltd.5af9d315bca6dda5bcecaa1483a524a7"
843,"Zhongji Tianyun Fire Protection Engineer...","Residential Building Construction","Subsidiary","Yichun, Jiangxi, China","https://dnb.com/business-directory/company-profiles/zhongji-tianyun-fire-protection-engineering-co-ltd-tangdu-branch.a2ce327d3060aa21cdd06a8ef1a4578e"
844,"Qingdao Huamai Zhiyuan Fire Protection E...","Residential Building Construction","Subsidiary","Qingdao, Shandong, China","https://dnb.com/business-directory/company-profiles/qingdao-huamai-zhiyuan-fire-protection-electromechanical-engineering-co-ltd.620f5f81073a263c90fe33e26df52257"
845,"Zhongji Tianyun Fire Protection Engineer...","Residential Building Construction","Subsidiary","Suining, Sichuan, China","https://dnb.com/business-directory/company-profiles/zhongji-tianyun-fire-protection-engineering-co-ltd-suining-branch.511114dc8163ece21e472c80f5e7491c"
846,"Chongqing Jiapeng Fire Protection Engine...","Residential Building Construction","Subsidiary","Chongqing, Chongqing, China","https://dnb.com/business-directory/company-profiles/chongqing-jiapeng-fire-protection-engineering-co-ltd.e06d4cd2fb6bc9566cd52888f2193bb7"
847,"Zhongji Tianyun Fire Protection Engineer...","Residential Building Construction","Subsidiary","Heze, Shandong, China","https://dnb.com/business-directory/company-profiles/zhongji-tianyun-fire-protection-engineering-co-ltd-heze-branch.6783946773da0c2b81ec4aea06ff55b9"
848,"Shandong Huiyuan Fire Protection Enginee...","Residential Building Construction","Subsidiary","Jinan, Shandong, China","https://dnb.com/business-directory/company-profiles/shandong-huiyuan-fire-protection-engineering-co-ltd.3ef0d8f255241b2db04708e11cc2396e"
849,"Shandong Hongjie Jianye Fire Protection ...","Residential Building Construction","Parent","Rushan, Shandong, China","https://dnb.com/business-directory/company-profiles/shandong-hongjie-jianye-fire-protection-engineering-co-ltd.595fd347495f3a4e79d0d3edbcbc77ff"
850,"Hebei Qinhua Fire Protection Engineering...","Residential Building Construction","Subsidiary","Shijiazhuang, Hebei, China","https://dnb.com/business-directory/company-profiles/hebei-qinhua-fire-protection-engineering-co-ltd-yuanshi-branch.b0a70c0a960b0e03832c15fe87f6af84"
851,"Weihai Zhanhua Fire Protection Engineeri...","Residential Building Construction","Subsidiary","Qingdao, Shandong, China","https://dnb.com/business-directory/company-profiles/weihai-zhanhua-fire-protection-engineering-co-ltd-qingdao-branch.00fd0edf40f95d2b01784a50cb074c12"
852,"Hunan Darui Fire Protection Engineering ...","Residential Building Construction","Subsidiary","Changsha, Hunan, China","https://dnb.com/business-directory/company-profiles/hunan-darui-fire-protection-engineering-co-ltd-changsha-branch.8c3856821b4f020b05efcb15b52b2e5d"
853,"Zhongji Tianyun Fire Protection Engineer...","Residential Building Construction","Subsidiary","Chengdu, Sichuan, China","https://dnb.com/business-directory/company-profiles/zhongji-tianyun-fire-protection-engineering-co-ltd-chengdu-chenghua-branch.e922e72024812d23040192f89dcf49d6"
854,"Zhongji Tianyun Fire Protection Engineer...","Residential Building Construction","Subsidiary","Pu'er, Yunnan, China","https://dnb.com/business-directory/company-profiles/zhongji-tianyun-fire-protection-engineering-co-ltd-puer-branch.b03fb9ac4317bba89c59a971a4297c96"
855,"Hubei E'an Fire Protection System Engine...","Residential Building Construction","Subsidiary","Xianning, Hubei, China","https://dnb.com/business-directory/company-profiles/hubei-ean-fire-protection-system-engineering-co-ltd-xianning-branch.b86f1e4c7f886b7649e7584b5b556a12"
856,"Zhongji Tianyun Fire Protection Engineer...","Residential Building Construction","Subsidiary","Taizhou, Zhejiang, China","https://dnb.com/business-directory/company-profiles/zhongji-tianyun-fire-protection-engineering-co-ltd-taizhou-branch.44eae85e1efbcf07b3d62477615ad7b0"
857,"Zhongheng Fire Protection Engineering (g...","Residential Building Construction","Subsidiary","Shenzhen, Guangdong, China","https://dnb.com/business-directory/company-profiles/zhongheng-fire-protection-engineering-(guangdong)-co-ltd-longhua-branch.e09fc18e918d019eb3c2214095b29aa8"
858,"Zhongji Tianyun Fire Protection Engineer...","Residential Building Construction","Subsidiary","Xining, Qinghai, China","https://dnb.com/business-directory/company-profiles/zhongji-tianyun-fire-protection-engineering-co-ltd-qinghai-branch.35be83c31b7b767179e13ac5dfdb1eae"
859,"Shandong Jinxuan Fire Protection Enginee...","Residential Building Construction","Subsidiary","Huantai County, Shandong, China","https://dnb.com/business-directory/company-profiles/shandong-jinxuan-fire-protection-engineering-co-ltd.8368e4856517b8f0eb92eef2f6ae5b82"
860,"Wanjing Fire Protection Engineering (wuh...","Residential Building Construction","Subsidiary","Wuhan, Hubei, China","https://dnb.com/business-directory/company-profiles/wanjing-fire-protection-engineering-(wuhan)-co-ltd.707edff391cf52819cd04b0ec661a90c"
861,"Shandong Baicai Fire Protection Engineer...","Residential Building Construction","Subsidiary","Zibo, Shandong, China","https://dnb.com/business-directory/company-profiles/shandong-baicai-fire-protection-engineering-co-ltd.aa77dc488d1e03dd0ae8c2d13fb57bcc"
862,"Zhongji Tianyun Fire Protection Engineer...","Residential Building Construction","Subsidiary","Yumen, Gansu, China","https://dnb.com/business-directory/company-profiles/zhongji-tianyun-fire-protection-engineering-co-ltd-yumen-branch.da1346992f46be83aaf5bfd9a62f3900"
863,"Guangxi Teng'an Fire Protection Engineer...","Residential Building Construction","Subsidiary","Yangjiang, Guangdong, China","https://dnb.com/business-directory/company-profiles/guangxi-tengan-fire-protection-engineering-co-ltd-yangjiang-branch.6d023a2a2a5956a1d2713c05e2baf367"
864,"Chongqing Zhenfei Fire Protection Engine...","Residential Building Construction","Subsidiary","Chongqing, Chongqing, China","https://dnb.com/business-directory/company-profiles/chongqing-zhenfei-fire-protection-engineering-co-ltd.27eb6af12287cc306ad919198380a723"
865,"Wuhan Runyang Smart Fire Protection Co.,...","Residential Building Construction","Subsidiary","Wuhan, Hubei, China","https://dnb.com/business-directory/company-profiles/wuhan-runyang-smart-fire-protection-co-ltd.734bce6215def28014ba1181729c4cd1"
866,"Hefei Zhongbao Jinhong Fire Protection E...","Residential Building Construction","Subsidiary","Hefei, Anhui, China","https://dnb.com/business-directory/company-profiles/hefei-zhongbao-jinhong-fire-protection-engineering-co-ltd.5bd8556968e79caf431babf21b474bb3"
867,"Zhongji Tianyun Fire Protection Engineer...","Residential Building Construction","Subsidiary","Nanchong, Sichuan, China","https://dnb.com/business-directory/company-profiles/zhongji-tianyun-fire-protection-engineering-co-ltd-southern-county-branch.9674e7e2c65b358dc647cb8b40c7b673"
868,"Bozhou Luxin Fire Protection Engineering...","Residential Building Construction","Subsidiary","Bozhou, Anhui, China","https://dnb.com/business-directory/company-profiles/bozhou-luxin-fire-protection-engineering-co-ltd-lixin-branch.79d12bc98524614b296d8c661a8adb07"
869,"Zhongji Tianyun Fire Protection Engineer...","Residential Building Construction","Subsidiary","Guangzhou, Guangdong, China","https://dnb.com/business-directory/company-profiles/zhongji-tianyun-fire-protection-engineering-co-ltd-guangzhou-branch.251acbb02f933bfd22c91ea1d3020b3b"
870,"Hunan Rongxiang Fire Protection Co., Ltd","Residential Building Construction","Subsidiary","Changsha, Hunan, China","https://dnb.com/business-directory/company-profiles/hunan-rongxiang-fire-protection-co-ltd.8bb7890f1efeee324ba5b09efd743b18"
871,"Zhejiang Zhongtian Construction Manageme...","Residential Building Construction","Parent","Huzhou, Zhejiang, China","https://dnb.com/business-directory/company-profiles/zhejiang-zhongtian-construction-management-co-ltd.cffcc0736cb3525a73df383c1a421941"
872,"Anhui Jinwen Electromechanical Engineeri...","Residential Building Construction","Parent","Chuzhou, Anhui, China","https://dnb.com/business-directory/company-profiles/anhui-jinwen-electromechanical-engineering-co-ltd.8ae1ef14eff1e435b76f748d605f479a"
873,"ANH KHOA FIRE PROTECTION ELECTROMECHANIC...","Residential Building Construction","Independent","Ho Chi Minh, Ho Chi Minh, Vietnam","https://dnb.com/business-directory/company-profiles/anh-khoa-fire-protection-electromechanical-company-limited.adbf8519769bb58d11ddc8dbed608ea2"
874,"Chongqing Yinchangwang Fire Protection E...","Residential Building Construction","Subsidiary","Chongqing, Chongqing, China","https://dnb.com/business-directory/company-profiles/chongqing-yinchangwang-fire-protection-engineering-co-ltd.7edb9e97b4422383e0985f72bf069ed9"
875,"Shijiazhuang Chenxiang Cultural Media Co...","Residential Building Construction","Subsidiary","Shijiazhuang, Hebei, China","https://dnb.com/business-directory/company-profiles/shijiazhuang-chenxiang-cultural-media-co-ltd.ab724a7cf6c8d18374d83fe15cb68854"
876,"Henan Taiji Automobile Service Co., Ltd","Residential Building Construction","Parent","Xinyang, Henan, China","https://dnb.com/business-directory/company-profiles/henan-taiji-automobile-service-co-ltd.5cfa6ea2a89634b11033a92de2e44200"
877,"LINH DAN PHAT FIRE PROTECTION CONSTRUCTI...","Residential Building Construction","Independent","Binh Hoa Ward, Ho Chi Minh, Vietnam","https://dnb.com/business-directory/company-profiles/linh-dan-phat-fire-protection-construction-company-limited.e0da15a012c18609a7156b3a081df167"
878,"VAN AN FIRE PROTECTION & CONSTRUCTION CO...","Residential Building Construction","Independent","Van An Commune, Nghe An, Vietnam","https://dnb.com/business-directory/company-profiles/van-an-fire-protection--construction-company-limited.bd844eb10899a6a35daaaace14b2d44d"
879,"DHPP FIRE PROTECTION AND CONSTRUCTION CO...","Residential Building Construction","Independent","Hiep Binh Ward, Ho Chi Minh, Vietnam","https://dnb.com/business-directory/company-profiles/dhpp-fire-protection-and-construction-company-limited.db51aab3a0020acabe24349e5a614ea3"
880,"CENTRAL FIRE PROTECTION & ELECTROMECHANI...","Residential Building Construction","Independent","Thanh Vinh Ward, Nghe An, Vietnam","https://dnb.com/business-directory/company-profiles/central-fire-protection--electromechanical-company-limited.f00f4cf1e952ca87904f980596b27d1e"
881,"247 FIRE PROTECTION AND ELECTRIC CONSTRU...","Residential Building Construction","Independent","Vi Tan Ward, Can Tho, Vietnam","https://dnb.com/business-directory/company-profiles/247-fire-protection-and-electric-construction-installation-company-limited.1a0a92d295397a979fec2f1bb64484b9"
882,"AN PHAT ELECTRICAL AND FIRE PROTECTION E...","Residential Building Construction","Independent","Nam Sach Commune, Hai Phong, Vietnam","https://dnb.com/business-directory/company-profiles/an-phat-electrical-and-fire-protection-equipment-company-limited.bc6fd2c36dce91c304fb79c57f79e054"
883,"DT FIRE PROTECTION TRADING AND SERVICE C...","Residential Building Construction","Independent","Quang Phu Ward, Thanh Hoa, Vietnam","https://dnb.com/business-directory/company-profiles/dt-fire-protection-trading-and-service-company-limited.4cda2927f4981fbf654d8118adb025f7"
884,"PHU VU KHANG FIRE PROTECTION CONSTRUCTIO...","Residential Building Construction","Independent","Thong Nhat Ward, Gia Lai, Vietnam","https://dnb.com/business-directory/company-profiles/phu-vu-khang-fire-protection-construction-company-limited.130675f7963ea6c1124197786f449a42"
885,"XUAN DANG FIRE PROTECTION COMPANY LIMITE...","Residential Building Construction","Independent","Hai Hau Commune, Ninh Binh, Vietnam","https://dnb.com/business-directory/company-profiles/xuan-dang-fire-protection-company-limited.addda94f8839fbfbabd985c454edae01"
886,"QUANG HUNG FIRE PROTECTION AND ELECTROME...","Residential Building Construction","Independent","Nenh Ward, Bac Ninh, Vietnam","https://dnb.com/business-directory/company-profiles/quang-hung-fire-protection-and-electromechanical-company-limited.04cfd7d433d283fd88fe20337f94739a"
887,"THANH NHAN FIRE PROTECTION TECHNICAL TRA...","Residential Building Construction","Independent","Tan Thanh Ward, Ho Chi Minh, Vietnam","https://dnb.com/business-directory/company-profiles/thanh-nhan-fire-protection-technical-trading-service-company-limited.0c789b580529ad84c6d44bdd812153e3"
888,"Anhui Shengshi Jing'an Fire-fighting Eng...","Residential Building Construction","Subsidiary","Maanshan, Anhui, China","https://dnb.com/business-directory/company-profiles/anhui-shengshi-jingan-fire-fighting-engineering-co-ltd.673b22dcb007fd211f6ad8a9b91c307d"
889,"Hunan Taiyue Intelligent Technology Co.,...","Residential Building Construction","Parent","Changsha, Hunan, China","https://dnb.com/business-directory/company-profiles/hunan-taiyue-intelligent-technology-co-ltd.4e2c69331691d4b63afc05ed143b39be"
890,"Shandong Xurui Information Technology Co...","Residential Building Construction","Parent","Yantai, Shandong, China","https://dnb.com/business-directory/company-profiles/shandong-xurui-information-technology-co-ltd.e4fe32386b05451e358589e0e9a824c4"
891,"Hunan Yixuan Household Products Co., Ltd","Residential Building Construction","Subsidiary","Changsha, Hunan, China","https://dnb.com/business-directory/company-profiles/hunan-yixuan-household-products-co-ltd.f80c0163a5db179b32d0edb1152047c7"
892,"Yongxi Fire Protection Engineering (xi'a...","Residential Building Construction","Parent","Xi'an, Shaanxi, China","https://dnb.com/business-directory/company-profiles/yongxi-fire-protection-engineering-(xian)-co-ltd.2bec08d6e72ba28cd31f77c42f8ff587"
893,"Zhejiang Gangtou Fire Protection Enginee...","Residential Building Construction","Subsidiary","Shaoxing, Zhejiang, China","https://dnb.com/business-directory/company-profiles/zhejiang-gangtou-fire-protection-engineering-co-ltd.83fb7f62e0fda00d707be4d63e9ded0f"
894,"Wuhan Xiangbian Fire Protection Engineer...","Residential Building Construction","Subsidiary","Wuhan, Hubei, China","https://dnb.com/business-directory/company-profiles/wuhan-xiangbian-fire-protection-engineering-co-ltd.53ffd4f12f786fde97de18929418a7a0"
895,"Hubei Youdalai Fire Protection Electrome...","Residential Building Construction","Subsidiary","Wuhan, Hubei, China","https://dnb.com/business-directory/company-profiles/hubei-youdalai-fire-protection-electromechanical-engineering-co-ltd.297f96a4427f2f6647298eb797ab3994"
896,"Xianning Heng'an Fire Protection Enginee...","Residential Building Construction","Subsidiary","Qiandongnan Miao and Dong Autonomous Prefecture, Guizhou, China","https://dnb.com/business-directory/company-profiles/xianning-hengan-fire-protection-engineering-co-ltd-rongjiang-branch.1aabdff7e261322c9accb069d0ec63dc"
897,"Guangxi Dahong Fire Fighting Technology ...","Residential Building Construction","Subsidiary","Nanning, Guangxi, China","https://dnb.com/business-directory/company-profiles/guangxi-dahong-fire-fighting-technology-co-ltd.84b4a17e5f60d0777e561bb354cb7cd1"
898,"Anhui Minyu Fire Fighting Engineering Co...","Residential Building Construction","Subsidiary","Hefei, Anhui, China","https://dnb.com/business-directory/company-profiles/anhui-minyu-fire-fighting-engineering-co-ltd.9e7a1c2d5286a5da93a36585c1e8e9ac"
899,"Hunan Yandun Construction Engineering Co...","Residential Building Construction","Parent","Changsha, Hunan, China","https://dnb.com/business-directory/company-profiles/hunan-yandun-construction-engineering-co-ltd.cf36a02699a00bea6ce6cb2f89906484"
900,"Hangzhou Guming Fire Protection Engineer...","Residential Building Construction","Subsidiary","Ningbo, Zhejiang, China","https://dnb.com/business-directory/company-profiles/hangzhou-guming-fire-protection-engineering-co-ltd.c98252c2fd94ccdd46c0c0c6b068c8cd"
901,"Hubei Xianglong Automobile Trading Co., ...","Residential Building Construction","Subsidiary","Shiyan, Hubei, China","https://dnb.com/business-directory/company-profiles/hubei-xianglong-automobile-trading-co-ltd.29ea1f9bf31f70fab29e50f7916c97f0"
902,"Hanwei Fire Protection (guangdong) Co., ...","Residential Building Construction","Parent","Shenzhen, Guangdong, China","https://dnb.com/business-directory/company-profiles/hanwei-fire-protection-(guangdong)-co-ltd.db8d0ae4af8be95cc91393d66f77cc68"
903,"INDEN FIRE PROTECTION","Support Activities for Air Transportation","Independent","Nagpur, Maharashtra, India","https://dnb.com/business-directory/company-profiles/inden-fire-protection.cce9f55e7d231506f18f20b1935a972e"
904,"NISHA FIRE PROTECTION & ENGG. WORKS","Support Activities for Air Transportation","Independent","New Delhi, Delhi, India","https://dnb.com/business-directory/company-profiles/nisha-fire-protection--engg-works.58c3a79aa88ed054241b5b27524d0b4d"
905,"Rizhao Yuejun Fire Protection Engineerin...","Residential Building Construction","Independent","Rizhao, Shandong, China","https://dnb.com/business-directory/company-profiles/rizhao-yuejun-fire-protection-engineering-co-ltd.6235f596ae78e967632a713605a2441f"
906,"Ma'anshan Andong Property Management Ser...","Residential Building Construction","Independent","Maanshan, Anhui, China","https://dnb.com/business-directory/company-profiles/maanshan-andong-property-management-service-co-ltd.e096cec214c66a2947cfcdfc5d68f433"
907,"Shahe Yuankuan Fasteners Co., Ltd","Residential Building Construction","Independent","Xingtai, Hebei, China","https://dnb.com/business-directory/company-profiles/shahe-yuankuan-fasteners-co-ltd.fa9a1df43138333cee52441be939bd02"
908,"Sichuan Jingcheng Zhishang Construction ...","Residential Building Construction","Independent","Suining, Sichuan, China","https://dnb.com/business-directory/company-profiles/sichuan-jingcheng-zhishang-construction-labor-services-co-ltd.71a61d5ab7c267208c9d2b16dc257906"
909,"Hubei Jianzhirui Fire Protection Technol...","Residential Building Construction","Independent","Wuhan, Hubei, China","https://dnb.com/business-directory/company-profiles/hubei-jianzhirui-fire-protection-technology-co-ltd.236bd511b5601d500b2d33ccd63adc5b"
910,"Weifang Wanying Culture Media Co., Ltd","Residential Building Construction","Independent","Weifang, Shandong, China","https://dnb.com/business-directory/company-profiles/weifang-wanying-culture-media-co-ltd.ca2c096b4e5a312359b8e1802e5cc144"
911,"QUANG NINH FIRE PROTECTION TRADING SUPPL...","Machinery, Equipment, and Supplies Merchant Wholesalers","Independent","Ha Long, Quang Ninh, Vietnam","https://dnb.com/business-directory/company-profiles/quang-ninh-fire-protection-trading-supply-joint-stock-company.39c557b6c30624ddd7c4da797928fd04"
912,"Absolute Fire Protection, Inc.","Motor Vehicle and Motor Vehicle Parts and Supplies Merchant Wholesalers","Independent","South Plainfield, NJ, United States","https://dnb.com/business-directory/company-profiles/absolute-fire-protection-inc.d14fa80a8b864396f97cd963380dcf9b"
913,"Carpet Capital Fire Protection Inc","Building Equipment Contractors","Parent","Dalton, GA, United States","https://dnb.com/business-directory/company-profiles/carpet-capital-fire-protection-inc.beb0fa97fcf63d399bcf1003f8f994e6"
914,"Northern California Fire Protection Serv...","Building Equipment Contractors","Independent","Gilroy, CA, United States","https://dnb.com/business-directory/company-profiles/northern-california-fire-protection-services.ff1449f5cb939df9ace0ee51c7963148"
915,"Liberty Fire Protection, Inc.","Other Support Services","Subsidiary","Rosharon, TX, United States","https://dnb.com/business-directory/company-profiles/liberty-fire-protection-inc.28a1e9e1b1d241c00a3d94819acd2f07"
916,"Zhongjian Hua'an Construction Group Co.,...","Other Specialty Trade Contractors","Parent","Zhuhai, Guangdong, China","https://dnb.com/business-directory/company-profiles/zhongjian-huaan-construction-group-co-ltd.f8ef8d570581c2426a06872b5e4f222d"
917,"Liaocheng Kaifaqu Xiang'An Fire Fighting...","Residential Building Construction","Independent","Liaocheng, Shandong, China","https://dnb.com/business-directory/company-profiles/liaocheng-kaifaqu-xiangan-fire-fighting-engineering-co-ltd.3d9643aa2205e1c1607ed6036abae73c"
918,"Sni Valley Fire Protection District","Justice, Public Order, and Safety Activities","Independent","Oak Grove, MO, United States","https://dnb.com/business-directory/company-profiles/sni-valley-fire-protection-district.3c45a58aae0e178ad3823b15c2a3d8e6"
919,"TRUESERVE FIRE PROTECTION SYSTEMS","Building Equipment Contractors","Independent","Umm Salal, Umm Salal, Qatar","https://dnb.com/business-directory/company-profiles/trueserve-fire-protection-systems.dbb0e68176cc0793e683aa59da794403"
920,"M.A. Fire Protection Ltd.","Building Equipment Contractors","Independent","KIRYAT GAT, Southern District, Israel","https://dnb.com/business-directory/company-profiles/ma-fire-protection-ltd.d7662f5c39504c9f359ea31f3e7bff1b"
921,"Yahav Fire Protection Ltd.","Other Specialty Trade Contractors","Independent","TIRAT YEHUDA, Central District, Israel","https://dnb.com/business-directory/company-profiles/yahav-fire-protection-ltd.6cc018cf656b64595e2be0066ac97750"
922,"BAR - Industrial Insulation, Scaffolding...","Other Specialty Trade Contractors","Independent","SHACHAR, Southern District, Israel","https://dnb.com/business-directory/company-profiles/bar---industrial-insulation-scaffolding-and-fire-protection-ltd.96a908bb247015bf235d1689b349f698"
923,"FIRESEAL ACTIVE AND PASSIVE FIRE PROTECT...","Building Equipment Contractors","Independent","Manama, Al Asimah, Bahrain","https://dnb.com/business-directory/company-profiles/fireseal-active-and-passive-fire-protection-wll.fe48f80883307f605782e54d4b632608"
924,"All Star Fire Protection Services Inc","Miscellaneous Durable Goods Merchant Wholesalers","Independent","Etobicoke, ON, Canada","https://dnb.com/business-directory/company-profiles/all-star-fire-protection-services-inc.c1bef932bb007f8f1933ad12ec1ab76f"
925,"Chengdu Kuai'anjie Security Testing Serv...","Residential Building Construction","Independent","Chengdu, Sichuan, China","https://dnb.com/business-directory/company-profiles/chengdu-kuaianjie-security-testing-service-co-ltd.8c7ea462c83beee223b619dd5898d056"
926,"Senju Fire Protection Corporation","Other General Purpose Machinery Manufacturing","Independent","Irvine, CA, United States","https://dnb.com/business-directory/company-profiles/senju-fire-protection-corporation.dcf72c0cbca227abf20ce9e0204a9640"
927,"ATLANTIS FIRE PROTECTION LLC","Other Support Services","Parent","Dallas, TX, United States","https://dnb.com/business-directory/company-profiles/atlantis-fire-protection-llc.d61a95e6c35d5e80d05aad4338e77ce7"
928,"PYROTEC FIRE PROTECTION LIMITED","Justice, Public Order, and Safety Activities","Subsidiary","LEWES, England, United Kingdom","https://dnb.com/business-directory/company-profiles/pyrotec-fire-protection-limited.d139bf19561721c6beb0133bdd571a60"
929,"Oneida Fire Protection, Incorporated","Other Support Services","Independent","Philadelphia, PA, United States","https://dnb.com/business-directory/company-profiles/oneida-fire-protection-incorporated.7895e3ec93c16959cd762ec5df5faf43"
930,"D B MCLARNON FIRE PROTECTION AGENCY LTD","Justice, Public Order, and Safety Activities","Subsidiary","BELFAST, Northern Ireland, United Kingdom","https://dnb.com/business-directory/company-profiles/d-b-mclarnon-fire-protection-agency-ltd.d27a67e7ac3c7c8f070b5a33038ad76d"
931,"Shenzhen Jianbao Construction Engineerin...","Foundation, Structure, and Building Exterior Contractors","Parent","Shenzhen, Guangdong, China","https://dnb.com/business-directory/company-profiles/shenzhen-jianbao-construction-engineering-co-ltd.cb68264641039a759f00f26e9a605bcc"
