"#","Company","Industry","Type","Location","Profile URL"
"1","FIRE DOOR INSPECTION SOLUTIONS LIMITED","Architectural, Engineering, and Related Services","Subsidiary","CASTLEFORD, England, United Kingdom","https://dnb.com/business-directory/company-profiles/fire-door-inspection-solutions-limited.cfb13c08cc63a6e686a3f8f19b7de655"
"2","Brown Sprinkler Corporation","Building Equipment Contractors","Parent","Louisville, KY, United States","https://dnb.com/business-directory/company-profiles/brown-sprinkler-corporation.bcfbe55c5ff3cff431d4e73e02430832"
"3","JAPAN FIRE EQUIPMENT INSPECTION INSTITUT...","Civic and Social Organizations","Parent","CHOFU, TOKYO, Japan","https://dnb.com/business-directory/company-profiles/japan-fire-equipment-inspection-institute.d33db07bd048b13810251573b8a2eb72"
"4","Detect, Inc.","Building Equipment Contractors","Parent","Guilford, CT, United States","https://dnb.com/business-directory/company-profiles/detect-inc.ff7c9693ed8b7175c2e1f30a106a0c57"
"5","Guangdong Hongsheng Firefighting Facilit...","Building Equipment Contractors","Parent","Huizhou, Guangdong, China","https://dnb.com/business-directory/company-profiles/guangdong-hongsheng-firefighting-facility-inspection--testing-maintenance-coltd.023e83aa2688d05f77c546f1a6c007cf"
"6","Hunan Yujin Fire-fighting Technology Co....","Architectural, Engineering, and Related Services","Parent","Changsha, Hunan, China","https://dnb.com/business-directory/company-profiles/hunan-yujin-fire-fighting-technology-co-ltd.4f3ca1f6c52a2d0ce2cc248b827d8939"
"7","Fujian Heshun'an Fire-fighting Inspectio...","Residential Building Construction","Subsidiary","Ningde, Fujian, China","https://dnb.com/business-directory/company-profiles/fujian-heshunan-fire-fighting-inspection-and-testing-co-ltd.0bbfbf1d1ea3b3ec44836d3e15c332fd"
"8","OSAFE FIRE INSPECTION SDN. BHD.","Justice, Public Order, and Safety Activities","Independent","Bayan Lepas, Pulau Pinang, Malaysia","https://dnb.com/business-directory/company-profiles/osafe-fire-inspection-sdn-bhd.bfb0ad06a1075e4a215acab4f85a5815"
"9","Liaoning Ruicheng Fire-fighting Inspecti...","Business Support Services","Parent","Fushun, Liaoning, China","https://dnb.com/business-directory/company-profiles/liaoning-ruicheng-fire-fighting-inspection-and-testing-co-ltd.2d38b366e7d322b94600cfc89a7f368d"
"10","Zhejiang Lianyu Fire-fighting Inspection...","Other Specialty Trade Contractors","Parent","Hangzhou, Zhejiang, China","https://dnb.com/business-directory/company-profiles/zhejiang-lianyu-fire-fighting-inspection--testing-coltd.6b4a33de6eda7c04932a15eec0d209c9"
"11","Shenzhen Zhonghai Electric Fire-Fighting...","Ventilation, Heating, Air-Conditioning, and Commercial Refrigeration Equipment M...","Independent","Shenzhen, Guangdong, China","https://dnb.com/business-directory/company-profiles/shenzhen-zhonghai-electric-fire-fighting-safety-inspection-and-testing-co-ltd.fe8f5a0edf4d6823c58cde499bc80abe"
"12","Beijing Anhuayuan Fire-fighting Technolo...","Business Support Services","Parent","Beijing, Beijing, China","https://dnb.com/business-directory/company-profiles/beijing-anhuayuan-fire-fighting-technology-inspection-and-testing-co-ltd.41ef7f81393fd3b7eb3388ef504c42d8"
"13","Inner Mongolia Electric Fire-fighting Sa...","Other Professional, Scientific, and Technical Services","Subsidiary","Hohhot, Inner Mongolia, China","https://dnb.com/business-directory/company-profiles/inner-mongolia-electric-fire-fighting-safety-inspection-station-co-ltd.691ff615fe31fc4c6cf91f7958448d4e"
"14","Liaoning Shengyuan Fire-Fighting Inspect...","Building Equipment Contractors","Independent","Dalian, Liaoning, China","https://dnb.com/business-directory/company-profiles/liaoning-shengyuan-fire-fighting-inspection-and-testing-engineering-co-ltd.0be879aef916cda73a5ee7cbfcb44bf2"
"15","Hubei Baoping Fire-fighting Facility Ins...","Building Equipment Contractors","Independent","Wuxue, Hubei, China","https://dnb.com/business-directory/company-profiles/hubei-baoping-fire-fighting-facility-installation-inspection-and-testing-co-ltd.afae97ed04ec3549eae414fa836e2237"
"16","Guangdong Anxin Fire-Fighting Inspection...","Business Support Services","Parent","Dongguan, Guangdong, China","https://dnb.com/business-directory/company-profiles/guangdong-anxin-fire-fighting-inspection--testing-coltd.1f1e0f961fe416e4ea84806a10225eac"
"17","AL-RIMAL FOR TESTING ALARM SYSTEMS FIRE ...","Other Professional, Scientific, and Technical Services","Independent","Kirkuk, Kirkuk, Iraq","https://dnb.com/business-directory/company-profiles/al-rimal-for-testing-alarm-systems-fire-systems-and-equipment-and-engineering-inspection-limited.9e10b42558719c56b901f7de309a7be7"
"18","J Newton Enterprises, Inc.","Foundation, Structure, and Building Exterior Contractors","Parent","Inverness, FL, United States","https://dnb.com/business-directory/company-profiles/j-newton-enterprises-inc.719b2187ef4d9fc4973dbb6dbb1d1f87"
"19","Shaanxi Yahuawei Fire Equipment Co., Ltd","Machinery, Equipment, and Supplies Merchant Wholesalers","Independent","Baoji, Shaanxi, China","https://dnb.com/business-directory/company-profiles/shaanxi-yahuawei-fire-equipment-co-ltd.c35a9ecdac461a97aace5b155e419efc"
"20","Guangdong Guannan Fire-fighting Inspecti...","Residential Building Construction","Parent","Foshan, Guangdong, China","https://dnb.com/business-directory/company-profiles/guangdong-guannan-fire-fighting-inspection-and-testing-service-co-ltd.59f29b2ce6fa1597d2f65fd413bc6b85"
"21","Hebei Jinzhuosheng Fire-fighting Inspect...","Travel Arrangement and Reservation Services","Independent","Baoding, Hebei, China","https://dnb.com/business-directory/company-profiles/hebei-jinzhuosheng-fire-fighting-inspection-and-testing-co-ltd.15a57d210a9048d8f5485e14abff18b6"
"22","Liaoning Zhongtie Fire-Fighting Inspecti...","Professional and Commercial Equipment and Supplies Merchant Wholesalers","Independent","Shenyang, Liaoning, China","https://dnb.com/business-directory/company-profiles/liaoning-zhongtie-fire-fighting-inspection--testing-co-ltd.31d251749e2f77b9739124dd05cfe461"
"23","Henan Rui'an Fire-Fighting Facility Insp...","Lawn and Garden Equipment and Supplies Retailers","Parent","Zhengzhou, Henan, China","https://dnb.com/business-directory/company-profiles/henan-ruian-fire-fighting-facility-inspection--testing-coltd.72320d8e523cef9ced8767aa27ca89f6"
"24","Baoding Derui'an Fire-fighting Technolog...","Travel Arrangement and Reservation Services","Independent","Baoding, Hebei, China","https://dnb.com/business-directory/company-profiles/baoding-deruian-fire-fighting-technology-inspection-and-testing-co-ltd.b886de7ed89f9d7a01edbd64361c88e3"
"25","Guangdong Shu'an Electric Fire-fighting ...","Management, Scientific, and Technical Consulting Services","Independent","Shenzhen, Guangdong, China","https://dnb.com/business-directory/company-profiles/guangdong-shuan-electric-fire-fighting-safety-inspection-and-testing-co-ltd.b2c19458d0fb79acc8a590dc3b9a27a7"
"26","Liaoning Longtai Fire-fighting Inspectio...","Professional and Commercial Equipment and Supplies Merchant Wholesalers","Independent","Shenyang, Liaoning, China","https://dnb.com/business-directory/company-profiles/liaoning-longtai-fire-fighting-inspection-and-testing-co-ltd.2bddf0e3129e91da934e18980c7ed12a"
"27","Hunan Anke Engineering Group Co., Ltd.","Business Support Services","Parent","Changsha, Hunan, China","https://dnb.com/business-directory/company-profiles/hunan-anke-engineering-group-co-ltd.e98e4d63099c39c61601d2c2e72a607a"
"28","Henan Hongyu Fire-Fighting Inspection & ...","Business Support Services","Parent","Zhengzhou, Henan, China","https://dnb.com/business-directory/company-profiles/henan-hongyu-fire-fighting-inspection--testing-co-ltd.871fc71ecf2f1fa616ce6a09c9bafe7c"
"29","Fire Inspection Services Inc.","Other Support Services","Independent","Calgary, AB, Canada","https://dnb.com/business-directory/company-profiles/fire-inspection-services-inc.8e709c9fe0ed97a339b68d22b7646931"
"30","Jilin Shengan Jianzhu Fire-Fighting Faci...","Other Fabricated Metal Product Manufacturing","Subsidiary","Changchun, Jilin, China","https://dnb.com/business-directory/company-profiles/jilin-shengan-jianzhu-fire-fighting-facility-inspection--testing-co-ltd.e33427c13108170237b532cd9cabfaa1"
"31","Yangjiang Fire-Fighting Repairing Inspec...","Commercial and Industrial Machinery and Equipment (except Automotive and Electro...","Independent","Yangjiang, Guangdong, China","https://dnb.com/business-directory/company-profiles/yangjiang-fire-fighting-repairing-inspection--testing-department.274dab7bacd0a3e628bcebc506b5f914"
"32","Qingdao Tongcheng Office Fire-fighting S...","Machinery, Equipment, and Supplies Merchant Wholesalers","Subsidiary","Qingdao, Shandong, China","https://dnb.com/business-directory/company-profiles/qingdao-tongcheng-office-fire-fighting-safety-inspection-and-testing-co-ltd.48678ad3a1d823a19425d7183d78c8bc"
"33","Tieling Fengping Fire-fighting Facility ...","Business Support Services","Independent","Tieling, Liaoning, China","https://dnb.com/business-directory/company-profiles/tieling-fengping-fire-fighting-facility-inspection--testing-co-ltd.d4828b7fd4c2da0d11fd4b405a9a6077"
"34","Henan Xin'anli Fire Protection Technolog...","Business Support Services","Parent","Zhengzhou, Henan, China","https://dnb.com/business-directory/company-profiles/henan-xinanli-fire-protection-technology-co-ltd.3a52dda40fd6b0e66c2c9816a88c95c7"
"35","Wenzhou Jingcheng Electrical Fire Facili...","Other Professional, Scientific, and Technical Services","Parent","Wenzhou, Zhejiang, China","https://dnb.com/business-directory/company-profiles/wenzhou-jingcheng-electrical-fire-facilities-safety-inspection--co-ltd.a5496537e1b5defe5c295a7f682525b7"
"36","Hubei Construction Fire-fighting Facilit...","Other Specialty Trade Contractors","Parent","Wuhan, Hubei, China","https://dnb.com/business-directory/company-profiles/hubei-construction-fire-fighting-facility-inspection-and-testing-repairingcenterco-ltd.96ec0039006c2095c31b7b37f9f55bdc"
"37","JAEDS HOLDINGS LTD","Management of Companies and Enterprises","Parent","BIRMINGHAM, England, United Kingdom","https://dnb.com/business-directory/company-profiles/jaeds-holdings-ltd.588ff6f16a0f4b14fac8b9da00103afb"
"38","FIRE AND TECHNICAL INSPECTION BUREAU (PT...","Other Professional, Scientific, and Technical Services","Independent","CAPE TOWN, WESTERN CAPE, South Africa","https://dnb.com/business-directory/company-profiles/fire-and-technical-inspection-bureau-(pty)-ltd.fa1fddac7e90fb91b2ea0eb7af09001b"
"39","Zhejiang Yinghua Safety Technology Co., ...","Architectural, Engineering, and Related Services","Parent","Hangzhou, Zhejiang, China","https://dnb.com/business-directory/company-profiles/zhejiang-yinghua-safety-technology-co-ltd.cc5e9a03b37de7f861e4af4d0afe2963"
"40","Wuhan Hanxing Huadewei Fire Fighting Sec...","Rubber Product Manufacturing","Independent","Wuhan, Hubei, China","https://dnb.com/business-directory/company-profiles/wuhan-hanxing-huadewei-fire-fighting-security-detection-co-ltd.9457bcc9702d9b73060d1dcb4aded6b6"
"41","Shenzhen Hecheng Fire-Fighting Safety Te...","Business Support Services","Parent","Shenzhen, Guangdong, China","https://dnb.com/business-directory/company-profiles/shenzhen-hecheng-fire-fighting-safety-technology-inspection-and-testing-co-ltd-.29bfe1438281e131e2d2d182ce149fb3"
"42","Henan Shengze Fire-fighting Inspection A...","Business Support Services","Parent","Zhengzhou, Henan, China","https://dnb.com/business-directory/company-profiles/henan-shengze-fire-fighting-inspection-and-testing-technology-co-ltd.1c542811317685b39a6ca99338b7b5e5"
"43","Xianghe Huadun Fire-fighting Facility In...","Personal and Household Goods Repair and Maintenance","Independent","Langfang, Hebei, China","https://dnb.com/business-directory/company-profiles/xianghe-huadun-fire-fighting-facility-inspection-and-testing-service-co-ltd.84c894cd80be50c02edd07bddd00f24b"
"44","Yantai Dazhong Fire-fighting Maintenance...","Personal and Household Goods Repair and Maintenance","Independent","Yantai, Shandong, China","https://dnb.com/business-directory/company-profiles/yantai-dazhong-fire-fighting-maintenance-inspection-and-testing-co-ltd.c9ddd9c99e81f505867afc130d5e988f"
"45","Shaanxi Jinyuan Fire-fighting Inspection...","Specialty Food Retailers","Independent","Xi'an, Shaanxi, China","https://dnb.com/business-directory/company-profiles/shaanxi-jinyuan-fire-fighting-inspection--testing-maintenance-service-coltd.76faff625e02fa42ccea16f95676e856"
"46","Zhejiang Fang'an Fire-Fighting Inspectio...","Business Support Services","Independent","Jiaxing, Zhejiang, China","https://dnb.com/business-directory/company-profiles/zhejiang-fangan-fire-fighting-inspection--testing-coltd.21303629706e8cffeccd728e982eb592"
"47","Henan Hengxu Fire-fighting Inspection An...","Business Support Services","Independent","Zhengzhou, Henan, China","https://dnb.com/business-directory/company-profiles/henan-hengxu-fire-fighting-inspection-and-testing-technology-co-ltd.22434c8c96cd6d7dbb8e031097ad8a13"
"48","Xingtai Shunxin Fire-fighting Facility I...","Business Support Services","Independent","Xingtai, Hebei, China","https://dnb.com/business-directory/company-profiles/xingtai-shunxin-fire-fighting-facility-inspection-and-testing-co-ltd.a6f5583af8d789234bc89aa8205adbd4"
"49","Qinhuangdao Jiu'an Fire-fighting Enginee...","Business Support Services","Independent","Qinhuangdao, Hebei, China","https://dnb.com/business-directory/company-profiles/qinhuangdao-jiuan-fire-fighting-engineering-inspection-co-ltd.d1ee716c017f0f196ab2ae61ffc2561a"
"50","Beijing Huaqiang Zhengye Fire-Fighting I...","Architectural, Engineering, and Related Services","Subsidiary","Beijing, Beijing, China","https://dnb.com/business-directory/company-profiles/beijing-huaqiang-zhengye-fire-fighting-inspection--testing-coltd.c6e99a1ed37fc24f75388b5df6c5895a"
"51","Jilin Jinding Electric Firefighting Safe...","Machinery, Equipment, and Supplies Merchant Wholesalers","Parent","Songyuan, Jilin, China","https://dnb.com/business-directory/company-profiles/jilin-jinding-electric-firefighting-safety-inspection-and-testing-co-ltd.2628f5ecc2708918e2cb607fb3445e46"
"52","Fujian Liancheng Fire-fighting Inspectio...","Business Support Services","Independent","Xiamen, Fujian, China","https://dnb.com/business-directory/company-profiles/fujian-liancheng-fire-fighting-inspection--testing-coltd.5dbb83bc0f81a75c546adebe7364262a"
"53","Guangzhou Cheng'an Fire-fighting Inspect...","Building Finishing Contractors","Parent","Guangzhou, Guangdong, China","https://dnb.com/business-directory/company-profiles/guangzhou-chengan-fire-fighting-inspection-and-testing-technology-co-ltd.e3c9a2f250cbe1ca28d8697a8d7a928a"
"54","Hunan Mingyi Fire-fighting Safety Inspec...","Specialized Design Services","Independent","Changsha, Hunan, China","https://dnb.com/business-directory/company-profiles/hunan-mingyi-fire-fighting-safety-inspection-and-testing-co-ltd.cdda9b1f116f5444e63ec8c0a8992e25"
"55","Hebei Yilong Construction Supervision Co...","Business Support Services","Independent","Shijiazhuang, Hebei, China","https://dnb.com/business-directory/company-profiles/hebei-yilong-construction-supervision-co-ltd.a28e8c21d7daf47111674437a0e6546b"
"56","Henan Haolun Fire-fighting Inspection An...","Computer Systems Design and Related Services","Independent","Pingdingshan, Henan, China","https://dnb.com/business-directory/company-profiles/henan-haolun-fire-fighting-inspection-and-testing-technology-co-ltd.8f5fc6cc3d594edb8cd6af3976a62d28"
"57","Qinhuangdao Shuang'an Fire-Fighting Faci...","Business Support Services","Independent","Qinhuangdao, Hebei, China","https://dnb.com/business-directory/company-profiles/qinhuangdao-shuangan-fire-fighting-facility-inspection--testing-coltd.5267eed60ef5e82b037761d35fa795e2"
"58","Chongqing Shengyuanhe Fire-fighting Faci...","Business Support Services","Independent","Chongqing, Chongqing, China","https://dnb.com/business-directory/company-profiles/chongqing-shengyuanhe-fire-fighting-facility-inspection-and-testing-co-ltd.46beaffd2ee2615834ccdc5d2091a308"
"59","Vip Fire Safety Inspection And Preventio...","Other Professional, Scientific, and Technical Services","Independent","Vancouver, BC, Canada","https://dnb.com/business-directory/company-profiles/vip-fire-safety-inspection-and-prevention-inc.6488c4f1054b7e013a6691dc4bc0241f"
"60","Fire Inspection Services Ltd","Other Support Services","Independent","Burlington, ON, Canada","https://dnb.com/business-directory/company-profiles/fire-inspection-services-ltd.2ea7d86d545f89b2e347d2fa823e0391"
"61","Hebei Chongyuan Fire-fighting Inspection...","Business Support Services","Independent","Langfang, Hebei, China","https://dnb.com/business-directory/company-profiles/hebei-chongyuan-fire-fighting-inspection-and-testing-service-co-ltd.df0a5f523d52a6a12e305c63df220665"
"62","Sichuan Rongyi Fire-fighting Inspection ...","Business Support Services","Independent","Chengdu, Sichuan, China","https://dnb.com/business-directory/company-profiles/sichuan-rongyi-fire-fighting-inspection-and-testing-co-ltd.a4ea69ff3b47a175de8b143a629e145b"
"63","Sichuan Hongsheng Fire-fighting Inspecti...","Business Support Services","Independent","Chengdu, Sichuan, China","https://dnb.com/business-directory/company-profiles/sichuan-hongsheng-fire-fighting-inspection-and-testing-co-ltd.88ac83a7690173be18c8b345d3d377f8"
"64","Harbin Song'an Fire-fighting Facility In...","Business Support Services","Independent","Harbin, Heilongjiang, China","https://dnb.com/business-directory/company-profiles/harbin-songan-fire-fighting-facility-inspection-and-testing-co-ltd.cc6b462bd6dfb9798538d6d6c8e2aa5d"
"65","Fujian Jiyi Fire-fighting Inspection & T...","Business Support Services","Parent","Xiamen, Fujian, China","https://dnb.com/business-directory/company-profiles/fujian-jiyi-fire-fighting-inspection--testing-coltd.cc6606fdb1354a6057f390b0d8f87fbd"
"66","Fujian Zhong'ou Fire-fighting Inspection...","Business Support Services","Independent","Jianou, Fujian, China","https://dnb.com/business-directory/company-profiles/fujian-zhongou-fire-fighting-inspection-and-testing-co-ltd.6524fa4dda4a8ec18c5d1995bd2b582a"
"67","Fuzhou Rongze Fire-fighting Engineering ...","Business Support Services","Independent","Fuzhou, Fujian, China","https://dnb.com/business-directory/company-profiles/fuzhou-rongze-fire-fighting-engineering-inspection-co-ltd.c99b2525d1e39bb8d03dcab405d3e66b"
"68","Shandong Tiandun Fire-fighting Inspectio...","Business Support Services","Independent","Jinan, Shandong, China","https://dnb.com/business-directory/company-profiles/shandong-tiandun-fire-fighting-inspection-and-testing-co-ltd.3dbcddf97cb7185c43e083da56d68981"
"69","FIRE PROTECTION INSPECTION SERVICE PTY L...","Architectural, Engineering, and Related Services","Subsidiary","HOPE ISLAND, QUEENSLAND, Australia","https://dnb.com/business-directory/company-profiles/fire-protection-inspection-service-pty-ltd.d83bfb732f0cbceb1c44e1a563fcd681"
"70","Dongguan Yuzheng Fire-fighting Safety In...","Business Support Services","Independent","Dongguan, Guangdong, China","https://dnb.com/business-directory/company-profiles/dongguan-yuzheng-fire-fighting-safety-inspection-and-testing-co-ltd.fa18f4137f3c9e80be4731120655f9cc"
"71","Hebei Changlong Fire-fighting Inspection...","Business Support Services","Independent","Shijiazhuang, Hebei, China","https://dnb.com/business-directory/company-profiles/hebei-changlong-fire-fighting-inspection-and-testing-co-ltd.410adc0cc1a92956e6a92871eafc85c1"
"72","Chongqing Honghui Fire-fighting Inspecti...","Business Support Services","Independent","Chongqing, Chongqing, China","https://dnb.com/business-directory/company-profiles/chongqing-honghui-fire-fighting-inspection-and-testing-co-ltd.1acfc0f71154ab9ca8c40f55a93c282c"
"73","Sichuan Senwei Fire-fighting Facility In...","Business Support Services","Independent","Chengdu, Sichuan, China","https://dnb.com/business-directory/company-profiles/sichuan-senwei-fire-fighting-facility-inspection-and-testing-co-ltd.93499cb9308a1750abce33344cb65161"
"74","Guangxi Anshida Fire-fighting Inspection...","Business Support Services","Independent","Nanning, Guangxi, China","https://dnb.com/business-directory/company-profiles/guangxi-anshida-fire-fighting-inspection-and-testing-co-ltd.fbefa7a97ef81543539d058b37a92091"
"75","Hangzhou Boyi Fire-fighting Inspection A...","Business Support Services","Independent","Hangzhou, Zhejiang, China","https://dnb.com/business-directory/company-profiles/hangzhou-boyi-fire-fighting-inspection-and-testing-co-ltd.2af3042756ff4ff5893fbd1cf5bac13a"
"76","Liaoning Hongxin Automatic Firefighting ...","Business Support Services","Independent","Panjin, Liaoning, China","https://dnb.com/business-directory/company-profiles/liaoning-hongxin-automatic-firefighting-facility-inspection-and-testing-coltd.89c451214a8cb5d6a25c378bdc975028"
"77","Dalian Yishengyuan Fire-fighting Equipme...","Business Support Services","Independent","Dalian, Liaoning, China","https://dnb.com/business-directory/company-profiles/dalian-yishengyuan-fire-fighting-equipment-inspection-and-testing-co-ltd.9c5c0db2bd3af1c0a39afe60bf924e97"
"78","Shanghai Song'an Fire-fighting Inspectio...","Business Support Services","Independent","Shanghai, Shanghai, China","https://dnb.com/business-directory/company-profiles/shanghai-songan-fire-fighting-inspection-and-testing-co-ltd.57fc7127eeba18ea612d3a20dd97583a"
"79","Liaoning Fengyi Fire-fighting Inspection...","Business Support Services","Independent","Dandong, Liaoning, China","https://dnb.com/business-directory/company-profiles/liaoning-fengyi-fire-fighting-inspection-and-testing-co-ltd.1d7487fd0c0c596d5c4f52c314c86dce"
"80","Shanxi Lanzhong Commerce And Trade Co., ...","Other Miscellaneous Retailers","Independent","Shanxi Transformation Comprehensive Reform Demonstration, Shanxi, China","https://dnb.com/business-directory/company-profiles/shanxi-lanzhong-commerce-and-trade-co-ltd.92b78085c87bfcf6229fed8c683f6f49"
"81","Inner Mongolia Xinzhong Fire Fighting Sa...","Business Support Services","Parent","Hulun Buir, Inner Mongolia, China","https://dnb.com/business-directory/company-profiles/inner-mongolia-xinzhong-fire-fighting-safety-detection-co-ltd.f9926501f163dfbd2caee79403551f0f"
"82","Shandong Guangbo Fire-fighting Facility ...","Business Support Services","Independent","Jinan, Shandong, China","https://dnb.com/business-directory/company-profiles/shandong-guangbo-fire-fighting-facility-inspection-and-testing-co-ltd.843f3461657050674c6e46d4be3dd94f"
"83","Deyang Sanli Fire-fighting Facility Main...","Business Support Services","Independent","Deyang, Sichuan, China","https://dnb.com/business-directory/company-profiles/deyang-sanli-fire-fighting-facility-maintenance-inspection-and-testing-co-ltd.2cd2664c0c5dcf2ddf0507de3d3bd144"
"84","Sichuan Heping Shengshi Fire-fighting In...","Business Support Services","Independent","Chengdu, Sichuan, China","https://dnb.com/business-directory/company-profiles/sichuan-heping-shengshi-fire-fighting-inspection-and-testing-co-ltd.b2b1d005d4cac87c81d01423ecca7d4d"
"85","Liaoning Qianyu Fire-fighting Inspection...","Business Support Services","Independent","Panjin, Liaoning, China","https://dnb.com/business-directory/company-profiles/liaoning-qianyu-fire-fighting-inspection-and-testing-co-ltd.d7fe5636d95274a1b956ae9a3d3d6020"
"86","Liaoning Anyi Fire-fighting Technology I...","Business Support Services","Independent","Shenyang, Liaoning, China","https://dnb.com/business-directory/company-profiles/liaoning-anyi-fire-fighting-technology-inspection-and-testing-evaluation-co-ltd.e9c0068fcb03e66974faa71350ccfb74"
"87","Fujian Jindu Fire-fighting Facility Insp...","Business Support Services","Independent","Fuzhou, Fujian, China","https://dnb.com/business-directory/company-profiles/fujian-jindu-fire-fighting-facility-inspection-and-testing-co-ltd.8d6464a91834d50b02289898e5795af7"
"88","Fujian Zhongding Fire-fighting Inspectio...","Business Support Services","Independent","Quanzhou, Fujian, China","https://dnb.com/business-directory/company-profiles/fujian-zhongding-fire-fighting-inspection-and-testing-co-ltd.43df319ff36e06e4f3bf90f37b2338b2"
"89","Shandong Kaitian Fire-Fighting Inspectio...","Business Support Services","Independent","Jining, Shandong, China","https://dnb.com/business-directory/company-profiles/shandong-kaitian-fire-fighting-inspection-and-testing-co-ltd.516683f67153710273dcb086cbc93229"
"90","Zhoukou Jin'an Fire-fighting Engineering...","Business Support Services","Independent","Zhoukou, Henan, China","https://dnb.com/business-directory/company-profiles/zhoukou-jinan-fire-fighting-engineering-inspection-co-ltd.b82f793c1c75361f4a3769e3544212f8"
"91","Yantai Rongjin Fire-fighting Safety Insp...","Business Support Services","Independent","Yantai, Shandong, China","https://dnb.com/business-directory/company-profiles/yantai-rongjin-fire-fighting-safety-inspection-and-testing-co-ltd.d951b6565ce346628aaae4feed974166"
"92","Chengdu Chuanlian Fire-fighting Equipmen...","Business Support Services","Parent","Chengdu, Sichuan, China","https://dnb.com/business-directory/company-profiles/chengdu-chuanlian-fire-fighting-equipment-inspection-and-testing-co-ltd.57a663a23d0f0d438bca3d7faca2989b"
"93","A Fire Inspection Services Ltd","Household Appliances and Electrical and Electronic Goods Merchant Wholesalers","Independent","Hamilton, ON, Canada","https://dnb.com/business-directory/company-profiles/a-fire-inspection-services-ltd.4c4c7d042382fd64b4445ade17b6a27b"
"94","Guangdong Building Fire Facilities Inspe...","Business Support Services","Independent","Guangzhou, Guangdong, China","https://dnb.com/business-directory/company-profiles/guangdong-building-fire-facilities-inspection-center-co-ltd.99e5a71a6357e1ff6db5551073db3d9c"
"95","Weihai Wanhua Fire-fighting Inspection A...","Business Support Services","Independent","Weihai, Shandong, China","https://dnb.com/business-directory/company-profiles/weihai-wanhua-fire-fighting-inspection-and-testing-co-ltd.5d29bb9deb921ec3ddc3cff5aa752b2f"
"96","Zhuhai Lida Fire-fighting Equipment Insp...","Business Support Services","Independent","Zhuhai, Guangdong, China","https://dnb.com/business-directory/company-profiles/zhuhai-lida-fire-fighting-equipment-inspection-and-testing-co-ltd.8b448b826cdc57923b7d89987788521f"
"97","Guangdong Zhongbang Electric Fire-fighti...","Business Support Services","Independent","Guangzhou, Guangdong, China","https://dnb.com/business-directory/company-profiles/guangdong-zhongbang-electric-fire-fighting-safety-inspection-and-testing-co-ltd.ca5e6538dc1b1bd9ce1766aa92e0da47"
"98","Shandong Darong Fire-fighting Facility I...","Business Support Services","Independent","Heze, Shandong, China","https://dnb.com/business-directory/company-profiles/shandong-darong-fire-fighting-facility-inspection-and-testing-co-ltd.bed1a37c17d6ac9c564acd9d08f0719b"
"99","Shandong Hongxing Firefighting Facility ...","Business Support Services","Independent","Weifang, Shandong, China","https://dnb.com/business-directory/company-profiles/shandong-hongxing-firefighting-facility-inspection-and-testing-technologyservice-co-ltd.8f04dc6f9d5654cb184ab6a2b0d73001"
"100","Fujian Runhua Fire-fighting Inspection &...","Lawn and Garden Equipment and Supplies Retailers","Subsidiary","Quanzhou, Fujian, China","https://dnb.com/business-directory/company-profiles/fujian-runhua-fire-fighting-inspection--testing-co-ltd.e09e6675c526f2d33bf724bc2df83f7d"
"101","Guangdong Litong Fire-fighting Inspectio...","Business Support Services","Independent","Shenzhen, Guangdong, China","https://dnb.com/business-directory/company-profiles/guangdong-litong-fire-fighting-inspection-and-testing-co-ltd.e7465a0e3a9a01a858782c6e971f1666"
"102","Tianjin Yuancheng Fire Fighting Detectio...","Business Support Services","Independent","Tianjin, Tianjin, China","https://dnb.com/business-directory/company-profiles/tianjin-yuancheng-fire-fighting-detection-co-ltd.852c063cc7e6318ce7d5c5b6db8f343d"
"103","Sichuan Jinteng Fire-fighting Safety Ins...","Business Support Services","Independent","Nanchong, Sichuan, China","https://dnb.com/business-directory/company-profiles/sichuan-jinteng-fire-fighting-safety-inspection-and-testing-co-ltd.c64c9c1ad87a1a14eee579d197fc4522"
"104","Tangshan Weibang Fire-fighting Equipment...","Business Support Services","Independent","Tangshan, Hebei, China","https://dnb.com/business-directory/company-profiles/tangshan-weibang-fire-fighting-equipment-inspection-and-testing-co-ltd.8aca179503cc82c3def068e321c2c08b"
"105","Liaoning Xinsheng'an Fire-fighting Inspe...","Business Support Services","Independent","Shenyang, Liaoning, China","https://dnb.com/business-directory/company-profiles/liaoning-xinshengan-fire-fighting-inspection-and-testing-co-ltd.142e5cbc2d39e59b20f5c60b4a2c457a"
"106","Putian Dinggu Fire-fighting Inspection A...","Business Support Services","Independent","Putian, Fujian, China","https://dnb.com/business-directory/company-profiles/putian-dinggu-fire-fighting-inspection-and-testing-co-ltd.7f87bba19ab0b3bc913c95dba2fd19fd"
"107","Shandong Jiuhong Fire-fighting Inspectio...","Business Support Services","Independent","Dezhou, Shandong, China","https://dnb.com/business-directory/company-profiles/shandong-jiuhong-fire-fighting-inspection-and-testing-service-co-ltd.96c1e7e3c8d54c5285d743bd90a9fa15"
"108","Guangdong Xinrui'an Fire-fighting Inspec...","Business Support Services","Independent","Guangzhou, Guangdong, China","https://dnb.com/business-directory/company-profiles/guangdong-xinruian-fire-fighting-inspection-and-testing-maintenance-co-ltd.1dfa95cbde1cef32bb8f4b5987f43f7d"
"109","Zibo Jiu'an Fire-fighting Inspection And...","Business Support Services","Independent","Zibo, Shandong, China","https://dnb.com/business-directory/company-profiles/zibo-jiuan-fire-fighting-inspection-and-testing-co-ltd.4e8dc3824318ad83174d2c908381bd8b"
"110","Ganzhou Fire Point Cause Inspection, Cer...","Computer Systems Design and Related Services","Independent","Ganzhou, Jiangxi, China","https://dnb.com/business-directory/company-profiles/ganzhou-fire-point-cause-inspection-certification-and-evaluation-center-(limited-partnership).b7dead7a63ff957f96e994d61fa01a9f"
"111","Fujian Anhe Engineering Technology Co., ...","Business Support Services","Parent","Sanming, Fujian, China","https://dnb.com/business-directory/company-profiles/fujian-anhe-engineering-technology-co-ltd.1c99321789061bbf9bd44e5bfeafa6ed"
"112","Lankao County Huineng Fire-fighting Insp...","Business Support Services","Independent","Kaifeng, Henan, China","https://dnb.com/business-directory/company-profiles/lankao-county-huineng-fire-fighting-inspection-and-testing-co-ltd.e0bf341fa59b2d736615efad3fbb0b19"
"113","Qinhuangdao Anjia Fire-fighting Inspecti...","Business Support Services","Independent","Qinhuangdao, Hebei, China","https://dnb.com/business-directory/company-profiles/qinhuangdao-anjia-fire-fighting-inspection-and-testing-co-ltd.b01ea4087f964a70fc22a2465cdf473f"
"114","Tangshan Pu'en Fire-fighting Inspection ...","Business Support Services","Independent","Tangshan, Hebei, China","https://dnb.com/business-directory/company-profiles/tangshan-puen-fire-fighting-inspection-and-testing-co-ltd.ffdc9a6c80c0dd6b6f854798a96865d0"
"115","Taizhou Xinyuan Fire-fighting Inspection...","Business Support Services","Independent","Taizhou, Zhejiang, China","https://dnb.com/business-directory/company-profiles/taizhou-xinyuan-fire-fighting-inspection-and-testing-co-ltd.0476ca306c523c9fff6534df8bcd8286"
"116","Jiangxi Zhuokai Engineering Services Co....","Business Support Services","Independent","Ganzhou, Jiangxi, China","https://dnb.com/business-directory/company-profiles/jiangxi-zhuokai-engineering-services-co-ltd.674b979c5d07ad78c7482db5cc20c14a"
"117","Henan Jinguang Fire-fighting Facility Sa...","Business Support Services","Independent","Kaifeng, Henan, China","https://dnb.com/business-directory/company-profiles/henan-jinguang-fire-fighting-facility-safety-inspection-and-testing-co-ltd.3a8469e0da8f9a73ae6db1daf34d7b73"
"118","Foshan Fo'an Fire-fighting Inspection An...","Business Support Services","Independent","Foshan, Guangdong, China","https://dnb.com/business-directory/company-profiles/foshan-foan-fire-fighting-inspection-and-testing-maintenance-consulting-service-co-ltd.37cf3e78d70bf4468155e082d50ad951"
"119","Guangzhou Sihan Fire Fighting Weibao Det...","Business Support Services","Independent","Guangzhou, Guangdong, China","https://dnb.com/business-directory/company-profiles/guangzhou-sihan-fire-fighting-weibao-detection-co-ltd.0cfb37736b770df847782d4f70342c49"
"120","Jingzhou Zhuo'an Fire-fighting Facility ...","Business Support Services","Independent","Jingzhou, Hubei, China","https://dnb.com/business-directory/company-profiles/jingzhou-zhuoan-fire-fighting-facility-inspection-and-testing-maintenance-coltd.4d63fb93a0439b80b5186c4df0768723"
"121","Lida Fire-Fighting Inspection And Testin...","Business Support Services","Independent","Guangzhou, Guangdong, China","https://dnb.com/business-directory/company-profiles/lida-fire-fighting-inspection-and-testing-co-ltd.781a9e17d6f3c0aa1ecb8268114dcf16"
"122","Jiangsu Runsheng Fire-fighting Inspectio...","Business Support Services","Independent","Xuzhou, Jiangsu, China","https://dnb.com/business-directory/company-profiles/jiangsu-runsheng-fire-fighting-inspection-and-testing-service-co-ltd.be5a68f103d8710e65ae6dacd0f5e907"
"123","Guangdong Quanwei Construction Fire-figh...","Business Support Services","Subsidiary","Zhuhai, Guangdong, China","https://dnb.com/business-directory/company-profiles/guangdong-quanwei-construction-fire-fighting-facility-inspection-and-testing-co-ltd.3b59c0ffb93cbe3980953ef4f954f13c"
"124","Shenzhen Tian'an Electric Fire-fighting ...","Business Support Services","Parent","Shenzhen, Guangdong, China","https://dnb.com/business-directory/company-profiles/shenzhen-tianan-electric-fire-fighting-safety-inspection-and-testing-co-ltd.f65a08160dcc93184aaa59348d35458d"
"125","Sichuan Sai'an Fire-fighting Inspection ...","Business Support Services","Subsidiary","Chengdu, Sichuan, China","https://dnb.com/business-directory/company-profiles/sichuan-saian-fire-fighting-inspection-and-testing-co-ltd.2e373a89a46a009ef9b5ccdd09ee6c05"
"126","Tangshan Yongwei Fire-fighting Engineeri...","Business Support Services","Subsidiary","Tangshan, Hebei, China","https://dnb.com/business-directory/company-profiles/tangshan-yongwei-fire-fighting-engineering-inspection-co-ltd.a5738b140dda1ee91b1a70bb02ebc4e4"
"127","Sichuan Xindian Fire-fighting Equipment ...","Business Support Services","Parent","Chengdu, Sichuan, China","https://dnb.com/business-directory/company-profiles/sichuan-xindian-fire-fighting-equipment-inspection-and-testing-co-ltd.6432db4a93b863623fb4ae6dcaa9f89b"
"128","Hubei Chu'anning Fire-fighting Safety In...","Business Support Services","Parent","Wuhan, Hubei, China","https://dnb.com/business-directory/company-profiles/hubei-chuanning-fire-fighting-safety-inspection-and-testing-co-ltd.7a809b5dd7b6f1f0d861847d1f89ac16"
"129","Hubei Jinshuiwan Fire-fighting Inspectio...","Business Support Services","Subsidiary","Wuhan, Hubei, China","https://dnb.com/business-directory/company-profiles/hubei-jinshuiwan-fire-fighting-inspection-and-testing-co-ltd.46012e61422a06a11d896ecd490758eb"
"130","Shenyang Wanyi Fire-fighting Inspection ...","Business Support Services","Parent","Shenyang, Liaoning, China","https://dnb.com/business-directory/company-profiles/shenyang-wanyi-fire-fighting-inspection-and-testing-co-ltd.06af21825f6efa95d2048345df4c116d"
"131","Liaoning Huida Fire-fighting Engineering...","Business Support Services","Subsidiary","Benxi, Liaoning, China","https://dnb.com/business-directory/company-profiles/liaoning-huida-fire-fighting-engineering-inspection-co-ltd.d870ff1d6de6a920c4150c238788cc89"
"132","Guangdong Andi Security Service Co., Ltd","Business Support Services","Parent","Guangzhou, Guangdong, China","https://dnb.com/business-directory/company-profiles/guangdong-andi-security-service-co-ltd.addb9d2023a3babd6b7a84e16f87d811"
"133","Yantai Jinjunda Construction Engineering...","Business Support Services","Parent","Yantai, Shandong, China","https://dnb.com/business-directory/company-profiles/yantai-jinjunda-construction-engineering-co-ltd.9dd3ab5d97214f28fc1b17a69ba5a344"
"134","Shandong Anqiang Fire-fighting Facility ...","Business Support Services","Parent","Jinan, Shandong, China","https://dnb.com/business-directory/company-profiles/shandong-anqiang-fire-fighting-facility-inspection-and-testing-co-ltd.32adb36c03c1a532110ea4572e447709"
"135","Jiangsu Anwuyu Fire Inspection Service C...","Business Support Services","Subsidiary","Yangzhou, Jiangsu, China","https://dnb.com/business-directory/company-profiles/jiangsu-anwuyu-fire-inspection-service-co-ltd.b35080d65c6d00c88d5645216d50783f"
"136","Yunnan Guosheng Fire-Fighting Inspection...","Business Support Services","Parent","Kunming, Yunnan, China","https://dnb.com/business-directory/company-profiles/yunnan-guosheng-fire-fighting-inspection--testing-evaluation-coltd.7b7b58c3924263f5192902c9542db61c"
"137","Hangzhou Zhongjiu Fire-fighting Inspecti...","Business Support Services","Subsidiary","Hangzhou, Zhejiang, China","https://dnb.com/business-directory/company-profiles/hangzhou-zhongjiu-fire-fighting-inspection-and-testing-co-ltd.d6a60e33ce154e2cfbc656fd46c52a02"
"138","Hengye Fire Protection Technology Co., L...","Business Support Services","Parent","Hangzhou, Zhejiang, China","https://dnb.com/business-directory/company-profiles/hengye-fire-protection-technology-co-ltd.d7e95222badc95848c2e272242bf7474"
"139","Heilongjiang Fire-fighting Product Quali...","Business Support Services","Subsidiary","Harbin, Heilongjiang, China","https://dnb.com/business-directory/company-profiles/heilongjiang-fire-fighting-product-quality-supervision-and-inspection-centercoltd.dd17a73f4acc9333d9635963e8dae341"
"140","Huludao Zhong'an Fire-fighting Inspectio...","Business Support Services","Parent","Huludao, Liaoning, China","https://dnb.com/business-directory/company-profiles/huludao-zhongan-fire-fighting-inspection--testing-coltd.868925b0e9805abcf74e2355068c5532"
"141","Shaoguan Qingchang Fire-fighting Safety ...","Business Support Services","Parent","Shaoguan, Guangdong, China","https://dnb.com/business-directory/company-profiles/shaoguan-qingchang-fire-fighting-safety-inspection-and-testing-co-ltd.c2d74afba0782416fcaeb484e0295428"
"142","Cangzhou Hengding Fire-fighting Facility...","Business Support Services","Subsidiary","Cangzhou, Hebei, China","https://dnb.com/business-directory/company-profiles/cangzhou-hengding-fire-fighting-facility-inspection-and-testing-co-ltd.75cf28aee37af3466ef100c8e6c71cfc"
"143","Exquise Inc.","Navigational, Measuring, Electromedical, and Control Instruments Manufacturing","Independent","Detroit, MI, United States","https://dnb.com/business-directory/company-profiles/exquise-inc.2ad0fa67305bf5ad2fc98631b92a9afd"
"144","Fujian Yuancheng Fire Fighting Technolog...","Residential Building Construction","Independent","Zhangzhou, Fujian, China","https://dnb.com/business-directory/company-profiles/fujian-yuancheng-fire-fighting-technology-co-ltd.7882829b6ddcfb53b7a675604a2ae095"
"145","Shenzhen Zhongyuan Fire-fighting Electri...","Residential Building Construction","Independent","Shenzhen, Guangdong, China","https://dnb.com/business-directory/company-profiles/shenzhen-zhongyuan-fire-fighting-electric-safety-inspection-and-testing-coltd.7414f000798e57b3d21c1b682874bb03"
"146","Fujian Fuqi Fire-fighting Inspection & T...","Business Support Services","Parent","Xiamen, Fujian, China","https://dnb.com/business-directory/company-profiles/fujian-fuqi-fire-fighting-inspection--testing-coltd.60004128f27dcbdfa77ca817baf9c52a"
"147","Puwei Fire Inspection And Maintenance (s...","Personal and Household Goods Repair and Maintenance","Independent","Shanghai, Shanghai, China","https://dnb.com/business-directory/company-profiles/puwei-fire-inspection-and-maintenance-(shanghai)-co-ltd.b188f769e5a69bf1954058ee12e76044"
"148","Shanxi Yueping Fire Inspection and Maint...","Professional and Commercial Equipment and Supplies Merchant Wholesalers","Independent","Taiyuan, Shanxi, China","https://dnb.com/business-directory/company-profiles/shanxi-yueping-fire-inspection-and-maintenance-engineering-co-ltd.d265436cace036c60ff672d187a8d91f"
"149","ROAR FIRE INSPECTION & TESTING PTY LTD","Architectural, Engineering, and Related Services","Independent","MORNINGTON, VICTORIA, Australia","https://dnb.com/business-directory/company-profiles/roar-fire-inspection--testing-pty-ltd.e5fc57357a69463a2002497de2b33fc4"
"150","Liaoning Huajin Firefighting Engineering...","Professional and Commercial Equipment and Supplies Merchant Wholesalers","Parent","Fushun, Liaoning, China","https://dnb.com/business-directory/company-profiles/liaoning-huajin-firefighting-engineering-technology-inspection--testing-coltd.b494c8956f9ce9d5529852ade5c12204"
"151","Tianjin Chengzhu Construction Engineerin...","Machinery, Equipment, and Supplies Merchant Wholesalers","Independent","Tianjin, Tianjin, China","https://dnb.com/business-directory/company-profiles/tianjin-chengzhu-construction-engineering-co-ltd.ed3509fb742772e48ede9f45fbacc360"
"152","FIRE INSPECTION SERVICES PTY LTD","Architectural, Engineering, and Related Services","Independent","GLENMORE PARK, NEW SOUTH WALES, Australia","https://dnb.com/business-directory/company-profiles/fire-inspection-services-pty-ltd.0e002a32eea3c85b48ee1ff9f51001cc"
"153","Alberta Onsite Fire & Safety Inspection ...","Other Miscellaneous Retailers","Independent","Calgary, AB, Canada","https://dnb.com/business-directory/company-profiles/alberta-onsite-fire--safety-inspection-inc.45ed2664ac2fe0c07c3c148775f5649e"
"154","INDEPENDENT FIRE INSPECTIONS LTD","Justice, Public Order, and Safety Activities","Subsidiary","LINCOLN, England, United Kingdom","https://dnb.com/business-directory/company-profiles/independent-fire-inspections-ltd.f3d33c7af3385b214c6ba5eac7db2e46"
"155","Hubei Shengtai Fire-fighting Safety Insp...","Management, Scientific, and Technical Consulting Services","Independent","Wuhan, Hubei, China","https://dnb.com/business-directory/company-profiles/hubei-shengtai-fire-fighting-safety-inspection-and-testing-center-co-ltd.717d90c22586968a3863245d55384011"
"156","Quanzhou Shengyang Min'an Fire-fighting ...","Business Support Services","Independent","Quanzhou, Fujian, China","https://dnb.com/business-directory/company-profiles/quanzhou-shengyang-minan-fire-fighting-engineering-inspection-co-ltd.de16475f38cf3c9a9a00a3134fc72740"
"157","Hebei Guanglu Fire-fighting Facility Ins...","Business Support Services","Independent","Chengde, Hebei, China","https://dnb.com/business-directory/company-profiles/hebei-guanglu-fire-fighting-facility-inspection-and-testing-co-ltd.7d0baa06c9d7c17fc74ed8cee021e674"
"158","Hebei Tianyi'an Firefighting Inspection ...","Business Support Services","Independent","Langfang, Hebei, China","https://dnb.com/business-directory/company-profiles/hebei-tianyian-firefighting-inspection-and-testing-co-ltd.8d87bdcf5c2d1748800a7cca896719cb"
"159","Chongqing Tongrui Fire-fighting Inspecti...","Residential Building Construction","Independent","Chongqing, Chongqing, China","https://dnb.com/business-directory/company-profiles/chongqing-tongrui-fire-fighting-inspection-and-testing-co-ltd.8ef0945b7c25a5f8183a62c4b6d01915"
"160","Aztec Fire Protection","Building Equipment Contractors","Independent","Los Angeles, CA, United States","https://dnb.com/business-directory/company-profiles/aztec-fire-protection.239851f3e670598d953fbf90123b75f2"
"161","Zhejiang Huayu Fire-Fighting Inspection ...","Business Support Services","Parent","Lishui, Zhejiang, China","https://dnb.com/business-directory/company-profiles/zhejiang-huayu-fire-fighting-inspection--testing-co-ltd.a76d9411e2a481f253aa6748dfd269b0"
"162","Liaocheng Security Inspection Fire Equip...","Lawn and Garden Equipment and Supplies Retailers","Independent","Liaocheng, Shandong, China","https://dnb.com/business-directory/company-profiles/liaocheng-security-inspection-fire-equipment-co-ltd.27286cf7173e2f72bc8fb5ef0e9303f5"
"163","FIRE PROTECTION INSPECTION COMPANY PTY L...","Architectural, Engineering, and Related Services","Independent","MORNINGTON, VICTORIA, Australia","https://dnb.com/business-directory/company-profiles/fire-protection-inspection-company-pty-ltd.e3c9e57d2938c9f14b56bd12aa05e565"
"164","FENG TECHNICAL-INSPECTION CO., LTD.","Machinery, Equipment, and Supplies Merchant Wholesalers","Independent","Taipei City, Taipei, Taiwan","https://dnb.com/business-directory/company-profiles/feng-technical-inspection-co-ltd.fd4fce4d16152432c41badb2744b5d6d"
"165","Tongze Fire-Fighting Electric Equipment ...","Other Specialty Trade Contractors","Parent","Langfang, Hebei, China","https://dnb.com/business-directory/company-profiles/tongze-fire-fighting-electric-equipment-inspection--testing-co-ltd.0b6f9b2aad2e0863c3d840c69580f642"
"166","Qingdao Xihai'an Fire-fighting Safety In...","Specialty Food Retailers","Subsidiary","Qingdao, Shandong, China","https://dnb.com/business-directory/company-profiles/qingdao-xihaian-fire-fighting-safety-inspection-and-testing-co-ltd.e9bb555cd0c518de5ffb2b281f8ad9b2"
"167","Henan Jiexun Fire-fighting Inspection An...","Business Support Services","Parent","Zhengzhou, Henan, China","https://dnb.com/business-directory/company-profiles/henan-jiexun-fire-fighting-inspection-and-testing-co-ltd.69b84b45b4939e1dda61cc04181541ca"
"168","Hangzhou Gede Fire-fighting Inspection &...","Architectural, Engineering, and Related Services","Independent","Hangzhou, Zhejiang, China","https://dnb.com/business-directory/company-profiles/hangzhou-gede-fire-fighting-inspection--testing-co-ltd.1d5f77268ae572632c7867f91568cd4b"
"169","Liaoning Xinke Fire-fighting Engineering...","Architectural, Engineering, and Related Services","Independent","Anshan, Liaoning, China","https://dnb.com/business-directory/company-profiles/liaoning-xinke-fire-fighting-engineering-inspection-coltd.f4f01a5ac1d4f8e0b7430b1476908ae0"
"170","Hebei Guan'Ou Fire-Fighting Inspection A...","Other General Purpose Machinery Manufacturing","Independent","Shijiazhuang, Hebei, China","https://dnb.com/business-directory/company-profiles/hebei-guanou-fire-fighting-inspection-and-testing-technology-service-co-ltd.51f767e6b2e29c500fb6e6fe0e4c7e02"
"171","Guangdong Zhongke Construction Fire-figh...","Business Support Services","Parent","Zhongshan, Guangdong, China","https://dnb.com/business-directory/company-profiles/guangdong-zhongke-construction-fire-fighting-facility-inspection-andtestingcoltd.2ef44eec91a7f49067f65909a802ed1b"
"172","Hebei Rongtai Fire-Fighting Inspection A...","Business Support Services","Parent","Qinhuangdao, Hebei, China","https://dnb.com/business-directory/company-profiles/hebei-rongtai-fire-fighting-inspection-and-testing-technology-service-co-ltd.da784951496aa04fb912b6b13f36f731"
"173","Xining Haitong Fire-fighting Technology ...","Business Support Services","Parent","Xining, Qinghai, China","https://dnb.com/business-directory/company-profiles/xining-haitong-fire-fighting-technology-inspection--testing-coltd.7e47d06164ef20c0ca32ff6b98d50cd1"
"174","Jilin Ping'an Fire-fighting Electric Fac...","Architectural, Engineering, and Related Services","Independent","Changchun, Jilin, China","https://dnb.com/business-directory/company-profiles/jilin-pingan-fire-fighting-electric-facility-inspection--testing-co-ltd.ef2016a3c4949b5b1e815979b0747797"
"175","Ningxia Ningzhen Fire-fighting Technolog...","Architectural, Engineering, and Related Services","Independent","Yinchuan, Ningxia, China","https://dnb.com/business-directory/company-profiles/ningxia-ningzhen-fire-fighting-technology-inspection--testing-service-co-ltd.3b370cd6111f3bde959de55437c4da56"
"176","Guangxi Fire-Fighting Product Quality In...","Architectural, Engineering, and Related Services","Independent","Nanning, Guangxi, China","https://dnb.com/business-directory/company-profiles/guangxi-fire-fighting-product-quality-inspection-station.0979d9ee7ff67a0ad56e85d94670558c"
"177","ACHIEVING HORIZON GENERAL TRADE FIRE EQU...","Warehouse Clubs, Supercenters, and Other General Merchandise Retailers","Independent","Baghdad, Baghdad, Iraq","https://dnb.com/business-directory/company-profiles/achieving-horizon-general-trade-fire-equipment-alarm-installation--engineering-inspection-limited-liability-company.52abb5d1f4ca7b8ed0d3d4c98d75d57b"
"178","Tianjin Lingying Fire Inspection Co., Lt...","Business Support Services","Independent","Tianjin, Tianjin, China","https://dnb.com/business-directory/company-profiles/tianjin-lingying-fire-inspection-co-ltd.a813c8f20fc5eaf28256437d9a8401dc"
"179","Shaanxi Licheng Tai'an Fire Inspection C...","Business Support Services","Independent","Yulin, Shaanxi, China","https://dnb.com/business-directory/company-profiles/shaanxi-licheng-taian-fire-inspection-co-ltd.f79a89c59f107e0167a697d4ded14d16"
"180","Ningbo Zhe'an Fire Inspection Co., Ltd","Business Support Services","Independent","Yuyao, Zhejiang, China","https://dnb.com/business-directory/company-profiles/ningbo-zhean-fire-inspection-co-ltd.8197665bb5c16c69ddc06fe0768dc980"
"181","Chongqing Shannuo Fire Inspection Co., L...","Business Support Services","Independent","Chongqing, Chongqing, China","https://dnb.com/business-directory/company-profiles/chongqing-shannuo-fire-inspection-co-ltd.1738932b7303bd2a7ddbadd8c60e2370"
"182","Rongxian Rundongsheng Fire Inspection Co...","Business Support Services","Independent","Rong County, Guangxi, China","https://dnb.com/business-directory/company-profiles/rongxian-rundongsheng-fire-inspection-co-ltd.4923b8d6887ca10567dc1e565d633a79"
"183","Hebei Yuanfeng Fire-Fighting Inspection ...","Architectural, Engineering, and Related Services","Parent","Shijiazhuang, Hebei, China","https://dnb.com/business-directory/company-profiles/hebei-yuanfeng-fire-fighting-inspection--testing-co-ltd.2c78f00d88b1b098a293a3b981e72499"
"184","Qingdao Fujiu'an Fire-fighting Inspectio...","Other Personal Services","Independent","Qingdao, Shandong, China","https://dnb.com/business-directory/company-profiles/qingdao-fujiuan-fire-fighting-inspection-and-testing-co-ltd.627b4ccdd8395d45c1e0668d62148393"
"185","Henan Shengxin Fire-fighting Inspection ...","Business Support Services","Parent","Luohe, Henan, China","https://dnb.com/business-directory/company-profiles/henan-shengxin-fire-fighting-inspection-and-testing-co-ltd.2cf163f0d20ba699eda25a7fccc79f9b"
"186","Shanghai Yongjian Fire-fighting Engineer...","Business Support Services","Subsidiary","Shanghai, Shanghai, China","https://dnb.com/business-directory/company-profiles/shanghai-yongjian-fire-fighting-engineering-inspection-co-ltd.b595f5f2df332a76c6ff93dc9118c51c"
"187","FIRE INSPECTION SERVICES (VIC) PTY LTD","Architectural, Engineering, and Related Services","Independent","COBURG, VICTORIA, Australia","https://dnb.com/business-directory/company-profiles/fire-inspection-services-(vic)-pty-ltd.d3407f6c888cfcb6df3f11099f0a3cf5"
"188","Fujian Pingtan Lixi Fire-fighting Safety...","Architectural, Engineering, and Related Services","Independent","Fuzhou, Fujian, China","https://dnb.com/business-directory/company-profiles/fujian-pingtan-lixi-fire-fighting-safety-inspection-and-testing-co-ltd.a5ffc1c46139e7dd37e555d9cb063f8d"
"189","Guangdong Tianyi Construction Fire-fight...","Scientific Research and Development Services","Independent","Guangzhou, Guangdong, China","https://dnb.com/business-directory/company-profiles/guangdong-tianyi-construction-fire-fighting-safety-inspection-and-testing-co-l-td.ec14f9349b49e49e2c73bc2198c6140e"
"190","Jilin Enmin Fire-fighting Electric Safet...","Other Professional, Scientific, and Technical Services","Independent","Changchun, Jilin, China","https://dnb.com/business-directory/company-profiles/jilin-enmin-fire-fighting-electric-safety-inspection--testing-co-ltd.26198e972659a7a1d61d2598691f5955"
"191","Fujian Jing'an Fire-Fighting Inspection ...","Other Professional, Scientific, and Technical Services","Independent","Fuzhou, Fujian, China","https://dnb.com/business-directory/company-profiles/fujian-jingan-fire-fighting-inspection--testing-co-ltd.34da0f3c286ea1b43b705623654bbaca"
"192","Fire Box Inspection Services","Architectural, Engineering, and Related Services","Independent","Kanata, ON, Canada","https://dnb.com/business-directory/company-profiles/fire-box-inspection-services.b7bbad2918baae9ea0227c6a2d595d46"
"193","Hebei Huawei Fire-fighting Inspection An...","Business Support Services","Parent","Shijiazhuang, Hebei, China","https://dnb.com/business-directory/company-profiles/hebei-huawei-fire-fighting-inspection-and-testing-service-co-ltd.c079bd2dc3387f2fd37c89923dbb1610"
"194","Zhejiang Wenda Fire Fighting Technology ...","Business Support Services","Parent","Jiaxing, Zhejiang, China","https://dnb.com/business-directory/company-profiles/zhejiang-wenda-fire-fighting-technology-co-ltd.ec4158ec3f87c2da3558da2b16a1ed55"
"195","Shaanxi Fei'erwo Fire-Fighting Inspectio...","Business Support Services","Parent","Xi'an, Shaanxi, China","https://dnb.com/business-directory/company-profiles/shaanxi-feierwo-fire-fighting-inspection--testing-coltd.c470a92651db8d38778d02d4e5392cba"
"196","Suining Ruiheng Fire-fighting Facility I...","Business Support Services","Parent","Suining, Sichuan, China","https://dnb.com/business-directory/company-profiles/suining-ruiheng-fire-fighting-facility-inspection-and-testing-co-ltd.2db259d92d9dd039a56396809cafc6d5"
"197","Hebei Quanying Fire-fighting Inspection ...","Management, Scientific, and Technical Consulting Services","Subsidiary","Qinhuangdao, Hebei, China","https://dnb.com/business-directory/company-profiles/hebei-quanying-fire-fighting-inspection-and-testing-co-ltd.769d627780aabe51c5cabe8891e01441"
"198","NORTHERN FIRE INSPECTION INC.","Other Professional, Scientific, and Technical Services","Independent","Sacramento, CA, United States","https://dnb.com/business-directory/company-profiles/northern-fire-inspection-inc.5a0d08ebe5b54a6c9f3ea70f76243c60"
"199","Hebei Gaozi Fire-fighting Inspection And...","Hardware, and Plumbing and Heating Equipment and Supplies Merchant Wholesalers","Parent","Qinhuangdao, Hebei, China","https://dnb.com/business-directory/company-profiles/hebei-gaozi-fire-fighting-inspection-and-testing-technology-service-co-ltd.efdf69cf86154b81e6621d237c709c84"
"200","Heilongjiang Rui'an Fire-fighting Engine...","Other Professional, Scientific, and Technical Services","Independent","Daqing, Heilongjiang, China","https://dnb.com/business-directory/company-profiles/heilongjiang-ruian-fire-fighting-engineering-inspection-coltd.220526ec0269a56974c6357d61d55701"
"201","Yunnan Yongtai Fire-fighting Inspection ...","Architectural, Engineering, and Related Services","Parent","Kunming, Yunnan, China","https://dnb.com/business-directory/company-profiles/yunnan-yongtai-fire-fighting-inspection--testing-evaluation-co-ltd.ff1bb84d75a3a6d05d16416f4a7d14ab"
"202","Tibet Bei'an Fire-fighting Inspection An...","Residential Building Construction","Independent","Lhasa, Xizang, China","https://dnb.com/business-directory/company-profiles/tibet-beian-fire-fighting-inspection-and-testing-co-ltd.5cddd26225f5e6a2580f99c3cda136e3"
"203","Sichuan Jingyi Construction Fire-fightin...","Travel Arrangement and Reservation Services","Independent","Chengdu, Sichuan, China","https://dnb.com/business-directory/company-profiles/sichuan-jingyi-construction-fire-fighting-facility-inspection-and-testing-co-l-td.ebdb57ae8022f7e3bd811136dcfff2f9"
"204","Guangzhou Youbao Property Service Co., L...","Professional and Commercial Equipment and Supplies Merchant Wholesalers","Subsidiary","Guangzhou, Guangdong, China","https://dnb.com/business-directory/company-profiles/guangzhou-youbao-property-service-co-ltd.b034393eb2309e5c6960aa6d68eeaa5a"
"205","Henan Anguang Fire-fighting Inspection A...","Business Support Services","Parent","Zhengzhou, Henan, China","https://dnb.com/business-directory/company-profiles/henan-anguang-fire-fighting-inspection-and-testing-technology-co-ltd.a2c23164a8f8945489841e480e70f959"
"206","Hefei Huaping Fire-Fighting Facility Ins...","Other Professional, Scientific, and Technical Services","Parent","Hefei, Anhui, China","https://dnb.com/business-directory/company-profiles/hefei-huaping-fire-fighting-facility-inspection--testing-coltd.877684376b981883dd18b00a330de0aa"
"207","Pacific Fire Hydrant Inspection Service","Support Activities for Road Transportation","Independent","Nanaimo, BC, Canada","https://dnb.com/business-directory/company-profiles/pacific-fire-hydrant-inspection-service.964b0d147c9fafcc23ba2c535c720d90"
"208","Inner Mongolia Mengdong Electric Fire-fi...","Architectural, Engineering, and Related Services","Subsidiary","Chifeng, Inner Mongolia, China","https://dnb.com/business-directory/company-profiles/inner-mongolia-mengdong-electric-fire-fighting-safety-inspection--testing-coltd.6c3a4d28bd5b80d7af49409802525da8"
"209","Zhejiang Putai Fire Protection Technolog...","Architectural, Engineering, and Related Services","Subsidiary","Ningbo, Zhejiang, China","https://dnb.com/business-directory/company-profiles/zhejiang-putai-fire-protection-technology-co-ltd.aea59f86b1ab05ce914c9009a4f0aeea"
"210","Guangdong Zhengan Electrical Fire Safety...","Business Support Services","Parent","Guangzhou, Guangdong, China","https://dnb.com/business-directory/company-profiles/guangdong-zhengan-electrical-fire-safety-inspection-co-ltd.b18bdfa6adf4a45a91a9c9bf9fe22361"
"211","Hunan Jintai Fire Fighting Technology Co...","Other Professional, Scientific, and Technical Services","Parent","Changsha, Hunan, China","https://dnb.com/business-directory/company-profiles/hunan-jintai-fire-fighting-technology-co-ltd.833feaace4a39059bde5b99d227a090c"
"212","Sichuan Zhirui Electric Fire-fighting Sa...","Business Support Services","Parent","Chengdu, Sichuan, China","https://dnb.com/business-directory/company-profiles/sichuan-zhirui-electric-fire-fighting-safety-inspection-and-testing-co-ltd.611d8436dee77f9c3098dc84030b42fc"
"213","Henan Landun Fire-fighting Inspection An...","Business Support Services","Parent","Zhengzhou, Henan, China","https://dnb.com/business-directory/company-profiles/henan-landun-fire-fighting-inspection-and-testing-co-ltd.4ab70228f883b40b640c577cc36b4906"
"214","Liaoning Shou'an Fire Inspection Co., Lt...","Business Support Services","Parent","Huludao, Liaoning, China","https://dnb.com/business-directory/company-profiles/liaoning-shouan-fire-inspection-co-ltd.d2be223b3899af0232481cb53067e030"
"215","Henan Miaosen Engineering Technology Co....","Residential Building Construction","Independent","Zhoukou, Henan, China","https://dnb.com/business-directory/company-profiles/henan-miaosen-engineering-technology-co-ltd.5fb43f7f1e605b5dc6baa6f5717d11a8"
"216","Jiaxing Fire-Fighting Inspection & Testi...","Architectural, Engineering, and Related Services","Independent","Jiaxing, Zhejiang, China","https://dnb.com/business-directory/company-profiles/jiaxing-fire-fighting-inspection--testing-association.894b99c24e2bcf3464fdefa46ed2274e"
"217","PETER PEDERSEN","Architectural, Engineering, and Related Services","Independent","QUEENSLAND, Australia","https://dnb.com/business-directory/company-profiles/peter-pedersen.f11e7bd37cef44133acae92a43fc9c16"
"218","Yunhe County Jingyuan Fire-fighting Insp...","Agents and Managers for Artists, Athletes, Entertainers, and Other Public Figure...","Subsidiary","Lishui, Zhejiang, China","https://dnb.com/business-directory/company-profiles/yunhe-county-jingyuan-fire-fighting-inspection-and-testing-co-ltd.a4e2882ef3c0157d92be514c77c8da64"
"219","ANNE ARUNDEL FIRE INSPECTION, INC.","Investigation and Security Services","Independent","Glen Burnie, MD, United States","https://dnb.com/business-directory/company-profiles/anne-arundel-fire-inspection-inc.0f5fb48df88936be08d44056ca9268c1"
"220","Jilin Yihe Fire-fighting Inspection And ...","Business Support Services","Independent","Jilin, Jilin, China","https://dnb.com/business-directory/company-profiles/jilin-yihe-fire-fighting-inspection-and-testing-co-ltd.6f60e24111fa6b0fb92c01530d10f05e"
"221","Guangxi Chuang'an Fire Inspection Co., L...","Business Support Services","Independent","Hezhou, Guangxi, China","https://dnb.com/business-directory/company-profiles/guangxi-chuangan-fire-inspection-co-ltd.00be2ec39fc8d7a73e9cd4d93eabf874"
"222","Heze Haiyu Fire Inspection Co., Ltd","Business Support Services","Independent","Heze, Shandong, China","https://dnb.com/business-directory/company-profiles/heze-haiyu-fire-inspection-co-ltd.e816c6d6c242a47dd759797061632e74"
"223","Caoxian Weipan Fire Inspection Co., Ltd","Business Support Services","Independent","Heze, Shandong, China","https://dnb.com/business-directory/company-profiles/caoxian-weipan-fire-inspection-co-ltd.6e19d7fc6d843e80977a02ce529bbf81"
"224","Jinzhou Anyu Anjia Fire Inspection Co., ...","Business Support Services","Independent","Jinzhou, Liaoning, China","https://dnb.com/business-directory/company-profiles/jinzhou-anyu-anjia-fire-inspection-co-ltd.4815d50b652436013f5ec37771823644"
"225","Shaanxi Detai Anbang Fire Inspection Co....","Business Support Services","Independent","Yulin, Shaanxi, China","https://dnb.com/business-directory/company-profiles/shaanxi-detai-anbang-fire-inspection-co-ltd.f89bc0b5239ede3beee06b8b89eb7217"
"226","Changzhi Jinshun'an Fire Inspection And ...","Business Support Services","Independent","Changzhi, Shanxi, China","https://dnb.com/business-directory/company-profiles/changzhi-jinshunan-fire-inspection-and-maintenance-co-ltd.2ec445996b1ef8103140c9ccb4ada4fd"
"227","Linyi Feiting Fire Inspection Department...","Business Support Services","Independent","Linyi, Shandong, China","https://dnb.com/business-directory/company-profiles/linyi-feiting-fire-inspection-department-(sole-proprietorship).ec92c8b2a4cbd3f22bad4d76f19092dd"
"228","Sichuan Honglan Xindun Fire Inspection C...","Business Support Services","Independent","Chengdu, Sichuan, China","https://dnb.com/business-directory/company-profiles/sichuan-honglan-xindun-fire-inspection-co-ltd.021191a28fd93c38d035843a6700af0c"
"229","Shanghai Weisha Fire Inspection And Main...","Business Support Services","Independent","Shanghai, Shanghai, China","https://dnb.com/business-directory/company-profiles/shanghai-weisha-fire-inspection-and-maintenance-co-ltd.c1122b9388a0e93877300a192603c95f"
"230","Inner Mongolia Tianlong Firefighting Tec...","Machinery, Equipment, and Supplies Merchant Wholesalers","Independent","Hohhot, Inner Mongolia, China","https://dnb.com/business-directory/company-profiles/inner-mongolia-tianlong-firefighting-technology-consultation-co-ltd.fb445c06155638342dc835f20775eee2"
"231","Sichuan Xingkai Fire Inspection Co., Ltd","Business Support Services","Independent","Chengdu, Sichuan, China","https://dnb.com/business-directory/company-profiles/sichuan-xingkai-fire-inspection-co-ltd.07567ff63653651163d0ebfef4935534"
"232","Jilin An'an Fire Inspection Center (sole...","Business Support Services","Independent","Nongan County, Jilin, China","https://dnb.com/business-directory/company-profiles/jilin-anan-fire-inspection-center-(sole-proprietorship).c6b49f4f1f6e9992ba2d9bcc42e036b5"
"233","Liaoning Annual Inspection and Fire Test...","Business Support Services","Independent","Shenyang, Liaoning, China","https://dnb.com/business-directory/company-profiles/liaoning-annual-inspection-and-fire-testing-co-ltd.5ce16f63ce988ad6e39497d57b17a27b"
"234","Sichuan Xingxin Fire-fighting Maintenanc...","Individual and Family Services","Independent","Chengdu, Sichuan, China","https://dnb.com/business-directory/company-profiles/sichuan-xingxin-fire-fighting-maintenance-inspection-and-testing-technology-coltd.685d81253f257c30671fc976526b5e14"
"235","Sichuan Special Inspection Fire Safety T...","Business Support Services","Independent","Chengdu, Sichuan, China","https://dnb.com/business-directory/company-profiles/sichuan-special-inspection-fire-safety-technology-center-(limited-partnership).a868fd1ab1119654c3afa7de9be02ce3"
"236","Shenzhen Anzhi Electric Fire-fighting Sa...","Specialized Design Services","Independent","Shenzhen, Guangdong, China","https://dnb.com/business-directory/company-profiles/shenzhen-anzhi-electric-fire-fighting-safety-inspection-and-testing-co-ltd.e27890df471ee519cdcd725daa7b16fe"
"237","Jiangxi Yuxin Fire-fighting Facility Mai...","Business Support Services","Parent","Ji'an, Jiangxi, China","https://dnb.com/business-directory/company-profiles/jiangxi-yuxin-fire-fighting-facility-maintenance-inspection-and-testing-co-ltd.a54bf98c06558b8625334c7c50d1b25d"
"238","Jiangxi Mingxiang Fire-fighting Equipmen...","Residential Building Construction","Subsidiary","Shangrao, Jiangxi, China","https://dnb.com/business-directory/company-profiles/jiangxi-mingxiang-fire-fighting-equipment-inspection-and-testing-co-ltd.9b22e145e1368bdb1a018c4b7b620344"
"239","Henan Zhongbao Fire-fighting Facility In...","Residential Building Construction","Independent","Zhengzhou, Henan, China","https://dnb.com/business-directory/company-profiles/henan-zhongbao-fire-fighting-facility-inspection-and-testing-co-ltd.81af3510d896b9b3ecc996ae44ac412c"
"240","Wisconsin Fire Sprinkler Installation & ...","Building Equipment Contractors","Independent","New Berlin, WI, United States","https://dnb.com/business-directory/company-profiles/wisconsin-fire-sprinkler-installation--inspection-inc.82f75a3024653820c91e8c396436bf47"
"241","Jilin Huateng Fire-fighting Engineering ...","Other Specialty Trade Contractors","Independent","Jilin, Jilin, China","https://dnb.com/business-directory/company-profiles/jilin-huateng-fire-fighting-engineering-inspection-co-ltd.f62165388583204b0f33bfc4a4532ce5"
"242","Tibet Anke Fire-fighting Inspection & Te...","Business Support Services","Parent","Lhasa, Xizang, China","https://dnb.com/business-directory/company-profiles/tibet-anke-fire-fighting-inspection--testing-coltd.369fd3171910ddd66636fc942543b572"
"243","Peak Fire Extinguisher Inspection and Se...","Business Support Services","Independent","Aurora, CO, United States","https://dnb.com/business-directory/company-profiles/peak-fire-extinguisher-inspection-and-service-llc.5ce1aac22a2ea5e5f75da61818c8bee9"
"244","Guangxi Jiutaimao Fire-Fighting Inspecti...","Business Support Services","Independent","Beihai, Guangxi, China","https://dnb.com/business-directory/company-profiles/guangxi-jiutaimao-fire-fighting-inspection--testing-coltd.8b9240174ddb684948fbcf9ef4bea6fa"
"245","Fire Sprinkler Inspection Company, Inc.","Building Equipment Contractors","Independent","Roswell, GA, United States","https://dnb.com/business-directory/company-profiles/fire-sprinkler-inspection-company-inc.58f2c5f4ecf2f831ad639e6a79c6eb64"
"246","Tianjin Boyun Fire-fighting Inspection &...","Business Support Services","Independent","Tianjin, Tianjin, China","https://dnb.com/business-directory/company-profiles/tianjin-boyun-fire-fighting-inspection--testing-coltd.a1b1e3a5b366888ed6b2877e510c49a9"
"247","ADVANCED FIRE INSPECTION INC","Building Equipment Contractors","Independent","Norcross, GA, United States","https://dnb.com/business-directory/company-profiles/advanced-fire-inspection-inc.54bb286f12535d2c8402c120810d2833"
"248","Tianjin Jiu'ante Fire-fighting Engineeri...","Business Support Services","Independent","Tianjin, Tianjin, China","https://dnb.com/business-directory/company-profiles/tianjin-jiuante-fire-fighting-engineering-inspection-coltd.3a82107e4b3316537afc424b7f7a2a12"
"249","Chengde Changyuan Construction Engineeri...","Building Equipment Contractors","Independent","Chengde, Hebei, China","https://dnb.com/business-directory/company-profiles/chengde-changyuan-construction-engineering-co-ltd.03c9e39ba205c82b92dd09f5b2126ce6"
"250","FIRE DOOR INSPECTION SPECIALISTS LTD","Other Specialty Trade Contractors","Subsidiary","BIRMINGHAM, England, United Kingdom","https://dnb.com/business-directory/company-profiles/fire-door-inspection-specialists-ltd.39d41a2dc99dbe798cadee0dbcd2bbe8"
"251","Hebei Gongji Construction Fire-fighting ...","Business Support Services","Subsidiary","Zhuozhou, Hebei, China","https://dnb.com/business-directory/company-profiles/hebei-gongji-construction-fire-fighting-inspection-and-testing-co-ltd.6c11aa7b757d249074adbdd3c26eea46"
"252","Hebei Feitai Fire-fighting Facility Insp...","Business Support Services","Subsidiary","Shijiazhuang, Hebei, China","https://dnb.com/business-directory/company-profiles/hebei-feitai-fire-fighting-facility-inspection-and-testing-co-ltd.4b8ee9893220a55030bf49d19fe6538f"
"253","Zhejiang Yinyi Fire-Fighting Inspection ...","Business Support Services","Parent","Cixi, Zhejiang, China","https://dnb.com/business-directory/company-profiles/zhejiang-yinyi-fire-fighting-inspection-and-testing-co-ltd.24dd3937622cdf5ee8688f42e9c32fe5"
"254","Tangshan Jian'an Fire-fighting Inspectio...","Computer Systems Design and Related Services","Independent","Tangshan, Hebei, China","https://dnb.com/business-directory/company-profiles/tangshan-jianan-fire-fighting-inspection-and-testing-technology-co-ltd.99ca017108e6875218c854529e7dec07"
"255","Wuhan Construction Fire-fighting Facilit...","Residential Building Construction","Independent","Wuhan, Hubei, China","https://dnb.com/business-directory/company-profiles/wuhan-construction-fire-fighting-facility-inspection-station.2ec2e2cf4b0d9ef1fd1e64f50be813e4"
"256","Beijing Sanhe Yong'an Fire-Fighting Faci...","Other Professional, Scientific, and Technical Services","Independent","Beijing, Beijing, China","https://dnb.com/business-directory/company-profiles/beijing-sanhe-yongan-fire-fighting-facility-inspection--testing-coltd.069e0dd07aa50364625a308cdc1f10b5"
"257","Guangdong Weimin Electric Fire-fighting ...","Business Support Services","Independent","Shenzhen, Guangdong, China","https://dnb.com/business-directory/company-profiles/guangdong-weimin-electric-fire-fighting-inspection-and-testing-co-ltd.b81d2e3b88dd74e22b18582b5281b42d"
"258","FDIS LIMITED","Other Schools and Instruction","Independent","LONDON, England, United Kingdom","https://dnb.com/business-directory/company-profiles/fdis-limited.ec63ba0777493cf096bc0ccf4ad260b0"
"259","Shanxi Dong'an Huatong Construction Engi...","Business Support Services","Independent","Taiyuan, Shanxi, China","https://dnb.com/business-directory/company-profiles/shanxi-dongan-huatong-construction-engineering-co-ltd.98d1f4aa05185dba320590cec4405523"
"260","Guangzhou Daxiang Industry Development C...","Residential Building Construction","Independent","Guangzhou, Guangdong, China","https://dnb.com/business-directory/company-profiles/guangzhou-daxiang-industry-development-co-ltd.ced33e35946e5a6dfd7ab1e3ce56bb89"
"261","Guangdong Honghai Construction Fire-figh...","Business Support Services","Independent","Guangzhou, Guangdong, China","https://dnb.com/business-directory/company-profiles/guangdong-honghai-construction-fire-fighting-inspection-and-testing-co-ltd.a06a8e2ea0b283c6c2eff3b691af6ea9"
"262","Shaanxi Jiaqiang Fire-Fighting Inspectio...","Other Specialty Trade Contractors","Independent","Yulin, Shaanxi, China","https://dnb.com/business-directory/company-profiles/shaanxi-jiaqiang-fire-fighting-inspection--testing-maintenance-co-ltd.6e98ec4a4dab1b2935084c7bbdc9dd97"
"263","Fujian Longan Fire-fighting Engineering ...","Other Chemical Product and Preparation Manufacturing","Independent","Fuzhou, Fujian, China","https://dnb.com/business-directory/company-profiles/fujian-longan-fire-fighting-engineering-inspection-coltd.0df93c2020905995048146ee3deba0ea"
"264","Shandong Shengda Fire-fighting Facility ...","Business Support Services","Parent","Jinan, Shandong, China","https://dnb.com/business-directory/company-profiles/shandong-shengda-fire-fighting-facility-inspection-and-testing-co-ltd.5be4a07c62dddb9e2e7f4e3af27b9d1f"
"265","Shanxi Jinzerui Fire-fighting Inspection...","Business Support Services","Parent","Taiyuan, Shanxi, China","https://dnb.com/business-directory/company-profiles/shanxi-jinzerui-fire-fighting-inspection-and-testing-co-ltd.0a17d4e2847bb76b7c3fc7daf3fd5d69"
"266","Hunan Zhongkong Fire-fighting Inspection...","Business Support Services","Parent","Yueyang, Hunan, China","https://dnb.com/business-directory/company-profiles/hunan-zhongkong-fire-fighting-inspection-and-testing-co-ltd.8a1209c2d33dad64393467e568fc2e67"
"267","Sichuan Guojincheng Fire-fighting Equipm...","Business Support Services","Independent","Chengdu, Sichuan, China","https://dnb.com/business-directory/company-profiles/sichuan-guojincheng-fire-fighting-equipment-inspection-and-testing-co-ltd.95dd1798473aaeda004df93c7f31a9ac"
"268","Shandong Guorun Fire Inspection Co., Ltd","Residential Building Construction","Independent","Binzhou, Shandong, China","https://dnb.com/business-directory/company-profiles/shandong-guorun-fire-inspection-co-ltd.75c780e93aae45e98586c1aa64912f67"
"269","Zaozhuang Ningquan Fire Inspection Cente...","Business Support Services","Independent","Zaozhuang, Shandong, China","https://dnb.com/business-directory/company-profiles/zaozhuang-ningquan-fire-inspection-center-(sole-proprietorship).b92b45da00ed318618f3c6d6bbc6a5da"
"270","Anshan Security Inspection And Fire Prot...","Business Support Services","Independent","Haichen, Liaoning, China","https://dnb.com/business-directory/company-profiles/anshan-security-inspection-and-fire-protection-service-co-ltd.8b6fe65e382cd273facc49c2a7040744"
"271","Liaocheng Sen'an Fire Inspection Center ...","Business Support Services","Independent","Liaocheng, Shandong, China","https://dnb.com/business-directory/company-profiles/liaocheng-senan-fire-inspection-center-(sole-proprietorship).d859cf0b0a54532672995010a293d4f7"
"272","Rizhao Liancheng Fire Inspection Center ...","Business Support Services","Independent","Rizhao, Shandong, China","https://dnb.com/business-directory/company-profiles/rizhao-liancheng-fire-inspection-center-(sole-proprietorship).e473837cc539122a58e23c0bf5ce3ed0"
"273","Qisen Fire Inspection Center In Heze Cit...","Business Support Services","Independent","Heze, Shandong, China","https://dnb.com/business-directory/company-profiles/qisen-fire-inspection-center-in-heze-city-(sole-proprietorship).28bc2eb4ddcf5185d16663e30b6e6356"
"274","Henan Haiwei Inspection And Testing Co.,...","Business Support Services","Independent","Kunshan, Jiangsu, China","https://dnb.com/business-directory/company-profiles/henan-haiwei-inspection-and-testing-co-ltd-jiangsu-haizhicheng-branch.690c1f56768245d5750f7e92cf2be02d"
"275","Hebei Tian'an Fire-fighting Technology S...","Architectural, Engineering, and Related Services","Parent","Shijiazhuang, Hebei, China","https://dnb.com/business-directory/company-profiles/hebei-tianan-fire-fighting-technology-service-co-ltd.a495d1dd94c93e3b2dfc337a78ae6029"
"276","Beihai Fire-fighting Inspection & Testin...","Architectural, Engineering, and Related Services","Parent","Beihai, Guangxi, China","https://dnb.com/business-directory/company-profiles/beihai-fire-fighting-inspection--testing-service-center.b15522c7bece440066b047060aa10535"
"277","NORTHWEST FIRE INSPECTION SERVICES AND P...","Other Professional, Scientific, and Technical Services","Independent","Ferndale, WA, United States","https://dnb.com/business-directory/company-profiles/northwest-fire-inspection-services-and-professional-fire-protection-inc.9fdf3f7d39b6b0d7be409337750bb5bc"
"278","Hebei Tejin Fire Inspection Co., Ltd","Other Specialty Trade Contractors","Parent","Langfang, Hebei, China","https://dnb.com/business-directory/company-profiles/hebei-tejin-fire-inspection-co-ltd.c1b199721d345344368ee25041eed895"
"279","Chongqing Yijian Fire-fighting Inspectio...","Business Support Services","Independent","Chongqing, Chongqing, China","https://dnb.com/business-directory/company-profiles/chongqing-yijian-fire-fighting-inspection-and-testing-co-ltd.0717ccd3c53ef5a9d154c9944cb9078f"
"280","Baoding Qianming Fire-fighting Inspectio...","Machinery, Equipment, and Supplies Merchant Wholesalers","Independent","Baoding, Hebei, China","https://dnb.com/business-directory/company-profiles/baoding-qianming-fire-fighting-inspection-and-testing-co-ltd.b17bf636fa57691c3ad04e61536c1aa2"
"281","GREEN MOUNTAIN SPRINKLER INC","Building Equipment Contractors","Independent","Milton, VT, United States","https://dnb.com/business-directory/company-profiles/green-mountain-sprinkler-inc.ab7470d8d3bd450247dba97a88c4e089"
"282","Zibo Wende Fire Inspection Department (s...","Business Support Services","Independent","Zibo, Shandong, China","https://dnb.com/business-directory/company-profiles/zibo-wende-fire-inspection-department-(sole-proprietorship).a427d9fe3651f91bf167f4b434f8778d"
"283","Shuangyi Ze'an (dalian) Fire Inspection ...","Business Support Services","Independent","Dalian, Liaoning, China","https://dnb.com/business-directory/company-profiles/shuangyi-zean-(dalian)-fire-inspection-co-ltd.9ada35fc121cefe87920f0554a359018"
"284","Jingdun Intelligent Inspection Fire Prot...","Computer Systems Design and Related Services","Independent","Beijing, Beijing, China","https://dnb.com/business-directory/company-profiles/jingdun-intelligent-inspection-fire-protection-technology-(beijing)-co-ltd.13bccd5eeda724a34b993a01311645b8"
"285","Zibo Joint Defense Fire Inspection Depar...","Business Support Services","Independent","Zibo, Shandong, China","https://dnb.com/business-directory/company-profiles/zibo-joint-defense-fire-inspection-department-(sole-proprietorship).bd9234faaeec5a9817a446253731ef5d"
"286","Xizang Chicheng Fire Inspection And Test...","Business Support Services","Independent","Xigaze, Xizang, China","https://dnb.com/business-directory/company-profiles/xizang-chicheng-fire-inspection-and-testing-service-co-ltd.5354dc3e2e9cd449cbaae4bdba4fb409"
"287","Tai'an Shun'an Fire Inspection Center (s...","Business Support Services","Independent","Tai'an, Shandong, China","https://dnb.com/business-directory/company-profiles/taian-shunan-fire-inspection-center-(sole-proprietorship).6cbd3ea2b91738d359990c3aef47af42"
"288","Shenyang City Inspection And Fire Testin...","Business Support Services","Independent","Shenyang, Liaoning, China","https://dnb.com/business-directory/company-profiles/shenyang-city-inspection-and-fire-testing-co-ltd.18630b1eca321f5ca2f9866139962555"
"289","Sichuan Shunyu Fire-fighting Inspection ...","Business Support Services","Independent","Chengdu, Sichuan, China","https://dnb.com/business-directory/company-profiles/sichuan-shunyu-fire-fighting-inspection-and-testing-co-ltd.0f7655171413b35d020369f48c87850c"
"290","Guangdong Yuetong Fire-fighting Maintena...","Business Support Services","Independent","Guangzhou, Guangdong, China","https://dnb.com/business-directory/company-profiles/guangdong-yuetong-fire-fighting-maintenance-inspection-and-testing-co-ltd.c21db82dd082492bd3b754ae3761cfcb"
"291","Shaanxi Ducheng Fire-fighting Inspection...","Professional and Commercial Equipment and Supplies Merchant Wholesalers","Independent","Xi'an, Shaanxi, China","https://dnb.com/business-directory/company-profiles/shaanxi-ducheng-fire-fighting-inspection-and-testing-service-co-ltd.cc7627b3280b4f55f01f6d9ea9c10939"
"292","Shanxi Xinyi'An Fire-Fighting Technology...","Building Material and Supplies Dealers","Independent","Taiyuan, Shanxi, China","https://dnb.com/business-directory/company-profiles/shanxi-xinyian-fire-fighting-technology-inspection--testing-co-ltd.cc02f960ec15146cbab7e700708bb6ec"
"293","Distribution Bumper Pro Inc","Machinery, Equipment, and Supplies Merchant Wholesalers","Independent","Montréal, QC, Canada","https://dnb.com/business-directory/company-profiles/distribution-bumper-pro-inc.1af3a19d06238019fbd6d4d6bac0abf6"
"294","Hebei Jietai Fire-fighting Inspection An...","Business Support Services","Independent","Baoding, Hebei, China","https://dnb.com/business-directory/company-profiles/hebei-jietai-fire-fighting-inspection-and-testing-technology-service-co-ltd.665d892e5fe1bb17d72d3506f511e86d"
"295","Zibo Yongxin Fire-Fighting Inspection & ...","Business Support Services","Independent","Zibo, Shandong, China","https://dnb.com/business-directory/company-profiles/zibo-yongxin-fire-fighting-inspection--testing-coltd.9097477292c0ad7d515fda76baf2238f"
"296","Hubei Guoxin Fire-fighting Product Inspe...","Business Support Services","Subsidiary","Ezhou, Hubei, China","https://dnb.com/business-directory/company-profiles/hubei-guoxin-fire-fighting-product-inspection-and-testing-technology-co-ltd.7b9846f28317443b85eb36b6f65677e7"
"297","Henan Dian'an Fire-Fighting Facility Ins...","Business Support Services","Independent","Zhengzhou, Henan, China","https://dnb.com/business-directory/company-profiles/henan-dianan-fire-fighting-facility-inspection--testing-co-ltd.0e9d4b1a27e5cc98c28900a4241cd30a"
"298","Daqing Haoxin Fire-Fighting Safety Facil...","Motor Vehicle Parts Manufacturing","Parent","Daqing, Heilongjiang, China","https://dnb.com/business-directory/company-profiles/daqing-haoxin-fire-fighting-safety-facility-inspection--testing-co-ltd.44845d92cd43f7d9a835bcc8fa39e929"
"299","Henan Anjun Fire-fighting Inspection And...","Business Support Services","Independent","Zhengzhou, Henan, China","https://dnb.com/business-directory/company-profiles/henan-anjun-fire-fighting-inspection-and-testing-technology-co-ltd.3dfd7e9ce293a42338e39fb63f3e972c"
"300","Liaoning Tianmiao Fire-fighting Safety T...","Business Support Services","Independent","Dalian, Liaoning, China","https://dnb.com/business-directory/company-profiles/liaoning-tianmiao-fire-fighting-safety-technology-inspection-and-testing-co-ltd.0407036fdfe9392fedc17514e18314bf"
"301","Hebei Fengtai Fire-fighting Facility Ins...","Business Support Services","Independent","Handan, Hebei, China","https://dnb.com/business-directory/company-profiles/hebei-fengtai-fire-fighting-facility-inspection-and-testing-co-ltd.9a409d7ff890be81c70f2bd7d31fa3e4"
"302","Mudanjiang Anshun Fire-fighting Facility...","Business Support Services","Independent","Mudanjiang, Heilongjiang, China","https://dnb.com/business-directory/company-profiles/mudanjiang-anshun-fire-fighting-facility-inspection--testing-coltd.9e5e0a44b4cef10a3f75b8ccf8dcfeab"
"303","Hebei Guande Fire-fighting Facility Insp...","Business Support Services","Independent","Langfang, Hebei, China","https://dnb.com/business-directory/company-profiles/hebei-guande-fire-fighting-facility-inspection-and-testing-co-ltd.ccbf5838d4e605b360af48a1b0f5a6f5"
"304","Shanxi Boheng Fire-fighting Facility Ins...","Other Professional, Scientific, and Technical Services","Parent","Taiyuan, Shanxi, China","https://dnb.com/business-directory/company-profiles/shanxi-boheng-fire-fighting-facility-inspection--testing-service-co-ltd.3b9a11f984f3da8945127405d767df89"
"305","Changzhou Hongyu Fire-fighting Inspectio...","Business Support Services","Independent","Changzhou, Jiangsu, China","https://dnb.com/business-directory/company-profiles/changzhou-hongyu-fire-fighting-inspection--testing-coltd.a5392eef4dc99b3a68fc9c282f6c0e94"
"306","Hebei Sanjian Fire-Fighting Facility Ins...","Business Support Services","Independent","Cangzhou, Hebei, China","https://dnb.com/business-directory/company-profiles/hebei-sanjian-fire-fighting-facility-inspection--testing-coltd.7b6926f5c915c84ceb8ad5bb7f0c02f4"
"307","Hebei Chenyuan Fire-fighting Inspection ...","Business Support Services","Independent","Xingtai, Hebei, China","https://dnb.com/business-directory/company-profiles/hebei-chenyuan-fire-fighting-inspection-and-testing-co-ltd.9806ec555b0e22478e70fac67ca29aa3"
"308","Guangzhou Jundeli Fire-fighting Facility...","Drugs and Druggists' Sundries Merchant Wholesalers","Independent","Guangzhou, Guangdong, China","https://dnb.com/business-directory/company-profiles/guangzhou-jundeli-fire-fighting-facility-inspection-and-testing-co-ltd.27b51b323f95a20efcd928cc29d7d27e"
"309","Hangzhou Jingcheng Fire-Fighting Inspect...","Architectural, Engineering, and Related Services","Independent","Hangzhou, Zhejiang, China","https://dnb.com/business-directory/company-profiles/hangzhou-jingcheng-fire-fighting-inspection--testing-co-ltd.ead2bbcfe32ba084542280e7114b77da"
"310","Chongqing Yongqin Fire-fighting Engineer...","Business Support Services","Independent","Chongqing, Chongqing, China","https://dnb.com/business-directory/company-profiles/chongqing-yongqin-fire-fighting-engineering-inspection-co-ltd.e232779948e522c344e17875abef48ec"
"311","Shangrao Jing'an Fire-fighting Inspectio...","Other Specialty Trade Contractors","Independent","Shangrao, Jiangxi, China","https://dnb.com/business-directory/company-profiles/shangrao-jingan-fire-fighting-inspection-and-testing-technology-service-center.c02c3d6ae2d59c0daf8a3858cf104ed3"
"312","FIRE INSPECTION SERVICES LLC","Other Professional, Scientific, and Technical Services","Independent","Wheat Ridge, CO, United States","https://dnb.com/business-directory/company-profiles/fire-inspection-services-llc.3a1dd7545a568ace291924e5eeb439a6"
"313","Chengde Tee Fire-fighting Inspection And...","Business Support Services","Parent","Chengde, Hebei, China","https://dnb.com/business-directory/company-profiles/chengde-tee-fire-fighting-inspection-and-testing-co-ltd.42fe2fbc352b162a78caaa32683a0d95"
"314","Sichuan An'erte Construction Firefightin...","Business Support Services","Parent","Chengdu, Sichuan, China","https://dnb.com/business-directory/company-profiles/sichuan-anerte-construction-firefighting-safety-inspection-and-testing-coltd.823810c9e8fe071803afbe7285ad8393"
"315","Huizhou Anfu Electric Fire-fighting Safe...","Business Support Services","Parent","Huizhou, Guangdong, China","https://dnb.com/business-directory/company-profiles/huizhou-anfu-electric-fire-fighting-safety-inspection-and-testing-co-ltd.a45b17accabf786cb4efea9fa92ba4bf"
"316","Beijing Jing'an Guoshun Electric Fire Fi...","Business Support Services","Parent","Beijing, Beijing, China","https://dnb.com/business-directory/company-profiles/beijing-jingan-guoshun-electric-fire-fighting-safety-inspection-and-surveyingstation.ae6d60f9e5f3ea0ffc1d03d200210b1d"
"317","Shaanxi Zhiwan Fire-fighting Facility In...","Business Support Services","Parent","Xi'an, Shaanxi, China","https://dnb.com/business-directory/company-profiles/shaanxi-zhiwan-fire-fighting-facility-inspection-and-testing-co-ltd.6b21e2956145e9819b22d1473ddb402c"
"318","Mingjia Fire Inspection And Maintenance ...","Business Support Services","Subsidiary","Shanghai, Shanghai, China","https://dnb.com/business-directory/company-profiles/mingjia-fire-inspection-and-maintenance-(shanghai)-co-ltd.ed9eed4d0ba67eb94f03d312a690b5cf"
"319","Henan Hongtai Fire-fighting Equipment In...","Business Support Services","Parent","Zhengzhou, Henan, China","https://dnb.com/business-directory/company-profiles/henan-hongtai-fire-fighting-equipment-inspection-and-testing-technology-co-ltd.199d98ada0a2a98a7efc0d49142cf865"
"320","Ping'an Fire-fighting Inspection And Tes...","Business Support Services","Subsidiary","Guangzhou, Guangdong, China","https://dnb.com/business-directory/company-profiles/pingan-fire-fighting-inspection-and-testing-(guangzhou)-co-ltd.c2a55a35cc20dd4627392dd4346bd241"
"321","Sichuan Chuanyun Zhaoxiao Fire Inspectio...","Office Administrative Services","Independent","Chengdu, Sichuan, China","https://dnb.com/business-directory/company-profiles/sichuan-chuanyun-zhaoxiao-fire-inspection-co-ltd.636d5c61f18b388b7f6ca8bd17b9069c"
"322","Shenzhen Anshun Electric Fire-fighting S...","Business Support Services","Independent","Shenzhen, Guangdong, China","https://dnb.com/business-directory/company-profiles/shenzhen-anshun-electric-fire-fighting-safety-inspection-and-testing-co-ltd.e673ebbb59d596943dcaa9f3ac1c9703"
"323","Guangdong Yicheng Safety Technical Servi...","Business Support Services","Independent","Huizhou, Guangdong, China","https://dnb.com/business-directory/company-profiles/guangdong-yicheng-safety-technical-service-co-ltd.0624b5d122cb1c52df90defe0363ea3b"
"324","Hubei Batu Wei'an Fire-fighting Equipmen...","Business Support Services","Independent","Wuhan, Hubei, China","https://dnb.com/business-directory/company-profiles/hubei-batu-weian-fire-fighting-equipment-inspection-and-testing-service-co-ltd.dc8b8f1e8dd9b5ca004d74ea3532c3ae"
"325","Sichuan Liyou Fire-fighting Electric Ins...","Business Support Services","Independent","Chengdu, Sichuan, China","https://dnb.com/business-directory/company-profiles/sichuan-liyou-fire-fighting-electric-inspection-and-testing-co-ltd.0e19b944928338439b06c651b7c63842"
"326","Shanxi Tongce Fire-fighting Inspection &...","Architectural, Engineering, and Related Services","Independent","Taiyuan, Shanxi, China","https://dnb.com/business-directory/company-profiles/shanxi-tongce-fire-fighting-inspection--testing-co-ltd.fe10dc79b6e368c8787f8944df108340"
"327","Hebei An'an Fire-fighting Facility Inspe...","Business Support Services","Independent","Langfang, Hebei, China","https://dnb.com/business-directory/company-profiles/hebei-anan-fire-fighting-facility-inspection-and-testing-technology-service-co-ltd.0303872248a6bbf6b918ec422d131981"
"328","Tangshan Jinzheng Fire-fighting Equipmen...","Business Support Services","Independent","Tangshan, Hebei, China","https://dnb.com/business-directory/company-profiles/tangshan-jinzheng-fire-fighting-equipment-inspection-and-testing-co-ltd.c9a2a9bad64d8241501cf64d8dbddbde"
"329","Henan Yong'an Electric Fire-Fighting Ins...","Architectural, Engineering, and Related Services","Independent","Zhengzhou, Henan, China","https://dnb.com/business-directory/company-profiles/henan-yongan-electric-fire-fighting-inspection--testing-co-ltd.e8efcae7ac24c22833ab41bb45e7af48"
"330","Shanxi Smart Fire Inspection And Evaluat...","Business Support Services","Independent","Shuozhou, Shanxi, China","https://dnb.com/business-directory/company-profiles/shanxi-smart-fire-inspection-and-evaluation-technology-service-co-ltd.8670e147f5b72b241bdf20bd567bded2"
"331","Guangdong Yixin Fire-fighting Electric S...","Business Support Services","Independent","Shantou, Guangdong, China","https://dnb.com/business-directory/company-profiles/guangdong-yixin-fire-fighting-electric-safety-inspection--testing-center-ltd.82647ff8ea88076b1e431fc759e177e8"
"332","Sichuan Zhixin Construction Fire-fightin...","Business Support Services","Independent","Chengdu, Sichuan, China","https://dnb.com/business-directory/company-profiles/sichuan-zhixin-construction-fire-fighting-inspection-and-testing-co-ltd.c49d33eef0fe94aef705ef172c29170a"
"333","Hainan Meng'antai Fire-fighting Safety I...","Business Support Services","Independent","Haikou, Hainan, China","https://dnb.com/business-directory/company-profiles/hainan-mengantai-fire-fighting-safety-inspection-and-testing-co-ltd.019a8cf2b498f22fef6813b089fc22a3"
"334","Inspectie, Test en Onderhoud B.V.","Architectural, Engineering, and Related Services","Subsidiary","Werkendam, Noord-Brabant, Netherlands","https://dnb.com/business-directory/company-profiles/inspectie-test-en-onderhoud-bv.1e51e87d456fd0dc40b073566b553011"
"335","NEPTUNE FIRE INSPECTION AND GAS (PTY) LT...","Management, Scientific, and Technical Consulting Services","Independent","DURBAN, KWA-ZULU NATAL, South Africa","https://dnb.com/business-directory/company-profiles/neptune-fire-inspection-and-gas-(pty)-ltd.37a9496cbb20bd6da83393cd52178a1d"
"336","Yunnan Tianrui Fire-fighting Inspection ...","Architectural, Engineering, and Related Services","Independent","Kunming, Yunnan, China","https://dnb.com/business-directory/company-profiles/yunnan-tianrui-fire-fighting-inspection--testing-evaluation-co-ltd.9c12b5c046e959dfc382a8d886c34fca"
"337","Jiangsu Longyuan Electric Co., Ltd.","Business Support Services","Independent","Taizhou, Jiangsu, China","https://dnb.com/business-directory/company-profiles/jiangsu-longyuan-electric-co-ltd.1cd0cbe4685a51ae5c18dfd69071b0a0"
"338","Xinyi Guotai Fire-fighting Inspection & ...","Personal and Household Goods Repair and Maintenance","Independent","Xinyi, Jiangsu, China","https://dnb.com/business-directory/company-profiles/xinyi-guotai-fire-fighting-inspection--testing-repairing-coltd.150ab88adf06265539261ac1fd72cfa4"
"339","Heilongjiang Xingrun Fire Fighting Facil...","Architectural, Engineering, and Related Services","Independent","Harbin, Heilongjiang, China","https://dnb.com/business-directory/company-profiles/heilongjiang-xingrun-fire-fighting-facilities-inspection-co-ltd.624c8afebe343ae4b14ea12f10131ad6"
"340","FIRST CALL 24/7 INC.","Personal and Household Goods Repair and Maintenance","Independent","Davie, FL, United States","https://dnb.com/business-directory/company-profiles/first-call-24-7-inc.53554e6284f37359f657c4173359878f"
"341","Shenzhen Guang'an Electric Fire-fighting...","Household Appliances and Electrical and Electronic Goods Merchant Wholesalers","Independent","Shenzhen, Guangdong, China","https://dnb.com/business-directory/company-profiles/shenzhen-guangan-electric-fire-fighting-safety-inspection-and-testing-co-ltd.77831790f82434f6db511296c8effe6a"
"342","Hebei Xiaoyi Fire-fighting Inspection An...","Business Support Services","Independent","Baoding, Hebei, China","https://dnb.com/business-directory/company-profiles/hebei-xiaoyi-fire-fighting-inspection-and-testing-co-ltd.586bb2be00017db390d90e2dd507c650"
"343","Jilin Huiyang Inspection And Testing Co....","Architectural, Engineering, and Related Services","Independent","Jilin, China","https://dnb.com/business-directory/company-profiles/jilin-huiyang-inspection-and-testing-co-ltd.8d7e20637dc2fc50944c5f4e2de25818"
"344","Jiaxing Junzheng Ecological Technology C...","Business Support Services","Subsidiary","Jiaxing, Zhejiang, China","https://dnb.com/business-directory/company-profiles/jiaxing-junzheng-ecological-technology-co-ltd.8e7c0c9e390da7aae059f7fedbd228af"
"345","Liaoning Liancheng Fire-fighting Enginee...","Residential Building Construction","Independent","Shenyang, Liaoning, China","https://dnb.com/business-directory/company-profiles/liaoning-liancheng-fire-fighting-engineering-inspection-co-ltd.afb7965bfa951f09519fcce719ab1f95"
"346","Guangxi Heng'an Fire-fighting Inspection...","Other Personal Services","Independent","Wuzhou, Guangxi, China","https://dnb.com/business-directory/company-profiles/guangxi-hengan-fire-fighting-inspection--testing-co-ltd.d1bb5ecbebfb580888d3d28a894455cc"
"347","Beijing Zhongtianjianke Fire-Fighting Sa...","Business Support Services","Independent","Beijing, Beijing, China","https://dnb.com/business-directory/company-profiles/beijing-zhongtianjianke-fire-fighting-safety-inspection--testing-coltd.d2ffdc8da4c999dda79b87103ff66380"
"348","Sichuan Zhengke Fire-fighting Inspection...","Business Support Services","Independent","Chengdu, Sichuan, China","https://dnb.com/business-directory/company-profiles/sichuan-zhengke-fire-fighting-inspection-and-testing-co-ltd.f959dd8373a4b0a891e762a8f33e363a"
"349","Jilin Zhongding Fire-fighting Maintenanc...","Other Schools and Instruction","Independent","Changchun, Jilin, China","https://dnb.com/business-directory/company-profiles/jilin-zhongding-fire-fighting-maintenance-inspection-and-testing-co-ltd.c01ba9c6720621cc480a73cab144e1a2"
"350","Shenzhen Guangren Fire-fighting Inspecti...","Professional and Commercial Equipment and Supplies Merchant Wholesalers","Independent","Shenzhen, Guangdong, China","https://dnb.com/business-directory/company-profiles/shenzhen-guangren-fire-fighting-inspection-and-testing-maintenance-technology-co--ltd.c9348670da9cacc307b0ef6c16a65edf"
"351","Beijing Baofeng Xiangtong Fire-fighting ...","Business Support Services","Independent","Beijing, Beijing, China","https://dnb.com/business-directory/company-profiles/beijing-baofeng-xiangtong-fire-fighting-technology-inspection-and-testing-coltd.c5025e2c408a1e10b3d06a68a2d9b90c"
"352","Hubei Saifu Fire-fighting Safety Inspect...","Business Support Services","Parent","Wuhan, Hubei, China","https://dnb.com/business-directory/company-profiles/hubei-saifu-fire-fighting-safety-inspection-and-testing-co-ltd.db92907680d849a10a01181cdd7529b4"
"353","Tangshan Haisheng Fire-fighting Equipmen...","Business Support Services","Subsidiary","Tangshan, Hebei, China","https://dnb.com/business-directory/company-profiles/tangshan-haisheng-fire-fighting-equipment-inspection-and-testing-co-ltd.e67fa08477be59ab0d8a5e2efbbf5bc4"
"354","Wuhan Buyuan Fire-fighting Technology In...","Business Support Services","Subsidiary","Wuhan, Hubei, China","https://dnb.com/business-directory/company-profiles/wuhan-buyuan-fire-fighting-technology-inspection-and-testing-co-ltd.8b4be71c188800efdc08d484e9f4f2aa"
"355","Shanxi Wanpeng Fire-fighting Facility In...","Business Support Services","Parent","Taiyuan, Shanxi, China","https://dnb.com/business-directory/company-profiles/shanxi-wanpeng-fire-fighting-facility-inspection--testing-coltd.3f7c43fafcf8f11b3aa8a27117f348e0"
"356","Hunan Shihe Fire-Fighting Facility Maint...","Business Support Services","Independent","Changsha, Hunan, China","https://dnb.com/business-directory/company-profiles/hunan-shihe-fire-fighting-facility-maintenance-inspection-and-testing-co-ltd.24c60c86774ad4a39ce9deb62ac187d6"
"357","Tibet Shenhui Fire-Fighting Inspection &...","Business Support Services","Independent","Lhasa, Xizang, China","https://dnb.com/business-directory/company-profiles/tibet-shenhui-fire-fighting-inspection--testing-coltd.5a0c16fae1dd635a0f6aa399f60d5456"
"358","Hebei Shuilifang Fire-fighting Safety In...","Business Support Services","Independent","Langfang, Hebei, China","https://dnb.com/business-directory/company-profiles/hebei-shuilifang-fire-fighting-safety-inspection-and-testing-co-ltd.a7238ee204ef7540ec893292dc6f097d"
"359","Tangshan Security Fire-Fighting Inspecti...","Business Support Services","Independent","Qianan, Hebei, China","https://dnb.com/business-directory/company-profiles/tangshan-security-fire-fighting-inspection--testing-co-ltd.af54e9edae9ff85bb32cc322dc3f4012"
"360","OHIO FIRE SAFETY INSPECTION AND TESTING ...","Business Support Services","Independent","Canton, OH, United States","https://dnb.com/business-directory/company-profiles/ohio-fire-safety-inspection-and-testing-llc.4e10c617e0f39090094939f6b2307896"
"361","MUNICIPAL FIRE INSPECTION SERVICES LLC","Business Support Services","Independent","Delavan, WI, United States","https://dnb.com/business-directory/company-profiles/municipal-fire-inspection-services-llc.e2091a8c332c648b3c4d66c965298e58"
"362","Carolina fire alarm inspection company l...","Business Support Services","Independent","Batesburg Leesville, SC, United States","https://dnb.com/business-directory/company-profiles/carolina-fire-alarm-inspection-company-llp.2612da5e3d28845859fe9a2884cc634c"
"363","Shandong Runsen Fire-fighting Inspection...","Business Support Services","Independent","Qingdao, Shandong, China","https://dnb.com/business-directory/company-profiles/shandong-runsen-fire-fighting-inspection-and-testing-co-ltd.7f0abc9125912ba54f64ce3b622b395b"
"364","Fujian Minxiang Fire-fighting Inspection...","Business Support Services","Independent","Zhangzhou, Fujian, China","https://dnb.com/business-directory/company-profiles/fujian-minxiang-fire-fighting-inspection-and-testing-co-ltd.df8525f88a6a133d53b10cea6b82ee5d"
"365","Fire Door Inspection Canada Corp","Architectural, Engineering, and Related Services","Independent","Barrie, ON, Canada","https://dnb.com/business-directory/company-profiles/fire-door-inspection-canada-corp.bdd6260edc57b277b53b2657f263e2af"
"366","Xining Hua'an Fire-fighting Inspection &...","Business Support Services","Independent","Xining, Qinghai, China","https://dnb.com/business-directory/company-profiles/xining-huaan-fire-fighting-inspection--testing-coltd.1c26c592970759f25ca2eb72b7e3024a"
"367","Sichuan Huayao Fire-fighting Inspection ...","Business Support Services","Independent","Chengdu, Sichuan, China","https://dnb.com/business-directory/company-profiles/sichuan-huayao-fire-fighting-inspection-and-testing-co-ltd.322d2dad3b78bd53e43e4267bdd8da1d"
"368","Shaoxing Anke Fire-Fighting Inspection &...","Business Support Services","Independent","Shaoxing, Zhejiang, China","https://dnb.com/business-directory/company-profiles/shaoxing-anke-fire-fighting-inspection--testing-coltd.ebf7041099a6bed3989affcad265aa07"
"369","Henan Tongtai Fire-fighting Facility Ins...","Business Support Services","Independent","Zhengzhou, Henan, China","https://dnb.com/business-directory/company-profiles/henan-tongtai-fire-fighting-facility-inspection-and-testing-co-ltd.40ec96f4fc1bd4a229e5d861d3c6bb99"
"370","Beijing Shengding Haohan Fire-fighting S...","Business Support Services","Independent","Beijing, Beijing, China","https://dnb.com/business-directory/company-profiles/beijing-shengding-haohan-fire-fighting-safety-inspection-and-testing-co-ltd.65c69732ebac6d8979c1b9176df1158b"
"371","Bengbu Zhucheng Fire-Fighting Inspection...","Architectural, Engineering, and Related Services","Independent","Bengbu, Anhui, China","https://dnb.com/business-directory/company-profiles/bengbu-zhucheng-fire-fighting-inspection--testing-service-coltd.1b86cbb845bcbe486cab37833ddb7ac8"
"372","Hebei Dedun Fire-fighting Facility Inspe...","Business Support Services","Independent","Langfang, Hebei, China","https://dnb.com/business-directory/company-profiles/hebei-dedun-fire-fighting-facility-inspection-and-testing-technology-service-co-ltd.bd681762c1d5b0f43bf12cdc3fa75078"
"373","Linyi Li'an Fire-fighting Inspection And...","Business Support Services","Independent","Linyi, Shandong, China","https://dnb.com/business-directory/company-profiles/linyi-lian-fire-fighting-inspection-and-testing-co-ltd.01ba3d1f217da735e84b942a7d89f9bc"
"374","Huai'an Jing'an Fire-fighting Inspection...","Management, Scientific, and Technical Consulting Services","Independent","Huaian, Jiangsu, China","https://dnb.com/business-directory/company-profiles/huaian-jingan-fire-fighting-inspection--testing-technology-coltd.3db864a0cd586034303bdf79eda3d04e"
"375","Jilin Youbang Fire-fighting Inspection A...","Business Support Services","Independent","Changchun, Jilin, China","https://dnb.com/business-directory/company-profiles/jilin-youbang-fire-fighting-inspection-and-testing-co-ltd.dc42f3191cc3042b356a5b323fee8589"
"376","Liaoning Puruisheng Fire Fighting Detect...","Business Support Services","Independent","Shenyang, Liaoning, China","https://dnb.com/business-directory/company-profiles/liaoning-puruisheng-fire-fighting-detection-co-ltd.b1bd5587f00117b653498223eda6def7"
"377","Liaoning Yilong Fire-fighting Engineerin...","Architectural, Engineering, and Related Services","Independent","Fushun, Liaoning, China","https://dnb.com/business-directory/company-profiles/liaoning-yilong-fire-fighting-engineering-inspection-co-ltd.ea6f5f81236507f10021e859929f2d7b"
"378","Shaanxi Yongli Electric Fire-fighting Sa...","Business Support Services","Independent","Xi'an, Shaanxi, China","https://dnb.com/business-directory/company-profiles/shaanxi-yongli-electric-fire-fighting-safety-inspection--testing-coltd.6b76d88cfaf8a2d9b9ff5209827ac9a6"
"379","Hunan Hui'an Fire-fighting Inspection & ...","Specialized Design Services","Independent","Changsha, Hunan, China","https://dnb.com/business-directory/company-profiles/hunan-huian-fire-fighting-inspection--testing-coltd.b154ba92e199ba87643154855c59d209"
"380","Sichuan Chuanqing Construction Fire-figh...","Business Support Services","Independent","Chengdu, Sichuan, China","https://dnb.com/business-directory/company-profiles/sichuan-chuanqing-construction-fire-fighting-inspection-and-testing-co-ltd.054b0a96f2f821913442d296ed002dce"
"381","Hebei Yuzhou Fire-fighting Facility Insp...","Business Support Services","Independent","Langfang, Hebei, China","https://dnb.com/business-directory/company-profiles/hebei-yuzhou-fire-fighting-facility-inspection-and-testing-service-co-ltd.65fb39f4e2cb79c82a2744a5518a9ab1"
"382","Taizhou Xinji'an Fire-fighting Inspectio...","Architectural, Engineering, and Related Services","Independent","Taizhou, Zhejiang, China","https://dnb.com/business-directory/company-profiles/taizhou-xinjian-fire-fighting-inspection--testing-co-ltd.f402bc5f9635ddf1cb605d60d82adc3d"
"383","Beijing Hongren Fire-fighting Safety Ins...","Business Support Services","Independent","Beijing, Beijing, China","https://dnb.com/business-directory/company-profiles/beijing-hongren-fire-fighting-safety-inspection-and-testing-co-ltd.49342d8ef19133913d096cc5728c0afb"
"384","Xichuan County Yuze Fire-fighting Safety...","Architectural, Engineering, and Related Services","Subsidiary","China","https://dnb.com/business-directory/company-profiles/xichuan-county-yuze-fire-fighting-safety-inspection-and-testing-co-ltd.e077b7bd2d577423ed75f0594541bae6"
"385","Liaoning Aoruida Fire-fighting Inspectio...","Business Support Services","Independent","Dalian, Liaoning, China","https://dnb.com/business-directory/company-profiles/liaoning-aoruida-fire-fighting-inspection-and-testing-co-ltd.af8f49d03f23884ec90942730d1108ae"
"386","Beijing Jingjian Xinqi Fire Control Safe...","Other Professional, Scientific, and Technical Services","Independent","Beijing, Beijing, China","https://dnb.com/business-directory/company-profiles/beijing-jingjian-xinqi-fire-control-safety-inspection-limited.eeed1ffdd9b1ce6bc8a58f3527dde12e"
"387","Ningbo Hongye Fire-fighting Inspection A...","Business Support Services","Independent","Ningbo, Zhejiang, China","https://dnb.com/business-directory/company-profiles/ningbo-hongye-fire-fighting-inspection-and-testing-co-ltd.bb0018121882d3b482d73cc16efdb035"
"388","Hangzhou Longhua Fire-Fighting Inspectio...","Architectural, Engineering, and Related Services","Independent","Hangzhou, Zhejiang, China","https://dnb.com/business-directory/company-profiles/hangzhou-longhua-fire-fighting-inspection--testing-coltd.9dc2421ceb8face445a8fcb1ad14bd63"
"389","TRINITY FIRE DOOR INSPECTION LLC","Business Support Services","Independent","York, ME, United States","https://dnb.com/business-directory/company-profiles/trinity-fire-door-inspection-llc.d77d6801a9db3671997e534f02a33444"
"390","Fire Inspection Safety Services LLC","Business Support Services","Independent","Aurora, CO, United States","https://dnb.com/business-directory/company-profiles/fire-inspection-safety-services-llc.b4ae249368661ea9d30bea190209b1c8"
"391","ABC Fire Fighting Equipment","Machinery, Equipment, and Supplies Merchant Wholesalers","Independent","Houston, TX, United States","https://dnb.com/business-directory/company-profiles/abc-fire-fighting-equipment.8f29dc15e390027422703813806204e2"
"392","Shandong Xinmao Fire Fighting Technical ...","Business Support Services","Independent","Jinan, Shandong, China","https://dnb.com/business-directory/company-profiles/shandong-xinmao-fire-fighting-technical-service-co-ltd.73e15ee160d1ba7b91dd0c4c6592e6d3"
"393","Hebei Bai'an Fire-fighting Facility Insp...","Business Support Services","Independent","Langfang, Hebei, China","https://dnb.com/business-directory/company-profiles/hebei-baian-fire-fighting-facility-inspection-and-testing-co-ltd.2ba2b8db452c945544a236dbe5295d61"
"394","Shenzhen Jiu'an Fire-fighting Electric I...","Business Support Services","Independent","Shenzhen, Guangdong, China","https://dnb.com/business-directory/company-profiles/shenzhen-jiuan-fire-fighting-electric-inspection-and-testing-co-ltd.d3e453427db0dba63c5b43125f8dd8b2"
"395","Luzhou Hengrui Fire-fighting Engineering...","Business Support Services","Independent","Luzhou, Sichuan, China","https://dnb.com/business-directory/company-profiles/luzhou-hengrui-fire-fighting-engineering-inspection-co-ltd.54e15e1ce4d09f03a2480f1bae5bb7f1"
"396","Hebei Kangzheng Fire-fighting Inspection...","Business Support Services","Parent","Shijiazhuang, Hebei, China","https://dnb.com/business-directory/company-profiles/hebei-kangzheng-fire-fighting-inspection-and-testing-technology-service-co-ltd.7094f5917ce8cf67e3ac562992215f9b"
"397","Shandong Dening Fire-fighting Inspection...","Business Support Services","Subsidiary","Dezhou, Shandong, China","https://dnb.com/business-directory/company-profiles/shandong-dening-fire-fighting-inspection-and-testing-co-ltd.9676edc228d7d2dcd2928d41f1b88c68"
"398","Qiqihar Shengda Fire-fighting Facility I...","Business Support Services","Independent","Qiqihar, Heilongjiang, China","https://dnb.com/business-directory/company-profiles/qiqihar-shengda-fire-fighting-facility-inspection-and-testing-co-ltd.faad761058884410a9a3258fcb320bb9"
"399","HA NOI FIRE PREVENTION EQUIPMENT INSPECT...","Architectural, Engineering, and Related Services","Independent","Ha Noi, Ha Noi, Vietnam","https://dnb.com/business-directory/company-profiles/ha-noi-fire-prevention-equipment-inspection-joint-stock-company.3d6c495a26735072d38fc90cde884f8e"
"400","Liaoning Xinsheng Fire-fighting Inspecti...","Business Support Services","Independent","Fushun, Liaoning, China","https://dnb.com/business-directory/company-profiles/liaoning-xinsheng-fire-fighting-inspection-and-testing-technology-consulting-co-ltd.e4f8e28d71c97b37f04617f069294fd9"
"401","Sichuan Chengda Fire-fighting Safety Ins...","Business Support Services","Independent","Guangyuan, Sichuan, China","https://dnb.com/business-directory/company-profiles/sichuan-chengda-fire-fighting-safety-inspection-and-testing-co-ltd.a3ac121c7d80bbdd5c27ae47e9a0c555"
"402","Zhejiang Ansheng Firefighting Inspection...","Business Support Services","Independent","Shaoxing, Zhejiang, China","https://dnb.com/business-directory/company-profiles/zhejiang-ansheng-firefighting-inspection-and-testing-co-ltd.83db753f93dbf2862a82216ef85839d1"
"403","Zhangjiakou Yong'an Fire-Fighting Facili...","Building Equipment Contractors","Independent","Zhangjiakou, Hebei, China","https://dnb.com/business-directory/company-profiles/zhangjiakou-yongan-fire-fighting-facility-inspection--testing-coltd.5e0a39fc2c042b919adb67434356d0ef"
"404","Changli Haifeng Fire-fighting Engineerin...","Business Support Services","Independent","Qinhuangdao, Hebei, China","https://dnb.com/business-directory/company-profiles/changli-haifeng-fire-fighting-engineering-inspection-co-ltd.c9f7a1e352a8c17160d8975f7748fff0"
"405","Zhangjiakou Minxin Fire-fighting Inspect...","Business Support Services","Independent","Zhangjiakou, Hebei, China","https://dnb.com/business-directory/company-profiles/zhangjiakou-minxin-fire-fighting-inspection-and-testing-service-co-ltd.8f2562e64a6c8805731bab50e7c7268f"
"406","Zhejiang Yuntong Fire-fighting Safety In...","Business Support Services","Independent","Shaoxing, Zhejiang, China","https://dnb.com/business-directory/company-profiles/zhejiang-yuntong-fire-fighting-safety-inspection-and-testing-co-ltd.8634e12cf99a9be0eb6108f9fd6b9dc1"
"407","Zhejiang Zhengye Fire-fighting Inspectio...","Business Support Services","Independent","Hangzhou, Zhejiang, China","https://dnb.com/business-directory/company-profiles/zhejiang-zhengye-fire-fighting-inspection--testing-coltd.ec6de32baab2d908bb6888da3b16430b"
"408","Hebei Qingmiao Fire-fighting Facility In...","Business Support Services","Independent","Hengshui, Hebei, China","https://dnb.com/business-directory/company-profiles/hebei-qingmiao-fire-fighting-facility-inspection-and-testing-service-co-ltd.1c3412a61c24677aeb30dad8ab8dd01f"
"409","Gansu Chengyan Intelligent Inspection Fi...","Other Professional, Scientific, and Technical Services","Independent","Hezuo, Gansu, China","https://dnb.com/business-directory/company-profiles/gansu-chengyan-intelligent-inspection-fire-protection-technology-service-co-ltd.4dd9dda02071a571f92af74234de96d0"
"410","Liaoning Shunda Fire-fighting Facility I...","Business Support Services","Independent","Jinzhou, Liaoning, China","https://dnb.com/business-directory/company-profiles/liaoning-shunda-fire-fighting-facility-inspection-and-testing-co-ltd.fc31109a6a1aaea849a6c9eb09d3f7df"
"411","ESCAPE Fire & Safety Services, Inc.","Management, Scientific, and Technical Consulting Services","Independent","Kalamazoo, MI, United States","https://dnb.com/business-directory/company-profiles/escape-fire--safety-services-inc.f62fc5e585e88ab5766f6ca9ff432d75"
"412","Chengdu Deruijia Fire-fighting Equipment...","Business Support Services","Independent","Chengdu, Sichuan, China","https://dnb.com/business-directory/company-profiles/chengdu-deruijia-fire-fighting-equipment-inspection-and-testing-co-ltd.113e9f6897a57ac824fe4c59995fe822"
"413","Jiangxi Hao'an Fire-fighting Facility Ma...","Business Support Services","Independent","Nanchang, Jiangxi, China","https://dnb.com/business-directory/company-profiles/jiangxi-haoan-fire-fighting-facility-maintenance-inspection-and-testing-co-ltd.460b59102877aa31c5c08d485b6c3bf7"
"414","Sichuan Hongteng Fire-fighting Technolog...","Facilities Support Services","Independent","Chengdu, Sichuan, China","https://dnb.com/business-directory/company-profiles/sichuan-hongteng-fire-fighting-technology-inspection--testing-coltd.796b4103ba4337fab04cc075d9f4b635"
"415","Qinghai Haiti Construction Fire-Fighting...","Architectural, Engineering, and Related Services","Independent","Xining, Qinghai, China","https://dnb.com/business-directory/company-profiles/qinghai-haiti-construction-fire-fighting-inspection--testing-co-ltd.703bd9701476308a340646a098b08fca"
"416","FLORIDA FIRE INSPECTION CONSULTANTS, LLC","Management, Scientific, and Technical Consulting Services","Independent","Miami, FL, United States","https://dnb.com/business-directory/company-profiles/florida-fire-inspection-consultants-llc.b3e56375ee17851842681ad50ffc273e"
"417","Chengdu Chuanyu Fire-fighting Safety Tec...","Business Support Services","Independent","Chengdu, Sichuan, China","https://dnb.com/business-directory/company-profiles/chengdu-chuanyu-fire-fighting-safety-technology-inspection-and-testing-co-ltd.5716b25d1db5c8a857d3eb031687f5d4"
"418","Liaoning Zhenghong Firefighting Inspecti...","Business Support Services","Independent","Shenyang, Liaoning, China","https://dnb.com/business-directory/company-profiles/liaoning-zhenghong-firefighting-inspection-and-testing-co-ltd.832d6bf612fd9c4d602f498ed64b99b7"
"419","Jiangxi Anke Technology Testing Co., Ltd...","Other Support Services","Independent","Nanchang, Jiangxi, China","https://dnb.com/business-directory/company-profiles/jiangxi-anke-technology-testing-co-ltd.4b96a7ec2c823ccce98dbe6e01977e93"
"420","JWJ FIRE PROTECTION SPRINKLER INSPECTION...","Electric Power Generation, Transmission and Distribution","Independent","Los Angeles, CA, United States","https://dnb.com/business-directory/company-profiles/jwj-fire-protection-sprinkler-inspection-company.d608cc64153f1e74791e3fc52bc91e7c"
"421","Pucheng County Huaxiao Fire Inspection C...","Residential Building Construction","Independent","Weinan, Shaanxi, China","https://dnb.com/business-directory/company-profiles/pucheng-county-huaxiao-fire-inspection-co-ltd.86e34a7f20c69a8ed175bf9a37d424ef"
"422","Panjin Construction Fire-Fighting Facili...","Architectural, Engineering, and Related Services","Independent","Panjin, Liaoning, China","https://dnb.com/business-directory/company-profiles/panjin-construction-fire-fighting-facility-inspection--testing-coltd.37db10f054537065a62e328ad44194cc"
"423","Hebei Zhuo'an Fire-fighting Inspection A...","Business Support Services","Independent","Shijiazhuang, Hebei, China","https://dnb.com/business-directory/company-profiles/hebei-zhuoan-fire-fighting-inspection-and-testing-service-co-ltd.8015894d2752ba7368217ffdceed8cc6"
"424","Yangzhou Ping'an Electric Fire-Fighting ...","Management, Scientific, and Technical Consulting Services","Independent","Yangzhou, Jiangsu, China","https://dnb.com/business-directory/company-profiles/yangzhou-pingan-electric-fire-fighting-inspection--testing-co-ltd.85fab07c9091fbe41b32c6154ab4a1e9"
"425","FIRE ESCAPE INSPECTION SERVICE","Other Professional, Scientific, and Technical Services","Parent","Somerville, MA, United States","https://dnb.com/business-directory/company-profiles/fire-escape-inspection-service.9e02ef0424e7db267f85a2f01cc47c95"
"426","Henan Guotai Construction Fire-Fighting ...","Management, Scientific, and Technical Consulting Services","Independent","Zhengzhou, Henan, China","https://dnb.com/business-directory/company-profiles/henan-guotai-construction-fire-fighting-facility-inspection--testing-coltd.7ae2e180e9c70332a2781a59aaca7f54"
"427","Shandong Xiang'an Construction Co., Ltd","Business Support Services","Independent","Zaozhuang, Shandong, China","https://dnb.com/business-directory/company-profiles/shandong-xiangan-construction-co-ltd.ffdc007b6f2dd187739f933a819cd485"
"428","Hunan Jingrun Architecture Engineering C...","Personal and Household Goods Repair and Maintenance","Independent","Changsha, Hunan, China","https://dnb.com/business-directory/company-profiles/hunan-jingrun-architecture-engineering-co-ltd.9e306c5575817fbbc46a65fb540e1d59"
"429","Shanxi Yonghong Automatic Fire-fighting ...","Architectural, Engineering, and Related Services","Independent","Changzhi, Shanxi, China","https://dnb.com/business-directory/company-profiles/shanxi-yonghong-automatic-fire-fighting-facility-inspection--testing-co-ltd.d4de0f908110d538f0534b1fe4451c1c"
"430","Guangdong Xinhaoyan Fire-fighting Inspec...","Business Support Services","Independent","Guangzhou, Guangdong, China","https://dnb.com/business-directory/company-profiles/guangdong-xinhaoyan-fire-fighting-inspection-and-testing-co-ltd.aae193a11624ef35bab3112cdc92afaa"
"431","Nantong Ming'an Fire-fighting Inspection...","Other Fabricated Metal Product Manufacturing","Independent","Rugao, Jiangsu, China","https://dnb.com/business-directory/company-profiles/nantong-mingan-fire-fighting-inspection-and-testing-co-ltd.8e98872be7b34b9bd3495e1d236f0f47"
"432","Harbin Hongxing Fire-fighting Engineerin...","Other Professional, Scientific, and Technical Services","Independent","Harbin, Heilongjiang, China","https://dnb.com/business-directory/company-profiles/harbin-hongxing-fire-fighting-engineering-inspection-coltd.104e657ead4e2324321514be73b9a821"
"433","Quzhou Yuejia Property Management Co., L...","Lessors of Real Estate","Independent","Quzhou, Zhejiang, China","https://dnb.com/business-directory/company-profiles/quzhou-yuejia-property-management-co-ltd.1d539962fb23b116160e98cdfd430f9f"
"434","Shaanxi Lanjian Fire-Fighting Inspection...","Other Professional, Scientific, and Technical Services","Independent","Xi'an, Shaanxi, China","https://dnb.com/business-directory/company-profiles/shaanxi-lanjian-fire-fighting-inspection--testing-management-consulting-co-lt-d.5cdf9a10e44d96c0c408798966860712"
"435","Daqing Fire-Fighting Facility Inspection...","Architectural, Engineering, and Related Services","Independent","Daqing, Heilongjiang, China","https://dnb.com/business-directory/company-profiles/daqing-fire-fighting-facility-inspection--testing-co-ltd.60edd90b376890d2e3ff197fde8a4a67"
"436","Chongqing Keda Engineering Detection Con...","Management, Scientific, and Technical Consulting Services","Independent","Chongqing, Chongqing, China","https://dnb.com/business-directory/company-profiles/chongqing-keda-engineering-detection-consulting-(group)-co-ltd.3622ac9f689472f6651ce591e70378ab"
"437","Hebei Xinyu Fire-fighting Facility Inspe...","Business Support Services","Independent","Handan, Hebei, China","https://dnb.com/business-directory/company-profiles/hebei-xinyu-fire-fighting-facility-inspection-and-testing-co-ltd.02c9ba023cf87341bd335fbd8c0c7abe"
"438","Zhejiang Jintiande Fire-fighting Inspect...","Business Support Services","Independent","Shengzhou, Zhejiang, China","https://dnb.com/business-directory/company-profiles/zhejiang-jintiande-fire-fighting-inspection-and-testing-co-ltd.bfa68fbaf4fedd03db5ddbc6952c5cdd"
"439","Jiangxi Taihexiang Fire-fighting Inspect...","Business Support Services","Independent","Nanchang, Jiangxi, China","https://dnb.com/business-directory/company-profiles/jiangxi-taihexiang-fire-fighting-inspection-and-testing-evaluation-co-ltd.cad133449ce05199c22a262f725ece90"
"440","Tianjin Jingpengda Electric Fire-fightin...","Business Support Services","Independent","Tianjin, Tianjin, China","https://dnb.com/business-directory/company-profiles/tianjin-jingpengda-electric-fire-fighting-safety-inspection--testing-coltd.16f91a2c514c505be306771cdc4f528c"
"441","Jiangxi Zhongqiang Fire Fighting Safety ...","Specialized Design Services","Independent","Nanchang, Jiangxi, China","https://dnb.com/business-directory/company-profiles/jiangxi-zhongqiang-fire-fighting-safety-inspection-co-ltd.1669603bc503e2d7dde5b4b5f17c6bc0"
"442","FIRE DOOR TRAINING AND INSPECTION LIMITE...","Building Equipment Contractors","Independent","DURHAM, England, United Kingdom","https://dnb.com/business-directory/company-profiles/fire-door-training-and-inspection-limited.8a881550985e7ae761b6c6597b938c36"
"443","Jiangxi Min'an Fire-fighting Facility In...","Business Support Services","Parent","Shangrao, Jiangxi, China","https://dnb.com/business-directory/company-profiles/jiangxi-minan-fire-fighting-facility-inspection-and-testing-co-ltd.bdab18a925ea1d132049d5e8c9f26b05"
"444","Shanxi Haixiang Fire Inspection Center (...","Other Professional, Scientific, and Technical Services","Parent","Taiyuan, Shanxi, China","https://dnb.com/business-directory/company-profiles/shanxi-haixiang-fire-inspection-center-(co-ltd).cfcfae6ecc0719f62c773b397d42f643"
"445","Jilin Hengtong Weiye Fire-Fighting Facil...","Business Support Services","Parent","Liaoyuan, Jilin, China","https://dnb.com/business-directory/company-profiles/jilin-hengtong-weiye-fire-fighting-facility-inspection-and-testing-co-ltd.c53b7a6613d6b621c97d27c53f5c49ec"
"446","Jinhua Landun Fire-fighting Inspection &...","Business Support Services","Subsidiary","Jinhua, Zhejiang, China","https://dnb.com/business-directory/company-profiles/jinhua-landun-fire-fighting-inspection--testing-service-co-ltd.e9cce76d4bda4b47bd13d742a986692a"
"447","Ningxia Xiang'an Fire-fighting Equipment...","Business Support Services","Independent","Guyuan, Ningxia, China","https://dnb.com/business-directory/company-profiles/ningxia-xiangan-fire-fighting-equipment-inspection-and-testing-service-co-ltd.9aeec9a03f293795d550f054d3571ff1"
"448","Yunnan Zhongkong Fireproof Material Insp...","Business Support Services","Independent","Kunming, Yunnan, China","https://dnb.com/business-directory/company-profiles/yunnan-zhongkong-fireproof-material-inspection-co-ltd.d7a5c60ac7509ad559804a38d26b1c42"
"449","Liaoning Mingke Fire Fighting Maintenanc...","Business Support Services","Independent","Anshan, Liaoning, China","https://dnb.com/business-directory/company-profiles/liaoning-mingke-fire-fighting-maintenance-maintenance-detection-co-ltd.843d02c469f32b1c22aeb789c1d3021c"
"450","Hubei Yongtuo Fire-fighting Facility Ins...","Business Support Services","Independent","Shiyan, Hubei, China","https://dnb.com/business-directory/company-profiles/hubei-yongtuo-fire-fighting-facility-inspection-and-testing-maintenance-co-ltd.fe325bb89f20e4084d6005c265d7344b"
"451","Henan Yutai Fire-fighting Inspection And...","Business Support Services","Independent","Zhengzhou, Henan, China","https://dnb.com/business-directory/company-profiles/henan-yutai-fire-fighting-inspection-and-testing-co-ltd.411878b100575acc7437cfee65bf0746"
"452","Shenzhen Pengrui Electric Fire-fighting ...","Business Support Services","Independent","Shenzhen, Guangdong, China","https://dnb.com/business-directory/company-profiles/shenzhen-pengrui-electric-fire-fighting-safety-inspection-and-testing-co-ltd.15d0142bacfc7993576839a435735f79"
"453","Henan Wan'an Fire-fighting Engineering I...","Business Support Services","Independent","Pingdingshan, Henan, China","https://dnb.com/business-directory/company-profiles/henan-wanan-fire-fighting-engineering-inspection-co-ltd.ba67ffffa84682d0838afde7d16a53ad"
"454","Sichuan Lejia Fire-fighting Facility Ins...","Business Support Services","Independent","Chengdu, Sichuan, China","https://dnb.com/business-directory/company-profiles/sichuan-lejia-fire-fighting-facility-inspection-and-testing-co-ltd.4eb03b9c4b67a91c708955386d06a6ce"
"455","Zhenjiang Yongtai Fire-fighting Inspecti...","Architectural, Engineering, and Related Services","Independent","Zhenjiang, Jiangsu, China","https://dnb.com/business-directory/company-profiles/zhenjiang-yongtai-fire-fighting-inspection--testing-coltd.375e6aaf693f0118d5f8afdd9aa9da9a"
"456","J LARRY HOOD LLC","Building Equipment Contractors","Independent","Lakeland, FL, United States","https://dnb.com/business-directory/company-profiles/j-larry-hood-llc.5723ceb1bedfd8ce3add91ca9fdcf056"
"457","Shanxi Jinxiaoda Fire-fighting Facility ...","Business Support Services","Independent","Taiyuan, Shanxi, China","https://dnb.com/business-directory/company-profiles/shanxi-jinxiaoda-fire-fighting-facility-inspection--testing-coltd.e90f2f39d84c49ac7221f397d45df7a3"
"458","Shenzhen Jing'an Electric Fire-fighting ...","Business Support Services","Independent","Shenzhen, Guangdong, China","https://dnb.com/business-directory/company-profiles/shenzhen-jingan-electric-fire-fighting-safety-inspection-and-testing-co-ltd.2eef598f6118a2c5ab8dce47d8cb14e6"
"459","Liaoning Security Fire-fighting Inspecti...","Business Support Services","Independent","Jinzhou, Liaoning, China","https://dnb.com/business-directory/company-profiles/liaoning-security-fire-fighting-inspection--testing-co-ltd.9b8a840fef52f142afe21d8f1f5f5150"
"460","Jiangxi Dongsheng Fire Fighting Engineer...","Specialized Design Services","Subsidiary","Shangrao, Jiangxi, China","https://dnb.com/business-directory/company-profiles/jiangxi-dongsheng-fire-fighting-engineering-installation-co-ltd.b913cd797264e77da94d30af024100e8"
"461","Sichuan Tianzheng Metallurgy Fireproof M...","Business Support Services","Independent","Deyang, Sichuan, China","https://dnb.com/business-directory/company-profiles/sichuan-tianzheng-metallurgy-fireproof-materials-inspection-and-testing-coltd.cff7c535070d8989a5f2efbc1ed0a22b"
"462","Zigong Yuhong Fire Protection Facilities...","Business Support Services","Independent","Zigong, Sichuan, China","https://dnb.com/business-directory/company-profiles/zigong-yuhong-fire-protection-facilities-inspection-co-ltd.e67b5f808d8461885578849c904595d9"
"463","Shenzhen Jun'an Electric Fire-fighting I...","Management, Scientific, and Technical Consulting Services","Independent","Shenzhen, Guangdong, China","https://dnb.com/business-directory/company-profiles/shenzhen-junan-electric-fire-fighting-inspection--testing-coltd.5c6c16d12342e54103e08970b6a847a4"
"464","Chongqing Haiyu Fire-fighting Inspection...","Business Support Services","Independent","Chongqing, Chongqing, China","https://dnb.com/business-directory/company-profiles/chongqing-haiyu-fire-fighting-inspection--testing-coltd.c87cf44c6b2ccf22207fbbfc0d32a0ff"
"465","Beijing Xinmiao Runze Fire-fighting Faci...","Business Support Services","Independent","Beijing, Beijing, China","https://dnb.com/business-directory/company-profiles/beijing-xinmiao-runze-fire-fighting-facility-inspection--testing-coltd.c5a3d5d02a57391d47558cce8f0b6738"
"466","Henan Hong'an Fire-fighting Inspection A...","Machinery, Equipment, and Supplies Merchant Wholesalers","Parent","Hebi, Henan, China","https://dnb.com/business-directory/company-profiles/henan-hongan-fire-fighting-inspection-and-testing-technology-co-ltd.ff6a5df5abbdea9cf2ffeb6fdc905ef2"
"467","Hebei Xinlebang Construction Fire-fighti...","Business Support Services","Independent","Shijiazhuang, Hebei, China","https://dnb.com/business-directory/company-profiles/hebei-xinlebang-construction-fire-fighting-inspection-and-testing-co-ltd.c9c1fb7ee1cc8514c1d1a7df597e34dd"
"468","Hainan Yujie Fire Inspection Service Co....","Business Support Services","Independent","Qionghai, Hainan, China","https://dnb.com/business-directory/company-profiles/hainan-yujie-fire-inspection-service-co-ltd.0b96b524bd7cb5bab4d143023fcb2f88"
"469","Wuhan Diyishao Fire-Fighting Engineering...","Architectural, Engineering, and Related Services","Independent","Wuhan, Hubei, China","https://dnb.com/business-directory/company-profiles/wuhan-diyishao-fire-fighting-engineering-technology-inspection--testing-co-l-td.8806a26dd36718e0caa109bef8762014"
"470","Shanxi Yicheng Fire-fighting Facility In...","Other Personal Services","Independent","Taiyuan, Shanxi, China","https://dnb.com/business-directory/company-profiles/shanxi-yicheng-fire-fighting-facility-inspection--testing-coltd.15186dc03b89a8bc3a3d47c1c05bc5c0"
"471","Linfen Tiansui Fire-fighting Electric In...","RV (Recreational Vehicle) Parks and Recreational Camps","Independent","Linfen, Shanxi, China","https://dnb.com/business-directory/company-profiles/linfen-tiansui-fire-fighting-electric-inspection--testing-co-ltd.e5538729d74bcbc36cfb48d3cc3e3869"
"472","Beijing Haian Boda Electric Fire-fightin...","Architectural, Engineering, and Related Services","Independent","Beijing, Beijing, China","https://dnb.com/business-directory/company-profiles/beijing-haian-boda-electric-fire-fighting-safety-inspection--testing-co-ltd.7540adb47519db8ae1198126487327d3"
"473","Gansu Aomin Fire-Fighting Inspection & T...","Other Professional, Scientific, and Technical Services","Independent","Lanzhou, Gansu, China","https://dnb.com/business-directory/company-profiles/gansu-aomin-fire-fighting-inspection--testing-technology-co-ltd.475969493574d6257bef38867d9249f9"
"474","Hebei Aorun Fire-fighting Inspection And...","Business Support Services","Independent","Shijiazhuang, Hebei, China","https://dnb.com/business-directory/company-profiles/hebei-aorun-fire-fighting-inspection-and-testing-technology-service-co-ltd.ff6019b767dd8e85000652d320d847c3"
"475","Liaoning Jiangtai Fire-fighting Inspecti...","Business Support Services","Independent","Shenyang, Liaoning, China","https://dnb.com/business-directory/company-profiles/liaoning-jiangtai-fire-fighting-inspection-and-testing-co-ltd.13864c44182a8bf67fb518a2a474bc81"
"476","Shandong Rui'er Fire-fighting Inspection...","Business Support Services","Independent","Yantai, Shandong, China","https://dnb.com/business-directory/company-profiles/shandong-ruier-fire-fighting-inspection-and-testing-co-ltd.955097eeecaa18734126e644baeb5153"
"477","Zhangjiakou Liaohai Fire-Fighting Safety...","Architectural, Engineering, and Related Services","Independent","Zhangjiakou, Hebei, China","https://dnb.com/business-directory/company-profiles/zhangjiakou-liaohai-fire-fighting-safety-inspection--testing-co-ltd.138a1674c633513cdabf908c8cca0181"
"478","Zhouqu Tenglong Fire Fighting Equipment ...","Lawn and Garden Equipment and Supplies Retailers","Independent","Gannan Tibetan Autonomous Prefecture, Gansu, China","https://dnb.com/business-directory/company-profiles/zhouqu-tenglong-fire-fighting-equipment-maintenance-inspection-co-ltd.992a1ff73afd8e2253cb903242d879cf"
"479","Shanghai Beiheng Fire-fighting Inspectio...","Business Support Services","Independent","Shanghai, Shanghai, China","https://dnb.com/business-directory/company-profiles/shanghai-beiheng-fire-fighting-inspection-and-testing-technology-center.b59194ec71156da25c1643c56e9e1048"
"480","Inspection Fire LLC","Other Professional, Scientific, and Technical Services","Independent","Grand Junction, CO, United States","https://dnb.com/business-directory/company-profiles/inspection-fire-llc.3d18ee4316de637be0f6479207af8a4e"
"481","Hainan Anfuye Fire-Fighting Inspection &...","Architectural, Engineering, and Related Services","Independent","Haikou, Hainan, China","https://dnb.com/business-directory/company-profiles/hainan-anfuye-fire-fighting-inspection--testing-installation-engineering-co-ltd.20f5c00513fb0345f8acd478f111e1da"
"482","Hebei Sanxin Huarui Fire-Fighting Inspec...","Architectural, Engineering, and Related Services","Independent","Langfang, Hebei, China","https://dnb.com/business-directory/company-profiles/hebei-sanxin-huarui-fire-fighting-inspection--testing-co-ltd.88f991aa139f32906bc87d24f94f9d76"
"483","Wenzhou Anke Fire-fighting Inspection & ...","Architectural, Engineering, and Related Services","Independent","Wenzhou, Zhejiang, China","https://dnb.com/business-directory/company-profiles/wenzhou-anke-fire-fighting-inspection--testing-co-ltd.d59a52a75d55fd0e0a2fb172203dff1c"
"484","FIRE PROTECTION INSPECTION SERVICES, LLC","Building Equipment Contractors","Independent","Kalamazoo, MI, United States","https://dnb.com/business-directory/company-profiles/fire-protection-inspection-services-llc.8460e88e872ff3223a2b27f3e3c174c0"
"485","Anhui Tairan Fire-fighting Consulting In...","Management, Scientific, and Technical Consulting Services","Independent","Maanshan, Anhui, China","https://dnb.com/business-directory/company-profiles/anhui-tairan-fire-fighting-consulting-inspection--testing-co-ltd.d34b40d8c5f4609ad53d8edab7ab039a"
"486","Inner Mongolia Sentai Fire-fighting Safe...","Management, Scientific, and Technical Consulting Services","Independent","Hohhot, Inner Mongolia, China","https://dnb.com/business-directory/company-profiles/inner-mongolia-sentai-fire-fighting-safety-inspection-and-testing-co-ltd.159dd0f88607ed0b5839606301588436"
"487","Sichuan Xinxin Fire-fighting Inspection ...","Business Support Services","Parent","Nanchong, Sichuan, China","https://dnb.com/business-directory/company-profiles/sichuan-xinxin-fire-fighting-inspection-and-testing-co-ltd.ed543e85c28cf77dd9868bb24111add2"
"488","Hebei Ruitong Fire-fighting Inspection A...","Business Support Services","Subsidiary","Shijiazhuang, Hebei, China","https://dnb.com/business-directory/company-profiles/hebei-ruitong-fire-fighting-inspection-and-testing-service-co-ltd.e0f740546414ecf7c55203272ce30824"
"489","Fujian Tejia Fire-fighting Inspection & ...","Business Support Services","Parent","Xiamen, Fujian, China","https://dnb.com/business-directory/company-profiles/fujian-tejia-fire-fighting-inspection--testing-coltd.45ebd292f861d63c411998732aeccc9a"
"490","Sichuan Xiling Fire-fighting Safety Insp...","Business Support Services","Independent","Chengdu, Sichuan, China","https://dnb.com/business-directory/company-profiles/sichuan-xiling-fire-fighting-safety-inspection-and-testing-co-ltd.affb8b8f486c20c763d876127aeefa02"
"491","Guangzhou Anbo Fire Inspection Co., Ltd","Business Support Services","Independent","Guangzhou, Guangdong, China","https://dnb.com/business-directory/company-profiles/guangzhou-anbo-fire-inspection-co-ltd.580354cb9fed676408fd65dd9dc45cb3"
"492","Harbin Mingze Fire-fighting Engineering ...","Other Miscellaneous Retailers","Independent","Harbin, Heilongjiang, China","https://dnb.com/business-directory/company-profiles/harbin-mingze-fire-fighting-engineering-inspection-co-ltd.b05ce6dbab1f4a36a5f2f858f8b3ca3c"
"493","Safe House Fire Safety & Inspection Serv...","Architectural, Engineering, and Related Services","Independent","Minneapolis, MN, United States","https://dnb.com/business-directory/company-profiles/safe-house-fire-safety--inspection-services-l-l-c.6db0714ba577cc0eb5098b9885b78f9b"
"494","Chongqing Zizheng Fire Inspection Co., L...","Business Support Services","Independent","Chongqing, Chongqing, China","https://dnb.com/business-directory/company-profiles/chongqing-zizheng-fire-inspection-co-ltd.a03580f54f9bb5779d16f001f2469c09"
"495","FIRE INSPECTION SERVICES, INC.","Architectural, Engineering, and Related Services","Independent","Oconomowoc, WI, United States","https://dnb.com/business-directory/company-profiles/fire-inspection-services-inc.0027fc9c32aa325c9dd119a93703571c"
"496","Jilin Shengxiang Fire-fighting Safety In...","Business Support Services","Independent","Songyuan, Jilin, China","https://dnb.com/business-directory/company-profiles/jilin-shengxiang-fire-fighting-safety-inspection-and-testing-co-ltd.a8607cf389841a7fa9cb6e416bddabed"
"497","Quzhou Yongyue Fire Inspection Co., Ltd","Business Support Services","Independent","Quzhou, Zhejiang, China","https://dnb.com/business-directory/company-profiles/quzhou-yongyue-fire-inspection-co-ltd.a331da171e61fbf1f41b8d41b10e9691"
"498","Harbin Guoxin Fire Equipment Inspection ...","Other Professional, Scientific, and Technical Services","Independent","Harbin, Heilongjiang, China","https://dnb.com/business-directory/company-profiles/harbin-guoxin-fire-equipment-inspection-co-ltd.e27a14ac897f5163dfd6717531d2d8f3"
"499","Fujian Zhong'an Fire Fighting Inspection...","Business Support Services","Independent","Sanming, Fujian, China","https://dnb.com/business-directory/company-profiles/fujian-zhongan-fire-fighting-inspection-detection-technology-co-ltd.8de2bc950b313b8d0235117d9b066087"
"500","Anshan Xinyuan Fire-fighting Engineering...","Architectural, Engineering, and Related Services","Independent","Anshan, Liaoning, China","https://dnb.com/business-directory/company-profiles/anshan-xinyuan-fire-fighting-engineering-inspection-co-ltd.3d2cee1ab638ce60b51b31c9c01b2ea8"
"501","Zhejiang Longzhen Fire Inspection Co., L...","Business Support Services","Independent","Wenzhou, Zhejiang, China","https://dnb.com/business-directory/company-profiles/zhejiang-longzhen-fire-inspection-co-ltd.20b6d9a7af782502615d4b5c727f6ce0"
"502","Jilin Youyin Fire Inspection Co., Ltd","Business Support Services","Independent","Nongan County, Jilin, China","https://dnb.com/business-directory/company-profiles/jilin-youyin-fire-inspection-co-ltd.b4e4843511a5e5bb00736f300151c7f1"
"503","Wuhan Xinke Zhongjian Fire-fighting Engi...","Business Support Services","Independent","Wuhan, Hubei, China","https://dnb.com/business-directory/company-profiles/wuhan-xinke-zhongjian-fire-fighting-engineering-technology-inspection--testingcoltd.501c1e7f3e136298f5b0e1dabac14a1a"
"504","Jiangxi Shengxiyuan Digital Technology C...","Business Support Services","Independent","Nanchang, Jiangxi, China","https://dnb.com/business-directory/company-profiles/jiangxi-shengxiyuan-digital-technology-co-ltd.6c7491a665c5902777e18d7586d82268"
"505","FIRE DOOR CONSULTING & INSPECTION SERVIC...","Architectural, Engineering, and Related Services","Independent","Moreno Valley, CA, United States","https://dnb.com/business-directory/company-profiles/fire-door-consulting--inspection-services-inc.aa51ee351437c1569e6411cd3ba64289"
"506","Hubei Jingmen San'an Fire-fighting Inspe...","Business Support Services","Independent","Jingmen, Hubei, China","https://dnb.com/business-directory/company-profiles/hubei-jingmen-sanan-fire-fighting-inspection-and-testing-maintenance-co-ltd.677362fda586818606d528a88136f672"
"507","SUPERIOR FIRE INSPECTION TESTING, LLC","Other Professional, Scientific, and Technical Services","Independent","Oklahoma City, OK, United States","https://dnb.com/business-directory/company-profiles/superior-fire-inspection-testing-llc.8d6918564583a63659a9788549590b36"
"508","Guizhou Heng'an Fire-fighting Inspection...","Other Professional, Scientific, and Technical Services","Independent","Guiyang, Guizhou, China","https://dnb.com/business-directory/company-profiles/guizhou-hengan-fire-fighting-inspection--testing-coltd.cf8dce0588b6a3f526506754ebf0e6a7"
"509","INSPECTION SERVICES AND FIRE PROTECTION,...","Building Equipment Contractors","Independent","Santa Rosa, CA, United States","https://dnb.com/business-directory/company-profiles/inspection-services-and-fire-protection-inc.b51326145c1877c686b81c99d74ec682"
"510","Changsha Panlong Fire-Fighting Safety In...","Specialized Design Services","Independent","Changsha, Hunan, China","https://dnb.com/business-directory/company-profiles/changsha-panlong-fire-fighting-safety-inspection-and-testing-co-ltd.736663eacc03357d5f5d3fb9d6068d9b"
"511","Changsha Funing Fire-fighting Inspection...","Business Support Services","Independent","Changsha, Hunan, China","https://dnb.com/business-directory/company-profiles/changsha-funing-fire-fighting-inspection-and-testing-co-ltd.98fbd4fc446c7d9c79aa5ac98e75fa0a"
"512","Sichuan Hongtao Electric Fire-fighting S...","Business Support Services","Independent","Chengdu, Sichuan, China","https://dnb.com/business-directory/company-profiles/sichuan-hongtao-electric-fire-fighting-safety-inspection-and-testing-co-ltd.dfbb89888303369676627269b2157391"
"513","Xiamen Minzhili Fire-Fighting Inspection...","Business Support Services","Independent","Xiamen, Fujian, China","https://dnb.com/business-directory/company-profiles/xiamen-minzhili-fire-fighting-inspection--testing-coltd.cd22367331bd653d5c80bb547cf05639"
"514","Hebei Jianmiao Fire-Fighting Inspection ...","Business Support Services","Independent","Xingtai, Hebei, China","https://dnb.com/business-directory/company-profiles/hebei-jianmiao-fire-fighting-inspection--testing-co-ltd.d4427b4ed441d2452a32af8d4aca1a1f"
"515","MRC FIRE DOOR INSPECTION LTD","Building Equipment Contractors","Independent","JARROW, England, United Kingdom","https://dnb.com/business-directory/company-profiles/mrc-fire-door-inspection-ltd.186ea21392aa52652a6385f5e5c07f33"
"516","CT Fire Inspection LLC","Other Support Services","Independent","Marlborough, CT, United States","https://dnb.com/business-directory/company-profiles/ct-fire-inspection-llc.1a4dc0696e05bfd6b86564463e140d83"
"517","ENSO ENGINEERING, INC.","Architectural, Engineering, and Related Services","Independent","South Berwick, ME, United States","https://dnb.com/business-directory/company-profiles/enso-engineering-inc.4f98677dde83a709c657c468f1d9c3d6"
"518","Shanxi Guangshengjie Energy Technology C...","Business Support Services","Independent","Taiyuan, Shanxi, China","https://dnb.com/business-directory/company-profiles/shanxi-guangshengjie-energy-technology-co-ltd.0ef5d220bcaa9b8e4129b90a3ed9ac4e"
"519","Sichuan Ke'an Construction Fire-fighting...","Architectural, Engineering, and Related Services","Independent","Chengdu, Sichuan, China","https://dnb.com/business-directory/company-profiles/sichuan-kean-construction-fire-fighting-inspection-and-testing-co-ltd.d028c86fb5766b2d08e6081e7f941c27"
"520","Hunan Juntai Fire-fighting Inspection An...","Business Support Services","Independent","Changsha, Hunan, China","https://dnb.com/business-directory/company-profiles/hunan-juntai-fire-fighting-inspection-and-testing-co-ltd.ffa15ea31c51325004ad281b88c3e866"
"521","Hebei Tianshi Fire-fighting Inspection A...","Business Support Services","Independent","Baoding, Hebei, China","https://dnb.com/business-directory/company-profiles/hebei-tianshi-fire-fighting-inspection-and-testing-service-co-ltd.2bb214f73b820827cccd42d62bd701da"
"522","Shijiazhuang Xincheng Fire-fighting Insp...","Business Support Services","Independent","Xingtai, Hebei, China","https://dnb.com/business-directory/company-profiles/shijiazhuang-xincheng-fire-fighting-inspection-and-testing-service-co-ltd.28a48ac4aaa1f89e602fcc6c6a0485ad"
"523","Sichuan Baiguan Construction Fire-fighti...","Business Support Services","Independent","Chengdu, Sichuan, China","https://dnb.com/business-directory/company-profiles/sichuan-baiguan-construction-fire-fighting-inspection-and-testing-co-ltd.1b6c462cd433eebafe7418ee78429432"
"524","Jiangxi Boya Fire-fighting Inspection An...","Business Support Services","Independent","Nanchang, Jiangxi, China","https://dnb.com/business-directory/company-profiles/jiangxi-boya-fire-fighting-inspection-and-testing-evaluation-co-ltd.d43c4f7e89b5d8c0b27c108934b5743c"
"525","Guangdong Lihua Fire-Fighting Inspection...","Business Support Services","Independent","Dongguan, Guangdong, China","https://dnb.com/business-directory/company-profiles/guangdong-lihua-fire-fighting-inspection-and-testing-co-ltd.8fd1188776625f57d7aecc8374da525d"
"526","Sound Fire & Life Safety Inspection Serv...","Management, Scientific, and Technical Consulting Services","Independent","Auburn, WA, United States","https://dnb.com/business-directory/company-profiles/sound-fire--life-safety-inspection-services-llc.65e37721e7d686df0f4a10338e9f83a4"
"527","Hunan De'an Fire-Fighting Inspection & T...","Office Administrative Services","Independent","Zhuzhou, Hunan, China","https://dnb.com/business-directory/company-profiles/hunan-dean-fire-fighting-inspection--testing-coltd.3cf46a27c1209208d80e492f6da7d0ec"
"528","Chongqing Tong'an Fire-fighting Inspecti...","Business Support Services","Independent","Chongqing, Chongqing, China","https://dnb.com/business-directory/company-profiles/chongqing-tongan-fire-fighting-inspection--testing-coltd.718de9c3134d4cb9ec862fd0b9d99bdc"
"529","Hangzhou Xinchuang Fire-Fighting Inspect...","Business Support Services","Independent","Hangzhou, Zhejiang, China","https://dnb.com/business-directory/company-profiles/hangzhou-xinchuang-fire-fighting-inspection--testing-coltd.be41de05ff2b047281bf1cd93696bbcf"
"530","Zhangzhou Longwen District Min'an Fire-F...","Business Support Services","Independent","Zhangzhou, Fujian, China","https://dnb.com/business-directory/company-profiles/zhangzhou-longwen-district-minan-fire-fighting-equipment-inspection-maintenance-station.9785f4028c9f1570986232d1f5878cfc"
"531","Henan Hengxin Fire-fighting Inspection &...","Management, Scientific, and Technical Consulting Services","Independent","Zhengzhou, Henan, China","https://dnb.com/business-directory/company-profiles/henan-hengxin-fire-fighting-inspection--testing-coltd.161e546ac55212ecb5306ce2fb4993b7"
"532","Anhui Quanwei Fire-Fighting Inspection &...","Architectural, Engineering, and Related Services","Independent","Tongling, Anhui, China","https://dnb.com/business-directory/company-profiles/anhui-quanwei-fire-fighting-inspection--testing-co-ltd.efea8336ad8493d9c410390e84c5e58d"
"533","Guangdong Kangxian Construction Co., Ltd...","Business Support Services","Independent","Guangzhou, Guangdong, China","https://dnb.com/business-directory/company-profiles/guangdong-kangxian-construction-co-ltd.e590e8f6d66b8b5ec744aacbd65884dd"
"534","Shanxi Qinglan Project Management Co., L...","Business Support Services","Independent","Yuncheng, Shanxi, China","https://dnb.com/business-directory/company-profiles/shanxi-qinglan-project-management-co-ltd.7ddf3fc115a252e5ce0a9477ae289d0e"
"535","Jilin Tianwei Fire-Fighting Electric Ins...","Other Professional, Scientific, and Technical Services","Independent","Changchun, Jilin, China","https://dnb.com/business-directory/company-profiles/jilin-tianwei-fire-fighting-electric-inspection--testing-co-ltd.78924b98505c412b810107ea59270f9b"
"536","Qinghai Zeping Fire-fighting Safety Insp...","Architectural, Engineering, and Related Services","Independent","Xining, Qinghai, China","https://dnb.com/business-directory/company-profiles/qinghai-zeping-fire-fighting-safety-inspection-and-testing-co-ltd.ff101af5c63be719f5eb21c41e156c49"
"537","Longyou Bohao Fire-fighting Inspection A...","Business Support Services","Independent","Longyou County, Zhejiang, China","https://dnb.com/business-directory/company-profiles/longyou-bohao-fire-fighting-inspection-and-testing-co-ltd.fac86d9985404ffe6e60310490b5e1f1"
"538","Shenzhen Yongyuanda Fire-fighting Inspec...","Business Support Services","Independent","Shenzhen, Guangdong, China","https://dnb.com/business-directory/company-profiles/shenzhen-yongyuanda-fire-fighting-inspection-and-testing-co-ltd.5e664c81c1dcec1c34be0adf5254d0ca"
"539","NORTH FLORIDA HOSE TESTING SERVICES, LLC","Educational Support Services","Independent","Marianna, FL, United States","https://dnb.com/business-directory/company-profiles/north-florida-hose-testing-services-llc.297910e0c65546647243aa9cc68a21bf"
"540","Ningbo Xinshuo Trading Co., Ltd.","Business Support Services","Independent","Ningbo, Zhejiang, China","https://dnb.com/business-directory/company-profiles/ningbo-xinshuo-trading-co-ltd.01d5c962e26488261caccef89f68ae71"
"541","Beijing Tianhui Zhongfang Fire-fighting ...","Architectural, Engineering, and Related Services","Independent","Beijing, Beijing, China","https://dnb.com/business-directory/company-profiles/beijing-tianhui-zhongfang-fire-fighting-technology-inspection--testingco-ltd.4bbb169b6047f08194d0c228075bfe3f"
"542","Jiangxi Bohao Fire-fighting Inspection A...","Business Support Services","Independent","Gaoan, Jiangxi, China","https://dnb.com/business-directory/company-profiles/jiangxi-bohao-fire-fighting-inspection-and-testing-co-ltd.0eca5f99101fbcd22c6a2fb3ba5732ab"
"543","Inner Mongolia Haiyi Fire-Fighting Safet...","Business Support Services","Independent","Hohhot, Inner Mongolia, China","https://dnb.com/business-directory/company-profiles/inner-mongolia-haiyi-fire-fighting-safety-inspection--testing-coltd.823f3b92ba87f172d5c42b6aec3eeb29"
"544","Dongguan Anxin Fire-fighting Inspection ...","Business Support Services","Independent","Dongguan, Guangdong, China","https://dnb.com/business-directory/company-profiles/dongguan-anxin-fire-fighting-inspection-and-testing-technology-co-ltd.886ddaef15e3e6143a691120f4d887db"
"545","Wenzhou Gangting Entertainment Co., Ltd","Business Support Services","Independent","Wenzhou, Zhejiang, China","https://dnb.com/business-directory/company-profiles/wenzhou-gangting-entertainment-co-ltd.595ca5db017d36903e157bb7d36a72e8"
"546","Shenzhen Jindun Fire-fighting Inspection...","Business Support Services","Independent","Shenzhen, Guangdong, China","https://dnb.com/business-directory/company-profiles/shenzhen-jindun-fire-fighting-inspection-and-testing-technology-co-ltd.79ceaebff3446e4f6744b99fe1e66935"
"547","Tangshan Qichuang Fire-fighting Equipmen...","Business Support Services","Independent","Tangshan, Hebei, China","https://dnb.com/business-directory/company-profiles/tangshan-qichuang-fire-fighting-equipment-inspection-and-testing-co-ltd.e3075c39d2bd198ee5f23cb9e7fa3fea"
"548","ATLANTIC AMERICAN FIRE INSPECTION LLC","Business Support Services","Independent","Elgin, IL, United States","https://dnb.com/business-directory/company-profiles/atlantic-american-fire-inspection-llc.ebe42dd9a8278f7d7b1564ed27b68cfa"
"549","Sichuan Fuyi Fire-fighting Safety Inspec...","Business Support Services","Independent","Chengdu, Sichuan, China","https://dnb.com/business-directory/company-profiles/sichuan-fuyi-fire-fighting-safety-inspection-and-testing-co-ltd.a442764a69c1c25564fbb96a5ee5aaae"
"550","Sichuan Guanyu Fire-fighting Safety Insp...","Business Support Services","Independent","Chengdu, Sichuan, China","https://dnb.com/business-directory/company-profiles/sichuan-guanyu-fire-fighting-safety-inspection-and-testing-co-ltd.54827c1598d2b907566308fab0124c73"
"551","Chongqing Yuxing Fire-fighting Inspectio...","Business Support Services","Independent","Chongqing, Chongqing, China","https://dnb.com/business-directory/company-profiles/chongqing-yuxing-fire-fighting-inspection-and-testing-co-ltd.b8c56bfe7e2e4cf13cc4e924de220505"
"552","Kesheng Kangyuan Fire Fighting Safety De...","Business Support Services","Independent","Foshan, Guangdong, China","https://dnb.com/business-directory/company-profiles/kesheng-kangyuan-fire-fighting-safety-detection-technology-co-ltd.27141b7256075841a8dfe70b499e9a81"
"553","Fire Inspection Specialty Company LLC","Building Equipment Contractors","Independent","Las Vegas, NV, United States","https://dnb.com/business-directory/company-profiles/fire-inspection-specialty-company-llc.2a267b7fe799944880072a38169c7600"
"554","Qingdao Nuo'an Fire-fighting Safety Insp...","Business Support Services","Independent","Qingdao, Shandong, China","https://dnb.com/business-directory/company-profiles/qingdao-nuoan-fire-fighting-safety-inspection-and-testing-co-ltd.2033f943c30f846de06230bdeae64b53"
"555","Liaoning Shuntong Fire-fighting Inspecti...","Business Support Services","Independent","Dandong, Liaoning, China","https://dnb.com/business-directory/company-profiles/liaoning-shuntong-fire-fighting-inspection-and-testing-co-ltd.44b30bd683a6d47d8ddbd809c1b96c84"
"556","Hebei Anlang Fire-fighting Inspection An...","Business Support Services","Independent","Langfang, Hebei, China","https://dnb.com/business-directory/company-profiles/hebei-anlang-fire-fighting-inspection-and-testing-technology-service-co-ltd.760939571f4c40fbdbb73236d2237e1f"
"557","Shenzhen Jinyuntian Fire-fighting Inspec...","Business Support Services","Independent","Shenzhen, Guangdong, China","https://dnb.com/business-directory/company-profiles/shenzhen-jinyuntian-fire-fighting-inspection-and-testing-co-ltd.da1ab0005a9ec2b8ef2f565fee9e79db"
"558","Zhejiang Wucheng Fire Inspection Co., Lt...","Business Support Services","Independent","Shengzhou, Zhejiang, China","https://dnb.com/business-directory/company-profiles/zhejiang-wucheng-fire-inspection-co-ltd.513d04dec4064ae8c84b9d59f7101120"
"559","Sichuan Jinhong Xinrui Fire Inspection C...","Business Support Services","Independent","Chengdu, Sichuan, China","https://dnb.com/business-directory/company-profiles/sichuan-jinhong-xinrui-fire-inspection-co-ltd.3719c656f24c74fce2b0b2bc41ab208b"
"560","Shanxi Zetong Fire-fighting Facility Ins...","Business Support Services","Independent","Jincheng, Shanxi, China","https://dnb.com/business-directory/company-profiles/shanxi-zetong-fire-fighting-facility-inspection--testing-maintenance-coltd.fba4efc0b3f005d7175629abee0ec0dc"
"561","Hebei Hongchang Fire-fighting Equipment ...","Scientific Research and Development Services","Independent","Shijiazhuang, Hebei, China","https://dnb.com/business-directory/company-profiles/hebei-hongchang-fire-fighting-equipment-inspection-and-testing-technology-co-ltd.aff535501bd1d4dcf78bda0425437a66"
"562","Jilin Province Chengjian Fire Inspection...","Business Support Services","Independent","Changchun, Jilin, China","https://dnb.com/business-directory/company-profiles/jilin-province-chengjian-fire-inspection-co-ltd.eca2b0b1f6cb14d3fce98eab64d295b6"
"563","Jilin Hongtai Fire Inspection Co., Ltd","Business Support Services","Independent","Changchun, Jilin, China","https://dnb.com/business-directory/company-profiles/jilin-hongtai-fire-inspection-co-ltd.0ec60b484faf11a9e2938f98b3e817b1"
"564","Dalian Hailan Fire-fighting Facility Ins...","Business Support Services","Independent","Dalian, Liaoning, China","https://dnb.com/business-directory/company-profiles/dalian-hailan-fire-fighting-facility-inspection--testing-coltd.d15ff41f36af188964ef41efc12e78af"
"565","POWER HOUSE FIRE PROTECTION INSPECTION S...","Other Professional, Scientific, and Technical Services","Independent","Lubbock, TX, United States","https://dnb.com/business-directory/company-profiles/power-house-fire-protection-inspection-services.6e2804c7836408e850293bb1a4763244"
"566","Shijiazhuang Huying Fire-fighting Facili...","Business Support Services","Independent","Shijiazhuang, Hebei, China","https://dnb.com/business-directory/company-profiles/shijiazhuang-huying-fire-fighting-facility-inspection-and-testing-technology-service-co-ltd.af58272add83723528ad006d9ccf8396"
"567","Anhui Minxing Fire-fighting Inspection A...","Business Support Services","Independent","Hefei, Anhui, China","https://dnb.com/business-directory/company-profiles/anhui-minxing-fire-fighting-inspection-and-testing-technology-co-ltd.ffe2b39d41dcca7b80e7ce536cd7ae92"
"568","USA FIRE DOORS INSPECTION LLC","Lessors of Real Estate","Independent","Tampa, FL, United States","https://dnb.com/business-directory/company-profiles/usa-fire-doors-inspection-llc.656e28e51746fdf58fa41ac6f38f552c"
"569","Liaoning Lianbang Fire-fighting Facility...","Business Support Services","Independent","Shenyang, Liaoning, China","https://dnb.com/business-directory/company-profiles/liaoning-lianbang-fire-fighting-facility-inspection-and-testing-co-ltd.c819c61949347389a95edf411a43dec1"
"570","Guangzhou Zhenhua Fire-fighting Inspecti...","Business Support Services","Independent","Guangzhou, Guangdong, China","https://dnb.com/business-directory/company-profiles/guangzhou-zhenhua-fire-fighting-inspection-and-testing-co-ltd.d20144654513ecc88fc3cdd6821e1bae"
"571","Yidu Hengfeng Fire-fighting Facility Mai...","Business Support Services","Subsidiary","Yichang, Hubei, China","https://dnb.com/business-directory/company-profiles/yidu-hengfeng-fire-fighting-facility-maintenance-inspection-and-testing-co-ltd.72d47e058de7ad77d954419d1545b029"
"572","Shandong Hengde Engineering Consulting M...","Business Support Services","Subsidiary","Jinan, Shandong, China","https://dnb.com/business-directory/company-profiles/shandong-hengde-engineering-consulting-management-co-ltd.db8d76d462c47eff86813cd70899999b"
"573","Yantai Sheng'an Fire-fighting Inspection...","Business Support Services","Subsidiary","Yantai, Shandong, China","https://dnb.com/business-directory/company-profiles/yantai-shengan-fire-fighting-inspection-and-testing-technology-service-co-ltd-.5c9e13e460041880af9a9243e9fb3138"
"574","Zhejiang Wentao Fire-fighting Inspection...","Business Support Services","Parent","Taizhou, Zhejiang, China","https://dnb.com/business-directory/company-profiles/zhejiang-wentao-fire-fighting-inspection--testing-co-ltd.74cbf1830cd164bf1045e4a1e8d6a1df"
"575","Shenzhen Jingjian Electric Fire-fighting...","Business Support Services","Independent","Shenzhen, Guangdong, China","https://dnb.com/business-directory/company-profiles/shenzhen-jingjian-electric-fire-fighting-safety-inspection-and-testing-co-ltd.faa214a8e17a6e205fde5c8386ba6720"
"576","Hebei Hongpeng Fire-fighting Inspection ...","Business Support Services","Independent","Shijiazhuang, Hebei, China","https://dnb.com/business-directory/company-profiles/hebei-hongpeng-fire-fighting-inspection-and-testing-technology-service-coltd-ltd.878c5abe8eb4aa80343de8f2872f67fa"
"577","Sichuan Zhongwang Fire-fighting Technolo...","Computer Systems Design and Related Services","Independent","Chengdu, Sichuan, China","https://dnb.com/business-directory/company-profiles/sichuan-zhongwang-fire-fighting-technology-inspection-and-testing-co-ltd.b36f1d8b648e11686e2033375fa29507"
"578","Sichuan Tianmai Construction Fire-fighti...","Business Support Services","Independent","Chengdu, Sichuan, China","https://dnb.com/business-directory/company-profiles/sichuan-tianmai-construction-fire-fighting-inspection-and-testing-co-ltd.4b914d0d27a90c836d58edf12124ecb8"
"579","Chongqing Chengxiao Fire Inspection Co.,...","Lawn and Garden Equipment and Supplies Retailers","Independent","Chongqing, Chongqing, China","https://dnb.com/business-directory/company-profiles/chongqing-chengxiao-fire-inspection-co-ltd.ad33aa8faa7cd743396199f953247f2c"
"580","Heilongjiang Hongjian Fire-fighting Faci...","Business Support Services","Independent","Jixi, Heilongjiang, China","https://dnb.com/business-directory/company-profiles/heilongjiang-hongjian-fire-fighting-facility-inspection-and-testing-service-coltd.2eaf166a26790097a4d757ad99e4c92f"
"581","Suzhou Changzheng Electric Fire-Fighting...","Architectural, Engineering, and Related Services","Parent","Suzhou, Jiangsu, China","https://dnb.com/business-directory/company-profiles/suzhou-changzheng-electric-fire-fighting-safety-inspection-station.5c17423a4001d916025bce4437c4a897"
"582","FLORIDA FIRE DOOR INSPECTION INC","Lessors of Real Estate","Independent","Tampa, FL, United States","https://dnb.com/business-directory/company-profiles/florida-fire-door-inspection-inc.24af5799969553e77d6646d410c1b9c8"
"583","Nenjiang County Jinyi Technology Electri...","Business Support Services","Independent","Nenjiang County, Heilongjiang, China","https://dnb.com/business-directory/company-profiles/nenjiang-county-jinyi-technology-electric-fire-fighting-inspection-and-testing-c-o-ltd.5b119dda9ecf95c289c977d6bc27f3d9"
"584","Guangdong Longyang Building Materials Ma...","Business Support Services","Independent","Zhongshan, Guangdong, China","https://dnb.com/business-directory/company-profiles/guangdong-longyang-building-materials-materials-co-ltd.079f68fe45284408e48f3f765d85d6b5"
"585","Jiangsu Hezhi'An Fire-Fighting Inspectio...","Business Support Services","Independent","Yancheng, Jiangsu, China","https://dnb.com/business-directory/company-profiles/jiangsu-hezhian-fire-fighting-inspection-and-testing-service-co-ltd.b7ad244f7afd67a9ddaeae8a93f5473d"
"586","Taizhou Qingtai Fire-fighting Inspection...","Business Support Services","Independent","Taizhou, Zhejiang, China","https://dnb.com/business-directory/company-profiles/taizhou-qingtai-fire-fighting-inspection-and-testing-co-ltd.5b337042a7709fbd6f5621777f1f1ee4"
"587","MC Fire Inspection Services","Support Activities for Forestry","Parent","Scottsdale, AZ, United States","https://dnb.com/business-directory/company-profiles/mc-fire-inspection-services.e4e4b74cd9e98924cf2076cb512fcd1a"
"588","Sichuan Xinrunhe Fire-Fighting Inspectio...","Business Support Services","Independent","Chengdu, Sichuan, China","https://dnb.com/business-directory/company-profiles/sichuan-xinrunhe-fire-fighting-inspection--testing-coltd.cb1320cd4ac8cc85091797f76b6d288e"
"589","Shandong Jianzhong Technology Co., Ltd.","Business Support Services","Independent","Rongcheng, Shandong, China","https://dnb.com/business-directory/company-profiles/shandong-jianzhong-technology-co-ltd.b57facd79ac80af685cf47d9b22ffcfd"
"590","Jilin Keruida Fire-fighting Engineering ...","Business Support Services","Independent","Baicheng, Jilin, China","https://dnb.com/business-directory/company-profiles/jilin-keruida-fire-fighting-engineering-equipment-inspection-and-testing-co-ltd.7056eb719be3553dd5cc4fe5e9eae082"
"591","Zhejiang Anbang Fire Fighting Technical ...","Business Support Services","Independent","Anji County, Zhejiang, China","https://dnb.com/business-directory/company-profiles/zhejiang-anbang-fire-fighting-technical-service-co-ltd.78eeb0e6e544b20a295a528eed559add"
"592","PACIFIC ALARM AND FIRE INSPECTION SERVIC...","Other Professional, Scientific, and Technical Services","Independent","Kennewick, WA, United States","https://dnb.com/business-directory/company-profiles/pacific-alarm-and-fire-inspection-services-llc.d1a3e434b37b99810b30c96f4ea7f292"
"593","Jilin Sanhe Fire-Fighting Anquan Technol...","Architectural, Engineering, and Related Services","Independent","Changchun, Jilin, China","https://dnb.com/business-directory/company-profiles/jilin-sanhe-fire-fighting-anquan-technology-inspection--testing-evaluation-co-ltd.b41217ed6571390f94aefb62c118bf1f"
"594","Shenzhen Zhongxin Fire-fighting Electric...","Business Support Services","Independent","Shenzhen, Guangdong, China","https://dnb.com/business-directory/company-profiles/shenzhen-zhongxin-fire-fighting-electric-inspection-and-testing-co-ltd.e2b3b4ed5185a526509f4eb5c718c929"
"595","Kuancheng Aoni Fire-fighting Inspection ...","Business Support Services","Independent","Chengde, Hebei, China","https://dnb.com/business-directory/company-profiles/kuancheng-aoni-fire-fighting-inspection-and-testing-technology-service-co-ltd.a92cf568ccbb9e183124aea1aa2e26eb"
"596","Tangshan Hongji Fire-fighting Inspection...","Business Support Services","Independent","Tangshan, Hebei, China","https://dnb.com/business-directory/company-profiles/tangshan-hongji-fire-fighting-inspection-and-testing-co-ltd.3c38757070c6c00127c4e77c2d5ce407"
"597","Dalian Zhongzheng Fire-fighting Technolo...","Business Support Services","Independent","Dalian, Liaoning, China","https://dnb.com/business-directory/company-profiles/dalian-zhongzheng-fire-fighting-technology-safety-inspection-and-testing-co-ltd.c65b93f097ee66b1ec9c0fc0ad9f998f"
"598","FIRE INSPECTION SERVICES INC.","Other Professional, Scientific, and Technical Services","Independent","Huntley, IL, United States","https://dnb.com/business-directory/company-profiles/fire-inspection-services-inc.e52de9979c62c6cfa0da12044675a540"
"599","Chengdu Dacheng Fire-fighting Safety Ins...","Business Support Services","Independent","Chengdu, Sichuan, China","https://dnb.com/business-directory/company-profiles/chengdu-dacheng-fire-fighting-safety-inspection-and-testing-co-ltd.9132bc7e8acc4269e7c00362aa05b146"
"600","Heilongjiang Jiaxin Electric Fire-fighti...","Architectural, Engineering, and Related Services","Independent","Harbin, Heilongjiang, China","https://dnb.com/business-directory/company-profiles/heilongjiang-jiaxin-electric-fire-fighting-safety-inspection--testing-co-ltd.839fa3538ccb4c9909773daf7bed23d0"
"601","Beijing Huoyan Jinxin Fire-fighting Safe...","Management, Scientific, and Technical Consulting Services","Independent","Beijing, Beijing, China","https://dnb.com/business-directory/company-profiles/beijing-huoyan-jinxin-fire-fighting-safety-inspection-and-testing-technology-consulting-co-ltd.03e2e88da90e509778ad1fc93effcaed"
"602","Zhangjiakou Zhongcheng Fire-fighting Saf...","Business Support Services","Independent","Zhangjiakou, Hebei, China","https://dnb.com/business-directory/company-profiles/zhangjiakou-zhongcheng-fire-fighting-safety-inspection-and-testing-co-ltd.9c3f394212985af56f04c89612ef2506"
"603","Nanping Dahua Fire-fighting Inspection A...","Business Support Services","Independent","Shaowu, Fujian, China","https://dnb.com/business-directory/company-profiles/nanping-dahua-fire-fighting-inspection-and-testing-co-ltd.2005e4c54af5c7549bcfc94ca859f1b6"
"604","FIRE SYSTEMS INSPECTION GROUP, LLC","Business Support Services","Independent","Freeland, MI, United States","https://dnb.com/business-directory/company-profiles/fire-systems-inspection-group-llc.a40125c362a8a2523635ea8656f5f16a"
"605","Jiangxi Changxin Fire-fighting Safety In...","Business Support Services","Independent","Nanchang, Jiangxi, China","https://dnb.com/business-directory/company-profiles/jiangxi-changxin-fire-fighting-safety-inspection-and-testing-co-ltd.89737f1cbc837cc477a0a08ac90119e1"
"606","FIRE DOOR INSPECTION & COMPLIANCE LTD","Other Specialty Trade Contractors","Independent","COVENTRY, England, United Kingdom","https://dnb.com/business-directory/company-profiles/fire-door-inspection--compliance-ltd.420ba1992abe2114c0a13a25cbc29348"
"607","Anhui Xinyi Fire-fighting Facility Inspe...","Business Support Services","Independent","Hefei, Anhui, China","https://dnb.com/business-directory/company-profiles/anhui-xinyi-fire-fighting-facility-inspection-and-testing-co-ltd.88ebbe541ed42bc4adcb694ea726473d"
"608","CITY OF ER FIRE INSPECTION","Other Professional, Scientific, and Technical Services","Independent","Elk River, MN, United States","https://dnb.com/business-directory/company-profiles/city-of-er-fire-inspection.81437134eef9e3bf3f2e72f1f393926a"
"609","Geumgang Fire Inspection Co.,Ltd.","Architectural, Engineering, and Related Services","Independent","Gongju, Chungnam, Republic Of Korea","https://dnb.com/business-directory/company-profiles/geumgang-fire-inspection-coltd.11ed28e32dca1ebea373719a48c7d257"
"610","GREENLINE - FIRE DOOR INSPECTION LTD","Justice, Public Order, and Safety Activities","Independent","DARWEN, England, United Kingdom","https://dnb.com/business-directory/company-profiles/greenline---fire-door-inspection-ltd.768ed661b0395003ecb23b87e40bccf1"
"611","FIRE INSPECTION SERVICES","Other Professional, Scientific, and Technical Services","Independent","Golden, CO, United States","https://dnb.com/business-directory/company-profiles/fire-inspection-services.a61b9efdc9192c4b7d1027c41f097d06"
"612","Guangdong Zhi'an Fire-fighting Electric ...","Business Support Services","Independent","Shenzhen, Guangdong, China","https://dnb.com/business-directory/company-profiles/guangdong-zhian-fire-fighting-electric-fireproof-inspection-and-testing-co-ltd.7986f85310f9f41c800b721e56932d04"
"613","Shanxi Yuhe Electric Fire-fighting Inspe...","Other Personal Services","Independent","Taiyuan, Shanxi, China","https://dnb.com/business-directory/company-profiles/shanxi-yuhe-electric-fire-fighting-inspection--testing-coltd.16b8fa6791c8fd4e87660643ea0691d1"
"614","Fire Safety & Inspection Services LLC","Architectural, Engineering, and Related Services","Independent","Fredonia, WI, United States","https://dnb.com/business-directory/company-profiles/fire-safety--inspection-services-llc.ac09cac9cf2213de8e991b6b0f163ebb"
"615","PACIFIC FIRE INSPECTION SERVICES INC.","Other Professional, Scientific, and Technical Services","Independent","Kennewick, WA, United States","https://dnb.com/business-directory/company-profiles/pacific-fire-inspection-services-inc.f1e8ec15349dc4527474c219b87b9d07"
"616","Jilin Ji'an Fire Inspection Co., Ltd","Other Professional, Scientific, and Technical Services","Independent","Changchun, Jilin, China","https://dnb.com/business-directory/company-profiles/jilin-jian-fire-inspection-co-ltd.df3f7766f43deb40217cc0325da7b388"
"617","UP SIDE DOWN INSPECTION & FIRE LLC","Other Professional, Scientific, and Technical Services","Independent","North Las Vegas, NV, United States","https://dnb.com/business-directory/company-profiles/up-side-down-inspection--fire-llc.2ec4ffd6473eb90db5cecd2a55100219"
"618","Beijing Guotai Hongye Fire-fighting Safe...","Architectural, Engineering, and Related Services","Independent","Beijing, Beijing, China","https://dnb.com/business-directory/company-profiles/beijing-guotai-hongye-fire-fighting-safety-inspection--testing-co-ltd.b533c25a262450301a09099549919d87"
"619","ABM FIRE INSPECTION & CONSULTING LLC","Management, Scientific, and Technical Consulting Services","Independent","Selden, NY, United States","https://dnb.com/business-directory/company-profiles/abm-fire-inspection--consulting-llc.9b8ed0b3da891344989aaf4e735d17cd"
"620","Yingkou Qilin Fire-Fighting Inspection &...","Architectural, Engineering, and Related Services","Independent","Yingkou, Liaoning, China","https://dnb.com/business-directory/company-profiles/yingkou-qilin-fire-fighting-inspection--testing-coltd.8bb2e690f87641f404729fe45dbd0c41"
"621","Tieling Yitai Fire-fighting Facility Ins...","Architectural, Engineering, and Related Services","Independent","Tieling, Liaoning, China","https://dnb.com/business-directory/company-profiles/tieling-yitai-fire-fighting-facility-inspection--testing-co-ltd.5047290070c952422a220321eefb50c0"
"622","Heilongjiang Longfang Fire Fighting Insp...","Architectural, Engineering, and Related Services","Independent","Harbin, Heilongjiang, China","https://dnb.com/business-directory/company-profiles/heilongjiang-longfang-fire-fighting-inspection-service-co-ltd.74d027df33c55dd909918335102d271e"
"623","Jiangxi Hong'an Fire-fighting Inspection...","Business Support Services","Independent","Nanchang, Jiangxi, China","https://dnb.com/business-directory/company-profiles/jiangxi-hongan-fire-fighting-inspection-and-testing-technology-co-ltd.3add0f762406d947f734d1c44d375125"
"624","Under Pressure Fire Equipment Inspection...","Professional and Commercial Equipment and Supplies Merchant Wholesalers","Independent","Hinesville, GA, United States","https://dnb.com/business-directory/company-profiles/under-pressure-fire-equipment-inspection-llc.10cc39e71db0084823a2f0eeae466bfc"
"625","Dynamic Inspection Fire LLC","Business Support Services","Independent","McKinney, TX, United States","https://dnb.com/business-directory/company-profiles/dynamic-inspection-fire-llc.f7effd30053f4f8d6777e53ccca57b27"
"626","Red Line Fire Consulting & Home Inspecti...","Management, Scientific, and Technical Consulting Services","Independent","La Vernia, TX, United States","https://dnb.com/business-directory/company-profiles/red-line-fire-consulting--home-inspection-llc.bd0ba569e467721ca89492865fb0977e"
"627","Sichuan Tongrong Fire Inspection Co., Lt...","Business Support Services","Independent","Luzhou, Sichuan, China","https://dnb.com/business-directory/company-profiles/sichuan-tongrong-fire-inspection-co-ltd.81c7e31555cc1e4c91fd6cc1b82c86a7"
"628","Sichuan Hubang Fire Inspection Co., Ltd","Business Support Services","Independent","Guangan, Sichuan, China","https://dnb.com/business-directory/company-profiles/sichuan-hubang-fire-inspection-co-ltd.57e590cf5806de826b3b62e86d5db91a"
"629","Xianju County Shenzhou Fire-fighting Ins...","Architectural, Engineering, and Related Services","Independent","Taizhou, Zhejiang, China","https://dnb.com/business-directory/company-profiles/xianju-county-shenzhou-fire-fighting-inspection--testing-co-ltd.c3f8b9bd594955aa9121d38fb0f10164"
"630","Shaanxi Wanzhong Anxin Fire Fighting Eng...","Business Support Services","Independent","Xi'an, Shaanxi, China","https://dnb.com/business-directory/company-profiles/shaanxi-wanzhong-anxin-fire-fighting-engineering-co-ltd.00faf681df74a797e2b1b7c01a322c7d"
"631","Shenzhen Ji'an Fire-fighting Inspection ...","Business Support Services","Independent","Shenzhen, Guangdong, China","https://dnb.com/business-directory/company-profiles/shenzhen-jian-fire-fighting-inspection-and-testing-co-ltd.499ed86b1ef7e055b832d0e3680d0f5c"
"632","Shaanxi Zhongxiao Anchuang Fire Inspecti...","Business Support Services","Independent","Baoji, Shaanxi, China","https://dnb.com/business-directory/company-profiles/shaanxi-zhongxiao-anchuang-fire-inspection-co-ltd.88ccb8447e2a9cdfcd874fd9ef47dd5f"
"633","Guangdong Hongan Wisdom Fire Fighting Te...","Management, Scientific, and Technical Consulting Services","Independent","Guangzhou, Guangdong, China","https://dnb.com/business-directory/company-profiles/guangdong-hongan-wisdom-fire-fighting-technology-co-ltd.14f7ab97db9022e1b6524d412519df58"
"634","Anhui Zhongtian Fire-fighting Safety Ins...","Computer Systems Design and Related Services","Independent","Suzhou, Anhui, China","https://dnb.com/business-directory/company-profiles/anhui-zhongtian-fire-fighting-safety-inspection-and-testing-service-co-ltd.032c2bda0a19751a142630c4a088587b"
"635","Sichuan Houan Fire Inspection Co., Ltd","Business Support Services","Independent","Chengdu, Sichuan, China","https://dnb.com/business-directory/company-profiles/sichuan-houan-fire-inspection-co-ltd.226e70d87e83c7ca637c901073a37aac"
"636","Liaoning Xinguangsheng Fire Inspection S...","Business Support Services","Independent","Shenyang, Liaoning, China","https://dnb.com/business-directory/company-profiles/liaoning-xinguangsheng-fire-inspection-service-co-ltd.322093dc3afd1a920a7fc20592142a8e"
"637","Sichuan Xinmiao Mingyuan Fire Inspection...","Business Support Services","Independent","Deyang, Sichuan, China","https://dnb.com/business-directory/company-profiles/sichuan-xinmiao-mingyuan-fire-inspection-co-ltd.8fc8dc533f90c5b62fc770e010b9b640"
"638","Cangzhou Paibo Fire Inspection Co., Ltd","Business Support Services","Independent","Qing County, Hebei, China","https://dnb.com/business-directory/company-profiles/cangzhou-paibo-fire-inspection-co-ltd.ca34ac6a8d2fb05bd37cb8911ddec6f2"
"639","Guangxi Sanyang Fire Inspection Co., Ltd","Business Support Services","Independent","Nanning, Guangxi, China","https://dnb.com/business-directory/company-profiles/guangxi-sanyang-fire-inspection-co-ltd.948222e0fd1e383eb8059dbedea11ab7"
"640","Chaoyang Aerospace Fire Inspection Co., ...","Business Support Services","Independent","Chaoyang, Liaoning, China","https://dnb.com/business-directory/company-profiles/chaoyang-aerospace-fire-inspection-co-ltd.5cb75110b70ee238d6eeab937c867973"
"641","Songyuan Song'an Fire Inspection Co., Lt...","Business Support Services","Independent","Songyuan, Jilin, China","https://dnb.com/business-directory/company-profiles/songyuan-songan-fire-inspection-co-ltd.ae7b6b7f6f7c08959e28f1e37970b32d"
"642","Huludao Hongxingda Fire Inspection Servi...","Business Support Services","Independent","Xingcheng, Liaoning, China","https://dnb.com/business-directory/company-profiles/huludao-hongxingda-fire-inspection-service-co-ltd.4435e4a7d634443c213a8078324e4232"
"643","Tiantong (shaanxi) Fire Inspection Co., ...","Architectural, Engineering, and Related Services","Independent","Xi'an, Shaanxi, China","https://dnb.com/business-directory/company-profiles/tiantong-(shaanxi)-fire-inspection-co-ltd.ebeb57f1c1805e25bbab1e1475b2d907"
"644","Changsha Fire Inspection And Firefightin...","Machinery, Equipment, and Supplies Merchant Wholesalers","Independent","Changsha, Hunan, China","https://dnb.com/business-directory/company-profiles/changsha-fire-inspection-and-firefighting-equipment-co-ltd.21af1a518ff7ae00442d57477b62f045"
"645","Jilin Guo'an Fire-Fighting Electric Faci...","Other Professional, Scientific, and Technical Services","Independent","Changchun, Jilin, China","https://dnb.com/business-directory/company-profiles/jilin-guoan-fire-fighting-electric-facility-inspection--testing-co-ltd.4b05b0d6c9340bdacc493137baa28c59"
"646","Jilin Jian'an Fire-Fighting Engineering ...","Other Professional, Scientific, and Technical Services","Independent","Jilin, Jilin, China","https://dnb.com/business-directory/company-profiles/jilin-jianan-fire-fighting-engineering-inspection-co-ltd.ff8f11865b66d96b687bc7b8168df94a"
"647","Jilin Kean Mechanical & Electrical Insta...","Architectural, Engineering, and Related Services","Independent","Changchun, Jilin, China","https://dnb.com/business-directory/company-profiles/jilin-kean-mechanical--electrical-installation-co-ltd.86d7dee3f1559a952c55471e57bc366b"
"648","Tangshan Ruichi Fire-fighting Equipment ...","Architectural, Engineering, and Related Services","Independent","Tangshan, Hebei, China","https://dnb.com/business-directory/company-profiles/tangshan-ruichi-fire-fighting-equipment-inspection--testing-co-ltd.ba9e60edab8836c9e23b53c3e0c4348c"
"649","Inner Mongolia Beijiang Weiye Fire-fight...","Other Professional, Scientific, and Technical Services","Independent","Manzhouli, Inner Mongolia, China","https://dnb.com/business-directory/company-profiles/inner-mongolia-beijiang-weiye-fire-fighting-safety-inspection-and-testing-co-ltd.3db7d80a21897b40d7825da8d3f6d3a1"
"650","Shaanxi Shunming Hongye Fire Inspection ...","Business Support Services","Independent","Weinan, Shaanxi, China","https://dnb.com/business-directory/company-profiles/shaanxi-shunming-hongye-fire-inspection-service-co-ltd.02c983a6862434acc1cf5e6e89392ba6"
"651","Fujian Longyan Hengda'an Fire-fighting F...","Architectural, Engineering, and Related Services","Independent","Shanghang County, Fujian, China","https://dnb.com/business-directory/company-profiles/fujian-longyan-hengdaan-fire-fighting-facility-inspection-and-testing-service-co-ltd.b36553f2e902769cbeef18045fac1c50"
"652","Liaoning Shengding Fire-fighting Enginee...","Architectural, Engineering, and Related Services","Independent","Shenyang, Liaoning, China","https://dnb.com/business-directory/company-profiles/liaoning-shengding-fire-fighting-engineering-inspection-co-ltd.db6eba38d523b0f771997479d6feb308"
"653","Sichuan Yuchen'an Fire-fighting Inspecti...","Management, Scientific, and Technical Consulting Services","Independent","Chengdu, Sichuan, China","https://dnb.com/business-directory/company-profiles/sichuan-yuchenan-fire-fighting-inspection-and-testing-co-ltd.7b6a6ff0f9b30d273f29844d9f18be4a"
"654","Shaanxi Guangtong Mechanical & Electrica...","Other Professional, Scientific, and Technical Services","Independent","Xianyang, Shaanxi, China","https://dnb.com/business-directory/company-profiles/shaanxi-guangtong-mechanical--electrical-technology-co-ltd.f8b29ca7c8907d0bd84c59a5ff518b18"
"655","Anyang Zhongan Fire-fighting Maintenance...","Business Support Services","Independent","Anyang, Henan, China","https://dnb.com/business-directory/company-profiles/anyang-zhongan-fire-fighting-maintenance-inspection-and-testing-co-ltd.14f370279263d1172e16409ac8a9c0b4"
"656","Xiamen Fire Eye House Inspection Supervi...","Management, Scientific, and Technical Consulting Services","Independent","Xiamen, Fujian, China","https://dnb.com/business-directory/company-profiles/xiamen-fire-eye-house-inspection-supervision-consulting-co-ltd.22239cfca481a4e3b48521e38610d9fe"
"657","Shanxi Zhongantong Fire Fighting Facilit...","Business Support Services","Independent","Yuncheng, Shanxi, China","https://dnb.com/business-directory/company-profiles/shanxi-zhongantong-fire-fighting-facilities-detection-inspection-co-ltd.5b0ded3c46115622fe9a78357119bbfd"
"658","FLORIDA FIRE PROTECTION AND INSPECTION I...","Other Professional, Scientific, and Technical Services","Independent","Lakeland, FL, United States","https://dnb.com/business-directory/company-profiles/florida-fire-protection-and-inspection-inc.1d942872c55f889c75471ac1d0abec31"
"659","EDWARD ELIJAH ESQUIVEL","","Independent","Paso Robles, CA, United States","https://dnb.com/business-directory/company-profiles/edward-elijah-esquivel.c681bc536a3c33fe0eb234b8f87caaff"
"660","FIRE DOOR INSPECTION SCOTLAND LTD","Business Support Services","Independent","OBAN, Scotland, United Kingdom","https://dnb.com/business-directory/company-profiles/fire-door-inspection-scotland-ltd.f6547aa7095e0e86326cb92a9e0567b4"
"661","Florida Fire Inspection Association Inc","Educational Support Services","Independent","Coral Gables, FL, United States","https://dnb.com/business-directory/company-profiles/florida-fire-inspection-association-inc.c6ba2ca05e666841f0c3a30bd7d90d34"
"662","FIRE COMPLIANCE INSPECTION SERVICES, LLC","Other Professional, Scientific, and Technical Services","Independent","Parrish, FL, United States","https://dnb.com/business-directory/company-profiles/fire-compliance-inspection-services-llc.d31b871c582fb4973d6d9004b246bbd0"
"663","Hainan Hondao Technology Co., Ltd. Fire ...","Business Support Services","Branch","Haikou, Hainan, China","https://dnb.com/business-directory/company-profiles/hainan-hondao-technology-co-ltd-fire-inspection-center.63180854ae00490e10e4be39c9ad0ff8"
"664","FIRE INSPECTION TECHNOLOGIES, LLC","Other Professional, Scientific, and Technical Services","Independent","Hilton Head Island, SC, United States","https://dnb.com/business-directory/company-profiles/fire-inspection-technologies-llc.6b6c042309c81837ce93e211fb103018"
"665","DRB FIRE INSPECTION SERVICE LLC","Other Professional, Scientific, and Technical Services","Independent","Tangerine, FL, United States","https://dnb.com/business-directory/company-profiles/drb-fire-inspection-service-llc.1d2a61e739982b7fdf6b31032776b347"
"666","S.W.E.N FIRE ALARM INSPECTION SERVICES L...","Other Professional, Scientific, and Technical Services","Independent","Thomaston, GA, United States","https://dnb.com/business-directory/company-profiles/swen-fire-alarm-inspection-services-llc.ad32b271bb00dc01b674fee29dc39d80"
"667","ATLANTA FIRE DOOR INSPECTION LLC","Other Professional, Scientific, and Technical Services","Independent","Atlanta, GA, United States","https://dnb.com/business-directory/company-profiles/atlanta-fire-door-inspection-llc.50de4339d7e46077effb947437488d21"
"668","C-4 FIRE & SECURITY INSPECTION SERVICES,...","Other Professional, Scientific, and Technical Services","Independent","Milledgeville, GA, United States","https://dnb.com/business-directory/company-profiles/c-4-fire--security-inspection-services-llc.0640b06c58b069fe37e8076842d09f55"
"669","FIRE PROTECTION & INSPECTION SERVICES, I...","Other Professional, Scientific, and Technical Services","Independent","Brighton, TN, United States","https://dnb.com/business-directory/company-profiles/fire-protection--inspection-services-inc.ff9e368999acb1d035335f537ba622bb"
"670","PAULS CODE RED FIRE INSPECTION LLC","Other Professional, Scientific, and Technical Services","Independent","Westminster, CO, United States","https://dnb.com/business-directory/company-profiles/pauls-code-red-fire-inspection-llc.3289dd26c3e53222361b6897e4ccc6c3"
"671","CENTRAL ILLINOIS FIRE INSPECTION SERVICE...","Other Professional, Scientific, and Technical Services","Independent","Morton, IL, United States","https://dnb.com/business-directory/company-profiles/central-illinois-fire-inspection-services-llc.762a8fdb058834069d693da35bd29623"
"672","AZ HOME FIRE SPRINKLER INSPECTION LLC","Other Professional, Scientific, and Technical Services","Independent","Cave Creek, AZ, United States","https://dnb.com/business-directory/company-profiles/az-home-fire-sprinkler-inspection-llc.aad334a81dc11864a5d94a08873b36fa"
"673","HOME FIRE INSPECTION, INC.","Other Professional, Scientific, and Technical Services","Independent","Mount Pleasant, SC, United States","https://dnb.com/business-directory/company-profiles/home-fire-inspection-inc.58326e045cdd0c69d97bcb6ea48c91bb"
"674","UK FIRE DOOR INSPECTION LTD","Other Specialty Trade Contractors","Independent","HARLOW, England, United Kingdom","https://dnb.com/business-directory/company-profiles/uk-fire-door-inspection-ltd.78c80aedebfcfefd220697758909d4a0"
"675","HUNTER FIRE INSPECTION LLC","Other Professional, Scientific, and Technical Services","Independent","Forney, TX, United States","https://dnb.com/business-directory/company-profiles/hunter-fire-inspection-llc.54edc84f462bf85b54c3d9d2984ec290"
"676","METRO FIRE INSPECTION AND MAINTENANCE IN...","Services to Buildings and Dwellings","Independent","Wantagh, NY, United States","https://dnb.com/business-directory/company-profiles/metro-fire-inspection-and-maintenance-inc.4396d756fea6d1ee21e96c9209847f5b"
"677","Hodde Private Fire Hydrant Testing & Ins...","Other Professional, Scientific, and Technical Services","Independent","Coupland, TX, United States","https://dnb.com/business-directory/company-profiles/hodde-private-fire-hydrant-testing--inspection.1fd1184837a830e0e2c3038d11780f4e"
"678","BADGER FIRE INSPECTION LLC","Other Professional, Scientific, and Technical Services","Independent","Clintonville, WI, United States","https://dnb.com/business-directory/company-profiles/badger-fire-inspection-llc.2af2242e2b792ba5f61fb460946b788a"
"679","PRE FIRE INSPECTION AND PREVENTION CONSU...","Management, Scientific, and Technical Consulting Services","Independent","Hollister, CA, United States","https://dnb.com/business-directory/company-profiles/pre-fire-inspection-and-prevention-consulting-limited-liability-company.62832bd9d7cafc358f9d5e539550b9c0"
"680","INSPECTION, TESTING & MAINTENANCE FIRE S...","Services to Buildings and Dwellings","Independent","Garden City, NY, United States","https://dnb.com/business-directory/company-profiles/inspection-testing--maintenance-fire-sprinkler-corp.a50d40d786f604e5cc22ae8576b84a09"
"681","FIRE PRO INSPECTION SALES AND SERVICE","Other Support Services","Independent","Hermiston, OR, United States","https://dnb.com/business-directory/company-profiles/fire-pro-inspection-sales-and-service.55902cf5bcdf65fe7eea4461e85eb050"
"682","JD FIRE INSPECTION SERVICE","Other Professional, Scientific, and Technical Services","Independent","Richmond, TX, United States","https://dnb.com/business-directory/company-profiles/jd-fire-inspection-service.4efdb36b27ec410dd9440b13063f41d0"
"683","Martin, Brenda F","Support Activities for Road Transportation","Independent","Columbus, MS, United States","https://dnb.com/business-directory/company-profiles/martin-brenda-f.66ddfc32f1acd971275621b794638d3a"
"684","FIRE INSPECTION PREPAREDNESS LLC","Other Professional, Scientific, and Technical Services","Independent","Philadelphia, PA, United States","https://dnb.com/business-directory/company-profiles/fire-inspection-preparedness-llc.e19491a39f54f326cac6505f9899a57e"
"685","Kirila Fire Inspection & Testing, Inc.","Other Professional, Scientific, and Technical Services","Independent","Fowler, OH, United States","https://dnb.com/business-directory/company-profiles/kirila-fire-inspection--testing-inc.b2edd6f5f0563734dbd470559fb44722"
"686","INDIANAPOLIS FIRE INSPECTION SERVICE LLC","Other Professional, Scientific, and Technical Services","Independent","Indianapolis, IN, United States","https://dnb.com/business-directory/company-profiles/indianapolis-fire-inspection-service-llc.9ea298bb34fc9b18fc53bc52ab902368"
"687","D&H FIRE INSPECTION, LLC","Other Professional, Scientific, and Technical Services","Independent","Charlotte, MI, United States","https://dnb.com/business-directory/company-profiles/dh-fire-inspection-llc.1e1e1d031aa46515c14b7a49aec38381"
"688","The Fire Door Inspection Company","Other Professional, Scientific, and Technical Services","Independent","Stillwater, NY, United States","https://dnb.com/business-directory/company-profiles/the-fire-door-inspection-company.ee9cc7af252e3b9dadaf5cc6ff3bcdd5"
"689","FIRE DOG INSPECTION SERVICES LLC","Other Professional, Scientific, and Technical Services","Independent","Greenfield, IN, United States","https://dnb.com/business-directory/company-profiles/fire-dog-inspection-services-llc.4e92d14eae989938c926a7febb3c8940"
"690","Shenzhen Yongyi'an Fire-fighting Inspect...","Business Support Services","Parent","Shenzhen, Guangdong, China","https://dnb.com/business-directory/company-profiles/shenzhen-yongyian-fire-fighting-inspection-and-testing-co-ltd.bf01145c9f3fd2bf80e571f02213be5a"
"691","Guangdong Hongjun Fire-fighting Inspecti...","Business Support Services","Subsidiary","Guangzhou, Guangdong, China","https://dnb.com/business-directory/company-profiles/guangdong-hongjun-fire-fighting-inspection-andtestingevaluationconsultingcoltd.9a0a6d0e0c97b44012cb9910097abadd"
"692","Hangzhou Liandun Fire-fighting Inspectio...","Business Support Services","Parent","Hangzhou, Zhejiang, China","https://dnb.com/business-directory/company-profiles/hangzhou-liandun-fire-fighting-inspection--testing-co-ltd.3b123275e6a052617c569085c18d1b34"
"693","Anqing Pingyu Fire-fighting Facility Ins...","Business Support Services","Subsidiary","Anqing, Anhui, China","https://dnb.com/business-directory/company-profiles/anqing-pingyu-fire-fighting-facility-inspection-and-testing-co-ltd.7820983006b72a49f21f8312e77764da"
"694","Sichuan Wei'an Fire-fighting Inspection ...","Business Support Services","Parent","Chengdu, Sichuan, China","https://dnb.com/business-directory/company-profiles/sichuan-weian-fire-fighting-inspection-and-testing-co-ltd.d4cd499023341b03055230a018ecc794"
"695","D & L FIRE EQUIPMENT INSPECTION SERVICE,...","Other Professional, Scientific, and Technical Services","Independent","Miamisburg, OH, United States","https://dnb.com/business-directory/company-profiles/d--l-fire-equipment-inspection-service-llc.3351e503ad173b7eea994c0c7e606fab"
"696","National Fire Inspection Specialties Com...","Other Professional, Scientific, and Technical Services","Independent","Pittston, PA, United States","https://dnb.com/business-directory/company-profiles/national-fire-inspection-specialties-company.01e4b19d75da6234d3973e33bc4f064c"
"697","Heilongjiang Kelin Fire-Fighting Facilit...","Business Support Services","Independent","Daqing, Heilongjiang, China","https://dnb.com/business-directory/company-profiles/heilongjiang-kelin-fire-fighting-facility-inspection--testing-maintenance-coltd.6d125063316c8009a0cb7b24dc37feb4"
"698","A-1 FIRE INSPECTION, LLC","Other Professional, Scientific, and Technical Services","Independent","Albuquerque, NM, United States","https://dnb.com/business-directory/company-profiles/a-1-fire-inspection-llc.786098e3e1f1ae678dea0de0b1c24fbb"
"699","Riley, Timothy","Business Support Services","Independent","Canandaigua, NY, United States","https://dnb.com/business-directory/company-profiles/riley-timothy.a850c96e96104151508a71d4868c91fb"
"700","FIRE DOOR INSPECTION AND REPAIR LIMITED","Foundation, Structure, and Building Exterior Contractors","Independent","SUTTON, England, United Kingdom","https://dnb.com/business-directory/company-profiles/fire-door-inspection-and-repair-limited.9b83dfd0cf4fe8c12906db489458747d"
"701","SECURITY FIRE INSPECTION SERVICE INC.","Other Professional, Scientific, and Technical Services","Independent","Greenlawn, NY, United States","https://dnb.com/business-directory/company-profiles/security-fire-inspection-service-inc.586bd78b0a9b29c57c6e0ed47c91d27d"
"702","HONG'S FIRE INSPECTION INC","Other Professional, Scientific, and Technical Services","Independent","McKinney, TX, United States","https://dnb.com/business-directory/company-profiles/hongs-fire-inspection-inc.fe79280a4fc2f0efa8ba17167473860f"
"703","FIRE DOOR INSPECTION SERVICES OF VIRGINI...","Other Professional, Scientific, and Technical Services","Independent","Salem, VA, United States","https://dnb.com/business-directory/company-profiles/fire-door-inspection-services-of-virginia-llc.6b75ffc668eef522cecb904e8eef6946"
"704","BRG FIRE DOOR INSPECTION LTD","Other Personal Services","Independent","CLACTON-ON-SEA, England, United Kingdom","https://dnb.com/business-directory/company-profiles/brg-fire-door-inspection-ltd.ee93477fde81d7b45a009e3e4740e9fc"
"705","FIRE INSPECTION SERVICES, INC","Other Professional, Scientific, and Technical Services","Independent","Laura, OH, United States","https://dnb.com/business-directory/company-profiles/fire-inspection-services-inc.08542250cf20357c98078598ef0b3c3f"
"706","FIRE BREAK INSPECTION LTD","Other Specialty Trade Contractors","Independent","WHITLEY BAY, England, United Kingdom","https://dnb.com/business-directory/company-profiles/fire-break-inspection-ltd.489cff366d6817a2677eda1dd6f018c8"
"707","Certified Fire Door Inspection, LLC","Accounting, Tax Preparation, Bookkeeping, and Payroll Services","Independent","Pittston, PA, United States","https://dnb.com/business-directory/company-profiles/certified-fire-door-inspection-llc.90cf00a5688789ab4f0c89f613b86f20"
"708","Fire Guy Home Inspection","Other Professional, Scientific, and Technical Services","Independent","Oswego, IL, United States","https://dnb.com/business-directory/company-profiles/fire-guy-home-inspection.9372310a53686e00651c4b3791615f67"
"709","HERVAN, JOSEPH FIRE INSPECTION","Other Professional, Scientific, and Technical Services","Independent","Levittown, NY, United States","https://dnb.com/business-directory/company-profiles/hervan-joseph-fire-inspection.85330f18494a4bc2d4694e6f9d85ccc6"
"710","ALL FLORIDA FIRE DOOR INSPECTION SERVICE","Other Professional, Scientific, and Technical Services","Independent","Port St Lucie, FL, United States","https://dnb.com/business-directory/company-profiles/all-florida-fire-door-inspection-service.3e4dd585c9fdea7a36a7b87107d89a8e"
"711","FIRE CERTIFICATION AND INSPECTION LTD EO...","Business Support Services","Independent","Vladaya, Sofia (Capital), Bulgaria","https://dnb.com/business-directory/company-profiles/fire-certification-and-inspection-ltd-eood.a767129cecebbbd14721e7ef27fccac0"
"712","Jilin Jixing Lightning Protection Fire-f...","Business Support Services","Independent","Changchun, Jilin, China","https://dnb.com/business-directory/company-profiles/jilin-jixing-lightning-protection-fire-fighting-inspection-and-testing-co-ltd.fbb2d4f6f87694f5488c57101bc762bd"
"713","FIRE DOOR INSPECTION, L.L.C.","Architectural, Engineering, and Related Services","Independent","Barbeau, MI, United States","https://dnb.com/business-directory/company-profiles/fire-door-inspection-llc.aec0fefb92408e3f7cbe836b8e2f5997"
"714","ALL CLEAR FIRE PROTECTION AND INSPECTION...","Other Professional, Scientific, and Technical Services","Independent","Fort Lauderdale, FL, United States","https://dnb.com/business-directory/company-profiles/all-clear-fire-protection-and-inspection-llc.4b6337324df361814e1627c91f02db56"
"715","MOORE FIRE INSPECTION SERVICES LIMITED","Business Support Services","Independent","LONDON, England, United Kingdom","https://dnb.com/business-directory/company-profiles/moore-fire-inspection-services-limited.e097437bf0c1172eadafdc49225d5a74"
"716","RH FIRE DOOR INSPECTION SERVICES LLC.","Other Professional, Scientific, and Technical Services","Independent","Fort Collins, CO, United States","https://dnb.com/business-directory/company-profiles/rh-fire-door-inspection-services-llc.09c4f48d77ef4ed9060062ccf5175d8a"
"717","J ELLIOTT INSPECTION / TESTING & FIRE AL...","Architectural, Engineering, and Related Services","Independent","HASTINGS, England, United Kingdom","https://dnb.com/business-directory/company-profiles/j-elliott-inspection---testing--fire-alarm-safety-ltd.cb1be4af46c91a63c88e0099de07c06d"
"718","JW FIRE DOOR INSPECTION LTD","Architectural, Engineering, and Related Services","Independent","FOLKESTONE, England, United Kingdom","https://dnb.com/business-directory/company-profiles/jw-fire-door-inspection-ltd.bbdf01b4efa12a30337dded81a435fe3"
"719","Taizhou Jingzhun Foam Miehuoji Inspectio...","Business Support Services","Independent","Xinghua, Jiangsu, China","https://dnb.com/business-directory/company-profiles/taizhou-jingzhun-foam-miehuoji-inspection-detection-co-ltd.611df2e74fa888de882db6689e46a54b"
"720","Dalian Zhihong Fire-fighting Inspection ...","Building Equipment Contractors","Parent","Dalian, Liaoning, China","https://dnb.com/business-directory/company-profiles/dalian-zhihong-fire-fighting-inspection-and-testing-engineering-co-ltd.7f84c095e246a3722b913de58bde3497"
"721","Hangzhou Qi'an Fire Inspection Co., Ltd","Business Support Services","Subsidiary","Hangzhou, Zhejiang, China","https://dnb.com/business-directory/company-profiles/hangzhou-qian-fire-inspection-co-ltd.3efa85bddb9ae1c85a992ac0b2227477"
"722","Zhejiang Jingxi Engineering Technology C...","Architectural, Engineering, and Related Services","Independent","Changxing County, Zhejiang, China","https://dnb.com/business-directory/company-profiles/zhejiang-jingxi-engineering-technology-co-ltd.64b865c0c5e6e4b642c054875d6e080d"
"723","VIET NAM TECHNOLOGY DEVELOPMENT AND FIRE...","Architectural, Engineering, and Related Services","Independent","Ha Noi, Ha Noi, Vietnam","https://dnb.com/business-directory/company-profiles/viet-nam-technology-development-and-fire-prevention-inspection-company-limited.405ea43991f19672622639c4316eec02"
"724","PASSIVE FIRE INSPECTION LTD","Other Specialty Trade Contractors","Independent","POTTERS BAR, England, United Kingdom","https://dnb.com/business-directory/company-profiles/passive-fire-inspection-ltd.814b0afb3c19e5785293b9c902db549d"
"725","Haochuang Jian'an Fire Inspection and Ma...","Business Support Services","Independent","Liupanshui, Guizhou, China","https://dnb.com/business-directory/company-profiles/haochuang-jianan-fire-inspection-and-maintenance-co-ltd-in-liuzhi-special-zone.4ae37a26b3de88d74541e62c9ffb89d5"
"726","INDEPENDENT FIRE INSPECTION BODY LTD","Justice, Public Order, and Safety Activities","Subsidiary","LINCOLN, England, United Kingdom","https://dnb.com/business-directory/company-profiles/independent-fire-inspection-body-ltd.d15f9cf528166810636ffd1c7fb75224"
"727","FIRE DOOR INSPECTION SERVICES LTD","Justice, Public Order, and Safety Activities","Independent","KILMARNOCK, Scotland, United Kingdom","https://dnb.com/business-directory/company-profiles/fire-door-inspection-services-ltd.e8fd8523f387b2c8dab177e640e2230e"
"728","Jwj Fire Protection Sprinkler Inspection...","","Independent","SURREY, BC, Canada","https://dnb.com/business-directory/company-profiles/jwj-fire-protection-sprinkler-inspection-company-inc.8fcad07c81e190ccfef8397301d1f0e8"
"729","The European Group of Organisations for ...","","Independent","Gent, Oost-Vlaanderen, Belgium","https://dnb.com/business-directory/company-profiles/the-european-group-of-organisations-for-fire-testing-inspection-and-certification.7679131545386e1c9f65a319f87aac5c"
"730","H&H FIRE PROTECTION EQUIPMENT, SALES, IN...","","Independent","Saint Ann, Jamaica","https://dnb.com/business-directory/company-profiles/hh-fire-protection-equipment-sales-inspection-installation-limited.fe85ff9a41562f63c10ccf3c2b844a86"
"731","FIRE INSPECTION CONSULTANTS AND SERVICES...","Justice, Public Order, and Safety Activities","Independent","GERMISTON, GAUTENG, South Africa","https://dnb.com/business-directory/company-profiles/fire-inspection-consultants-and-services-cc.b28a7680d665e92710411ad5e1856d9b"
"732","Fire Control Inspection Chile Spa","","Independent","Chile","https://dnb.com/business-directory/company-profiles/fire-control-inspection-chile-spa.35f4228401491af1191f7356826ff332"
"733","FIRE ESCAPE INSPECTION SERVICE","Independent Artists, Writers, and Performers","Branch","Simi Valley, CA, United States","https://dnb.com/business-directory/company-profiles/fire-escape-inspection-service.a7fb8d9e315cd5ef748d856fce0ca1b3"
"734","BROWN SPRINKLER CORPORATION","Building Equipment Contractors","Branch","Lexington, KY, United States","https://dnb.com/business-directory/company-profiles/brown-sprinkler-corporation.e46f95be916b660c4ea243baf55c1aa0"
"735","City of Albert Lea","Justice, Public Order, and Safety Activities","Branch","Albert Lea, MN, United States","https://dnb.com/business-directory/company-profiles/city-of-albert-lea.5819b831c15baaeda42214e39322bd69"
"736","City of Dallas","Justice, Public Order, and Safety Activities","Branch","Dallas, TX, United States","https://dnb.com/business-directory/company-profiles/city-of-dallas.1572fa5892cb4e3f8e3c1351dafb39ea"
"737","COPPELL, CITY OF (INC)","Executive, Legislative, and Other General Government Support","Branch","Coppell, TX, United States","https://dnb.com/business-directory/company-profiles/coppell-city-of-(inc).a2e55c2278a7b80d49b6b2fb10aa0930"
"738","County of Seminole","Justice, Public Order, and Safety Activities","Branch","Sanford, FL, United States","https://dnb.com/business-directory/company-profiles/county-of-seminole.40fd1e733d2b3a1efc077e6fa48d0b24"
"739","City of Coral Springs","Justice, Public Order, and Safety Activities","Branch","Coral Springs, FL, United States","https://dnb.com/business-directory/company-profiles/city-of-coral-springs.7c23bcfcab05747aa3d8998567c853d9"
"740","GRINNELL LLC","Building Equipment Contractors","Branch","Darien, CT, United States","https://dnb.com/business-directory/company-profiles/grinnell-llc.4208035833728ab0299881cd09dba411"
"741","MC FIRE INSPECTION SERVICES","Support Activities for Forestry","Branch","San Diego, CA, United States","https://dnb.com/business-directory/company-profiles/mc-fire-inspection-services.fe502d02037cd1add6f11bdadc80d647"
"742","City Of St. John's","Executive, Legislative, and Other General Government Support","Branch","Saint John, NB, Canada","https://dnb.com/business-directory/company-profiles/city-of-st-johns.b753314cd47f027d306b78ed6a3b035f"
"743","Guangdong Anxin Fire Inspection Co., Ltd...","Business Support Services","Branch","Shantou, Guangdong, China","https://dnb.com/business-directory/company-profiles/guangdong-anxin-fire-inspection-co-ltd-shantou-branch.5dfc7de10bd99de4caca365e587f3444"
"744","Guangdong Anxin Fire Inspection Co., Ltd...","Business Support Services","Branch","Zhaoqing, Guangdong, China","https://dnb.com/business-directory/company-profiles/guangdong-anxin-fire-inspection-co-ltd-zhaoqing-branch.bc23d18fe2906c3f9e966c473e633033"
"745","Anhui Tianyi Fire Inspection Consulting ...","Management, Scientific, and Technical Consulting Services","Branch","Chuzhou, Anhui, China","https://dnb.com/business-directory/company-profiles/anhui-tianyi-fire-inspection-consulting-co-ltd-chuzhou-branch.8c9550e5bffda489a104e09cdb163f77"
"746","Anhui Jiangyang Fire-fighting Safety Ins...","Business Support Services","Branch","Chuzhou, Anhui, China","https://dnb.com/business-directory/company-profiles/anhui-jiangyang-fire-fighting-safety-inspection-and-testing-maintenance-co-ltd--chuzhou-branch.a2cb925c179a9c5032c2a341c6856367"
"747","Sichuan Xinxin Fire-fighting Inspection ...","Other Fabricated Metal Product Manufacturing","Branch","Guangyuan, Sichuan, China","https://dnb.com/business-directory/company-profiles/sichuan-xinxin-fire-fighting-inspection-and-testing-co-ltd-guangyuanyi-branch.84579616f1860dfdb56c5d29229d84ab"
"748","Hubei Tianyi Fire-fighting Safety Inspec...","Business Support Services","Branch","Yichang, Hubei, China","https://dnb.com/business-directory/company-profiles/hubei-tianyi-fire-fighting-safety-inspection-and-testing-co-ltd-yichang-branc-h.443a370ab10e9903ea7d5d309fe6972d"
"749","Hebei Antai Fire Inspection Co., Ltd. La...","Business Support Services","Branch","Langfang, Hebei, China","https://dnb.com/business-directory/company-profiles/hebei-antai-fire-inspection-co-ltd-langfang-branch.03515a2b8020910140d8e4d8543b0d4d"
"750","Henan Blue Shield Fire Inspection Co., L...","Other Personal Services","Branch","Pingdingshan, Henan, China","https://dnb.com/business-directory/company-profiles/henan-blue-shield-fire-inspection-co-ltd-pingdingshan-inspection-station.25c4ccdd9eabc7a992f5c01ba1e606b0"
"751","Zhejiang Huayu Fire Inspection Co., Ltd....","Business Support Services","Branch","Wenzhou, Zhejiang, China","https://dnb.com/business-directory/company-profiles/zhejiang-huayu-fire-inspection-co-ltd-wenzhou-branch.6386e3a39803987a51edec0f5ee480f2"
"752","Shandong Anqiang Fire-fighting Facility ...","Business Support Services","Branch","Dongying, Shandong, China","https://dnb.com/business-directory/company-profiles/shandong-anqiang-fire-fighting-facility-inspection-and-testing-co-ltd-dongyin-g-branch.516bf84779fee2df11a83f317effb949"
"753","Hebei Anshun Fire Inspection Service Co....","Business Support Services","Branch","Shijiazhuang, Hebei, China","https://dnb.com/business-directory/company-profiles/hebei-anshun-fire-inspection-service-co-ltd-shijiazhuang-branch.a4d9b6f40c9ddacd264c9209bb1cc926"
"754","Zhejiang Huazeng Fire Inspection Co., Lt...","Business Support Services","Branch","Lishui, Zhejiang, China","https://dnb.com/business-directory/company-profiles/zhejiang-huazeng-fire-inspection-co-ltd-lishui-branch.320a48843df8ab8714ab1d395254844c"
"755","Anshan Houan Fire Inspection Co., Ltd. B...","Business Support Services","Branch","Zhuozhou, Hebei, China","https://dnb.com/business-directory/company-profiles/anshan-houan-fire-inspection-co-ltd-baoding-branch.1959a45843f0939bdf889e0f6a0a4ed9"
"756","Guangxi Zhizhineng Fire Inspection Co., ...","Business Support Services","Branch","Nanning, Guangxi, China","https://dnb.com/business-directory/company-profiles/guangxi-zhizhineng-fire-inspection-co-ltd-nanning-branch.2c5892a8e3fce687cf5a864516afc3d0"
"757","Fujian Teng'an Fire Inspection Co., Ltd....","Business Support Services","Branch","Xiamen, Fujian, China","https://dnb.com/business-directory/company-profiles/fujian-tengan-fire-inspection-co-ltd-xiamen-branch.525a300c9b04a00637b25dec69486bba"
"758","Fujian Lisheng Fire Inspection Co., Ltd....","Business Support Services","Branch","Fuqing, Fujian, China","https://dnb.com/business-directory/company-profiles/fujian-lisheng-fire-inspection-co-ltd-fuqing-branch.32f077901549edd3e7596ddc092f962d"
"759","Zhejiang Huayu Fire Inspection Co., Ltd....","Business Support Services","Branch","Lishui, Zhejiang, China","https://dnb.com/business-directory/company-profiles/zhejiang-huayu-fire-inspection-co-ltd-lishui-branch.5adb548477ff378313cf35e96a45b514"
"760","Hubei Xiangtai Fire Inspection Co., Ltd....","Business Support Services","Branch","Wuhan, Hubei, China","https://dnb.com/business-directory/company-profiles/hubei-xiangtai-fire-inspection-co-ltd-dunkou-branch.e1a4b9c8c88526c2560bd53c33dc9edb"
"761","Fujian Teng'an Fire Inspection Co., Ltd....","Business Support Services","Branch","Ningde, Fujian, China","https://dnb.com/business-directory/company-profiles/fujian-tengan-fire-inspection-co-ltd-ningde-branch.3d01e7b84113b6e28329e2e081545b6f"
"762","Guangdong Fuhua Fire Inspection And Main...","Business Support Services","Branch","Huizhou, Guangdong, China","https://dnb.com/business-directory/company-profiles/guangdong-fuhua-fire-inspection-and-maintenance-technology-co-ltd-huizhou-branch.8c1bb7c20fdbdcf871ab77c640d29243"
"763","Shandong Anjie Rui Fire Inspection Co., ...","Business Support Services","Branch","Yantai, Shandong, China","https://dnb.com/business-directory/company-profiles/shandong-anjie-rui-fire-inspection-co-ltd-yantai-first-branch.806f016e5cb34426f140ff7ba11e96fe"
"764","Guangdong Haian Fire Inspection Co., Ltd...","Business Support Services","Branch","Qingyuan, Guangdong, China","https://dnb.com/business-directory/company-profiles/guangdong-haian-fire-inspection-co-ltd-qingyuan-branch.10ab9ec2c59b373fb18f6b6d49c6b515"
"765","Wenzhou Jinjia Fire Inspection Co., Ltd....","Business Support Services","Branch","Qingtian County, Zhejiang, China","https://dnb.com/business-directory/company-profiles/wenzhou-jinjia-fire-inspection-co-ltd-qingtian-branch.52b585c5bc04b8e85ea95e4437050f4c"
"766","Guangdong Anxin Fire Inspection Co., Ltd...","Business Support Services","Branch","Dongguan, Guangdong, China","https://dnb.com/business-directory/company-profiles/guangdong-anxin-fire-inspection-co-ltd-dongguan-tangxia-branch.229affd76bd4ac98a8fbb12154d41f8b"
"767","Hebei Tejin Fire Inspection Co., Ltd. Ca...","Business Support Services","Branch","Cangzhou, Hebei, China","https://dnb.com/business-directory/company-profiles/hebei-tejin-fire-inspection-co-ltd-cangzhou-branch.bc4c297728317bdf0e5f8c81ecb15277"
"768","Xilin Gol Station, Inner Mongolia Electr...","Architectural, Engineering, and Related Services","Branch","Xilinhaote, Inner Mongolia, China","https://dnb.com/business-directory/company-profiles/xilin-gol-station-inner-mongolia-electric-fire-fighting-safety-inspection-stat-ion.d6c8eb6e9c2e452170b5ade4410a9375"
"769","Hefei Tai'an Fire-Fighting Safety Inspec...","Business Support Services","Branch","Bengbu, Anhui, China","https://dnb.com/business-directory/company-profiles/hefei-taian-fire-fighting-safety-inspection--testing-coltd-bengbu-branch.1d481ffb47e92c616946bb37083a29b4"
"770","Changzhou Tai'an Fire Inspection Co., Lt...","Other Professional, Scientific, and Technical Services","Branch","Liyang, Jiangsu, China","https://dnb.com/business-directory/company-profiles/changzhou-taian-fire-inspection-co-ltd-liyang-branch.facba7431d8e04be5fa0c305c808e64e"
"771","Fujian Fuqi Fire-Fighting Inspection & T...","Business Support Services","Branch","Shaowu, Fujian, China","https://dnb.com/business-directory/company-profiles/fujian-fuqi-fire-fighting-inspection--testing-co-ltd-nanping-branch.cdf363982b368fd8e9842c2c83cdda5f"
"772","Zhejiang Yinghua Safety Technology Co., ...","Business Support Services","Branch","Huzhou, Zhejiang, China","https://dnb.com/business-directory/company-profiles/zhejiang-yinghua-safety-technology-co-ltd-huzhou-branch.a37c84ea83a07712d575b4a4a2387cd3"
"773","Zhejiang Guang'an Construction Fire-figh...","Business Support Services","Branch","Yiwu, Zhejiang, China","https://dnb.com/business-directory/company-profiles/zhejiang-guangan-construction-fire-fighting-facility-inspection--testing-co-ltd-yiwu-branch.4a2f06332e35742a5e5b149c8fdcaa77"
"774","Zhejiang Huayu Fire Inspection Co., Ltd....","Business Support Services","Branch","Changxing County, Zhejiang, China","https://dnb.com/business-directory/company-profiles/zhejiang-huayu-fire-inspection-co-ltd-changxing-branch.3d6595e57cf26eb7725e226d73ddbcd3"
"775","Qingdao Jingmin Fire-fighting Safety Ins...","Business Support Services","Branch","Liaoyang, Liaoning, China","https://dnb.com/business-directory/company-profiles/qingdao-jingmin-fire-fighting-safety-inspection-and-testing-co-ltd-liaoyang-b-ranch.b08e35cc882a89a26dcdaeae816c00b2"
"776","North Dakota Dept of Insurance","Administration of Economic Programs","Branch","Bismarck, ND, United States","https://dnb.com/business-directory/company-profiles/north-dakota-dept-of-insurance.d7e55bdc4984e143be7b3017f672ded7"
"777","Hebei Yue'an Building Fire Inspection Se...","Architectural, Engineering, and Related Services","Branch","Qinhuangdao, Hebei, China","https://dnb.com/business-directory/company-profiles/hebei-yuean-building-fire-inspection-service-co-ltd-qinhuangdao-branch.794c2138983879e755566fe89908411b"
"778","Guangxi Hengshuntai Fire Inspection Co.,...","Management, Scientific, and Technical Consulting Services","Branch","Yulin, Guangxi, China","https://dnb.com/business-directory/company-profiles/guangxi-hengshuntai-fire-inspection-co-ltd-rongxian-branch.09ada72e6d52232daf41c2f0dfe6cda0"
"779","Qinzhou Branch Of Beihai Fire Inspection...","Business Support Services","Branch","Qinzhou, Guangxi, China","https://dnb.com/business-directory/company-profiles/qinzhou-branch-of-beihai-fire-inspection-service-center.72bce0cf5402c85ceed566c102154a93"
"780","Yunnan Bai'an Fire Inspection And Evalua...","Business Support Services","Branch","Lijiang, Yunnan, China","https://dnb.com/business-directory/company-profiles/yunnan-baian-fire-inspection-and-evaluation-co-ltd-dianxi-branch.6bb288213855faa117de84160bc6d88a"
"781","Henan Hongtai Fire-Fighting Equipment In...","Business Support Services","Branch","Hebi, Henan, China","https://dnb.com/business-directory/company-profiles/henan-hongtai-fire-fighting-equipment-inspection-and-testing-technology-co-ltd-hebi-branch.45abb6b1b26ca6cd3b9ba1d0a543bd3c"
"782","Hangzhou Liandun Fire-fighting Inspectio...","Business Support Services","Branch","Wenzhou, Zhejiang, China","https://dnb.com/business-directory/company-profiles/hangzhou-liandun-fire-fighting-inspection--testing-co-ltd-wenzhou-cangnan-branch.b4cf4d27e28a8827bffe85da8740ee4c"
"783","Henan Tai'an Fire Inspection Co., Ltd. Z...","Business Support Services","Branch","Zhumadian, Henan, China","https://dnb.com/business-directory/company-profiles/henan-taian-fire-inspection-co-ltd-zhumadian-branch.de77410325b9b39d113d310df2f43408"
"784","Xun'an Fire Inspection (zhejiang) Co., L...","Business Support Services","Branch","Ningbo, Zhejiang, China","https://dnb.com/business-directory/company-profiles/xunan-fire-inspection-(zhejiang)-co-ltd-ningbo-branch.b55562ef5072bad6fafa1e6ff9bb9253"
"785","Jiangxi Yuxin Fire Protection Facility M...","Business Support Services","Branch","Ganzhou, Jiangxi, China","https://dnb.com/business-directory/company-profiles/jiangxi-yuxin-fire-protection-facility-maintenance-and-inspection-co-ltd-ganzhou-branch.79abb156dbc9b6aae6d7091f2a15b02f"
"786","Jiangxi Yuxin Fire Protection Facility M...","Business Support Services","Branch","Shangrao, Jiangxi, China","https://dnb.com/business-directory/company-profiles/jiangxi-yuxin-fire-protection-facility-maintenance-and-inspection-co-ltd-shangrao-branch.9529837613941a323aae41ddace30818"
"787","JAPAN FIRE EQUIPMENT INSPECTION INSTITUT...","Civic and Social Organizations","Branch","OSAKA, OSAKA, Japan","https://dnb.com/business-directory/company-profiles/japan-fire-equipment-inspection-institute.ab126243c8ede3595063b43f78c0fd44"
"788","JAPAN FIRE EQUIPMENT INSPECTION INSTITUT...","Civic and Social Organizations","Branch","MINATO-KU, TOKYO, Japan","https://dnb.com/business-directory/company-profiles/japan-fire-equipment-inspection-institute.790fb5956424a9786cfb6f6e88460da5"
"789","Henan Shengxin Fire Inspection Co., Ltd....","Business Support Services","Branch","Zhumadian, Henan, China","https://dnb.com/business-directory/company-profiles/henan-shengxin-fire-inspection-co-ltd-zhumadian-branch.de99858c9a9be1a138ce2cd043f0ed0b"
"790","Shanxi Zhonghui'an Fire Inspection Co., ...","Other Schools and Instruction","Branch","Qi County, Shanxi, China","https://dnb.com/business-directory/company-profiles/shanxi-zhonghuian-fire-inspection-co-ltd-qixian-branch.6db264934b017784b8858399ebf057c5"
"791","Changchun Zhonghe Fire Inspection Co., L...","Business Support Services","Branch","Yanji, Jilin, China","https://dnb.com/business-directory/company-profiles/changchun-zhonghe-fire-inspection-co-ltd-yanji-branch.7f3c145f794279024a9391470b6bb3ae"
"792","Tibet Anke Fire-fighting Inspection & Te...","Other Professional, Scientific, and Technical Services","Branch","Lhasa, Xizang, China","https://dnb.com/business-directory/company-profiles/tibet-anke-fire-fighting-inspection--testing-coltd-changdu-branch.ca9cf6b806522833ccd22d48f8ac6235"
"793","Yunnan Yongtai Fire Inspection And Evalu...","Business Support Services","Branch","Yulong Naxi Autonomous County, Yunnan, China","https://dnb.com/business-directory/company-profiles/yunnan-yongtai-fire-inspection-and-evaluation-co-ltd-lijiang-branch.392f273cd64f9b54cde7b8f24343698a"
"794","Borough of Wildwood Crest","Justice, Public Order, and Safety Activities","Branch","Wildwood, NJ, United States","https://dnb.com/business-directory/company-profiles/borough-of-wildwood-crest.18551418e69e5741f96416b70e700668"
"795","City of Irving","Justice, Public Order, and Safety Activities","Branch","Irving, TX, United States","https://dnb.com/business-directory/company-profiles/city-of-irving.c2fcb64bbf69edf4da44b6d2ff1ae846"
"796","Vermont Department of Public Safety","Justice, Public Order, and Safety Activities","Branch","Williston, VT, United States","https://dnb.com/business-directory/company-profiles/vermont-department-of-public-safety.a40fa2c592931eb50a5dd3eaf7b3f0d6"
"797","Hunan Jiandian Fire Inspection Co., Ltd....","Business Support Services","Branch","Zhuzhou, Hunan, China","https://dnb.com/business-directory/company-profiles/hunan-jiandian-fire-inspection-co-ltd-zhuzhou-branch.5900af0202a2c19d4673a9b8620cf1d4"
"798","Henan Huayuda Fire-Fighting Safety Inspe...","Residential Building Construction","Branch","Zhengzhou, Henan, China","https://dnb.com/business-directory/company-profiles/henan-huayuda-fire-fighting-safety-inspection--testing-co-ltd-zhengzhou-branch.ab36a18b6545af8270b9b633d81ab8c1"
"799","City of Reynoldsburg","Justice, Public Order, and Safety Activities","Branch","Reynoldsburg, OH, United States","https://dnb.com/business-directory/company-profiles/city-of-reynoldsburg.38f195d6f5a70a1f45d87b1ad268717c"
"800","POLAND TOWNSHIP GOVERNMENT CENTER","Justice, Public Order, and Safety Activities","Branch","Poland, OH, United States","https://dnb.com/business-directory/company-profiles/poland-township-government-center.59c295e73b5a720021055f3cc0b6803f"
"801","BRIDGEPORT HOSPITAL","General Medical and Surgical Hospitals","Branch","Gatesville, NC, United States","https://dnb.com/business-directory/company-profiles/bridgeport-hospital.4ccd6b9dee2c21339ae1035eae206ccc"
"802","Yongzhou Runye Fire Inspection And Maint...","Business Support Services","Branch","Yongzhou, Hunan, China","https://dnb.com/business-directory/company-profiles/yongzhou-runye-fire-inspection-and-maintenance-co-ltd-cold-water-beach-branch.7d9b02145bf1bceb28427228aa5bec64"
